# log10pgen
-5.351172172794912
-10.497097640531598
-7.216814330927008
-5.535311500673596
-5.7682682328916695
-7.279332677862027
-8.02325810941302
-6.48742256546988
-10.794637197046356
-10.592750487663064
-12.593373741428831
-5.844257940791776
-14.171290962644836
-8.091981690334288
-9.005465139516765
-6.714076955579269
-6.215099580778779
-7.229151162071179
-4.917255515894094
-6.119812423822354
-5.08260329132213
-10.19088345028907
-7.867346413957667
-6.558982999863873
-8.170418180453112
-11.479982979878875
-8.220646987088886
-10.468061890777426
-6.801738198642719
-8.772312099476027
-7.568065602044806
-8.500646053816174
-7.03431585547167
-8.261949604380863
-5.754754353853111
-9.518002065644206
-8.288466275076326
-7.269147693152791
-7.882909465552229
-5.834071749336278
-8.730561266076501
-7.6468709035219025
-6.691598420981545
-8.571546099534869
-5.353884551951415
-6.3895674846160135
-6.604617339715344
-7.11511643050959
-6.910709253725154
-11.500344733855394
-6.066395975151122
-8.910358663100359
-8.721270632402245
-6.492037691955035
-8.089703991000901
-5.348017610847057
-6.138008523863814
-8.170540815066051
-5.023548392675624
-5.247899579039228
-10.913990386690298
-7.103492748174227
-6.850300155837964
-6.451257253224062
-4.759036984751226
-8.837627417614074
-5.414394406366045
-6.489434151751595
-6.295523280979606
-5.50645087555153
-12.18623638646691
-10.793154285211804
-9.020291129688408
-6.730440964867075
-5.614767876164414
-6.600375239086014
-5.012663104755224
-9.5918818398166
-8.152345389148515
-10.34198751993501
-5.793442284713987
-8.667056969681418
-8.613482776177365
-6.482371267925945
-8.045319409094155
-6.603383112977617
-5.784446254829711
-5.6822569224926855
-9.461445913482722
-5.822450389549946
-13.343033609103301
-7.597318414455804
-7.889529522744166
-7.1469796751333545
-7.305655767560682
-6.047049382872513
-6.908629133911994
-9.278846590518818
-6.590807719423706
-7.092881972265284
-6.222625469351433
-8.281824029970574
-8.403568828925293
-6.600323834034173
-7.511635479039316
-5.108064076249775
-7.88735482916053
-7.3619904403505725
-7.569434541866294
-8.210579098581654
-6.232508971651048
-5.48815272400968
-9.023695375644333
-7.26644085075038
-9.116794141169922
-6.788801241021808
-6.308182113948782
-5.95388156509833
-6.588522758077888
-6.133912947459938
-5.27825973367763
-5.469634825511369
-13.371009786553625
-6.0534007387309465
-11.518644676019106
-13.825429981663897
-8.108734056730162
-6.215443629458053
-9.098315839777621
-6.054114286822267
-5.408512830079494
-7.523676710350504
-6.202186162885331
-8.788118317579448
-5.752335940190479
-7.128667366406157
-7.087719781349761
-6.301899334910274
-6.5235076404683685
-7.094761434878815
-6.350812068863393
-5.981684221135166
-6.4245272359514916
-5.372088947070448
-8.756283041155836
-7.146905028543026
-7.8858701663078214
-6.174923537070649
-7.419304854093213
-9.331206551922918
-11.138014935441031
-8.049391732526937
-9.006821449486907
-6.946587609627845
-8.706010957121071
-6.051719730267826
-10.39296216983452
-8.831357059645782
-5.942873700660448
-10.408231599170447
-5.062247327677702
-5.277990700058281
-9.172565162246359
-6.705940771223354
-10.269797488553674
-6.717659164793351
-5.4018149021658255
-6.861066984072966
-10.660241386027373
-5.913976430411403
-5.720795235834842
-5.164484188026751
-6.159895196055085
-8.170222322706294
-6.258815283536275
-6.186837273426446
-6.491995903076241
-6.688484765250552
-6.469665731270277
-5.379227163557789
-6.003497937471214
-8.220207003798743
-5.4183855924414575
-6.003119780645399
-6.453899067135539
-7.477615366152868
-8.425281732721226
-13.013748264153135
-5.540651148891894
-5.273126686065801
-6.102031755504415
-7.525564193667055
-7.224127235320823
-7.698355864266551
-9.020804618651319
-5.598579866937075
-5.622567149971955
-6.86430239324362
-8.698887084284767
-9.623178759963345
-6.740729244358755
-6.2562762956704345
-11.64223888988865
-6.253248000152731
-11.784266408838755
-6.113530189129459
-5.499348652123009
-7.561802749027983
-10.81786584522295
-6.252468411177757
-6.563271595591517
-6.576189915079239
-6.583884676154579
-9.45200440218666
-9.949043809563788
-6.388445036803081
-9.660053646228175
-13.490300726728377
-8.705764323711513
-6.115044104552264
-5.983261317332794
-7.4018338357268325
-7.687614786331418
-6.016941762811966
-6.694623487389273
-7.001583659504892
-6.211340352656266
-9.451467045128506
-5.7088650207216975
-10.43098096765297
-5.761328119314231
-8.173866394346458
-9.240840068386383
-7.987814840294876
-9.519549108103206
-7.225562148480414
-6.375971377877195
-6.0649656346601475
-9.08522698670027
-4.788995804588141
-12.609385990071399
-7.216241552963122
-9.929924234100644
-9.347780440245243
-6.673702731205164
-8.551092675898499
-8.899656703710857
-5.055338515440707
-6.293469478850568
-5.54705647952433
-7.159733868834877
-7.197170574254107
-5.312223089096571
-7.501619056102736
-5.308443262465352
-7.130717365393475
-7.741195715657803
-8.142482356895153
-9.318468801166613
-5.849272078850849
-6.248547283706581
-5.5587589951737595
-7.564224412112445
-6.0027618093471276
-6.778284828292793
-8.00688018185353
-6.6966620497697775
-6.8616153739700465
-7.325410572411161
-6.463153449368022
-7.553605206272643
-8.961896126560317
-5.282773037135065
-5.44001002680646
-7.329215003501185
-7.597052858585934
-10.408500589963612
-7.215407496139149
-8.298636909808026
-5.322976271664436
-10.464141498038927
-7.429833867573032
-5.9110875926300785
-5.149110174310239
-5.971617515664082
-7.458897071728688
-7.196386398211305
-8.053537585063482
-5.301688311435338
-5.933664287643218
-5.962933680702654
-5.845697188557217
-6.990853183798073
-10.832766000619765
-5.098116123029428
-9.495681039998736
-7.612545435735471
-5.6843874633081075
-7.657484893184835
-7.113362634924244
-8.095561328491756
-5.360079970585244
-11.106357463655575
-7.218645487115531
-9.510599346904376
-5.650970228676308
-9.372475219105294
-11.09874549562048
-7.100841930199274
-6.325638375714549
-6.900755830899693
-6.782283350316542
-5.248083098676273
-5.465442171147332
-5.827596162559988
-9.038056448828339
-7.887067124488762
-9.116768428293666
-4.659760762161786
-6.042460846525095
-9.202832839638459
-8.550565613163915
-9.687090212078031
-8.244505473961114
-5.864859988096078
-7.257537766938347
-8.667158552155772
-6.512609203963105
-7.645818753617163
-5.4577866607387735
-8.751401434453719
-10.43226998719353
-13.768113336354524
-8.391559081125353
-7.748257389283183
-6.9110530065520015
-11.86583134014163
-10.169065261708731
-9.693397868430774
-5.197488183114158
-7.804643930768469
-5.949208078873244
-6.63656154012428
-6.789240366164338
-6.159735015062478
-5.012663104755224
-6.019624345735283
-8.332171889682048
-10.240062770212964
-5.504956181455089
-5.322904810249876
-6.427872585539592
-6.193590807231482
-5.9011299832812485
-6.281672240988364
-8.344496372460283
-9.16336375811336
-5.255539445334939
-5.532353797677256
-8.348099556549165
-6.448738846103198
-7.0313100188183
-5.819416216929574
-6.468252725374527
-6.164431980900614
-5.967733631386271
-6.08764606978014
-5.619816250377313
-6.101495868938307
-8.527115832528565
-7.953827787954002
-7.603841580572426
-6.480182979582595
-8.48107671538279
-5.099129062146509
-10.197529131911864
-10.036979390707476
-9.332629209560315
-7.626843759119818
-9.318120802817177
-12.761315660755272
-5.858247824340371
-7.716358860721787
-7.241947612338819
-6.777878461714848
-8.829862194825282
-13.17540688430738
-6.9435776487618455
-6.390112472666527
-5.650490376064364
-6.609103523225302
-7.729331134898414
-9.038358789103848
-11.675155920637971
-8.78175020164226
-5.093889104039486
-5.4870177188371265
-10.496122098243502
-13.396666752969656
-6.968926780771451
-6.357703829505565
-8.268861627237468
-7.415977334675283
-6.484213788130302
-8.434059716114692
-4.719173606058686
-8.40705092330711
-4.926336476407893
-7.198662296593366
-6.314912599175684
-6.854839452215723
-4.88740575094762
-8.299467886772367
-7.306307819262907
-10.600633653899456
-10.338301962255455
-9.825750843205002
-8.450091849898616
-5.754684172699308
-6.539433519882657
-5.589852034221892
-10.257745353645875
-7.906201511293187
-6.386653109848329
-6.980450188595984
-6.007446909174591
-5.103972763451496
-7.711430729923767
-5.213468708547179
-7.915644026419907
-8.554417113616172
-6.994648984255504
-6.347336157451345
-10.79236926738052
-9.30710812401574
-5.878154072764724
-4.801006498078658
-7.972390968983614
-7.884200863842389
-10.08872012668868
-6.910812710835808
-4.821123010515267
-12.558490627386934
-8.23957256336919
-6.746971842262117
-7.218380910355965
-7.497422677679926
-5.708503588255156
-10.939928009690249
-8.389256618424719
-7.710869819035239
-7.127345697668208
-8.116628924132497
-5.881981801742948
-9.417662252731978
-7.588904085602523
-6.290262863634306
-5.140354467694556
-7.24703163987247
-6.1603045487155965
-7.450249910966593
-11.45528729669514
-9.160162620386231
-4.860753653059461
-11.18423831543537
-5.738258876405456
-8.044866224360748
-8.572623238911653
-9.999684964628134
-5.006613681625747
-6.650427497846377
-7.403712440762028
-6.6862784829875865
-6.722447174146729
-7.545784045676632
-6.260339383541723
-7.845356497799318
-7.7929524564450015
-7.630017505110793
-6.268848370196811
-6.889688566709591
-5.574820048014616
-8.699362605364207
-7.533544141317208
-7.806457314264667
-5.671577052556033
-6.103641611347868
-5.689533411868982
-5.1213705399860014
-6.423028506087073
-11.522636601305383
-9.506103938237645
-5.3517136077016225
-6.606975384586424
-8.492082170453262
-7.666421091452253
-7.9724219191281485
-9.103695761641122
-6.982950712172134
-5.341536343384573
-7.77278230693269
-7.959733837493276
-6.262871089012642
-6.238188305890686
-6.224255946891003
-7.259925364881415
-11.64637004071594
-6.241658177821814
-6.421730294369194
-4.358039990861955
-8.629078627116739
-5.146333581917281
-10.777428684344851
-6.390533854457495
-8.815675029350912
-6.589903356720274
-6.760424594369469
-6.0449285908002555
-13.585972949938142
-5.695595033352149
-5.4267505471071695
-11.027826922867122
-10.171478170922093
-5.2668890253866305
-8.457285024817065
-5.334134421702544
-6.84881631834596
-9.315326126832923
-8.304598768704345
-8.619315354906325
-9.251171571589026
-6.060971780962134
-6.307765607499597
-6.4510688956773015
-7.983834104402517
-9.856524188202243
-5.8426966217941
-5.9103348642671
-5.531307737230906
-8.605370861290018
-7.581117505434848
-9.517557381249423
-6.60224658779824
-7.071981030523513
-9.100954807351254
-7.070381662743609
-8.310079468154505
-5.869101763954816
-8.697258066398051
-6.6553749498255454
-8.534562440600396
-10.06312462610901
-6.890368519866124
-6.494713529362245
-10.58643524320921
-7.228947031290033
-7.012349516547979
-6.255846392712645
-8.6434614996142
-6.205497369750818
-7.933768380643723
-7.308290330549119
-4.837916245693056
-5.237997229834367
-5.948695964954991
-5.984320016607089
-8.263095672662178
-8.307128379513799
-5.508947923202858
-9.629064066687572
-7.990672467554991
-4.889935237779799
-8.579225682202853
-5.490857011756643
-4.830172757674872
-6.376664504745586
-5.658773183177446
-5.306622445156422
-5.845493347643394
-7.4926567026588
-5.2404516628576125
-5.0808166000190775
-6.6480789749447835
-8.5509033704984
-7.127263747444492
-6.657453016484283
-5.967787456611399
-7.854073549229527
-7.515061520764335
-6.4189468583766285
-8.213636652345222
-6.7223187456710995
-7.360693420665973
-10.42487631153507
-6.593304420143696
-6.208911051411579
-7.955124132932538
-6.039748708278679
-8.719636950737815
-10.057013052840782
-6.09155316094025
-8.549987018773447
-6.564545351948727
-6.1692622040821385
-7.654082808677239
-7.99936784723404
-5.367272414495077
-6.790335119181797
-5.6115955050148045
-4.8270144697142285
-8.822170641854166
-8.59176638270349
-10.153130030705917
-7.314966891338921
-9.384777630742127
-6.01945994182861
-6.990077825120465
-8.959079805735215
-8.432231242436279
-7.023871336102505
-5.067122544021992
-11.116617580307167
-10.135809058111521
-7.693318437283264
-6.5681449480977285
-6.819012347523541
-7.389818635558051
-11.688445689246244
-7.084022822846062
-16.670963009956388
-7.72155762002156
-6.229527296448954
-8.419935783327618
-6.324586785756514
-9.186055244531863
-8.691665156726106
-7.460505494559213
-6.107711842771303
-11.094395252726653
-8.202886943799387
-5.831852080054488
-10.004895627577106
-7.794832028331778
-4.815814594734268
-5.786395498093289
-8.151743155981574
-8.771284732800323
-6.362310586204674
-5.689164772664112
-6.853628453771325
-6.705666745669005
-7.09949174984749
-9.850024460689127
-9.521698431244484
-7.361341107329496
-9.005060236853934
-8.049335600024316
-6.809606769212534
-6.871758798238456
-6.532317996302365
-7.823525026886968
-6.6966579908420085
-8.428224793108463
-10.955173656665234
-8.059345132475492
-10.061034787896364
-8.265912667941976
-5.528518707530708
-6.621027104065016
-8.174330192504343
-5.7061305643483395
-8.9223405406278
-10.028553436811388
-9.576524439542434
-8.210088764721798
-8.35088144761519
-6.974195550610603
-8.474140115208087
-10.10068734623652
-12.420100039348121
-5.030261483922423
-5.946661882102131
-4.926076039489843
-6.123567245019861
-9.080994932572352
-10.035029643807844
-11.308753668819667
-8.876031900523614
-8.400706964481268
-4.764471561598567
-7.341091469023991
-5.322553845748899
-10.416633803721709
-4.830877593859605
-6.098210052598985
-6.87879021341985
-8.099144486438554
-8.255947514037496
-6.077481362230552
-8.017872644792012
-5.5587589951737595
-5.006571499823636
-6.630257262603245
-8.175799565289365
-9.71418854162747
-5.198663662222981
-6.418822169410854
-7.432321582915327
-6.303571968085324
-8.567452263216946
-7.479144292114973
-6.9659273025366275
-5.060746172873733
-6.0244317744816165
-5.832902488236066
-6.038373828012779
-5.697789975247763
-6.065186009912468
-11.446258977801692
-7.094930175358293
-6.194318090920144
-6.495767073017867
-4.950058809521698
-5.215349788318051
-8.57510550771401
-6.872103015119502
-8.1760004518109
-6.98986083498872
-8.729186530215175
-10.414764755412493
-5.573286565805696
-6.412529223589274
-6.500422690774
-5.634503494928713
-6.114714850587236
-6.752408276980959
-10.546161027191308
-8.861067705085242
-7.156771406127284
-6.569892698757819
-6.062418416525224
-5.496199352269186
-8.248020871820314
-6.907847213147848
-9.729833285208583
-7.778259188664112
-8.162013576838488
-6.358645497068444
-6.402888307361609
-6.0862461927665885
-6.286601601022506
-8.55380723008068
-7.213055383762654
-9.013541807050451
-7.280915588976866
-6.49395962472043
-6.08225285211113
-6.11123833370751
-6.740186946800755
-11.90424434521688
-6.5227619405126624
-6.7889072024714565
-7.895776770237174
-7.258839475370336
-6.388687018659888
-9.863133704581575
-5.5229798887677735
-11.921742046689074
-7.11043795841078
-5.951134879917697
-9.217698909364842
-10.8187246512582
-6.5166405056019165
-7.139548101267165
-6.000067624894756
-7.400585972476127
-7.4353653203676995
-9.228947771958367
-7.289188735730656
-8.87839669806221
-6.030860002236452
-5.784205222691505
-5.149154800103646
-6.835664917640627
-7.283915299436828
-7.633772156479156
-7.909326294097444
-7.243291687809461
-9.057298671732074
-4.759249085413046
-6.706891072750784
-7.645674937120174
-6.77634782678895
-8.259127922533958
-8.416099015617462
-7.647110748876948
-6.406354242150839
-10.2624010996229
-8.6450596496217
-7.178109660184733
-8.991008917499087
-8.30495947971804
-7.02375584651767
-6.247390537969169
-6.138586268988334
-7.5638117793281
-7.174389821507277
-10.979543216097658
-8.80116566354801
-12.562098772126546
-10.018452333406694
-5.380137064717884
-8.16993304313849
-6.518398539431767
-7.074971431201491
-10.086049890085212
-5.609689914052064
-6.090317901904717
-10.300054797938907
-5.009027101683264
-7.311634428881002
-10.763289755180198
-5.687434618718351
-4.903262787319972
-5.83536734700992
-6.041640838323502
-8.676029875131706
-10.07900665632553
-6.134339347290075
-9.071736417404521
-8.191150937255212
-7.4745037577888915
-6.100814160015886
-4.972474054493106
-6.622600581633297
-7.726787369867689
-4.873761425477893
-5.090222093070509
-10.622756173776061
-5.577705662830554
-13.746577385345063
-5.961452629245098
-5.61046144037642
-6.019003643204105
-5.680519296876677
-8.577046867501734
-5.02459585022883
-7.509013262345644
-6.281458964305282
-8.085983624342497
-6.484087992290684
-7.13102834482936
-6.4970130706239155
-5.791765219169003
-7.892853844262252
-8.851698684032248
-6.197631124147607
-7.605467288037768
-9.588683522210482
-5.048249940535104
-5.488952212793311
-6.799616275032553
-6.287466085500806
-7.503267627530943
-6.270850398558653
-9.263669123038857
-7.332361648524708
-8.663015938689197
-5.568112063963423
-5.636921821398367
-8.169547460980484
-7.865710665501883
-8.422819117884785
-14.108687294261086
-9.841613374854097
-8.012903807671194
-6.185314038422568
-8.073568001020506
-6.706238608665021
-8.790847685689704
-10.387262176096312
-5.292036905989946
-9.909516553050356
-5.583933417090177
-6.145961743987484
-8.327265196061926
-6.565603527932088
-6.410709409758547
-7.1237008447357315
-6.551342629391253
-8.35356844047341
-4.726241968271768
-7.609523303999678
-6.342656471265278
-6.383139672151893
-5.82957487820233
-7.665962573139756
-6.975623177242768
-6.064446892727417
-6.346443379098468
-10.242262065462787
-7.349468680688946
-5.872636459636699
-6.364787762741848
-7.934101912176038
-6.245391314166095
-7.788390678995124
-9.700312974396542
-5.343857330360461
-9.237431412553331
-6.794664387598452
-5.501958183098958
-8.977839470823875
-8.105477346813213
-5.909318711551982
-5.193294742807064
-8.867946258755547
-7.910572821557272
-5.064982967218637
-9.822642561555286
-7.341946421523323
-7.027622687433707
-6.662866271883613
-8.839628652531177
-6.29500892006068
-9.756926469868374
-5.038068099402782
-7.170302989611671
-4.576223764582202
-5.972667590581767
-6.077303448387965
-8.315948810378842
-7.299182808677405
-6.265905227506101
-6.629344499705681
-10.020672176668349
-7.107058578969729
-7.140983777596196
-7.532523892952368
-5.536539609437234
-7.78189349606391
-5.664264189373804
-6.572470910880428
-7.4236450019764675
-7.549742450564582
-5.984875823637571
-6.326514332431108
-5.455817333438328
-10.265011762389834
-7.3416917732357465
-7.272702263450561
-7.734141882376387
-6.8805412186362425
-7.875090666466305
-5.484556279492468
-7.297350985932958
-8.557479618545948
-6.489887400838645
-6.814382533025828
-8.260746006885268
-10.149345963334307
-6.564517636711184
-10.79373632596276
-7.082484972593028
-8.783498134367436
-6.685108661279898
-6.849382566373656
-12.547937677665816
-7.187106426811294
-5.088592275756484
-8.70917802806631
-5.847686105618008
-4.764471561598567
-8.267445857952914
-5.760737857044959
-7.185852586304866
-8.306466308281713
-7.678069392056732
-5.385826367011176
-6.270856106803821
-7.742668593633175
-7.40506609982363
-4.797186204588504
-6.498155866669642
-5.246583509109569
-11.094324952769217
-6.378116575246192
-8.792604133862735
-9.822354142826603
-7.198614854090595
-6.3030579201637496
-8.74928796570173
-9.177897902028652
-6.2498716092339714
-10.015861866780108
-5.691050482649055
-6.036455222309825
-7.536942626498764
-11.842977728827494
-6.771578108437477
-9.339880125473298
-7.9931315998408765
-8.447926735993143
-6.428484337658184
-5.133350386201799
-5.809718512551776
-6.559290112990163
-4.995051660941426
-5.559611722974511
-9.276515008279834
-5.60415855146153
-5.563436106477772
-13.957034764750016
-9.49152071675465
-6.032362096474679
-6.0448096538458955
-6.064679658683187
-7.715782755832585
-9.130733763899803
-9.774426691739926
-8.376164082574498
-6.289498747726681
-6.598833253454023
-7.76287849380663
-7.565799548164715
-8.614609499579707
-6.028396780285164
-6.710853346857719
-6.781176330813337
-8.232322580319105
-5.017479108327477
-11.082383139439557
-7.567549314845782
-5.9372151085661145
-4.388275850317056
-5.6032797460228565
-7.200220388036811
-6.588008913912764
-8.214997352996203
-6.185698691783393
-5.499071929294784
-5.303850606283639
-8.849821404992422
-10.953308851936177
-12.044241284098918
-6.59325311957257
-10.49040466095132
-4.983820007331357
-10.002656750777655
-5.840789955283022
-6.499923780731919
-9.633528985509026
-6.1771241107969095
-8.70413366231727
-8.964987420990107
-7.364526385200365
-6.607163392537169
-6.510856200614656
-10.261953256433452
-8.817769694084044
-6.427876334938403
-7.994044273720363
-8.010808075715369
-5.268913139586109
-8.029432787689341
-7.376099888556758
-7.676610398364706
-6.678193673059097
-5.8311488646295135
-7.049215504521273
-7.769882241459311
-7.6930206789106705
-7.265157450403211
-5.443608561858088
-6.847795665324797
-7.416423430990564
-9.23600595832248
-7.074338561084795
-6.275493111061859
-9.472421243717935
-4.945143612800579
-8.041472614698227
-7.624996369038526
-5.0808166000190775
-6.853630339300554
-8.216375673949422
-7.218446108653117
-5.42005589328523
-5.594513604817748
-13.880394613247889
-5.644794185353136
-10.380633872301788
-7.127626149543451
-7.7187372076035885
-5.895438470852856
-12.229245300686811
-5.691992713926516
-8.334721119708998
-8.13608387535534
-6.427399331726623
-8.019762772607566
-6.381948834628986
-7.3553108205035445
-10.530127861491328
-7.753175778161944
-8.788345331250346
-11.30165041155405
-9.44895666842399
-8.445049153498422
-15.58589584127145
-5.4233631577040216
-5.666172351067534
-8.434627206927606
-9.894382036823327
-5.295185632545926
-7.560817270295442
-4.782326038646723
-7.097235258191765
-5.933861400104176
-8.504136691290302
-12.855949347404785
-9.356335249646397
-6.564601131649197
-4.559511900006791
-5.401884467467587
-6.612027304782548
-12.770817805455314
-5.346535476649825
-6.337013152068584
-6.2097636044520685
-7.520957756741382
-8.563170073181697
-9.772209693906273
-6.4825463332739375
-6.002084201962719
-7.487577677327724
-5.75334359659252
-7.770133640093731
-7.778862768167955
-9.16981465494177
-4.894310715151755
-6.35665428246527
-5.394247718672421
-8.484333296001273
-10.778498618718771
-8.645943030226872
-7.6403483242951085
-8.297117309043424
-8.130331724657607
-7.050309045855203
-10.20615699753813
-8.447085876414148
-11.902874132648527
-6.026075867969156
-8.405753339031769
-7.070057463611433
-6.973966491317728
-5.396995288079681
-5.118103428894527
-8.022075521162696
-7.066739136562387
-11.13500289084975
-5.25099288808101
-7.354523120931818
-8.964588242560737
-7.043328309293739
-10.963440728552664
-6.884989953644759
-8.764068999136075
-6.35114665930466
-6.7508874661264615
-7.286259467446573
-4.961303622585577
-4.959439459963453
-9.594071796707347
-6.90424936358492
-5.6298649168373585
-8.61825416105295
-6.655449237731636
-8.790366582720686
-5.849034967160204
-8.43328905574216
-7.320931479034361
-6.8730031565616585
-6.606793881509039
-9.623385442177076
-5.4127157906670655
-9.06902941587806
-5.435777895612454
-6.517064525878502
-5.70487825672958
-8.534449851236868
-6.720478397286475
-10.995874855440247
-6.434327305548431
-10.980794995299185
-6.0680506113790065
-6.442192395836472
-5.84457243376575
-8.50992280434076
-8.663007864454798
-5.451055465694822
-4.536052466034302
-7.15747636939721
-7.410039066337506
-9.028802751308561
-7.391139661443838
-5.335944977569217
-5.521527055705671
-6.025282675012749
-8.622816830463314
-6.474503873634885
-6.639121692738337
-7.394552905955681
-13.134621150751585
-7.678336492180535
-5.794781065339133
-8.063837460177936
-7.416266190000034
-8.813215669980059
-5.678037864603318
-4.55498685405677
-6.151906722164354
-9.691943125907317
-8.971650043702983
-6.155801541744758
-10.840155563883505
-7.099415875936442
-9.758810601024086
-6.371014987971048
-5.8406358978195625
-7.5866784207174405
-4.940851696668147
-6.027551108895697
-7.873731407272639
-5.69392168016917
-6.245976741580212
-6.128000819871515
-6.231322854088315
-9.146050238172858
-10.404772850967507
-6.04341415360472
-6.1912718325280816
-7.108917247724734
-7.643169912901238
-6.344231405538958
-4.994237685376505
-5.8922312519854545
-6.3884923797705415
-8.639440007937898
-7.124150407613861
-12.621546931519008
-5.984844691539432
-5.2915731416623935
-9.320230980903101
-7.445127505729345
-7.832029980739917
-5.68958958204893
-7.27812733891169
-8.388961051006094
-6.021902849644691
-8.172725786020754
-10.157716130567671
-5.548737186830233
-6.631086839661913
-5.278931422103081
-9.632555687123565
-5.899783672365803
-7.2553379970652765
-10.341132275296772
-13.163258460157243
-8.741937214326095
-7.635859857347297
-11.960897568219876
-4.896323941389182
-6.63848428961725
-7.1574418845966665
-4.7746128909320005
-5.745150984190138
-10.300149464204182
-9.656945461623542
-6.516715034111866
-8.863426061122087
-5.501292388288213
-4.738404055129209
-9.033533107704015
-5.356296100415521
-9.604484864740101
-8.33303073523201
-6.553225073571859
-7.4176744137916755
-6.381550012757945
-6.790890223722293
-6.18737061521022
-9.009778414758571
-9.841770007818063
-6.258795227138663
-6.001492464733039
-8.25269173960037
-7.482904504578449
-5.837654545753442
-6.038812698459869
-8.638262099734218
-7.5836996760464706
-9.417577938362191
-7.6262408875943715
-6.310800703009042
-6.5059288584695105
-8.045425665073425
-8.234309975216528
-10.872289472896544
-5.827732669674454
-6.509153796586705
-8.596226818062075
-6.9993227615055575
-4.988763476475715
-7.535292134308073
-7.862295789951769
-8.473585318678227
-5.0808166000190775
-5.702201256276146
-4.910866116277558
-6.765200267574696
-11.645220098075436
-6.336342487342029
-7.677927781350424
-8.234864460615794
-7.936501952680991
-6.440011511537426
-9.97578815725503
-7.6354523942719235
-8.355417859385897
-7.364898328718625
-8.626565537332844
-11.177744696501433
-7.703103168452475
-5.507917559785627
-6.416462078779031
-6.181040899352137
-8.333885384756812
-10.545189626435354
-5.297430104792668
-7.402593345283932
-12.434903641324196
-7.262624338828201
-9.883680204604586
-5.374191205356279
-10.05089562758739
-6.31871290629973
-7.325784733849186
-7.345743612744593
-6.739125669207699
-6.545556505398439
-5.245475135782542
-8.168607687988475
-6.271146040825148
-10.64154408087406
-9.351274509923922
-7.522271761393626
-7.527574055162229
-7.121468297695199
-6.374657892856447
-7.211052514852102
-8.030650930983123
-6.47218019144735
-7.575519169221981
-8.607697832234866
-6.059715787739506
-9.946805345048134
-5.278294868682723
-6.247880122233624
-7.450647107449958
-5.778161818765547
-10.34071635038333
-8.373723204245326
-11.962519601671522
-9.93495793765352
-11.389264615761904
-6.397192828672347
-6.301215877679113
-9.330133096383035
-8.353885089625136
-8.151283578814558
-8.472128995303486
-10.38235337778627
-14.312726036543511
-7.242295638084295
-6.743940028599435
-10.086863271098709
-6.018562400405123
-5.506368089646585
-4.918770979738842
-8.117846457551977
-8.808295369374358
-6.1442624410094
-6.173902238152756
-6.455658237979795
-13.615392827217297
-7.777850655061831
-8.352168734412324
-5.208405284234914
-11.806251804431236
-6.13025652323146
-7.386321104039937
-8.448116162945766
-9.49348615621785
-5.292173435514697
-6.22368458336106
-7.6061186209946
-8.246399572422897
-5.974865992367573
-7.291694604712722
-7.599954187157866
-5.168535355179071
-5.099926295526809
-6.4548961525144035
-4.802178962282355
-6.736660156481051
-10.404237748180073
-6.374994993463712
-6.477444618367335
-6.982117522987315
-6.352964220080833
-11.196886078767127
-7.32051303700732
-5.61230905236109
-5.677410417004261
-4.894015157058679
-9.36469890227484
-5.120066914427475
-5.179945799524609
-6.7153178820465955
-7.057225707746853
-10.011223979867408
-6.757914479369019
-6.785793947646991
-6.261877168630561
-7.0198141299396255
-7.384831928912853
-6.473834588734652
-6.716217373367225
-6.775674058372346
-6.965672049277296
-8.083431023594969
-6.685329504524049
-6.557643603569364
-8.007278360837587
-6.724590214792528
-9.411953131249327
-5.432942517743392
-8.705371367890752
-9.344212841228005
-5.670383690705555
-7.063047655295714
-7.8231966721563015
-7.90901714103735
-5.961859188554985
-5.311548324912991
-9.877570181694033
-7.162429492719458
-6.12212247614639
-5.880790222834595
-6.20641469171639
-10.016568508722335
-8.489557282007517
-11.146268514866094
-4.822027987531169
-5.652049611255544
-8.29577254628547
-7.995607867340497
-5.403621042996432
-7.056286344356914
-7.479305356702028
-6.3780481623155385
-8.172970294016531
-5.194340595045237
-8.63464409200604
-4.985620305396439
-5.064767926931265
-5.579916032563412
-6.7515368155301765
-5.800244573266664
-5.319489802027882
-6.448332693342033
-6.561651022067601
-9.88227085752959
-6.471817050839755
-9.039539009519377
-11.752013244927408
-7.553422125728226
-6.301833664291393
-6.482061473911033
-6.390762624594546
-5.238423844759088
-8.045614020412883
-6.291489477024754
-7.437778855965214
-4.676959709885222
-6.916379449441243
-7.842673063771799
-7.459759305532723
-6.022924421464269
-7.432290877679197
-6.072484079895888
-5.906051542509296
-6.971111817200139
-10.44976747765166
-6.948947991716154
-8.854387727849081
-8.910158926330617
-10.13362366371286
-7.19341087035443
-6.162742782229911
-9.675271729333163
-8.422135186761741
-9.520395769493092
-8.281000915235243
-9.34866446207922
-10.098989653738766
-5.940894861661022
-6.174354507699226
-6.862794299134945
-6.094631604591512
-10.64580927682319
-6.773167930625451
-6.612979312709006
-7.155528959012109
-7.664415592499221
-5.7088012962961665
-10.233905842246982
-8.786818030729757
-8.119351301956684
-8.022467966669055
-4.985620305396439
-5.267150355733287
-12.05196933985692
-12.389794305258702
-8.035696719745355
-6.292349574513596
-6.8148637555180525
-8.938792090401922
-6.441194192175471
-5.211035890207808
-7.536305375588301
-6.374491010815415
-4.520919808110483
-6.607380905004107
-6.087175266085809
-7.066432336132742
-7.013874298442456
-7.033112354806003
-7.961456068721086
-8.256008664931308
-5.380795850079819
-7.75873569661246
-7.159075241468368
-9.692934934723644
-9.050355885476312
-10.064092423579602
-5.701249466170171
-5.409450826777379
-7.1163243092176645
-6.873557927290308
-6.0070281489867625
-6.928960403779251
-7.8485501388458765
-7.285157446343674
-6.645687363729327
-10.367368752293524
-5.567246206493951
-5.615267966460425
-8.39800830143996
-6.082954229655144
-16.790810551582354
-5.162317486550481
-7.234963907170343
-6.655271952959227
-6.4483696082169235
-6.86494800620797
-6.141520185975001
-5.595205049050778
-8.137467274111323
-7.012028288969963
-9.794565404138956
-7.674386956874494
-5.699148458570704
-5.080339513078317
-8.645096745474193
-7.644212165925195
-5.032836513884734
-5.618476152078393
-5.8265663442889215
-10.776683317493283
-4.587691403613591
-5.883141873635648
-7.725430433012629
-6.26522706993389
-8.547331465933166
-7.673596399385589
-10.021858277682423
-7.7640903429846935
-6.676398228931181
-7.202489235970969
-8.175618221029245
-6.4237175592743245
-6.546578146352304
-5.550079587013172
-7.078980572420515
-8.949907645672052
-7.274511017210905
-6.846187699623213
-6.365071280024508
-8.136674378865369
-7.754899424740292
-7.141305502535174
-5.151516539627695
-4.680135778181993
-9.053548663680514
-5.819796365557717
-7.654678764862939
-5.097140262173221
-6.416186185581122
-9.723686305929073
-6.701981730564507
-6.698817425178538
-9.014695673167697
-6.590244150536727
-5.401058237999571
-6.868212868210075
-11.070580947309207
-10.568494962142164
-7.307678093799751
-5.454794630140493
-5.874385067659755
-6.179730696639583
-10.897818618586422
-6.508902445008211
-7.504267168977735
-6.077613134034142
-8.901510101563039
-9.445582195985043
-6.42713905827063
-4.984047163361781
-8.648460808599006
-6.96078153861299
-5.106048062530708
-7.530840858737205
-7.568054401423935
-7.9608164590585515
-6.355641019412223
-7.999519123115852
-8.317735984469172
-5.83144763878423
-6.342692563782671
-8.244969286169907
-6.27078594571153
-10.571583273419996
-9.675356918843166
-5.009914321456103
-6.129222360600694
-8.276983374045814
-7.439803629217191
-8.112930266708151
-8.024259655917044
-6.75452936336857
-8.981776444998117
-9.30774010326222
-7.066932982909166
-6.022726321006485
-9.417034699188747
-5.690120397598875
-8.592008745881039
-7.559265439457765
-5.180632011173303
-11.808524994651634
-8.471611343693649
-7.2520461528109506
-6.622458857943715
-6.203251018431136
-9.250790247148714
-6.874514113460205
-7.846160849371834
-8.743990297536753
-5.649478843686165
-8.424986850658716
-6.50846433834581
-9.438441736230933
-8.68317340387065
-7.439394678114402
-6.262963118251643
-6.672830316948062
-5.9477444799424
-5.036583241342385
-8.201112210111667
-4.887517823358403
-7.834891712270538
-9.909651423537165
-9.201063964245357
-5.2415045610914115
-5.734395567303079
-5.639218065296613
-7.787061254677867
-8.159451587680408
-7.172905749985319
-10.623250625965753
-6.691947035031953
-6.145393622889469
-7.180339307428208
-8.257062380489499
-8.006136426266874
-6.173938509809247
-5.961752910180495
-6.88745413634482
-5.299655739521203
-7.44309820820125
-10.192346333764945
-8.004609360952509
-8.297370135106975
-11.45516989062695
-6.918407390759066
-8.435267708675893
-7.836314779298092
-5.011972474623191
-6.679871588480203
-5.921811433413788
-6.32797744188463
-9.102318181519182
-7.839184497320922
-5.764671187065221
-8.18579929538861
-6.410281228857045
-6.952814678147309
-4.395885593764022
-8.93717499623714
-5.264349462114458
-6.661637484112518
-5.327435503904598
-5.273126686065801
-9.822434745863916
-6.307061275475703
-12.651798329590832
-10.870052192161445
-5.134418899881484
-8.533714622303796
-5.386739800525916
-5.844908086333691
-7.693378586119427
-5.976167563006914
-6.871023102758575
-6.404085190141126
-7.559707348195795
-6.276080513740028
-10.929080291165945
-9.513531561889534
-6.033664059260006
-9.765627912020458
-6.443384158571468
-6.4497466825456655
-11.53388745426723
-8.313155732672548
-6.01820592087754
-7.721237529489548
-5.83169179594264
-7.817682256291639
-10.315741475654768
-6.767062261563396
-7.271506561382222
-6.976558407781447
-7.902769567073249
-9.44057935314089
-5.371133900592071
-9.664994257753083
-5.095474602347519
-6.2379318784367195
-5.586158446829908
-6.034189794418509
-6.100170771007619
-5.9296482907269965
-9.907217754810915
-7.6953610478000165
-7.000473807809574
-6.225315507223328
-6.025282675012749
-7.0967156328341625
-7.941486804638798
-6.76093269048484
-6.7758885806399105
-9.659622334508148
-7.601677532748448
-8.445013281871354
-7.4959190358955725
-10.175974705893543
-7.72724150947595
-5.704628174344538
-8.210921927168325
-6.507730326239244
-13.28745449033995
-6.049892658555802
-7.054444001942191
-6.237860680857475
-5.982221447404947
-6.367442028671958
-6.3614837079615745
-5.573540569465724
-7.006214673058793
-6.028506161038139
-6.891509178907236
-5.73908059709032
-7.95076472758363
-11.445475898145972
-6.172008110701819
-9.003358740232018
-8.194656816960759
-5.4902875237321025
-9.281354383984109
-8.590258805598433
-5.714929570984482
-6.4367999497578445
-5.534073462330348
-8.103289743667832
-4.395885593764022
-6.79310919221182
-7.921188239029291
-6.749615692327914
-8.458982447834671
-7.0014428951377425
-5.249276635766359
-6.0784909188050005
-6.5280237130141785
-7.11028782273046
-8.185699478685937
-9.001861403018914
-6.9256068920803955
-5.00936671613158
-7.744239870345098
-10.62498711458385
-5.328751193787194
-5.896989264161408
-8.91814114582191
-9.756630303491903
-7.27768873364994
-6.427076301202373
-7.308291148857275
-6.645366021639201
-8.950054504848035
-6.727355504771277
-5.195828763892223
-6.933259543559689
-6.672220575571299
-6.4849328073112344
-8.290982382795672
-8.40307844291335
-8.197450805043076
-8.226102448780996
-5.823320181631028
-5.634832188712297
-6.676618835355361
-6.435417199866005
-7.825303260168677
-7.7088891201614205
-6.7088979262191994
-6.242931169481368
-6.799701973910165
-5.3582768253954685
-5.4111951247699
-5.844830914987019
-9.294091157078716
-5.97561979426121
-5.924808960314603
-8.642622107857097
-7.118721871086176
-7.37798332843925
-9.610085418321352
-9.423429413766266
-5.660039190723069
-6.069905167937161
-8.417555816561133
-8.115894255706717
-5.962900251106629
-7.837511862086419
-5.287764680833179
-8.942954149797066
-6.331819333776242
-4.8307323668837885
-7.0155295123329084
-8.465796286995502
-8.132025744001783
-9.633836945560486
-5.825412735549767
-7.581167489971931
-7.961617294348058
-6.037236396443854
-6.77204801723329
-8.512515040650262
-7.70530379803148
-8.375521840097928
-7.202081934703313
-7.668326364327636
-5.273976092428435
-6.880665895643959
-12.34780220606567
-10.146017388704104
-9.842694547649598
-6.83155259184013
-7.608199810079241
-9.874099114845793
-6.753044165561707
-6.26374265906747
-7.2442257097926985
-7.412688724793446
-6.794348548668746
-9.016056630867944
-5.017479108327477
-5.509489619700642
-6.006492828214264
-7.298964513265165
-8.516104370911634
-6.2780864245410255
-5.218108795857554
-6.8077436327711025
-7.533992782101161
-6.580065721273529
-6.124782512834499
-6.199714370386881
-10.243370086222612
-5.814995755389823
-6.617726304287123
-9.668175335054192
-7.131671589268556
-6.966884578404335
-7.301263047568
-8.4328453379428
-8.72759003080646
-5.590838966817958
-8.11530194248191
-7.743198260035332
-13.734313453349973
-8.173612642672634
-9.213884371327836
-7.181934520967579
-9.411769759404848
-9.080979304580586
-7.918580362361455
-8.781899255992265
-6.569305149489621
-15.111669415122465
-6.804211072111939
-8.031848284891701
-5.971947623254396
-5.689979160492808
-6.704809398727493
-6.316889137839705
-4.941632915963436
-9.007131806435451
-5.260223464551024
-11.07545548637351
-9.810358494158049
-9.602000775512225
-6.52299530255576
-5.466207450742143
-6.278989870250688
-6.519198117910234
-9.231415751251546
-7.369317769302803
-6.932910106235875
-9.282137618449411
-6.8921281196035915
-5.8028678369648485
-10.112889607071033
-7.124310156515715
-8.390956906857712
-6.860775731783222
-5.269275072514872
-7.679446895443516
-5.316291762853548
-7.791907526706338
-14.676447974314858
-5.8161886428955585
-12.311970487471353
-5.744501639398526
-5.458758270039745
-5.983729589500905
-6.080583072008101
-5.711850960320671
-8.903596175689707
-8.527588958548796
-6.210823601197427
-9.483671182704894
-7.288527545305523
-6.154428142659326
-6.312693318815612
-9.034707151310863
-6.637660221853476
-9.365715599916898
-5.973126538895084
-5.986746688199774
-5.540555593563859
-6.789378088753349
-7.663547340581359
-8.641281406024868
-7.189798155460905
-4.990620006156659
-7.941622937040367
-7.791290310884753
-6.142482268212068
-8.28966733000626
-7.916506877249523
-8.215349254484815
-8.042297755546821
-6.321541576544836
-5.1897082043030185
-5.867218420829417
-7.182096828396188
-6.976675759000621
-6.511729431487931
-8.585806690838725
-7.476694548166588
-7.077809475904392
-6.501627749725134
-9.07057989596662
-13.260018852238831
-13.412878525959558
-6.3566670039727144
-10.416614285376927
-6.27644616393695
-10.018032760618143
-8.031849081469653
-7.630607962741915
-9.042106400678488
-6.2727402152859595
-6.262644081068773
-7.017625793254154
-8.134771495052457
-10.741898225653697
-5.006613681625747
-6.120289197898528
-5.975165132958688
-7.213911020827773
-7.984464895364107
-5.514971555284665
-10.339256673189396
-5.966692954978318
-6.04299524432795
-6.074107263438736
-6.409095000718205
-7.439299403188527
-8.822093719641108
-7.505673829648956
-6.772129996105567
-5.5540580900057455
-6.219917133563737
-7.095360954003729
-6.89732379476216
-12.319081451495832
-11.496491690534667
-5.046194218488554
-7.622105133416571
-6.135891767406914
-5.075674595377759
-5.33231668925794
-7.696119988319658
-5.324753906563127
-9.55368571885576
-7.073334769917053
-9.931204787323272
-7.690958682987541
-5.577556112962158
-6.404558393146296
-7.674575273543883
-7.123555270349024
-4.764110119971654
-6.087628930036527
-5.337710131592827
-9.61161819001005
-6.688699321752506
-9.782425688168704
-8.674956092345324
-5.858099079854184
-5.80718649084319
-5.377532023283833
-10.080941326950754
-5.811739420730788
-6.783527782396805
-7.73173126110571
-6.205692788935757
-5.633858071454477
-9.177794951512967
-6.00710672683263
-6.865393096804826
-7.4375612615298765
-10.347470847370422
-9.493501651660647
-7.760501736818916
-8.3191574692587
-6.191529974626053
-8.54212200314177
-8.245074889984846
-6.126131293802313
-6.5510614682411505
-8.176155396128962
-7.131943152515312
-5.98950068810023
-6.676904629846033
-7.059231750356125
-7.439538517031525
-9.710293086513945
-9.054722435799363
-11.004991196370755
-7.382846732153238
-5.553402715293043
-8.68115557666827
-6.558205281353265
-5.5563342148460615
-8.325727194976023
-6.963396057476635
-5.926365464379455
-8.232250062709841
-6.076407682798108
-5.064982967218637
-9.767311642431876
-5.3144793963307535
-15.701943672820514
-7.5577883007816125
-6.550726932855018
-5.120418773194467
-11.533982796575547
-7.6746575955352725
-6.150514687377032
-7.3771347124554305
-8.219224942571092
-11.787097026407848
-8.129211717304997
-6.174739150587597
-7.873484128262522
-8.105740217482559
-4.801676391001164
-11.626119756151104
-6.2577457642324985
-8.78712156245054
-4.659160357496602
-7.3006024175381405
-6.932348022422421
-5.450794713437115
-6.759075413733684
-7.381622201327875
-7.896800479031495
-6.765219597340248
-6.970359620069661
-5.436058703322989
-7.01909918883093
-9.463121737571363
-8.57351621368313
-11.416657636155781
-6.289894202662608
-9.250515617448348
-12.304965504027784
-5.887560169437448
-6.492708358533529
-7.311148049068151
-7.41696372211282
-5.111532145627617
-7.310389284914948
-14.90369395448768
-9.630574761928756
-6.036779793277055
-8.300872247996272
-7.996448927858684
-8.059178014869408
-8.491413030717343
-7.829903901347728
-6.7064451562642065
-6.071850082754898
-4.55498685405677
-7.14673116352814
-11.584820017385777
-5.333976824775652
-6.1954749603232715
-11.136240052519158
-8.478871120821092
-6.2958860025258
-6.6531861013258835
-6.00765224211682
-5.172984167856419
-6.304953612508654
-7.392252339515361
-12.68348519162878
-6.992402561196257
-8.491928525333476
-8.129287629455748
-6.671284154852675
-7.996271125135791
-5.439968787424739
-5.225891751721235
-11.758792049605406
-9.551979500084002
-5.923642184619838
-6.856515238196413
-7.3419649613893805
-6.888122196315609
-8.674608834552958
-10.068800362017555
-7.475158341602624
-9.66882301894741
-8.402454437838713
-6.851620311027696
-8.604835996954524
-5.775624216747017
-7.629929730112998
-5.985169603804402
-6.361604297946821
-6.276401815317991
-4.659804474159133
-5.297493385201406
-11.881127235722307
-5.819038548338112
-5.2744085141063755
-8.72195038837059
-7.555093102134183
-8.589036857278858
-5.848913248984662
-8.078528131319777
-5.503099065074157
-7.800905772557253
-6.104789442440962
-7.5457426256692814
-11.988032871202504
-9.347069214633583
-5.8578932151942915
-10.39658862483248
-7.486063023076417
-5.889504869111961
-6.889772851558395
-6.265562162167101
-8.680950605952706
-7.02035708872842
-5.208245541260604
-7.174502298550023
-8.066436601439504
-6.054725398030333
-6.800649498328293
-8.307922874076741
-8.550676945677305
-6.126957979516645
-6.013338045240757
-6.869697902862128
-5.709064990409382
-6.235681358659297
-4.388275850317056
-6.217312460789411
-6.350571423619114
-7.490286700798878
-5.993475523733076
-8.509743363548681
-9.297195402129729
-5.989054201417574
-7.459635813458971
-4.901100445853498
-5.861752303683506
-6.481803309499827
-6.603313710518037
-6.985939859041474
-10.860333109269847
-9.534154165060865
-6.499618429924349
-6.760665008292133
-6.130234430797
-5.3228967783439805
-7.617091594509171
-4.96168975299295
-11.384944601949597
-8.01158741326967
-7.06109227275168
-5.778488661723409
-6.802796161559672
-5.101473968700418
-7.439174673684441
-9.591720488807342
-7.767427983572073
-9.553382012835295
-6.686211393924655
-10.110048932458037
-9.099320261542184
-7.070296838710794
-7.982765808875774
-5.330507500093172
-5.525043830102637
-11.191854302859399
-11.755006990901302
-7.379318829379236
-5.575367748556683
-7.8027086819248845
-5.752563660036376
-5.5913774646959915
-7.510464927822403
-8.091184509277127
-9.2365929154784
-6.782651492665953
-6.227902742900678
-7.8354342810714375
-6.149082623874048
-7.017790057335966
-7.089528430837797
-8.42298011761319
-6.439721622476657
-7.015215254068849
-7.259740935262108
-8.89808502373007
-5.15340912420903
-6.033326856054671
-7.385384102701853
-9.600843475975907
-6.623987978709249
-7.627613662062505
-5.532381582262441
-9.595785658703479
-7.732201517214722
-4.9527158530171445
-7.059353389337756
-5.570085532009668
-8.985414174165635
-6.931920638630229
-9.427914500676057
-6.953972270403765
-7.98928076338389
-5.505117537850131
-6.8933033766533445
-11.60378292853522
-6.982490833551708
-10.019547267919782
-5.372445327472081
-4.644450772934929
-6.609684851832232
-6.303500613355227
-6.961540994940152
-6.363815929587398
-6.885410621018538
-5.964124680100532
-10.89348676510205
-7.038925353763061
-8.68762561915488
-11.358408031020105
-9.1250167134358
-6.603661371635779
-11.029071706634555
-9.03350981873274
-7.838940175978034
-8.489291009061654
-6.951553024473008
-8.245991640116115
-5.410294687494605
-8.465531975174265
-6.480087197665016
-6.383399159866581
-10.324611557747474
-10.895138940216425
-6.015152144794084
-6.002340423850163
-7.616436254893049
-10.02433999368273
-5.121774263869186
-6.268506385838108
-6.393136684116941
-6.4499287033673545
-9.541010196086704
-9.575781085669675
-6.625112492155908
-6.173795392592482
-7.648745209914625
-8.410403082794526
-5.6049115075497165
-8.524629196124389
-5.225891751721235
-5.955652685111497
-6.934239615398868
-6.735337437796155
-6.6011713460023795
-5.130842778035122
-8.467010354973867
-9.25743430013116
-6.900010610826963
-9.489155333195358
-5.654474380592819
-6.8206879172141965
-5.89504360359662
-5.7811871897306535
-7.524697780001522
-6.76753884061535
-5.72708601966888
-7.869130520932382
-5.727479478565801
-6.273391937020385
-5.746106587684457
-6.42447340793986
-9.63691559491857
-6.278963776009919
-13.616271542343306
-7.435408556420575
-5.382716169921662
-5.2853025610551025
-10.10976464585515
-8.148308759912004
-8.837088658245948
-9.578493310926666
-8.007290522018126
-8.330255712571663
-13.987402201694481
-4.995643750257439
-6.326134227072826
-6.42890283903022
-8.914816954582337
-7.058992797779474
-5.744558260962092
-6.884706214718671
-5.798042984465508
-7.534875106564231
-7.1961656584067555
-13.735039161890356
-9.293546094017016
-6.666323797563553
-6.934386962393083
-9.483790962484822
-9.827315071082793
-8.7956745671738
-9.2363956326204
-5.5939957353513465
-7.555332625394415
-8.906650139005892
-6.2592985649681205
-5.6793535995559505
-8.070371857855008
-7.135451206498023
-6.4197574575434775
-6.683912095456282
-8.1046339690488
-6.623755084415911
-10.79151986982985
-6.139311807066244
-6.70530500248702
-5.8704561996004285
-7.496627296567436
-7.894453264772733
-10.325808622963834
-7.4238230090628745
-7.285872433823163
-6.960303123904808
-9.24424137947542
-6.131491867849583
-7.691944947703886
-8.529386835677492
-5.8737859044966205
-7.2794992311964934
-5.793518608879857
-8.054047687621814
-4.850393750075049
-4.714272424003992
-7.2788925106597855
-6.181781378209036
-5.859842868942242
-8.427257539792427
-7.865424771438216
-10.311002265608531
-5.654629098521912
-13.951923523683039
-6.3405224563554095
-7.701384381948381
-6.34750798048928
-9.814453970171371
-9.657206656564155
-5.619923787135826
-8.969899770081705
-8.408852197241938
-4.935105823376107
-6.128367293769711
-5.30578660479257
-6.5181649869179585
-9.284492790332466
-7.994016156200935
-6.770790433525574
-8.731937171757838
-6.850709378623437
-8.397408656700513
-5.393523320623454
-5.7071932363366775
-12.504712379337214
-6.339474794150986
-7.187322335222558
-7.761846777519364
-5.068082451941008
-7.867409630036127
-7.244588533335308
-6.833013845581124
-5.8187014871661065
-7.288467276544614
-9.884415486352516
-5.882854404861932
-5.521299727481325
-6.720572555989672
-9.57679882488678
-8.700129099622302
-7.605498562546339
-10.986685333109675
-8.089323153941578
-6.489297539168824
-7.725161425567193
-8.133132404155855
-6.9524088449966275
-5.85130577581657
-7.464056566154835
-7.431037083506574
-10.505323019454952
-7.3087821540998865
-8.686750130760725
-8.251864148417226
-7.341594091924754
-6.31128302653102
-6.224981536851283
-14.069745780203258
-7.866414824243679
-9.576732901800943
-6.633461850046863
-7.704446061902352
-7.34151684126276
-5.936349525106448
-6.476799901957744
-6.557076996807129
-5.7132378496079035
-11.113664759492481
-6.239561911808241
-6.5529509847304555
-12.958009700336358
-7.752750522174102
-6.82147454757792
-7.421265363248294
-7.1099465352564195
-7.063766712077189
-7.15798412150729
-6.0000926955164635
-7.597383773822107
-8.36550641042538
-10.838156217471534
-4.878063873627181
-4.885210743789508
-5.566923670105999
-5.721937317202611
-5.4328847630336305
-6.252079914105055
-10.218725610434895
-8.664066084256811
-5.864092527507096
-8.68126821993757
-6.894801122590258
-7.115099980976228
-7.635505074171815
-7.819058905663058
-6.177780386780069
-6.450402601729744
-10.283090494151303
-8.200621333294228
-4.592422173915919
-5.610008600812874
-9.385763064704456
-8.686802535901549
-4.850393750075049
-6.182455306633133
-4.887741418482372
-7.2107939190892925
-6.668004314295053
-8.738511450110876
-5.403621042996432
-6.227197356868875
-5.397046688137118
-8.954813966708251
-11.94654236533436
-14.333413349004001
-7.074659063826332
-9.336015738619086
-7.072293917905839
-10.186829289352033
-11.181749432589271
-6.2795325533145085
-6.539289263102397
-6.41302608085206
-5.33231668925794
-10.434154077808262
-8.573369670024128
-8.427252564353859
-6.329726766249055
-8.430208610698473
-7.315466697504091
-8.088586055243901
-5.212501322162699
-6.4677624475294255
-7.422146330796489
-5.901121365820084
-9.93928465823754
-7.827018614973911
-8.625190701011743
-5.331716481280795
-4.978859211718627
-7.214840367514117
-6.085578110271306
-9.64430732461619
-6.459843932595607
-6.503743471352081
-7.418251015527382
-5.978282823568655
-5.845883202712045
-8.313872725981577
-4.520919808110483
-8.459236226747127
-8.703973683133635
-5.12609852568066
-8.755876839801498
-6.475365333523752
-5.911161370201554
-7.543215641868828
-6.556545223174938
-6.626080886868471
-9.790608111185795
-6.153359755608553
-6.30428475054318
-7.127615244647313
-7.8584666024977095
-10.817867871822598
-7.438623125864767
-6.6690635458814285
-7.686404057336144
-7.215066876626366
-13.664617329588213
-6.24639321139497
-7.526360917034897
-5.699952136241831
-8.450606505002773
-5.307009578572953
-5.919154343280573
-7.45676913257614
-9.956968968651985
-7.554983364495973
-9.222599490450001
-6.686033651136194
-10.419668231052128
-8.530238104063189
-7.414816115868238
-6.4372337969199895
-6.180144882711726
-4.89349722075407
-7.0725399899147305
-5.752826845840231
-6.533697811601093
-8.73899118501588
-8.924973823073035
-5.915343478955718
-9.520875668755776
-7.195116920816244
-5.467747233741061
-5.901290793356038
-4.974408797127432
-9.259256679789738
-7.197714839040431
-6.156281636558378
-4.758683676041794
-6.120086517860285
-5.689711663763057
-5.522513591939148
-9.651259488924902
-10.842765381630086
-5.739634674874439
-4.498902837281999
-7.3596446248661405
-6.325726847780824
-8.923117645476756
-5.044086309011776
-10.697843349332459
-7.796386377145528
-7.17775791222951
-6.210689013602382
-7.755400918548892
-5.475454786836405
-7.323678855352778
-7.874253650252614
-5.729144943003186
-7.394945935720505
-5.220657294826229
-5.8545787995372525
-6.742128063756954
-8.447901435347932
-8.17819524913625
-5.255568495588581
-8.059560227237792
-6.589705108674109
-7.900395803802793
-5.732255025079786
-7.5841355304941525
-5.743186872574274
-6.630676495574579
-6.2480190844377645
-13.325395858021274
-5.881026016499768
-9.274733741961661
-9.484795923021414
-10.703905600598967
-5.163624459525609
-8.338970217568804
-6.9173185275843645
-7.483011159472812
-9.053796386498579
-6.3634707662756576
-8.22141795438999
-6.581539895146746
-5.566708982154301
-6.4447827994939795
-7.2182588074170155
-5.196747203762101
-6.335395228627335
-8.966274896431798
-7.377952499794694
-6.804838469458525
-7.424914524000329
-6.288020482081202
-9.230613204940713
-6.69168625834422
-5.402719599626025
-6.582268017582042
-6.800390570603263
-5.628462735592168
-7.730266625087132
-9.393542142836454
-7.3045725486235575
-5.124241472149991
-9.263978942104814
-8.447529063297285
-7.378730803329128
-9.364299092417626
-5.503542173665099
-4.724509509947216
-6.65909923484607
-6.517267713235202
-7.056327693608485
-5.694923783721978
-8.609881897493299
-8.090236465521047
-6.152340900910008
-8.30704647645352
-5.6715557814706274
-7.648004347506933
-7.628510801055309
-10.799230759580528
-5.5143347891986165
-8.824728547849713
-8.29427574229038
-7.725562135433928
-11.687732461589508
-5.805564502777796
-7.1053510229180565
-5.42568978657316
-5.38830326799522
-6.056598247499256
-6.955240717891819
-9.408878825877746
-6.369133039834561
-8.298851667370498
-7.72404520615062
-8.91652157087632
-5.95900459610192
-8.433481440210818
-6.270303923821282
-9.442967512375443
-6.558095818633238
-4.900634865589262
-6.342329164630707
-8.66185994149755
-6.474406179307288
-5.9576856446122655
-6.167867805071242
-7.653870310966852
-6.395296522403012
-11.353831192014743
-7.091558357191309
-9.133209906535003
-11.91301931235923
-6.086793437969044
-5.922420358759616
-9.917767512903682
-8.686650468023336
-6.00248099630307
-10.829682261149726
-8.720014280069089
-6.918101899302344
-8.031226273573214
-6.460615108189983
-6.320208983146632
-6.73460944502944
-4.9935157109576265
-7.9213927641084725
-7.7317360726487925
-7.44179823658228
-12.33795953796634
-9.077500589212963
-11.076594917886315
-5.3742082114461605
-6.27453713949543
-7.69087516061702
-10.51466359522287
-6.045848879320009
-8.605180288852443
-8.661997113993186
-9.482865064494337
-6.280603143889804
-6.415485787571684
-10.577415711271678
-9.007857804554567
-8.99657185791452
-5.824356941990544
-8.201600364162726
-6.5112280841422105
-7.2757373025139005
-10.07622475198216
-4.936971895457657
-7.93327734049428
-5.718861648875321
-7.291787025094566
-9.530973500386459
-7.032354446348892
-5.518922283398554
-6.663522439259036
-7.197441867947156
-7.831134069607754
-7.012488286686863
-7.603702511884748
-8.511812825995953
-7.965624158189468
-5.788585511243296
-11.653261283767641
-5.954976843956614
-6.490316582012941
-6.523729910480863
-9.386676109071338
-6.478594999794387
-6.522971673474535
-6.661633331889847
-5.76404901115139
-8.559839656029506
-7.802620185853603
-8.89451315909551
-8.237866127820379
-9.052799937537513
-5.801930057803676
-5.1166580733275175
-7.517867372624425
-11.785285087970529
-8.937097772477852
-5.168706902843987
-5.2886056267309325
-5.196021477878466
-7.902380315314893
-10.160688178689686
-11.037068232395416
-6.129134213179304
-9.217982177655566
-6.368300865129946
-7.222395736592027
-7.451469251155449
-6.491608951682639
-10.278203188094214
-6.030635761682042
-6.04672608112846
-5.415686960443464
-6.991216458023837
-8.368725755424
-6.57802452796922
-7.350995922775875
-9.454050391929412
-5.453629060419434
-7.139893350072124
-7.441543720203912
-6.58851137984656
-7.457540863549103
-6.79015863138356
-8.852329885743059
-6.593423602902111
-7.437452254485381
-5.021932733976103
-5.717465785761838
-4.936971895457657
-8.033616230468807
-7.134364783995717
-6.370667535510077
-7.445118068863315
-6.2189575720707655
-8.414453254649551
-6.998643357640808
-6.8628699332023855
-5.367151258911054
-6.89321665356564
-5.745029261198011
-7.896091252552748
-9.567914895171361
-5.553136953438344
-7.831851510999728
-6.697989396155922
-6.490124531799297
-8.953764467598624
-7.3378970416686355
-6.773958325825326
-6.297456895531034
-9.965018512426859
-6.508375643733159
-8.139575246472099
-8.587851332217841
-8.30107566249384
-9.47300451327031
-6.166411736568446
-5.819853770391773
-10.069543679134036
-6.8457362217151605
-10.882534242744244
-4.664764849680196
-6.8211679176383955
-4.317749902431348
-6.835268499021721
-6.986311594193025
-10.51928505719749
-6.482155967486183
-11.463094885529442
-5.515781781051571
-5.197488183114158
-7.235403622015805
-6.2021223568862425
-5.0152945675720915
-5.846969092928755
-5.963548934061083
-8.785803906230965
-5.31026457128011
-7.197815427052369
-6.87627264541688
-9.819006714775414
-5.638337956423998
-5.586682256692458
-9.440590235372085
-6.382465520245817
-13.678366019812717
-12.537582576422379
-7.085646813388815
-9.442492743515869
-7.753857877112244
-9.162355855952024
-6.935823112813507
-10.71896473348813
-8.0950960679896
-8.405513673395749
-6.120656334977939
-7.10321588227988
-8.143992511362303
-4.786406410309404
-6.739218913248255
-10.844128851007405
-6.289483284121556
-7.706322612961124
-7.0944068067818185
-12.033383133945502
-5.364042653152955
-8.383510656230209
-5.7437872470704825
-8.885252912905473
-9.85410511211071
-5.36955451488221
-7.8429405520171604
-7.010756137335273
-8.327821703189244
-5.674440846089317
-6.481782210936314
-6.677131641941495
-6.359631582113144
-10.451530769352706
-8.206501674543283
-6.058148046736652
-7.7739043301439095
-6.83128080089547
-5.758386253854535
-8.34647571618116
-7.317282364508697
-4.92113733224432
-6.43732192205133
-8.688220365881158
-7.496351673739474
-7.762177364494367
-8.516638820737775
-11.553166957898162
-6.49942014463128
-5.391270576992361
-5.665018920871109
-5.800216107274417
-8.799727994313523
-6.687155141937103
-16.969500265180045
-4.823655933615618
-8.318014928548214
-10.442602662179555
-9.665433963588939
-6.878862093305104
-12.750523712837175
-5.823783514089587
-5.145915221326456
-7.590172741341421
-5.671373076981679
-5.6406183781017445
-10.083783826640584
-5.489144283022606
-7.950761278675993
-6.635677325643136
-8.496326815102373
-5.569099201685719
-6.914625206235975
-6.712737494271704
-4.99477525600399
-7.005944489538957
-5.754209596129535
-7.735158866845117
-6.547028534687015
-8.027126637209314
-8.32526261771786
-6.174098955646684
-8.994723249759263
-5.304774644397628
-5.9460226154935585
-6.32283534439323
-10.55705882764929
-7.659534439195539
-6.1415490229822955
-6.796463646111158
-7.5043007038448675
-8.237900192209231
-7.02071454603181
-5.62239208755035
-5.696360487612245
-5.391188736785024
-9.069901055356194
-6.012848989568315
-7.8700855278637825
-5.1334527709362625
-6.156190928750278
-7.81008612727537
-7.950423093163045
-5.414398009492307
-5.758809563579921
-11.799117211587465
-5.805525052313435
-7.111206913565038
-8.517798322856654
-6.043187954468439
-7.685989358924397
-7.247916335652057
-5.465987163095605
-5.715340350052337
-7.479694716463881
-8.636157287048066
-10.101923846959554
-10.11618549611273
-7.323570172413637
-5.399150123751086
-7.156390866042627
-6.388994669344063
-8.829384962130192
-7.202124225771002
-17.87516114675985
-6.71856532540837
-5.009914321456103
-9.82798105882907
-9.10516837334267
-6.0089629204535475
-5.262733020048229
-12.653620775231456
-5.996294531586792
-6.190425715666876
-6.412520073671416
-7.441537906770572
-8.16733222445052
-5.535807733786141
-7.608836722553485
-6.427474132991612
-5.895246078532149
-9.024319865847687
-9.200443245949963
-8.827527949098789
-9.008724196290878
-6.390691599193407
-6.509108062001781
-6.460323452864295
-5.156700130900711
-4.317749902431348
-5.908722394092135
-9.393060684007477
-7.6122754626922955
-8.173032821781625
-7.692753190673518
-8.478963755448472
-5.789606328216867
-6.697472139858047
-11.879489340447403
-6.189891271866914
-5.180556159597276
-10.470501690376206
-9.51249394827776
-6.5073545328366045
-6.9222481059159895
-4.251431141850524
-7.279800306626557
-4.5611185553141205
-8.310896147912276
-13.212107256735312
-4.830135721598121
-7.227943347284651
-5.438383259893912
-10.055731590265669
-6.142379212737761
-5.961948047856
-6.115481962557147
-6.299536526611187
-5.278294868682723
-5.944460022833543
-5.949621373769246
-7.586035363420733
-7.700037904156892
-6.601647150776064
-8.93053395273316
-4.89349722075407
-5.291880239583984
-9.048582258414807
-7.838499480261777
-5.965327255110853
-8.021817354314393
-7.142695505659495
-7.314383518982913
-6.500457582666426
-6.765694967150462
-6.286983740957523
-5.997232769058436
-10.038619864698761
-5.532777974699693
-7.553718692415599
-5.386261848461926
-7.226341805307142
-5.641647953281069
-7.990394547335521
-6.508030787477642
-8.567564740843096
-8.034669883986512
-8.687600051616872
-4.832569055972149
-6.66444787807652
-8.136732468270367
-7.721614025362926
-5.915635839229871
-10.848729540460392
-6.849828361855399
-5.832717313275277
-5.03679271368201
-6.255050193774566
-8.153003739190268
-8.070330000800446
-5.698465703854916
-9.351194454119486
-6.145229697289415
-9.61348581255275
-5.526185068402559
-7.479736512101525
-6.839829526788581
-5.098896630214194
-7.019486471411354
-7.879012351375805
-7.99448615812074
-7.083527965070411
-8.41230780242019
-6.353893131197034
-9.079514803149795
-8.394543678418136
-5.681890667324957
-9.01040577206559
-7.1538396899951024
-7.374610516342725
-8.232159529819693
-6.743028581420046
-5.3525147762294925
-10.589988696474988
-6.253734304956833
-7.889426708081346
-9.584355173008271
-8.200178294280201
-7.619513072139517
-8.393376939425577
-9.753048216362991
-6.70302651692203
-4.815220397293642
-7.1320612164110395
-5.704871732075434
-7.331312558408318
-7.902654630438547
-11.460751215033941
-5.2031996988753475
-7.472520127909709
-8.352285277762999
-5.145175790394719
-5.75469947696025
-5.933986009152828
-4.419721214069207
-7.814396524259273
-8.148182113628868
-5.414953760379276
-6.120230649354154
-7.584534980603665
-10.169294594864523
-5.038503203389543
-6.098219672945605
-6.001077693067511
-8.038071726875526
-7.674349852346574
-9.54441179517916
-4.815220397293642
-8.157035478894278
-7.77725221600047
-6.188030641130995
-5.369563171069257
-8.33587710976401
-5.138393450654231
-7.2239773724138985
-5.82527630162385
-6.342708457254261
-7.805552492218369
-5.7794588065852475
-7.1240681013686755
-8.077313458769963
-5.729497354498925
-8.653903231610226
-7.750126516172684
-9.847027572032038
-9.038904976713189
-7.597468023004173
-8.126925135648532
-7.6492582141569
-5.249276635766359
-8.082871323225701
-6.177794643924236
-6.072914617833462
-8.57785576744623
-6.591046626403924
-8.139100475321268
-6.8740826255645056
-6.965265415321152
-6.559004226882274
-5.383059688243196
-6.09336161942641
-4.991452963194051
-5.804097091740891
-8.656247385970898
-12.537956812372679
-5.673485995435022
-7.415379763227959
-5.574222745985312
-6.430251719404327
-9.908464646272929
-5.501958183098958
-6.338626425822207
-8.149258619856619
-4.897494219401446
-11.923350305603494
-7.787225573008857
-7.590877910249742
-5.827750977749452
-9.320901557915986
-8.228225689320873
-9.398006477447986
-7.182519884424228
-8.085003444059044
-5.753441554090014
-5.901534131036927
-6.767984530996626
-9.092476178589967
-9.915322733389017
-7.744342720403773
-7.366912528552437
-5.072437943619172
-8.275932795078665
-7.560595764102984
-9.331844012790318
-7.2563367398669145
-7.7312915180029425
-7.6930217797740745
-9.376483738798363
-8.416965652646455
-9.766085028735233
-4.735632648048674
-13.514610049432628
-6.372706610608811
-5.887946292600816
-6.514054614484751
-5.875363489081818
-6.772233482673986
-7.5890324899754145
-6.078593232075111
-5.583560899187559
-6.477338990149623
-7.185252848008342
-10.89756506848226
-9.852480184073332
-5.357001742984182
-6.48765108577922
-6.705708709879243
-7.577254316456708
-6.395821592197097
-7.820043872130098
-13.077842277305914
-7.6693972438674285
-7.463704974551866
-9.86041831860309
-5.452170821034733
-7.173821663603214
-5.917934574224017
-6.007223734547051
-7.8749673884290905
-6.2899208996445175
-10.836172727581408
-7.210534377897139
-6.78146310523434
-6.27553761397651
-9.016897149339133
-6.901514778317566
-5.984269398104443
-6.948481903161263
-5.035948125841431
-8.52176061044218
-7.038137293639814
-6.8610735620946866
-4.843325542748131
-6.550087140639291
-6.1641970539088495
-7.030229203214422
-4.888012477091648
-7.239835853179977
-9.517542991503678
-7.950067982898181
-8.784498014984054
-6.275255422099214
-8.682965497304796
-5.51353013906737
-7.7853236222698445
-6.477778465190278
-4.850188221763007
-6.834413917645453
-8.258414315860268
-6.574510140321484
-11.316155821747646
-8.669920155029775
-5.090869868700431
-5.691588596338813
-5.448223059442395
-10.471743415709083
-5.8069558708406515
-6.491151161758104
-6.452080310438735
-4.614678348353482
-4.796063137871432
-4.361024521772506
-5.035948125841431
-5.988701825860715
-8.203679175782945
-7.243456152417392
-9.902591742181219
-7.79777098392507
-5.971765552879514
-5.954279323103943
-10.366402795218011
-6.708535961128239
-10.177598262107667
-8.766181185142552
-5.473092250752633
-7.55589315167261
-7.630912563176266
-7.6369706760614555
-7.111181817746987
-6.293182644638893
-7.121315061127384
-10.528279997306566
-6.703839833692769
-8.147361351284978
-4.758683676041794
-7.709812786099186
-7.725261072592742
-6.277908160624653
-5.13808735156434
-6.614234320440606
-4.910822905049564
-7.288229568630883
-5.632406925755576
-5.967914376033455
-6.806683733233702
-4.960942161416474
-11.269994674064503
-8.873997457316225
-5.959538932906369
-9.212167342882095
-9.878322405392373
-5.398257973636832
-7.62607187891737
-5.099926295526809
-5.702615913122768
-4.627307031650492
-11.846982292729582
-5.772186065692744
-7.234592635899878
-9.575732274487569
-5.7340750706577985
-8.487239827901528
-8.960595937979317
-9.458442729434584
-6.385127783436768
-9.189767487742182
-7.578463499971207
-7.388393706818965
-5.099638543621174
-7.149265095828322
-9.036453796938671
-4.5911267375248315
-7.014800786452687
-7.965491649298626
-7.719647508672314
-4.872696175357349
-8.23168939739957
-7.461203929985826
-8.853866373108188
-5.093089295540333
-6.364993313525166
-8.533277797592895
-6.251973756384839
-5.520367323700214
-5.6949292004858245
-6.391662557935713
-6.770547396326188
-9.938347368918947
-9.236327661687419
-9.195039733810585
-6.301325388251623
-7.3736059675176175
-5.674324663040637
-9.555871132264077
-10.40389939142841
-7.2330547548511905
-7.185214214941432
-10.982974104671165
-11.614549493013199
-6.464520424121085
-7.355436032060629
-5.483256171469972
-5.239092134893002
-9.609210362254665
-5.439100022724037
-5.8926980631214265
-8.112390026514317
-6.74255304482575
-8.022900983371636
-8.43070305816726
-8.716828663705877
-7.571258835421687
-8.967671598083706
-7.8611866973820606
-9.588809684480637
-6.350910737424939
-7.339862378787004
-5.849003978347789
-8.180273469243085
-7.0776057058855635
-9.466664145179337
-5.030384191387168
-12.123667638490536
-7.61786947977168
-5.293035103355894
-7.02899560950296
-6.359329235624822
-8.299133250378656
-13.710163706507746
-9.123322715264637
-6.937545049038888
-5.401691623648025
-7.66893085227787
-6.201534996396129
-5.1141009550975305
-5.815662675751388
-13.096809527278571
-8.237902441846593
-6.1394367539124115
-7.263335865510023
-6.641083564872273
-6.144933449923302
-4.941632915963436
-7.57695483819061
-6.5038752965030895
-6.146257562536876
-6.427611884218736
-6.757263301444603
-6.974001109084835
-9.22214225957879
-5.3348633292053025
-6.048213338414539
-6.175776558312792
-10.644799839335317
-9.530426491416733
-7.296009065881865
-7.01447931554685
-6.817833798916009
-6.288518823246096
-6.353045663381656
-7.052585932581179
-8.492778722173092
-12.709002315665927
-5.723311906570827
-6.659495156007943
-9.072464085413491
-5.008179193843144
-8.209538060551555
-6.358475689000966
-6.219517710462903
-7.2549711614216
-4.70479007092521
-8.578243598422254
-8.290859859349515
-5.4280644521331345
-5.441905709415934
-4.364161434115234
-5.975668608783655
-9.846429102703405
-11.651572627553046
-7.984767075976427
-7.497437734681327
-10.199875589288977
-6.055366019674451
-9.650617894361632
-6.814908320752712
-6.125148307616704
-7.959705879112979
-7.442709872403537
-4.895187007443471
-9.64743623175536
-6.718199612386233
-5.333134807747529
-8.205860108535624
-5.935162277481175
-7.790457593008946
-6.714444787290822
-6.402941041083472
-7.263266595767023
-6.750741043298557
-8.134208159054658
-8.313344047380177
-8.871144498293189
-8.58028970386473
-6.970788087602199
-6.416977727460458
-9.31830063110455
-5.404121333669109
-5.989476686953895
-10.2386120814068
-6.3778728434396745
-6.550165392572517
-9.323264066066372
-7.9320985821357795
-6.519105430972774
-6.816130170904646
-9.103962167393947
-6.449247598316619
-6.373152065985034
-6.8609734774558815
-9.941815978716923
-4.986168765186664
-10.342347536318064
-6.552325923177154
-6.63841294256072
-7.072751888528843
-7.8500442885514925
-9.648097731959119
-6.116616952068741
-8.890310546547825
-6.296537256533662
-10.002932863421348
-8.03574915877476
-6.3740248753586055
-11.441346617575546
-7.2938193270788085
-9.124813608451895
-7.751238625312001
-6.650208092812101
-6.66978073442851
-5.3277561111414435
-7.117551087924
-7.97916282159859
-4.580397064796022
-8.61013211570727
-8.540110173243324
-6.348550710600885
-7.286420918794157
-6.058457933370243
-6.7988087958262495
-10.079712103468319
-6.504905196427005
-4.9795080651332615
-8.70358669172283
-9.862663415265676
-11.476354138335303
-6.243973346380762
-7.272500027463437
-9.19059873889018
-6.748119498567658
-10.819157583357223
-6.300352771313543
-8.080890190459986
-7.893782573233238
-8.884117197683736
-6.1835512795820105
-5.691832542658343
-10.145330899511297
-6.0767567801511655
-9.090380338238969
-10.715971572351018
-6.530970419846549
-9.163889015739668
-5.282785707224562
-10.850685806835308
-7.666895029697221
-4.905130846504689
-9.606319317096297
-14.552344258398097
-5.449966792805867
-6.284372438849074
-10.032590172408872
-5.834892288129059
-7.022781512329144
-7.059268798579062
-6.657851293625289
-10.869982680254228
-8.372515787094223
-7.518959695922508
-7.733261870475166
-6.950325461597829
-8.70107891446043
-8.391763703450014
-8.507783248012062
-6.89481942784435
-16.56950876271009
-9.84149044410297
-6.523365426785039
-7.441840689459837
-6.1634628365185655
-8.896172262861967
-6.128992824176266
-5.586820731120405
-9.769853874106674
-6.384455207582055
-8.775539590114372
-7.810470253411769
-9.144401188839668
-15.923482823280265
-7.325152809649307
-5.877668922780119
-8.383915680321177
-7.76129619815577
-5.850762832456285
-7.64953118733901
-9.653698651830759
-7.5920418105663705
-7.326925389321773
-7.067388338008014
-6.755534947846229
-7.711647502684771
-8.616851920485606
-8.210139347233525
-11.045403800134691
-8.38876607037814
-7.090878916608033
-11.401304345292681
-7.444068975947707
-6.1795220933533255
-7.3463473850881
-6.479077160974761
-11.592690694735582
-6.0422637737493075
-6.557768359470617
-6.632369057755755
-15.270459804836596
-5.8634910822355675
-7.186183641723053
-6.658292059960497
-5.053200309582444
-6.786739978269161
-10.170542665057642
-7.006835688851463
-9.221820434947471
-5.755073715891563
-5.154368140709393
-7.072274710435825
-6.146345290848118
-8.809131875560478
-6.410880942791322
-6.093950573971522
-5.98794551937066
-5.491364406859651
-5.767547558036621
-5.05989216129645
-8.913425926557519
-7.585538379946531
-7.866532092400036
-8.281333680947727
-5.9180621571358145
-5.78270720495278
-5.406928555889281
-10.96494535767396
-9.462554786154982
-6.109168607019057
-6.264045363056022
-7.660266601215758
-5.844915075350161
-9.53905325825196
-8.722095693574808
-7.669491542588907
-5.063337794384352
-6.634996063041754
-8.10918741189836
-7.0729927908032515
-5.630378884874205
-9.607941914939481
-8.719117973891784
-10.298142451030643
-5.853643089702469
-6.506454108220863
-9.39266561873038
-6.193456617639199
-6.823615766509771
-6.498841940064214
-6.811599496073546
-5.582457627436448
-6.551052961968736
-5.306646555229786
-5.623487611520832
-5.2975202601977145
-6.243412919797768
-5.356069212780727
-5.325533355138458
-8.096025899068449
-5.3461687466673995
-6.537793584659573
-7.371576271601564
-9.860429485180394
-6.620096248935608
-10.36128591611239
-11.366285626789969
-10.966021519464187
-8.03752694942676
-5.771199324050011
-8.348325007705496
-9.000106308364769
-7.29654911108412
-6.1521803663304775
-7.291305474995074
-8.040653907701842
-5.070350155955941
-12.558160098608635
-10.12629595527609
-6.192996123675718
-6.577731046910664
-5.9767851722834955
-6.3241702006815785
-9.717173158670661
-9.92077281730671
-5.591803941709194
-8.654140793170264
-7.576361051635779
-7.107319789863304
-5.868066746374607
-7.0238778085400835
-8.04279505607091
-4.9636200208045
-6.990149245648742
-7.4328308765063165
-6.417570260149496
-8.141077870002476
-9.418304710716447
-6.848973991267061
-6.035520252675119
-7.187696891749889
-8.63113843104748
-16.420487296115937
-8.148234884427806
-10.879810321294974
-4.796063137871432
-6.453438113036168
-7.9979432814111595
-6.6777056150766985
-8.359205145175853
-8.305555064451337
-9.408202611059801
-6.38805484546158
-6.261540192305329
-5.702595505926955
-8.695774672448293
-9.832131929075935
-6.401298371260649
-6.278165363148882
-9.641649302699754
-9.621713474654499
-9.520757901644933
-11.520604360114673
-9.882355263913587
-7.627333695958561
-5.294976197262388
-6.829797723967682
-6.631815301651364
-7.45348659844199
-5.489908317784172
-9.909904663760644
-7.7216267324794075
-8.499500761163217
-7.403612576389488
-8.597227926054332
-7.410888265338945
-8.614451787447896
-6.500896406948143
-5.924727291595541
-10.155223384313931
-11.499577610639973
-7.3335279612988415
-4.388275850317056
-8.102339357965306
-7.869440175536732
-11.56505621691949
-6.3012580341634585
-9.263912533523808
-7.330098071633266
-7.56722362648914
-11.647855109139643
-6.152687509132602
-8.685849538117951
-7.17908551874147
-5.678899613820328
-5.077552987148706
-5.427901555603687
-5.682340263827419
-5.774864490006753
-6.141946149979043
-8.488033840851202
-6.556040360344429
-7.585733891304729
-7.583337559717885
-7.447439027883223
-6.014755058896126
-8.434179521827039
-5.145350347618277
-7.5893391602201685
-6.135897731081063
-6.238633343670216
-5.3613389097981
-6.7937839269366345
-10.422710080963345
-8.738663739270931
-9.59367319111237
-6.388556590595927
-8.180042298828544
-6.9137832834022745
-6.44782392462369
-5.9953308958519695
-5.050076261775451
-9.15372140293228
-5.9305206610644525
-7.847888848374285
-9.00128461658902
-6.599097573396646
-9.029375741023747
-5.885633053902129
-6.193123586927488
-6.075627455673829
-7.176902677757549
-6.522844016736724
-12.400743065705809
-8.928729497491585
-14.939844346283978
-10.033183683350535
-6.575328264971919
-7.0982756094988355
-8.126523125391914
-5.360141444310497
-7.6723532267322545
-4.627084975066538
-8.701267413532014
-6.38500640705093
-7.622735761158054
-10.662524045498404
-5.107561433037833
-6.842762407286041
-10.355482260549463
-8.78250824927538
-7.165719413295418
-5.5603009522127795
-10.298786703184366
-9.654423392103936
-5.658773183177446
-5.479738974450814
-6.568004974790234
-6.426413645720743
-9.687154990439755
-6.060657806551404
-8.355541277296878
-9.896996230112583
-9.678271597514987
-7.405000804571964
-13.193783351333314
-6.15899841546222
-7.377289273634549
-7.891668765169534
-6.538495399578179
-8.664996568404625
-5.04304284542198
-7.743529967973823
-6.177200717604627
-7.368480926790667
-9.12844721277227
-10.225887715882926
-7.154791946616135
-6.648069954307563
-6.335220392768929
-6.093339463056875
-6.924200889013236
-8.173978737399311
-6.515734232393625
-6.293422980787344
-6.660496427423716
-8.446067586082274
-6.955982467897497
-7.04640409355196
-8.003871407409575
-6.584262994935035
-11.678963008818132
-5.327957462538513
-7.556026945237458
-12.985157569749079
-9.175761230916311
-7.831001270948989
-6.352987006895857
-7.244263594779352
-6.1960089995853735
-11.11850448299733
-8.4409009764252
-8.323167543954707
-8.7571024124566
-8.620402199761415
-9.9579367659536
-5.446762478843077
-7.151066230925341
-5.972789413611557
-12.332208486115707
-7.600287485167795
-5.223618471003207
-8.244451393454405
-7.952698644710255
-9.072952981240377
-6.832519116744457
-6.539457355237446
-8.818595289162745
-9.134947122321893
-7.258547789699654
-8.586844514654523
-10.10840821655015
-6.632105583566694
-6.320632172216219
-9.626195594522539
-8.213508927509144
-5.628766439940992
-5.223569797846804
-6.3967303567242055
-9.286446673603876
-5.004983353097512
-9.040657849200985
-8.008375961543111
-11.606075012715417
-9.866937031785698
-7.713423884612973
-5.474586571967511
-6.477306885022012
-9.496873159460524
-10.562663847547016
-6.309653686969596
-5.363997738454931
-5.675799109160675
-8.062490356024398
-7.66502822192975
-5.286540928530925
-8.862008991782384
-7.456153509052732
-5.365653101019945
-6.1626452107227685
-6.806637492726276
-4.768671409326422
-7.1422164686764855
-10.875013123392417
-7.803941658247549
-6.363374705175971
-7.8385285998934915
-6.114979611879404
-8.052316851874796
-7.978403024773138
-6.541543521109311
-6.874442065886417
-4.9500111075210995
-4.911376555026871
-7.938621448399766
-8.045273971985402
-6.810204734592156
-8.420006028696083
-7.519704775673535
-7.811152485613834
-9.548908465883866
-6.119630923217351
-5.552602226614494
-6.259161306870982
-6.15653923030608
-6.1967310647820515
-8.446341830616912
-9.187755974717314
-11.696724695810532
-5.898829426869413
-8.952406604353369
-7.186524789686812
-6.431781963923111
-4.784642513800861
-6.3304124888326845
-10.16544842057274
-6.921567026742175
-6.25328906812896
-10.295651707954663
-7.966307475502067
-6.82954767380981
-7.573315133898753
-6.171560493868162
-9.521469591560255
-7.12141424563919
-6.656117994276081
-7.022442967317563
-6.072442878680658
-6.088982982637635
-6.916521232944239
-7.633465027990276
-6.883985346929798
-6.1810872375445705
-5.228240657931474
-6.62207378937953
-10.340033864254801
-6.727243670118595
-7.695943312764878
-5.34224915751253
-18.21610659619978
-9.209961112917469
-5.177733115088723
-6.850513275834303
-5.150002666374628
-8.44176920853777
-7.925858468268297
-5.70333629635554
-6.072830055192371
-6.812660136444024
-7.158054037000038
-9.093075000046257
-7.039852342942409
-7.581685668576714
-8.365329879131789
-7.379540067926269
-7.555414690652216
-8.71593700505508
-7.52036715821096
-8.161638071509767
-6.519179530317675
-5.140240559696149
-6.00661890640563
-9.43049702173517
-7.2594714780304574
-7.42548813873831
-7.657148960531368
-6.4085633372715325
-6.252988899048361
-4.960196132950808
-8.48148879287505
-7.578734500690574
-8.888089715572253
-7.684765608186484
-9.759732809778816
-6.449588726299556
-6.888290664216936
-5.791540998498092
-7.134273013461923
-7.936254781174811
-8.38538859623387
-6.657825321706331
-9.327938585334678
-8.04543704184793
-7.72009706073683
-5.8552943573927285
-10.266830695604165
-6.622442242200158
-7.977724936863196
-5.521986656408895
-5.632677128649691
-5.491364406859651
-10.762513816512529
-7.870096611313517
-4.971968189735238
-5.2479075215227295
-7.530900579383018
-9.780957926973178
-6.571592286155164
-6.447828294699179
-9.971486354218204
-6.676584099705369
-7.883293199595089
-5.676187528847816
-8.469415154040124
-5.249246170168721
-6.5726434464469525
-6.558017543536182
-7.770495295548666
-6.46822892711675
-9.52046473370412
-7.814171415234037
-6.938017314210908
-5.024896155426926
-5.8353014844623345
-4.932274126370189
-4.830135721598121
-7.276715699574209
-9.042182486022
-9.0546819449145
-7.02139274453369
-7.726584628922025
-7.166832647749564
-6.39806184992431
-7.195814128258277
-7.5077865655595275
-6.576992728187899
-5.671592492520819
-6.67111496545178
-7.14522880743757
-7.184027202923218
-5.236281488342328
-9.170218622974687
-8.334823965872525
-8.580421566988147
-6.569951759133865
-6.822168408241613
-5.576717412125178
-5.330864716801812
-5.509620692050974
-6.212413749861687
-8.699603389214857
-7.242213597169633
-8.07912561619884
-5.994136381369034
-6.899999159479978
-12.387047155183202
-7.425683482736544
-7.195366879501729
-10.807425589819742
-6.452165253655481
-6.942844702070111
-10.166333735660816
-4.808537470884605
-5.695584956718523
-5.211919478470478
-7.857861370664871
-7.78300795237768
-5.668349326561436
-6.728036732740718
-6.168917560062669
-6.406615434240018
-6.970221960291007
-11.258157765454255
-6.763266275086323
-6.386500115563092
-10.671883236918458
-6.980676428624924
-14.183400889999177
-8.432857237949444
-9.41270947752445
-6.527133253923308
-9.210825736409825
-4.920569065416377
-6.421440248730079
-7.793113494122504
-7.624970208769616
-7.95461395580861
-6.330510675629598
-6.232033744483874
-9.973921187760508
-5.848752275045414
-12.195758080574757
-6.666883898896553
-12.547031938987242
-5.923275245174194
-5.608679401724542
-7.63181788115418
-5.690084067222264
-5.163690885943738
-5.827798058481577
-4.559511900006791
-6.3497358009079825
-8.824137372239628
-8.628757513196756
-6.201000118572384
-9.08169462283539
-7.439712492939819
-4.855900797659481
-9.932095593563963
-10.107007625647814
-9.869909224353071
-8.030560330535886
-7.071288241472309
-5.843214383039893
-6.080259985867072
-8.432540762538423
-7.62873654052164
-6.552641176952922
-5.22079026060465
-7.811495760049252
-5.304209847166899
-8.324625632917792
-6.121427600723506
-8.336460861866158
-5.522254156393748
-8.59416042711803
-7.506037109801296
-7.4181379932225555
-6.963693967003625
-6.0108420000039775
-5.704322794744478
-5.688001996170353
-7.479193349659096
-9.414999388834229
-10.972007202509326
-6.026716758920939
-7.712059708874352
-9.890115932216498
-5.778053718870037
-7.3648351198540505
-6.468356233643502
-8.82497172954745
-6.209689825421496
-8.198349109877993
-6.723266471174466
-9.171497915284508
-5.912650720891387
-7.869042184206743
-8.745606350343428
-5.929520928218843
-9.941076979048068
-5.908730928566604
-8.718368985492955
-6.131500544168894
-6.444813456278712
-8.904154560190499
-5.025580871091765
-9.138089685213629
-5.634832188712297
-7.723360056770794
-9.174803220723621
-12.292543878974408
-5.282233410441298
-6.856754966835967
-5.664737276777507
-6.797468187317356
-6.284740894780807
-8.643295510516053
-5.588593466896887
-7.912059718822147
-6.395198167721462
-6.341722568628433
-9.895366156770699
-6.6004891797770275
-5.8908072045781585
-5.654445938830012
-6.2844111094901045
-13.689961686231898
-6.881247668465461
-7.812014975633632
-5.434000032393889
-8.028843475163205
-5.594176780183048
-7.349035372971925
-8.045208219697962
-5.65039124021809
-6.754106797115189
-7.189096641893766
-7.5320348146618965
-10.386624694440199
-6.913399858330657
-7.721634996267811
-6.842257342146551
-6.850085241908525
-5.872443513508001
-5.65191170681557
-7.484810364608424
-6.310422313973961
-6.564681433043272
-5.626825257787841
-5.859089253337121
-7.0278539827620286
-9.117290338175298
-11.254734077281956
-8.72453705301145
-7.455627430683254
-10.647124454808642
-7.071339233594895
-5.156937258433236
-8.265032165907723
-8.59091733683063
-8.26207385874413
-8.195305357718867
-10.946160399190095
-6.014912190436734
-7.493135245557221
-5.122783207122167
-6.652502910822338
-5.52384859989226
-7.198148263906873
-7.387340651025333
-7.517200483286675
-6.792811691725831
-7.681031046422655
-5.822279572672601
-6.894505966336606
-7.280750232723455
-5.491825968713432
-7.584454383207047
-6.1465716229637435
-7.627063356338983
-8.228489164036326
-5.391270576992361
-9.344665183162503
-6.569065495331918
-6.192623351798262
-14.120328245932898
-5.945847238792787
-6.828709478957006
-6.884548558010487
-6.001408396545712
-6.772229751561339
-8.496984210990506
-7.624317568032847
-8.269784405333326
-6.423101709076092
-4.8907814976396
-7.047526928170202
-6.707431069376876
-9.328093751501545
-8.182296735162252
-6.983254547966056
-8.8640421401084
-5.188420089245099
-6.943301056625417
-7.832850428580859
-11.224373468064904
-6.817494490835292
-8.362468331581454
-6.785848286948615
-6.423193249395651
-6.8734903711099635
-8.771247912395163
-5.827396709079967
-4.827475759107614
-5.868265352511395
-4.7819908510758875
-7.408041680513053
-8.287125188983232
-7.97098404380268
-4.971011859748437
-6.693859616473427
-6.992621669740785
-5.41552393723227
-9.900782264740112
-6.238343839709572
-10.41220477136575
-12.842249074813244
-8.736979890831769
-6.892351392315671
-4.953297881436861
-6.589612675152391
-5.638846760190009
-7.758874918717571
-6.248794587777671
-8.358269039909063
-8.73660602051358
-6.8479991747830775
-6.582629389832769
-8.599964443490254
-6.1225407134482355
-8.069276506887725
-9.701544175744804
-5.333273399148767
-6.838281831188143
-9.18508076908117
-5.516873771605092
-8.276222674952281
-7.274627312221128
-12.986707600043541
-7.0152482722338565
-6.566603780314135
-6.566914633199315
-5.013373750146498
-8.654374701562514
-8.52797317715773
-7.405718617469764
-7.571012885232463
-6.512044294457163
-9.467916980922645
-4.702602277836021
-7.9345260068620815
-5.69653974715392
-6.7354515167328115
-9.262176183344774
-7.933959541312495
-6.1884083535269685
-9.221912788761452
-9.710575051661534
-6.114124793651221
-5.3157000396441125
-6.2570562445604425
-12.968792592143098
-6.149959053681335
-7.973832392040815
-9.281258017721386
-4.717122968237958
-6.101953600078453
-8.201103805184717
-4.592422173915919
-6.070062144372105
-6.487957998664947
-8.913419264490916
-7.927287203858359
-6.442406111238471
-9.497882165228546
-6.0746113620946485
-9.699647857780871
-5.759182870972878
-8.474505169715442
-5.9884417478158465
-6.593656571988968
-7.6291027400562195
-6.581768504631784
-6.266158219376505
-8.048229034240507
-7.0407516659044065
-7.150905539441372
-9.39771344846629
-6.203697668686318
-9.474154949802053
-7.858528494948962
-5.299317063002036
-7.486681760226958
-6.768964346421357
-10.776377030825653
-6.676969392402761
-10.01369882144862
-8.007856328350552
-8.012314529724515
-6.086990332019969
-7.336279181647325
-6.614138287109533
-6.356048712120431
-7.753999904869075
-10.669910527248518
-5.642471221499333
-7.030051209907808
-6.6770302724969675
-9.194489053353028
-6.420963165645441
-5.070992130442705
-9.930860291106152
-10.651514161941998
-7.011707534391505
-5.502105804402704
-6.888891653811143
-6.93787949244149
-9.626068086385914
-6.3748047449032335
-8.250812288417885
-7.049182029930467
-7.46513685562421
-7.0054278495107365
-10.01658637257792
-5.84911931322052
-7.115404178017908
-8.370649355312572
-6.389488225476346
-5.836376892369846
-8.378967177366832
-6.469493528621928
-5.337407700170759
-8.988990814614825
-7.900086601598264
-6.687225466193071
-9.251442918850987
-5.706076183059708
-11.430281556542186
-5.002507130487979
-6.5036940466167925
-10.231111058631651
-9.547708630042209
-5.3325333639471575
-5.554326947921973
-6.369349444817476
-7.6159186870990405
-10.20540980549394
-5.028579036700236
-8.33846211031852
-9.199558866578238
-7.779995681034138
-8.377483779098734
-5.807558506468161
-5.986847182641667
-9.400227452535958
-7.580185566956763
-6.331985752276825
-5.2180641898376106
-4.983820007331357
-8.809189788176665
-5.6637075720568415
-6.709223020820883
-6.685310758772602
-8.849771536638633
-6.573422363452804
-5.711448494147361
-7.911002444126158
-8.74427913306493
-7.2304317304072
-8.494779120487943
-10.726704250424614
-7.478429775875523
-6.154725107866826
-6.098919550841173
-6.870467323679889
-5.203121967402042
-6.047599572531613
-6.827876812939867
-10.465852361882233
-6.515134612402889
-6.410474629551006
-8.001816161715547
-7.7484098833633634
-6.300322115844477
-6.98874100685375
-7.128448155084122
-6.696984878142916
-5.868532807357013
-6.146587677811807
-8.16586258481812
-6.871501189325608
-9.520523889618284
-7.237980309093502
-6.695168549228249
-6.503144481990556
-6.984654797988358
-8.44435978436316
-11.508384137272385
-8.196843474239422
-5.256730634141452
-10.648525296131764
-7.046229583049238
-6.404333035018352
-7.266872611042633
-6.072548829672463
-7.748758564784211
-10.276165771203528
-6.2694637376836955
-5.398222892287852
-7.694431593425626
-7.320558064966844
-8.81061168107213
-7.66780984316964
-6.888975716307292
-5.653718689434975
-5.269135737915511
-6.075627455673829
-8.155883480999641
-9.211530423749602
-8.211021405253755
-10.30387854664977
-6.439031853632169
-9.586612166536773
-5.7261504873085896
-6.252666024094038
-9.21820486128047
-6.446923405515527
-6.817640437117774
-8.502604447519278
-5.640598752454768
-5.531865046940789
-6.247421615198449
-5.700261609307212
-7.877202399682703
-6.66522581483775
-8.061467716664598
-5.932676894438509
-7.281433283546366
-11.974933991880487
-6.541090768266428
-5.354432370665945
-5.612922505118543
-6.259836909167564
-6.6335709201252175
-9.232260214047297
-5.901118970458047
-5.420261509950759
-6.149092991362501
-7.879149909191172
-9.629710947409826
-6.971822603528135
-4.751636958205751
-5.842303262364494
-5.676015113138809
-10.42491783832634
-10.21872695263519
-7.3230163494774
-7.860166016396167
-5.941753944140859
-7.519580914917211
-7.731708619483281
-6.019894618355383
-8.418291167678802
-7.775805260557512
-11.741336180838534
-9.396087287861874
-6.484926229961263
-8.229485780727595
-8.393772617926846
-5.860342293235117
-7.919264124651609
-8.904391997902037
-5.757652137817137
-6.401403619032445
-7.25352795411292
-5.505463231158722
-10.240746779031717
-6.926321815149331
-7.778700687892924
-7.98168479429887
-7.6188433064419625
-9.954339357247271
-7.577557231246827
-7.7606323448808086
-7.409221259137303
-6.257228566424785
-10.837974680282668
-13.786835772545961
-8.659932203387147
-6.980455659388005
-6.130989039437917
-6.722114029067467
-11.847870887406355
-9.804468450680053
-8.807311840108326
-5.151381975760792
-6.417177463682529
-5.306425516755433
-5.745490279277448
-4.8232478937305885
-9.46726544589718
-12.152590020087034
-14.322149321362309
-5.9796328718262375
-6.4115980430371105
-8.046113293657568
-5.1900371289851845
-7.614216975566091
-6.43316537455475
-12.914599439292092
-8.870693871852225
-5.982277194410226
-6.476954471999827
-5.581118563875518
-8.082741757915953
-8.688602434830072
-5.671979735965874
-5.577485519777347
-6.890836959113381
-5.605884433925887
-5.70119827994535
-8.065544888680321
-4.841656906748962
-8.095648947251332
-8.239467843326768
-5.634178990827312
-9.057185111740493
-5.044847142240598
-11.815951957016374
-8.645862280544245
-9.14580579721702
-6.581768504631784
-7.549569575197958
-5.604837899541832
-5.290656034372802
-8.216652441703404
-5.74256525059212
-6.345175344521711
-8.816911518526645
-5.099638543621174
-8.94646236949089
-5.985337638500337
-10.257671030626975
-9.8905214942628
-9.572655901740797
-9.113714545837917
-5.738386984528125
-5.212639718863479
-8.63471178027387
-8.498017709251567
-7.054204136795751
-11.23257102765411
-5.674522397064931
-7.717246411110309
-7.164108862609235
-5.22079026060465
-6.7283885213341454
-10.400264873652828
-7.946198537938186
-5.549002166781933
-6.272881326239485
-8.365071057043874
-8.349970683382539
-6.6490979173420355
-8.339480652524657
-6.94475132959467
-7.243148502086049
-6.592059482306712
-6.379317763525223
-7.893211956675085
-8.630436594657658
-9.091790369777463
-6.103794772647738
-7.017882114854705
-8.960404247099465
-5.96160372782761
-5.815191889735429
-8.202515706016728
-7.968870938340755
-5.095935936612684
-6.375526397072025
-7.975540082655456
-6.11345857567122
-7.004898834922718
-8.431316715089455
-8.749913480179929
-8.74051317388817
-5.995668931382353
-6.138371131748001
-8.768816308195706
-6.799921355064248
-6.445041181876124
-5.075176592600861
-12.463442137613692
-6.331277188427965
-6.90299536845872
-9.752139726523897
-10.779502029356276
-7.188488924836332
-6.054406029428476
-4.677018838205783
-7.186409718998259
-7.4345135537617235
-8.030634622990046
-10.533636365009814
-8.78936107469538
-8.173065264484727
-8.083307323252573
-5.91255556260242
-10.192828557650746
-5.099926295526809
-8.234113540627334
-12.10747458619836
-8.081011462899188
-9.146706593998418
-6.758115885925825
-5.5100808220026245
-5.877570449449138
-6.36211028128208
-10.74113711941281
-12.374832768116725
-8.447144077486222
-6.857452529704278
-10.068134811044471
-8.044148325428994
-6.083517244004259
-6.559114862236265
-6.9798177048188546
-6.274524500626995
-4.542386516760909
-6.665862773754159
-6.008536311442725
-8.055791503070388
-7.628291471634309
-8.719083238288686
-5.915430583885315
-10.51220353957747
-5.784874994775585
-5.596648715703494
-6.063456217636737
-10.166399643415891
-4.99542850962109
-5.814372281652832
-5.807509072465049
-9.882405855541984
-6.954774852289201
-7.011994048090007
-6.319882518871759
-13.500151243145634
-8.21073879910534
-6.07705907330594
-9.02847148321565
-5.41221867698757
-5.929958164441351
-12.06820587881357
-8.65912495716333
-10.814371086983801
-6.8063759034579645
-9.578831053077902
-6.179416949270053
-14.639166884854147
-8.70821525517732
-8.724410501073587
-5.596791424845219
-8.382925696024884
-5.467747233741061
-6.6634684309559695
-6.83094010297492
-13.008902846344151
-5.313816941261502
-5.4522160495549326
-7.083268477740818
-7.1170993301338505
-5.280344185497949
-7.53302125178299
-8.867299102590529
-6.093537743053279
-7.259658279361787
-10.158967631118056
-8.305848304086975
-6.44656881898359
-6.092877010987837
-6.272025182675521
-5.994452249319093
-9.227123479987554
-7.586900639173854
-6.000453462265861
-6.291020163731876
-7.202920023368104
-10.159206890046649
-10.196288718258717
-8.743838159399582
-7.330473580183117
-8.03886255580227
-6.169682338003384
-6.187164414221166
-9.423368133394588
-7.538789475122229
-5.255568495588581
-5.982273623266622
-10.693361597130945
-8.044105918977698
-5.106239685284857
-6.9176171355937734
-7.7961791777383445
-10.51055757192249
-7.221797173296545
-8.870035366833477
-6.208698668537218
-8.344011117788073
-7.632966231171245
-7.044152791034967
-10.062709800923729
-7.391787392480932
-7.877403183353553
-6.2966068106202195
-7.05287389359333
-5.051730046269038
-8.468242101494845
-6.789038410708621
-8.34175543776855
-8.384039196231003
-7.14013723770006
-10.6135844328808
-7.795143185273945
-7.633407130758034
-7.814581040345123
-9.665559091199981
-9.535808069073699
-9.44316865630117
-7.880601921505062
-6.362249257277693
-7.830934751550223
-10.126867577175755
-9.65468423268825
-4.9264992654529065
-7.328767015394217
-7.581638945295748
-11.648737451746932
-6.024572856665072
-9.633190264292248
-7.4549398686861
-7.088947261151787
-8.806233272501752
-6.572849750424985
-5.6290004155299345
-8.039264956811765
-7.380611049153752
-7.254058429212388
-6.138674681984298
-6.701141488810811
-10.421283268134756
-5.985903129818053
-7.928229161872727
-9.769567297523572
-6.434757863103271
-7.098105852612561
-7.303895202779468
-5.890434308287606
-5.589048976416079
-8.903806677636151
-8.214293942710613
-6.382614403898606
-5.010103402957259
-7.52436889050784
-8.055959677448543
-8.10312403303122
-11.15919310751926
-7.413544041012781
-5.926845978403276
-8.638946982307782
-6.128794893410931
-6.265546375877519
-8.128223203572672
-10.157461585869969
-4.994472872373104
-9.267616473871197
-5.425094551577937
-5.780389849321642
-4.635582206549996
-11.976804224146496
-5.029914787373219
-7.618164644894142
-7.9044437417235125
-6.75639542299304
-10.774641411591372
-6.7934339579243765
-6.676942287664548
-6.000180496329292
-8.596158263174424
-6.045644588938486
-11.135198173302328
-10.254263295963979
-7.389773193716134
-5.3277561111414435
-6.338696651966975
-8.347154962750944
-6.0559164505394225
-6.469716548865265
-8.19853580948285
-8.925720772484622
-7.634376953001194
-6.122217886330717
-7.017872947093569
-7.107524048339303
-5.0808166000190775
-9.12287994860615
-12.029893239366626
-8.854791232786718
-7.7526526492994146
-7.10299043634629
-8.064928443812876
-10.643020041799204
-8.223955827949789
-6.9323446765285075
-4.926256233402771
-9.863773502986474
-7.626927926090435
-7.311180365298071
-6.227086052082227
-6.069667620472206
-10.598140145258766
-6.449847787797938
-6.354732944737167
-6.96007916325774
-6.81411968286253
-7.01263271837991
-6.961209056670776
-7.086675316360054
-7.5335003749466685
-8.23466952741297
-5.259697099945245
-6.126714005864306
-5.252876935325789
-6.755005644300554
-8.834638184032011
-8.259427497259278
-6.461524238101562
-8.917011220904461
-7.7308791722020445
-7.411727273159255
-5.032424870019271
-11.21080418379017
-11.554424574363123
-9.609386021226426
-5.380795850079819
-7.672164614735857
-7.164541144999058
-7.4629557183862385
-7.154775779646057
-5.501618747840207
-9.050037356331059
-5.2513357477674845
-8.094007534468282
-5.711563977665132
-14.073061101096751
-9.584496602480415
-7.3879225695720505
-10.117330178607029
-8.142700025731441
-8.61163140907173
-7.324824786811246
-6.11989525988956
-8.84217264116718
-7.752158230240724
-8.05135972550747
-11.272693558161771
-7.801512624834344
-8.358144733832777
-7.401098972756677
-8.456842390991088
-7.375217102157415
-7.584041210517799
-8.38154583626803
-5.881351064612424
-7.190354424909233
-8.699810440467532
-6.665192470859173
-6.025552273857548
-6.832305604399545
-10.613796457976104
-8.594474807391554
-6.4993577086260865
-5.610173987092916
-11.76396278052869
-6.42035900236583
-7.15074482237831
-7.143716797938831
-6.382824626901674
-6.135473913603675
-6.61180279142276
-6.139059490649456
-11.92316987945592
-10.847551412601938
-9.68315247056775
-6.944564195482999
-6.150459426624386
-5.981140732898013
-10.535920291691925
-5.969140378507514
-7.908700544036731
-6.033507865775079
-7.695950411268836
-6.492350071656172
-7.347710821057877
-7.291142383229294
-6.051345317472569
-4.676511495210076
-5.471216000832394
-6.452245151914829
-5.982620453094292
-6.924419511650773
-7.202730193503353
-5.1552031253880735
-10.316828335823278
-7.505826796302712
-7.086276957532766
-6.604780574590796
-5.829067993252312
-6.9137636735795445
-8.664590701896959
-6.817244027814618
-6.711332689302549
-5.858545284962933
-6.906862880863214
-11.164110373441021
-5.824090114639224
-5.334670722577606
-7.330487084830812
-9.072285631672445
-5.7941854532641095
-6.695686269803168
-8.068935524597885
-6.7536349941515805
-10.610261076637578
-6.866204650880105
-9.12833247011793
-11.3171140339362
-8.511713567481527
-5.969180705474254
-7.919995246589919
-5.74442775744335
-8.784823504302663
-7.803139708978602
-8.985579940094837
-7.640042768925222
-7.026825351892724
-5.20068916999982
-5.585356338344729
-7.908512454481395
-5.198886885948472
-5.628679846981463
-6.686821890289388
-9.742407558418833
-7.604753964503021
-6.824143725373201
-7.431481215394452
-4.395885593764022
-8.600166315233752
-6.265808843781583
-7.330907242194474
-8.974817892757006
-5.066606060230431
-10.729359545803398
-8.38662800101662
-10.237950913831554
-6.978679968945314
-6.933600001859322
-6.9828390714643405
-7.378431272188229
-7.856058031146486
-6.28967243369172
-6.253931604186772
-4.92113733224432
-6.575318418189916
-5.6404585410618004
-6.216341435753016
-6.603383679353551
-5.780414143150206
-7.392070729082646
-5.238096827007129
-6.057317204195687
-9.010552086386305
-7.252817829390621
-7.38838278315009
-10.19128380906135
-5.5178395209315285
-6.534950042922516
-7.281716068068958
-8.439544662652079
-8.059761406160428
-6.939999761637885
-8.310502874524527
-8.415582178553393
-9.50251085869371
-7.0426798628690355
-8.539027050008215
-8.343464429624406
-5.951786524411219
-9.683188566064358
-8.84182538717342
-10.144840290152763
-6.744146012217479
-7.552674378523058
-6.666258353516414
-7.912207104942562
-7.811331343790621
-7.361805436856604
-6.531384076608245
-7.134433769529392
-8.208797259170504
-7.988221364694119
-6.556351860429058
-5.009914321456103
-8.355553017755234
-9.906055567772057
-5.720817809558851
-7.093896819342173
-7.032260733026584
-7.330912880656342
-12.643610860902244
-6.969999000740334
-7.052921816991443
-8.983293474596241
-8.766422042006536
-6.26162202648792
-5.2031996988753475
-8.274939946139156
-5.964278548586453
-7.506043463765989
-9.494133011538702
-10.425404430701073
-6.821880444317739
-5.210130849965961
-7.430751896551644
-5.233958138082264
-4.801676391001164
-10.710604668147703
-6.105105428040698
-15.524785612702992
-7.2656005618838675
-10.934510242882109
-6.958089512172199
-6.344764730223048
-9.170648419703587
-10.601588138405564
-5.242275854412019
-7.290502338196135
-10.67570863412208
-5.703796939563103
-5.895747896599986
-10.121614221667626
-6.589285494665656
-7.98796226999598
-5.352403625257825
-7.981255067037586
-8.474839833924964
-9.578442524277843
-9.438652502556781
-10.970201663852784
-4.458859954295446
-10.728220670249117
-7.821269595465404
-8.691728459566932
-11.245516692969392
-9.431058854586214
-6.826893716081547
-7.496821456085541
-5.384719504383999
-10.94771083825987
-7.377885840009661
-7.500725549490113
-5.181572044943682
-5.499437639868475
-5.246079937509203
-7.74563039017233
-6.010282483308319
-6.9867900469619935
-12.114392456878742
-6.158787417365166
-6.494850058332798
-6.990623405564635
-11.07849912901284
-5.911407076169306
-8.407802721430322
-4.971011859748437
-11.878117429859486
-8.917080553065386
-7.934116487594812
-5.301313326888029
-5.514408118609119
-8.249028104863168
-5.924551869232125
-7.6105440121465415
-6.064620593830474
-10.667175501821456
-8.233098262948992
-10.615900248821685
-6.341595821587807
-11.315577000413462
-6.985590116993896
-7.867383886069604
-7.322810002660188
-8.103579371490191
-7.1498580619212175
-5.74751407753037
-8.76879882980998
-6.043490307622194
-5.130842778035122
-6.033082755027229
-10.125227967412918
-7.371385507236496
-8.610949992034296
-10.050271420863044
-7.13653842559129
-5.713012702280811
-6.366758561070141
-6.372989429095245
-7.170372608317287
-5.364042653152955
-6.70447504753716
-12.036193597713165
-9.014575245830502
-8.78943063841143
-6.655817185523757
-7.900201842129982
-11.97533601921566
-7.480490164072006
-6.6268746747870075
-8.25808103332624
-12.991892202021836
-8.961211243170531
-10.883130927803668
-6.596598067977617
-6.725415268094544
-12.8684242286459
-9.144480117692243
-7.344771244158845
-5.620470418561836
-7.601188687547665
-6.683844291493642
-6.023175153362567
-4.317749902431348
-9.131894710575354
-5.327549583675338
-7.989009321897427
-5.315849408797448
-5.485841554317885
-5.9870199746059845
-6.466897817120899
-7.918338378063943
-8.664026421485616
-5.835855916430931
-6.249742041146493
-6.0897179385705575
-5.231257767512763
-6.930254706930151
-7.610764324041396
-8.907035369408211
-8.008276239505678
-9.043754282131902
-8.59421002611239
-6.951213363784102
-5.460723423690314
-9.60511238424104
-6.296074172349452
-5.692903006109392
-4.440605272346129
-8.931046393556082
-6.028628305055951
-5.906168896640595
-7.174356579708648
-8.655190258410993
-5.567246206493951
-7.1211535016842955
-6.033100066764229
-7.399243035016075
-8.174919521103671
-8.761240903417319
-7.674671638051302
-11.001875582215893
-6.7237284235527515
-10.860966795538038
-7.852904235881627
-5.55876690578856
-6.678448893188312
-12.756298524088665
-8.440596899155315
-7.907496859875863
-5.805256064247348
-8.590570844586617
-10.18271370743789
-7.4994887644227735
-6.763342059578276
-10.318644738677696
-8.55809459611656
-5.98241053628029
-6.97679044690163
-10.357023944580533
-6.0372761482551365
-8.68897913918539
-6.15973921689469
-6.982841376663436
-7.530991547309135
-6.616193816959971
-6.525843128969534
-10.844386546688483
-7.417644281486181
-5.4842201810200155
-6.259797965230701
-5.000265754018601
-6.933837584981163
-5.766423936442745
-6.607065514660877
-6.124164867698871
-10.940482632996153
-8.179457950145451
-5.282261745169037
-6.69175968197166
-10.152029366492576
-7.389138724902802
-7.248355469524799
-9.719227122895864
-6.787148559456646
-5.50916935633406
-6.122136144400366
-6.278145631181678
-8.953978200351298
-8.154638314908082
-5.690120397598875
-6.636303034278928
-9.103938620862218
-7.530457249476825
-7.733705360971052
-5.919234056204219
-5.524335802530851
-5.984710184976167
-6.424834290355302
-10.915883339949014
-8.090433025020321
-7.980434489344895
-6.212099452521412
-8.707873387397903
-9.624509901022718
-7.236591053293203
-6.9435413007855855
-9.716188675072273
-8.253240214105636
-10.569410377711476
-8.089261402383306
-10.423915383559354
-9.314125828087965
-9.721280742420122
-9.676217237946295
-6.69136561932311
-6.858556022876534
-18.04158492604029
-10.41066614694571
-6.269357088652892
-5.3228967783439805
-7.962804134095614
-6.570394084480737
-5.723578196301052
-10.533916904026302
-6.34911046454953
-6.11508797250589
-8.513050652395485
-9.080973840537851
-6.851118940363746
-5.211384251596199
-7.11933428224715
-5.287360305720088
-6.62467024532206
-8.326561880260567
-6.333735216999523
-6.813363846322696
-7.051117769352326
-5.5429303195483195
-8.402114648689086
-7.188946118076727
-8.62684572756826
-5.777429198828907
-6.7853046864354285
-7.719578254207237
-8.235519388548145
-8.056007333102986
-5.887420361355677
-9.76365215351364
-5.634151360674552
-7.895722270856328
-8.760242025176925
-7.673065569561518
-9.048883716498626
-8.00889743951245
-7.962570812187063
-7.361124315574381
-6.13587162478412
-9.248239317578435
-4.655062094187912
-9.6357332059614
-8.155441674134538
-5.5919310890339275
-8.210868440120054
-6.583835147374642
-5.636705106511829
-4.717008733803301
-8.70223755229956
-6.432952986096889
-5.918619141045514
-9.88280931925482
-7.217022177369022
-6.471507937129168
-6.936753401474812
-5.681582030372347
-5.718259502076529
-8.959349560049011
-8.076925292116407
-9.101942949361954
-5.910094283380874
-6.832259090095685
-5.671132011398141
-8.407987315870722
-6.598071177807472
-6.46115582832728
-8.152017462744398
-6.154364170023041
-5.266090633651604
-7.104217480972455
-10.704716396640656
-4.841104569866367
-11.604757137990342
-6.076851546213265
-8.904062487321472
-10.28639969975096
-5.724013026379402
-7.456696781650246
-7.262744418579528
-12.107016423411027
-6.852253432891702
-7.177001225085108
-4.498902837281999
-12.102891046234447
-5.448279284742615
-8.889693398069378
-11.772972151032423
-6.400493603620639
-7.726076979236483
-6.0520886902362765
-6.3609108606020035
-5.514103123654685
-11.492689991830877
-6.994797387076621
-8.74512923382586
-6.433972173053469
-6.825782624650416
-6.876224621165378
-5.374246870480133
-4.817155252313228
-5.803120462350972
-11.496580715300642
-5.461416431202446
-4.939350918285863
-9.805184225377783
-8.651437240468365
-6.401535561484411
-5.1830817700103005
-7.417763445346952
-6.89123841152011
-5.644112921355586
-7.853140480627411
-8.658233294273135
-11.691169987286008
-8.846961195566328
-5.474200620599775
-9.7738971503377
-6.3006178665035755
-6.634095694453914
-7.918841911478634
-5.006247352910816
-6.338481657223242
-7.646555199709094
-7.426009694160394
-6.849580105283691
-8.752168452424778
-5.325524014768116
-6.7475095148572235
-12.977037474922545
-5.462023721075568
-6.119147596009108
-5.748450712102442
-6.9378808242041705
-9.092248635798947
-7.567402307590127
-8.637984559154146
-5.771585178128321
-4.864156514894296
-8.631033561447579
-9.36126906908161
-6.897068782689811
-8.410370522455539
-5.1455794489757976
-6.624641836267433
-6.359942287266578
-8.439140205254178
-8.839716168841278
-6.367580207324967
-6.610672091228612
-5.258834919121113
-9.314082750257162
-9.865551901945443
-7.16674416464969
-9.177198111062168
-5.400011695015529
-7.469720546581107
-4.580397064796022
-6.961268398280123
-11.92502148077872
-6.7794269680607115
-6.220079221695256
-10.140360097750133
-11.142002564607713
-5.4253854961016685
-7.206655144071544
-7.3555866671767225
-6.191747788815296
-9.151661189796537
-7.732016121887048
-10.758893557090888
-10.207042118885814
-8.978168557967306
-8.170326702254085
-7.9311661018961885
-6.528721630373416
-6.140660816714455
-6.8510851317345
-11.391594026557133
-7.006732871803304
-6.295906409062312
-5.525161784718634
-9.649415551128346
-9.803655602237978
-6.903318315722837
-5.890769913986152
-4.930397450668665
-5.523746557588863
-6.88261353376405
-6.602575247360234
-9.557048296413164
-9.771677207847084
-6.586493036421559
-5.801088851855029
-8.726278933207817
-6.860025138415558
-9.024509730559355
-7.737267481345863
-6.940975497706845
-6.318851557254345
-5.344807171556748
-5.872871955068557
-5.0349661076708045
-11.995901397325403
-8.048349683000055
-8.927125400559525
-5.843191999092827
-6.140761859795507
-7.844332782783102
-6.893927795626716
-13.3158711252637
-6.643452336899844
-6.964616306909808
-9.834376422826526
-5.584930444068354
-6.618509016417151
-5.841130998668057
-5.635616346697261
-5.152224291173467
-6.98884685069175
-6.04677275453577
-5.133350386201799
-7.232158274273073
-6.345699258167225
-12.541716697165187
-7.352821127450729
-8.692374731723085
-5.331988400374614
-6.176434431968059
-7.637829107898582
-11.147291577006309
-7.58717451590404
-5.105308788738936
-5.1089594127229905
-6.141320894766797
-7.579184703847409
-9.78653471618976
-5.8342020872025815
-10.707416378511018
-9.373402829848208
-5.349481421754685
-10.79111402709735
-5.663422411474704
-9.265568052804326
-12.383487781909912
-7.137091203028064
-7.07621520026034
-7.669710799422617
-7.807352286851339
-6.441520158360389
-7.175656682163093
-6.229303641304858
-10.783243329300598
-7.390908479222585
-8.07609057074368
-9.641441683185096
-7.904765311265189
-8.728146578122256
-6.740889057556883
-6.458279174053987
-5.879646183487103
-9.78427239190493
-5.631330213001406
-8.801398435229874
-9.913643854142919
-9.685876052845307
-9.058345824568775
-7.502806300273594
-6.5129040617641
-6.534856829988395
-7.2241354442692405
-6.2978638652910695
-4.971968189735238
-5.789730437120845
-6.512841642797916
-7.478793673219602
-9.384593885464644
-7.6059070833656595
-8.131094751785389
-6.892917623954401
-5.131659545194393
-6.070320088758168
-6.850096551811879
-6.3649212370642685
-8.083829804026106
-5.196715109804026
-7.004038197565352
-6.256043722841929
-10.659634860115522
-5.449656935056671
-9.710200979296609
-8.87020150282385
-6.5380169499404985
-9.593632710325867
-6.4403894508810895
-6.193590807231482
-9.548293301358887
-8.525798943998735
-7.90981471276924
-10.614193170608186
-5.2028086695754885
-6.153085318686426
-7.858832019198858
-6.891622037411653
-6.589600348345274
-6.785929365009715
-6.13025652323146
-8.83696504219426
-6.332716641223409
-6.146087387237785
-7.174533751654079
-10.262339026333706
-6.698068774868954
-7.137604082279452
-6.4982302336435716
-6.361809277722328
-7.200394504357413
-6.0605462174865306
-7.072392149634609
-8.925329435315177
-9.36208419747216
-7.152962880751488
-10.139589710044245
-4.934902563795498
-5.81655275645387
-6.097534492126731
-6.712535617968256
-5.942871610652008
-7.365347129496193
-6.19477491950806
-9.40391160540766
-5.9275553379495864
-7.756304443598741
-6.036655851398102
-5.284510558346189
-8.939647017466314
-6.735675657860302
-5.565822644463969
-6.284464720951038
-7.641844650758253
-6.351193629145972
-5.396421232611745
-7.9968675295758835
-5.975814249166036
-8.196354821695486
-9.149984488343938
-10.268458999965837
-8.754696903126222
-7.568504744171902
-8.181360205481354
-5.1433908300890225
-6.874003797054472
-8.79105194854747
-11.376334979133937
-7.7872594764776295
-6.98089187369702
-6.425009574374186
-9.096216865347873
-7.551352648359226
-9.247328108108986
-8.340837106101793
-5.267264966292298
-6.249880657125278
-6.46033247936724
-6.970342460058574
-14.443660686668295
-11.834713620672808
-5.810045225702176
-8.927602980701435
-7.550851823690814
-8.408447981089914
-6.887441464092946
-10.56581941102741
-5.960626660819895
-13.23837913010046
-7.73803978399741
-8.351091894698977
-4.982303298193083
-5.015927874444318
-9.534968775046593
-5.173401222842973
-6.6099493389034345
-8.042454047527494
-12.701624586574715
-7.9790463114123265
-6.274381045374763
-7.594876793182253
-8.256393295930314
-6.962783830338026
-7.2824790026218915
-7.240142886226787
-12.955979749084532
-6.799091290054693
-10.057596030549703
-9.76038799189587
-6.404703593117485
-6.600222525227307
-5.228035496321899
-8.391465713364639
-9.504620650934287
-6.611565386601384
-6.723957635129242
-5.54571376795017
-10.133613854543555
-4.921847734210599
-7.851132827467036
-14.911831661971293
-5.914579065158185
-6.7867267047727315
-6.276040162848592
-5.629909780443911
-9.587750245445429
-6.002357784177368
-5.5303158009964095
-10.771433244819962
-8.88720826091585
-7.509746901927683
-7.100220540690608
-11.149372962988908
-10.230747922410044
-8.713695827549925
-5.594631354755764
-7.999692142742594
-7.155175564201962
-12.793126800765425
-7.907328459852093
-6.703325995707777
-7.606652131798291
-6.998330988138509
-8.747558403893398
-5.914236521761617
-6.948551251509356
-5.948695964954991
-4.804361484040837
-5.755755312067612
-7.919227478031048
-7.2666090873754685
-9.905980791447275
-5.78567004995412
-10.167106201755168
-9.758774183762318
-8.054200930966996
-5.72677535339129
-7.68420426166613
-7.43892842111882
-6.9743362545636085
-6.65527975400583
-6.523403881164509
-7.740773243520913
-10.51344527350631
-11.002194807328799
-8.234006134454456
-6.541000029099295
-6.9832473150813845
-6.40607222646919
-8.032548767800966
-6.408558726801973
-5.940140784212228
-8.455382690046596
-5.984204785436726
-7.365025929308361
-6.752334338276135
-5.871408386478569
-7.719783062748341
-7.520339123207365
-6.063249453508511
-5.824132472989397
-4.9605198058452
-8.73332878844439
-10.842272328089454
-7.131779643389717
-6.4249094298313345
-5.242639714143975
-6.60332223296253
-8.486926574974138
-7.706622950709128
-6.09842700090479
-8.818915196296938
-11.93727242215905
-5.8796578022596675
-9.36694153147108
-7.443077789178149
-6.264493205173011
-7.40935536423298
-8.878242010819934
-10.304542823317417
-7.5318025882090405
-9.246342317008589
-6.8272050100241986
-6.54752635053632
-6.3104453034101295
-7.268824237750774
-9.481340222903494
-6.002606023729623
-10.932810752625068
-8.767325205159699
-7.374698800075699
-9.095187310173808
-5.6819037277104565
-7.062713402750207
-7.3451988731090205
-5.0370399890612365
-6.13252659158381
-7.033008561605867
-8.441142398673636
-5.373322104447986
-12.307950411228216
-5.717326808269142
-6.448828231723479
-8.095298508841797
-6.984028788077901
-10.467851901429338
-6.766070694392737
-7.5651209721044195
-10.115553626342026
-5.989228811290469
-5.6623721350093446
-6.333653051669663
-5.463488178415131
-5.873310421514224
-8.123394375618645
-8.832439997138879
-9.68523163051186
-6.705811868259426
-7.371811548190009
-7.173108719351247
-9.23203053251368
-7.697727211005237
-7.090026701198481
-6.210218404164927
-8.557307924915149
-7.5649396183918025
-7.265005315778096
-5.339740519281533
-8.227254419208068
-6.038901165793281
-8.207645184835298
-6.807426687259998
-9.704540604428153
-9.715173217709165
-6.170876547784162
-6.971825015571221
-5.532118491885142
-10.946174856950966
-6.6256603581456766
-10.270892057962156
-7.697438145256685
-4.970702640813685
-5.837733791500065
-5.745794956047187
-5.770195796767043
-5.865633752896145
-12.896924388457151
-11.103893555362113
-9.569740108716932
-10.606057596934942
-10.199381308314987
-7.121255522300806
-6.361098970119819
-8.523262988785309
-7.424216946924828
-10.36029031076674
-5.263867933631915
-5.520927754416721
-8.425029536775204
-4.729346876390311
-5.944732374550499
-5.4862102032763715
-6.567518437848097
-10.652493505164564
-9.091983153705579
-11.613037647051067
-4.842822960484267
-6.3164394212961685
-5.315721185588803
-5.835624739297762
-10.136374872042149
-6.532650771784209
-6.207071180383119
-8.91929460976535
-9.089191216210942
-5.313571135691406
-11.757431790339739
-6.932433610471962
-9.73413966041188
-12.264023590115965
-6.478938932065492
-6.169319189061215
-6.361058794219184
-5.696270783059806
-5.919861454755277
-6.659448106299944
-12.623538237444661
-8.427020183432932
-7.598858735700508
-4.369766331588126
-5.296569383678444
-7.127502172663012
-6.270501924855325
-5.397040217271345
-8.076979113553397
-7.023843696891321
-11.311437803471996
-12.59519952608553
-5.91151200177564
-6.250388230001378
-9.028909041813113
-6.337565004535602
-6.437060697048027
-5.969067613069266
-6.966737538125059
-10.231267460533164
-6.410487242741751
-4.9527158530171445
-7.365315510386033
-10.932283374051012
-7.550041440442885
-7.300369907390095
-5.8333999300988575
-7.100082710543729
-5.250801331196137
-6.077367887323398
-7.475365130156463
-7.787780013783426
-6.836194992779123
-6.89939841866162
-7.989218222872759
-6.014511032374296
-8.372356297094214
-6.693257157009156
-6.6202334038570525
-5.487518969911571
-5.976971070972124
-6.929346080338504
-5.101657705754056
-7.113336047832857
-5.649530194618362
-12.098131720129464
-7.571536434895019
-10.52979053631833
-8.488410740041996
-7.218520694488015
-9.045677442494807
-8.832289216911237
-7.7207094552444575
-6.360904279675527
-7.1871161440070015
-11.312701979122481
-7.688325811611979
-7.880261005344322
-9.144461406783694
-6.32767804325815
-5.704655432549834
-6.264360421406332
-6.2858487962543
-10.201390386935905
-6.218085108855522
-8.730383961749006
-5.71223581806924
-5.286014674348031
-10.950075665085869
-6.5551319195078355
-9.958638047446856
-5.424445284793806
-6.593661947557052
-8.429200896673487
-5.974077459273847
-6.047894481447636
-5.959076920449173
-5.333273399148767
-11.041180044900488
-9.196214753117214
-6.012338361908484
-4.619429707980133
-5.193016381366057
-5.912756878437466
-11.279346788769939
-12.787743862671443
-4.889719196222204
-7.615934089765116
-9.605348044655642
-7.341531913310922
-6.439797652895088
-5.287934564634863
-7.921213400368703
-7.809987978171999
-9.556301399304193
-5.870821917428559
-6.756438391762708
-9.151964345630983
-7.9613595838989335
-4.953405506461082
-5.237607558026109
-5.949758891855735
-6.493350365400603
-6.576431179150765
-6.458020183320341
-6.207667118346913
-6.4542499660106305
-5.563585147917745
-6.039619202234603
-8.063915517187983
-10.20822184721949
-6.232460196069291
-6.513797359987093
-5.582443471388003
-10.988958821451586
-7.217728199464688
-9.356731110603587
-8.718675068789006
-7.654699573696567
-6.125647797151035
-10.857882960247085
-9.176456445599095
-6.314356449450906
-4.897799314297059
-6.642241703975049
-9.826596864961877
-11.047197020062622
-6.9584152628463105
-11.75991552833692
-6.360369557513106
-5.450035239758508
-10.499585238718959
-11.42578670453758
-10.245404058657614
-5.091558269432688
-8.692600566936987
-7.605216127171302
-8.611302156508826
-9.411636624875614
-5.395557664387748
-6.575508818730605
-5.711306775658641
-5.905636008966991
-5.830126389726198
-8.55708528829562
-11.421766963519431
-9.81560759359762
-6.501726076307853
-10.224307837995202
-8.166878208744164
-6.913180194266733
-7.613337490416497
-7.279893422124251
-5.637953037550136
-10.69823870823393
-10.835881438345337
-9.848059678964596
-6.4356748236826125
-8.98987229674688
-8.166192093472084
-6.565032942307075
-6.828408244293148
-5.760126792408692
-7.47248381335029
-7.003677309549054
-5.269702223659139
-7.398739310536194
-6.848864719639849
-6.447348896760803
-8.026308156003054
-7.983332565741268
-5.293272980990703
-5.406251777295884
-7.5209220394595535
-7.578698590943626
-5.072932101694639
-6.023347621913339
-16.19144488308412
-8.81386777573637
-7.945393740578085
-7.437488708940693
-7.902246226459127
-8.253781271585828
-10.664583020627886
-5.248943791987138
-9.421979149252515
-7.7148278066542995
-7.441475016359319
-7.5718574293282375
-6.459894772870633
-7.032820439665177
-10.812154759995176
-8.490170286080495
-9.712044542571368
-5.035785011444145
-9.607371936475655
-5.9237650700826645
-5.9178246456220265
-11.791668806743099
-7.17599111901721
-5.983835940268232
-6.25351012122678
-7.186354829180232
-8.338065008053627
-5.082868877812205
-9.571484861799048
-5.551572933567162
-8.31490768789529
-7.542412455530754
-5.553402715293043
-5.873685000025606
-9.341423239810627
-6.289020731393823
-13.812918269618319
-5.6867895654584615
-7.44196041301199
-8.343832677148363
-6.6216450874113715
-12.78098194314905
-6.40788940543117
-9.355678920619294
-8.102403046234336
-8.156621615916839
-6.06438567704813
-6.124284544200637
-7.466975141570724
-5.731237121602785
-6.341538457161313
-7.203995460653489
-9.068900804686981
-6.253931604186772
-5.896665443952255
-5.769281371855769
-4.874168054676145
-5.997692564259852
-5.3584980110938165
-6.968036349376574
-9.102383829529218
-7.27672191523772
-5.508130133410343
-7.700536774109055
-5.76928831149767
-8.09375975892753
-9.014096702861208
-10.131121202419223
-6.031961629911143
-7.976573626657195
-7.6499638289438945
-9.882028714354043
-5.6777661046777395
-7.38586890812594
-6.909876222183178
-13.041818644071135
-10.599396347121223
-5.678201038614264
-5.855635314148644
-7.9779798544923475
-8.269701914560114
-7.203819376755893
-8.074936646654212
-6.467742872806916
-7.569210062860935
-5.335983486780182
-5.690737296877404
-5.448279284742615
-8.872745901071443
-6.821951448359709
-8.39130766018379
-6.559345818454536
-7.546482821225172
-9.28759622099519
-6.556848598406994
-5.045409988238653
-9.184263292577887
-6.5164631986690305
-6.2020878172929725
-6.831527896601391
-6.200920781405959
-5.176246392950842
-9.376369190281327
-6.515895515801598
-5.903957250193506
-7.563671311487475
-11.828616175254645
-6.9698689628175545
-7.522215621753674
-4.542386516760909
-5.649035978107921
-9.3295855527389
-5.030642686943758
-5.793821671831184
-6.213222429592198
-5.799843544616684
-8.169531172157946
-4.419721214069207
-4.518093057200825
-6.155514109206882
-5.850311228611624
-7.697439642433086
-6.16528698241609
-6.187880494112371
-8.191452490401296
-6.488354470461297
-6.238967308297814
-5.335424022252667
-5.436720743945203
-6.445653670327268
-5.295185632545926
-8.116323426978266
-9.609445153027197
-6.772376477158543
-7.245344987419007
-10.164504684209222
-9.278351546215296
-5.734295534093008
-4.834056009227388
-7.523614602642767
-6.286542496438557
-5.553049173506092
-7.10051047239787
-6.146924671224701
-7.575419150136782
-6.979138678350091
-8.948335811280396
-5.144743174102151
-7.151462725383279
-6.602300427437199
-9.903874791976982
-7.682861745228019
-7.644299923482461
-5.296852335727606
-6.760425169207393
-7.0603130872206465
-6.592439043764505
-7.339148758872349
-6.721895993414761
-6.258658156988039
-5.196021477878466
-9.372602970605822
-5.219891785548194
-7.885386089473417
-5.165151491298377
-5.488126995090794
-6.813286376375954
-9.586482231350153
-9.126735249190308
-6.657739896952494
-7.700923900490848
-6.240987324036
-5.242413550394782
-7.309908412421789
-13.778662198102948
-9.137485831868663
-6.718422020505278
-6.11843653274834
-12.095967977819297
-11.073454651185981
-7.673529402863701
-7.479179230595187
-6.218668373067962
-6.163811236311056
-6.738099582324492
-7.033279504864734
-8.571581728782467
-4.801006498078658
-8.849808934121587
-5.564894712819909
-6.0943817719151365
-8.539546222818101
-8.682706854972087
-7.795468671609577
-7.760884119720417
-4.7963664565059965
-9.691306454683508
-5.760963460495132
-7.642573331795044
-7.8587309866655675
-5.884164189728845
-9.077269716392438
-6.462018286712707
-9.483055795166127
-17.265618776600018
-9.891617194628143
-7.028236638725365
-5.520069325572
-4.859638915290395
-5.141198574485295
-6.853585509600523
-7.349052879665216
-13.17975210889626
-5.363200327114102
-4.7424058990205396
-7.049200826119795
-5.535762062954999
-5.525503116052466
-6.503784654378523
-10.495095264257445
-7.319377629824504
-8.633126486926024
-7.5744206373191405
-8.011039511590194
-7.002182776139393
-6.20293698339473
-6.63683184596743
-7.759755647002902
-7.0926959256275035
-6.374118999888337
-6.065514012555369
-10.085729652510842
-5.772272631056986
-6.924124049347026
-11.834707251124572
-6.3776770469642585
-7.33858411386891
-8.02397354744791
-4.361024521772506
-7.581704677271548
-8.68113243011131
-5.619587836027339
-9.130867827378422
-6.9395545454395595
-7.5746497483614315
-7.535374209600716
-9.291524411745588
-8.405315925897568
-14.436065362705175
-6.227704950333144
-6.467263422850815
-7.622615428531014
-8.34698928796034
-6.016941762811966
-7.643708032321211
-7.452367050133399
-8.956683316546119
-6.489554481930297
-10.84030294946061
-5.39654704605824
-6.785401933196452
-9.607086862937635
-5.387269839407013
-6.112304969179874
-6.308632747296411
-5.354822326041876
-8.935318269327093
-6.400624240354591
-6.100906202638879
-6.227464307452361
-9.567163536800285
-5.700973262782721
-10.904743553861218
-6.574951835386286
-5.6786046555896625
-7.446960101655031
-9.179267931966447
-8.039463821917579
-6.235047194405502
-6.889056413839743
-9.550079505064573
-6.928241365814271
-6.277257288328943
-6.984971325346277
-8.424626735345914
-5.525473944214237
-6.227901032259156
-7.4095163891228
-8.006173159040667
-6.996202904324607
-7.101408248527852
-7.313889191115867
-5.791913009077023
-6.7069387718793845
-9.991172818675116
-7.031613658489866
-6.924620941833469
-5.040658483582664
-5.958206017743622
-8.949612124813397
-5.328736106859762
-6.559135839105146
-9.02233108636585
-7.111821398919771
-7.966276000530181
-6.275492747304009
-11.161078350809035
-7.825364461965562
-7.5997860535140065
-11.208169709951983
-7.384460745204141
-5.82871838143591
-11.743223650719722
-7.250434163092977
-8.440190185707191
-6.301418474120852
-6.795020278026461
-7.461217357125087
-10.06260924041395
-6.349292753305791
-7.0289040429236165
-8.58053822674127
-12.113713006044081
-5.482786683244053
-10.028817580347459
-5.691310909565595
-6.151875481889754
-7.833990800805187
-5.090869868700431
-5.533277720872516
-7.7516831049943065
-6.529311284084183
-6.754732065325189
-7.382161572788038
-9.47007100351136
-6.879670048291282
-6.525036742809633
-8.445068724999139
-6.7153910374931405
-6.15230467189167
-7.410113808021045
-7.639440701278945
-7.194145642946308
-5.955397438777504
-8.057488793409444
-6.507335437887103
-6.944579861186357
-5.9158741823025185
-6.026206825202154
-5.16468828189218
-5.0988460815500956
-8.26080541761489
-7.4158280574463005
-5.395278176547817
-10.01591934997722
-7.867302533406629
-8.677047774864938
-12.192213643579354
-11.880134915570599
-8.881958259120895
-9.800510568998806
-6.258042125670618
-7.7276616076991225
-8.910394823927666
-7.530630584981783
-9.870733930401302
-12.839671904998706
-8.843215780906652
-6.548441090256015
-7.693031628891368
-5.558141953094528
-6.571108340994639
-10.286508178169635
-7.872251800488628
-5.822717875244137
-6.2592343343517225
-4.990188252031364
-8.381122440449744
-7.886018919928569
-5.32235302357804
-6.045713614218864
-7.784925344364465
-6.3304124888326845
-8.22162648335413
-7.111106525045091
-7.2711624002742035
-5.571227717101143
-5.944285672187357
-6.5153289221646205
-5.51518302184154
-6.995030353734951
-8.120602934295208
-15.91753652377611
-5.345244998977195
-9.788899888003058
-4.669641924977302
-7.40221164345829
-7.731372919660376
-9.526364071277866
-7.752004448557078
-6.962352630896871
-9.714918344255945
-11.011016468500781
-6.033656120949891
-8.79492238321452
-6.658709661506234
-7.62019744255392
-7.583784009381183
-8.024981558435952
-5.825378381450864
-7.05025085217012
-8.196562080166567
-7.268734072537805
-12.17826755289777
-5.778163785074038
-8.237518639014148
-10.548606275754947
-7.764277957280349
-5.384874145556269
-7.18727360843707
-6.134754591063914
-8.636930885012632
-7.391851271095539
-6.280568358393435
-8.823165773432553
-7.5000360062995535
-6.200902043037098
-5.200170745104949
-9.770387782623807
-8.871867448079204
-4.627433142035099
-7.192215325464443
-11.855476466155297
-5.532912207557273
-4.953255949293876
-7.926268433646522
-6.242327359976005
-8.253905373715748
-5.358719011352142
-7.6904881023147835
-4.783724510424955
-9.830893331545282
-7.60388430665391
-5.971221926066164
-5.823942794317504
-7.004493905296363
-8.634183262243532
-9.156930506061382
-4.906576090419305
-6.684998685956257
-5.717167525569049
-9.790681677810408
-11.151451346366212
-6.600245939602293
-5.8641967146549545
-7.375042305589642
-7.2966113047101455
-6.4930550684818495
-8.0983859625695
-6.464567984705343
-10.668489365430517
-5.7387493224437796
-8.029189127953485
-9.108544034989054
-6.930878632738532
-7.164921552360477
-7.1606034413063515
-6.577719083876302
-9.861232315380754
-10.589773010594199
-5.590623869076815
-7.262252262228701
-9.347507797819338
-7.623338926770507
-12.134353497842017
-12.144399746187386
-6.204120079267115
-6.575447152108794
-6.790500703425839
-6.154063605252638
-7.567493526484603
-6.682744215223847
-5.94080160650371
-6.806773410486383
-5.6772265521008505
-7.714468735168798
-8.26337715088358
-7.828310610866122
-6.900960234595389
-13.432406504558093
-7.0057938702574445
-6.063381253705967
-6.8502841893444275
-15.336875197861122
-10.143453469861772
-5.32792498646673
-11.5862697432557
-6.945854373390019
-9.96394888012552
-8.56132456508613
-9.568916910361262
-6.341559282644536
-5.925363564280594
-7.443457944428766
-6.316970498161366
-6.693927572480756
-6.2899208996445175
-7.720423583537647
-9.041963583503502
-7.939010894536357
-6.816887134931186
-6.478697240136249
-5.704823799778054
-7.636256892730469
-7.97066283443063
-5.998525597919411
-6.7506048134073575
-6.432110981953407
-7.105399450209454
-7.052593524088734
-5.177503945542325
-7.778948157900093
-9.608724054837866
-6.460217260472419
-9.248409017928699
-4.885947598698865
-7.882353142894882
-6.52134736518864
-4.878103612951876
-11.343078458178352
-7.645370514404535
-11.329341272083793
-8.280875817227825
-5.795710036901376
-10.169368366419228
-10.636055241167744
-5.749196509788025
-7.628639046106965
-6.017166961612512
-8.719568987734718
-5.658393624990301
-11.505398340677145
-6.243034762574365
-5.906658870901871
-6.044298960869849
-6.180989941442502
-6.271239650925002
-5.7904566141430855
-5.950830647053528
-9.590860218278083
-7.7511077267621005
-6.255781691013198
-8.322964768776737
-5.1075777417246675
-11.035456261848028
-7.5520377356890895
-7.684507980212551
-4.369766331588126
-7.299759147933833
-8.60419321490133
-7.609474872674802
-6.27110689379311
-6.587537997569821
-7.018687404334718
-8.92522229693807
-6.27610749530533
-10.337234711282308
-6.372853559184523
-9.573656513065597
-9.018654725293201
-9.27667313511962
-12.58520166199081
-6.708953070141057
-10.584511430264815
-7.464481191986451
-7.849539347234682
-6.790877807765824
-5.573350407385018
-6.052294155192025
-9.308342518602998
-8.349072907842585
-5.159243427219164
-6.589577048629956
-6.67999349840908
-8.774630652630288
-6.336411335721245
-4.70479007092521
-9.237516666271372
-7.342504631850212
-7.080542301424301
-8.079000026372574
-8.21514853285413
-7.075167878369158
-6.741981970242074
-6.324432505015517
-8.236758321410896
-8.288339739964838
-7.768454861242251
-7.487878518299503
-7.814256584949096
-5.073213930180795
-7.510208093514581
-5.153756457152208
-7.171265805220805
-7.72972480618797
-7.736049552153581
-5.638067413293893
-5.326344160157325
-6.532328359955475
-6.297984126915717
-7.59169289734445
-5.956982821789462
-6.150837512667983
-6.940844709444772
-6.6670189023182544
-5.737164137270755
-5.622146619620973
-9.028450116434273
-7.416154171250929
-10.26897364151969
-6.832764921611772
-11.471495302120749
-7.14835019525708
-8.173256283887362
-7.438237700103651
-7.23081349207143
-8.404334763416012
-5.799251650365111
-5.7989399225228535
-6.442601393639623
-8.708405577408115
-5.235282935271802
-8.874566555727851
-7.138598354548679
-8.33254804284262
-5.071884852383827
-6.293555477932913
-6.352902056304414
-7.063256427286425
-6.096210965898635
-5.398634771750496
-8.735337695836245
-6.6807175679000865
-6.778715082898148
-7.712378373711504
-5.908984404507896
-5.757607885277057
-6.74349034416717
-6.312546575605758
-13.615018216391064
-8.208090946265317
-8.496334805973959
-8.443526089669833
-4.932270648239686
-8.970824790703379
-5.979414146092564
-8.0493699375406
-6.780136021257942
-6.258879240614882
-5.514776747861281
-8.027686104334808
-7.881859946916219
-7.35176059958085
-5.750996707055991
-6.406545566074762
-6.588143801077483
-6.870936488180133
-8.008449403709163
-6.108182267244782
-5.6425651098884355
-7.7789630604875954
-5.20929982928228
-6.9808739023489315
-6.895394965962872
-6.700899104781084
-7.712768943775344
-5.522321876197172
-6.127859450415235
-12.585741637087741
-6.7435557725969915
-6.644312709084405
-8.389067626099822
-7.03482924559088
-7.192200027412391
-9.579863269554696
-10.679006882971771
-9.873736816478857
-12.590730670711203
-5.476750545640963
-8.476137072763715
-9.334446031238334
-6.4809041581159965
-6.218411489515358
-7.286984986778289
-11.611592064120767
-5.640509982777106
-5.519699092573341
-7.947485116462108
-8.72364163904682
-6.812999828131015
-6.300949923214322
-7.710342898477015
-5.126769278115161
-7.9359131685617035
-6.378968155372468
-5.641955558528008
-7.237673303419211
-7.0425848458742095
-6.262727985982867
-5.410681070438417
-5.794488486931046
-6.39039901874745
-7.228851288848133
-4.899974306900114
-6.874615935535264
-6.10584819367548
-9.845662291877906
-5.94102667812496
-5.7795895840097975
-5.887956720428051
-11.08496221390297
-7.805984446850328
-10.370110356509153
-6.011553679578945
-5.032836513884734
-8.818389225274993
-8.350435647104087
-7.524086615845733
-7.771303528323473
-5.298285658137913
-7.636400790048345
-7.071559657508429
-4.758149809016854
-5.598495650017319
-7.2051424592075275
-11.66641414947868
-6.560226518602115
-6.759909990560689
-6.873261487425102
-5.950927727862006
-7.303112452091721
-9.637562368905892
-8.436831548131565
-6.1157912658405085
-7.527937393629334
-6.757053431866073
-10.441683601816914
-7.242929247736666
-5.092750991636653
-11.06356758440758
-6.24493380326182
-8.36085883893095
-9.717659593322978
-8.714506103234106
-9.950048578601493
-6.465220967273874
-8.321005622956495
-9.899119860422514
-5.243964024435104
-5.530657966034535
-6.129302717327152
-6.733217505234577
-8.372068258701763
-9.558615476190344
-7.815228128536729
-8.429056672439218
-9.11082246604745
-6.282923709008958
-7.2340435746967575
-6.840883535573658
-7.814470696090593
-7.486654223970671
-6.9628640996984155
-10.631612340054765
-6.750508099766493
-7.150169846033729
-5.958169886061814
-7.811122477801115
-5.841268397472363
-7.715057737783389
-7.422885132171515
-7.770010118792389
-11.252160828031228
-6.359369845639589
-6.543806945845217
-5.310587332644874
-6.531054498288154
-5.703415702646835
-6.091577565373347
-9.49170909244902
-8.83923327834319
-7.140717928953781
-5.64921506819545
-5.199182353214676
-5.207987062839739
-8.155035968047295
-8.57761677456246
-9.27009197194626
-8.099207477028738
-7.8604592252753545
-8.002370718865423
-10.28150226220428
-6.135306022159473
-6.170478186607927
-6.746179076809691
-10.626390766910053
-6.227791513692854
-6.583322562061232
-9.259404978470513
-10.57866098351622
-5.359848243667669
-6.139619221803337
-7.46608177192265
-8.62932658602038
-7.39247537437657
-6.133734140311889
-6.226542762392804
-6.229728711794886
-6.542155542715896
-5.317624114921312
-5.684339226348033
-7.626138316262391
-6.971117192654626
-5.867621267831937
-6.106519685733836
-6.384075732269572
-7.003641281301195
-8.516791843023903
-7.574518807470842
-6.116271079950268
-6.990985895524464
-7.8778869609451325
-5.276169263703771
-5.69314534054597
-9.753805130770763
-6.642857067223038
-6.502900457512539
-6.321729511060337
-5.83711724321498
-7.408442998626789
-6.926072610658646
-6.163066096769232
-13.467135109699214
-7.856536635897815
-9.107576275469178
-6.80210775007622
-5.727582652507958
-7.7567167852394405
-6.043145217038473
-6.5786715406738026
-6.983475506457094
-5.737591884435402
-9.315451045771619
-6.16583699438741
-8.743756253184834
-15.219448780927728
-8.810369862124496
-6.7931407819568435
-6.954254707029243
-6.201797295090042
-6.861135634705152
-6.8170912412808375
-6.2722210772244065
-5.295183607239409
-6.978078556796733
-5.686732346341856
-4.931356471389956
-4.872696175357349
-7.384055227875986
-7.427170436189357
-6.320415626893419
-6.897014053468305
-5.141349204664801
-7.138924478797494
-8.25102934274296
-5.819492622229035
-7.657437839486732
-6.867222845817181
-6.509634794723402
-9.81168797234245
-9.292558555240593
-7.7590757763028915
-6.716223710785258
-7.520918866698756
-8.185600061904593
-11.843467213787608
-9.459544991678078
-7.211148153294806
-8.788870579817143
-7.678180648628294
-6.02565000847919
-8.29112500051471
-5.46970195216345
-7.879252858849947
-7.019530391867384
-6.022209154532873
-6.5725414841478225
-9.28270132713977
-5.025766468718665
-5.414394406366045
-8.239155326272774
-8.22948602386554
-5.876455744592875
-8.510839322437528
-7.688892367623414
-8.106082016891095
-5.762247716462011
-10.215990678295807
-7.901771131383946
-9.922126524688686
-5.728079115071122
-7.923932778572239
-6.3879500005253735
-6.5644152036273615
-6.559151667906646
-6.893111462557453
-9.120864255329828
-6.572539426005156
-5.231257767512763
-9.94474245711255
-8.147225448884429
-7.921400000597561
-5.299719570124627
-6.059615270351264
-5.667692114770905
-9.316853027661512
-7.606546291356644
-5.272517915186405
-5.659476188671365
-6.727582675035738
-6.4336876945108035
-6.659448544909214
-6.375170920806191
-4.8693180576266
-7.471496674067037
-9.521419059808455
-7.104834765547118
-7.320476677473041
-10.265230649084888
-6.681733289655289
-9.436245719243095
-5.518922283398554
-6.325017410284255
-6.1703125186420476
-8.040007766063761
-7.473464239236114
-4.48574054354819
-7.409440797695904
-6.9197858338499385
-7.735555851867577
-4.995643750257439
-7.14750389639383
-9.705457057511333
-7.594016036543308
-7.193461875050847
-9.140683317020837
-8.071356710601538
-6.277146048168263
-5.993027290438325
-7.475956573076253
-8.537800130034602
-8.711266660120677
-7.569002796724113
-5.068363411760695
-10.394331353402947
-7.368591573525887
-6.057611568246573
-6.868868423007392
-9.09746548167797
-5.581217819112852
-7.569608022000369
-5.63407684114536
-5.46292463334664
-6.655473884263424
-6.19506690524579
-4.805526016082537
-9.020291221148243
-10.742258377220777
-5.489770193632486
-6.288659358323015
-6.768083515826209
-5.078069528928756
-7.881864915531855
-4.83008002854349
-5.754075691618748
-6.966589921957767
-7.345533399624666
-8.07580287230223
-10.104234539862793
-5.402399756200734
-9.177621286710899
-10.941853221955842
-6.918586739885315
-6.592972233374943
-5.264926220322531
-9.940248786134102
-8.626095992036735
-8.67081854094809
-11.262616290617824
-6.8557400856974064
-5.222899889281398
-4.8324656569900934
-7.4722126744198984
-6.953779313185429
-7.169473331543864
-10.918422083192599
-8.41401678429241
-8.586004553415362
-7.259530310920491
-7.034648565848036
-6.515315477543243
-5.273451296117573
-6.424408401629879
-5.826583695734654
-6.13517895989481
-5.70776357468403
-5.8918091477255095
-6.902385507117809
-10.327048651130275
-7.378497877497136
-13.595858468955281
-4.873424593528064
-7.191175531035547
-6.239269599399516
-9.598892967870913
-14.003569809590518
-8.304029762137793
-8.537729429746703
-9.15823274990771
-7.5001007130321256
-5.374068392462456
-10.303579209260482
-6.12355254639258
-6.069459270804655
-6.0259341828136535
-7.34527570683226
-6.267060461438723
-8.2969344460707
-6.672837426516941
-5.580549339913904
-7.039673819943632
-4.57889395331617
-10.73716151216787
-6.781587886525577
-7.759478519095997
-9.159303128991542
-6.035838005728738
-6.028905056190656
-5.428961291118603
-7.654452775725191
-6.539705391117289
-6.423431543076717
-6.568925311082606
-4.95169982212438
-6.026747525271344
-8.747381998363828
-6.34159505731481
-7.692219732196609
-5.559396474918293
-5.8270585607414045
-5.660721947903198
-7.810953354384177
-6.521697269111971
-5.490857011756643
-13.714117224026337
-7.4249649506279285
-6.555912079278524
-6.480552245328161
-6.893843246038115
-9.272884042584415
-7.465960140892533
-10.868030418721188
-6.820297657017529
-5.755491497095519
-6.953977008082045
-9.748895409185893
-10.063699783207833
-10.67657930800039
-12.007825656586526
-5.044086309011776
-7.728750754291913
-10.317291456090217
-7.966016982345426
-6.025173403227714
-7.45496021047847
-6.653795563734439
-6.181670966009498
-7.401864660269967
-8.819683130103924
-6.8407204685620355
-7.965776274520173
-5.60759555556645
-7.0427540855836686
-9.96383116763431
-6.003319609409825
-6.7032284469221715
-7.832646121017482
-6.208541265506334
-6.352470160654254
-5.337983300650885
-11.563789989944551
-7.88041927735764
-7.531457265423993
-6.506627150751556
-6.804018590588811
-11.44760192379966
-10.805963609288353
-9.256768107598715
-7.258238611055672
-7.441612492873918
-7.085171868162592
-7.3245484523230155
-6.483611856815591
-7.214236652638081
-9.834305935035934
-6.414829785008817
-12.96292952596029
-5.97726869783615
-9.425272653539125
-10.627540985884863
-6.404515613783747
-5.369195540092546
-7.379260761462359
-5.176786993026166
-10.914993287956136
-8.485925393226992
-8.074530545489134
-8.763203414013464
-8.493106912296152
-8.166852795929644
-5.583640323982974
-8.32835902019687
-6.947342253956413
-7.19037537860416
-7.6707309425065295
-5.025149343300458
-6.223705553440545
-10.361858705410839
-9.648314749172854
-5.8114462164022544
-5.873854110183985
-6.071609638148454
-6.4657972951395
-6.388307295365965
-11.038877631462281
-4.635582206549996
-4.898623376075458
-6.755534928747469
-10.183683793637645
-5.912424071397419
-8.9422997953326
-6.965797967430368
-8.192115801123519
-7.2322432836269535
-5.35079069577733
-8.033551892067077
-7.504321578903852
-11.547590344112958
-7.331238879186402
-11.388791040337846
-10.62473641293968
-6.640417092907124
-6.891043020988523
-7.661651934388558
-5.532404636102394
-8.109347983556123
-5.763187473255034
-5.592251553558082
-7.157246563473466
-8.810719611831983
-8.25427744316112
-6.221954147619161
-5.6175405264532685
-6.573058288811804
-6.849948494499275
-7.5880663534498085
-8.984314419127127
-6.127968472220565
-10.102687071949852
-5.298034795728177
-6.137113914131131
-11.049146725906752
-16.051205147401337
-6.215913431017564
-8.924250071035095
-5.659754198319144
-8.134480752567542
-6.707851717439957
-11.478563868355373
-14.689649941079187
-7.347348941338371
-5.837657893336805
-7.519278421946165
-10.966262423183736
-11.195650704187397
-10.73870286601685
-8.636288763118317
-8.747197777999155
-7.506720977599121
-6.315062938614461
-7.033882347549455
-5.844630359400813
-5.867949927641617
-10.31031021990745
-5.401907524661411
-9.350284479262662
-7.868980760468057
-8.368952642603098
-11.453215066726267
-7.276602930165268
-9.40601112732982
-5.802756985360366
-6.6026653402302555
-7.707035802406002
-10.563270421631515
-6.119086513613459
-4.677018838205783
-6.43607760711329
-7.183124386506784
-6.168456000985101
-8.225280861198344
-6.341697350783865
-8.069643096308042
-4.949355668531614
-7.70048381666219
-4.520919808110483
-6.417606820141841
-6.735807889648912
-8.006339926760235
-5.816257233426235
-5.611151120475178
-5.157695168379846
-6.2508284954731606
-8.60374131708157
-7.747387312947261
-14.345941115142981
-8.621379989664847
-5.041273636300113
-8.655971802321915
-4.834056009227388
-6.761755540840509
-6.211550465599431
-11.278319237011285
-4.767357414468436
-6.0044792135250855
-8.031398168317782
-6.9507378806864075
-9.714063886543924
-8.928229603381277
-5.41552393723227
-6.4532768414221975
-8.117658900420736
-6.441867938255475
-7.573463660734945
-8.642917356010036
-5.525264011823292
-6.095992207037186
-5.927504462369122
-4.800980929496266
-7.583458229464363
-14.97055219863509
-5.660944450998741
-5.415361148905796
-7.473042759760269
-6.25284800058123
-13.1132575656798
-9.844526979593057
-6.950411343138625
-5.8273944903942825
-7.307284249694162
-9.227491485086144
-6.4385913552777
-7.8383421658477666
-6.192082537708896
-6.284412620302645
-8.364707356674154
-8.250485863940678
-7.237041877385259
-8.2904938019029
-5.920917868385407
-9.477485682500125
-7.731857993830547
-5.768560372639551
-7.916056153995487
-7.057900904268321
-10.022946154166577
-7.520992108804221
-8.205812159017563
-5.566923670105999
-13.232123394542752
-8.86996206301585
-6.47810518560196
-5.830034234860952
-8.680450234606898
-8.164224349955743
-8.166173195616947
-5.81021344513496
-9.93529603748693
-7.3508316835775265
-6.539801073149671
-8.732272114891018
-8.125743458892439
-7.862776099383396
-7.506024358220228
-5.936721967036827
-6.772393843220629
-5.488126995090794
-8.52826480521643
-6.350271921140361
-7.686967595091104
-5.034212190545427
-6.999249641589259
-5.36839401578334
-8.61971786833935
-7.163696010101961
-12.595915456998966
-6.569613581152404
-7.6184348100031904
-9.413596197093248
-6.497578069859805
-6.956045338321755
-8.32882017280385
-11.514712650770603
-11.163270394732384
-6.609341227782007
-9.47980277916896
-6.0352850964394555
-8.271754061318138
-4.559265557127305
-5.549887918406276
-9.631129842361743
-5.168375879504743
-9.086522440868201
-6.714193618604481
-5.210352928985588
-5.287243704007202
-7.054276188813968
-5.0819998425646755
-7.645517683400378
-8.12356570243693
-6.182170149924047
-4.852327739397157
-9.477389695762215
-5.965943691248182
-6.4645745412818645
-6.890809113374919
-4.450163034991122
-5.592948878127137
-7.711645996973422
-7.1147627059559815
-6.70114695996096
-9.90168959824852
-8.05786394904379
-9.979803075315953
-8.30234014533211
-7.978068253828064
-6.780867047125738
-10.438302215319805
-5.64060337467438
-7.38497685663303
-8.184646189674433
-7.07632254218516
-7.288192316363276
-6.788442686173063
-15.736638726928012
-7.546183799863975
-6.101871401043979
-6.214689403567081
-11.413996726582132
-6.4948837780285995
-7.717850171143161
-7.234700864608403
-4.420139518726061
-11.157298395562693
-7.102290304608863
-7.117897002226766
-6.0922241642284245
-8.799150040908112
-6.01443214034735
-6.120001182399872
-6.2248491938358805
-10.494778149152921
-8.582368174399287
-13.440609694526792
-6.694125322122275
-8.02227340919041
-5.627806849385294
-6.235187829006205
-6.13271089134449
-11.170905587012145
-8.615804841476908
-6.8752624689686925
-8.758788665263044
-6.666109043605737
-5.725292636482366
-6.104904424394305
-8.52859206655441
-6.897118889125614
-9.70530830604768
-8.515327033986305
-5.094289709031117
-6.054756603753279
-4.440605272346129
-5.878057860229497
-7.248094490871312
-5.421736183047849
-6.637225304155837
-7.569668601791839
-9.733591936014825
-6.401412490303014
-9.896928802685032
-9.065236011144725
-7.169334852436828
-5.5598121597755386
-9.773608759235321
-6.724094056857024
-5.767178186188164
-5.1873416065547415
-5.654877501486295
-7.283999674301027
-8.690475496018786
-10.916150101187474
-8.405461235606815
-8.412874650789748
-6.2102101021363785
-10.405467082514047
-6.310737434402245
-5.297945516483173
-4.958173660653815
-7.827934999213463
-7.7353376933289635
-7.054911383972887
-7.692290472825629
-6.5973162224267625
-8.005529950880398
-8.373981826868397
-7.162915246283892
-12.503829260250013
-10.152259492859915
-6.214226799276964
-10.706531499887193
-7.476145732056669
-8.276669296852546
-5.950627352155602
-8.853539838787658
-7.791661259538179
-8.123773890424278
-5.638744268869122
-8.70451731372592
-6.248431590022216
-9.871454085634692
-8.101705475627936
-5.692433904720199
-5.86654621040068
-12.416803147904234
-5.000995965048333
-8.455198968641017
-7.307562064425234
-6.302979831550088
-12.165438971721823
-9.296559709017592
-5.383147722228184
-10.703823889744795
-5.8564232483475775
-15.808951026427728
-6.394028771353016
-6.6599009649718015
-5.7578341172287875
-9.552396679332583
-6.599369547303421
-10.796202147875318
-9.833302659295278
-6.457608396800995
-7.5748712091798
-8.438823107770025
-8.198334447941821
-6.025201545585193
-6.481483202202513
-13.964847339168905
-8.30001654427152
-8.887814413715182
-8.967782437814208
-6.498326904394793
-7.471943294618351
-7.325069338143471
-6.94592624414577
-6.2438157608114695
-5.475755415298548
-8.271424850283605
-9.861334301473814
-6.971983857847479
-6.032017879941923
-7.720680514658906
-6.459383453437649
-10.896202131154034
-7.766457073981952
-5.000265754018601
-9.018268656684622
-6.165095868936692
-7.446620143677356
-9.405642719177186
-6.9326527208422934
-6.71006752332722
-6.883300892191636
-8.875338710893981
-6.186466344972087
-6.492128189479652
-5.630674860871757
-5.297945516483173
-11.581034155039582
-7.042134788912853
-8.882243789450905
-9.64954210679491
-6.971974796330992
-9.798991319692774
-5.403541800570812
-11.226748864954027
-8.221579740312169
-10.714920987680777
-8.785851226957911
-8.411318195739517
-5.509263587397939
-5.320462031551673
-7.365429780655335
-10.822288719080476
-4.905697479561641
-7.072041664707667
-8.83170001266123
-7.517269486645748
-4.70479007092521
-9.131447645156037
-6.078287883975939
-6.447729313198721
-9.002059466010449
-6.167002214114986
-6.769687744722931
-6.906874396180641
-8.054881972508507
-7.012490480671215
-5.683306808922816
-7.714361277343157
-9.056375975965942
-8.108797108239076
-7.897143753610124
-5.410212307599335
-8.420478670986036
-11.025093233374246
-6.183979815107833
-7.1414019742073656
-6.621636150290251
-6.149253206000199
-7.459416177582857
-11.74393483025077
-5.918388466246078
-5.262697471212532
-7.557358870501293
-5.652835151370608
-9.06805907927341
-5.16958520087209
-6.284694326495969
-12.757327196146957
-5.0340002468979765
-6.982273497084326
-5.5599322073428805
-6.6340284879844615
-5.626825257787841
-6.812695995990254
-5.9634094535958955
-5.99282242745837
-5.858919284373924
-6.890233581842023
-6.089938393452922
-8.595919165501625
-8.732897583027809
-10.197732447997383
-6.499303943922605
-11.746603162173239
-7.613515785054467
-13.75507872349424
-7.475956563357744
-7.549524080163125
-6.344298910295092
-10.737472936748807
-6.050123255692188
-5.467762033874454
-6.029700675595957
-8.1602133471325
-5.826596663815637
-7.199782775297684
-6.694116972883392
-5.608691380305415
-10.414121433948942
-6.013724827271852
-9.765969488991114
-6.204001599754002
-5.488562589963323
-8.548395068568029
-7.631833882036825
-5.706395647093062
-5.349084246285231
-6.318165397408178
-6.918368034797494
-10.687742736730701
-8.238330694586782
-8.333809380376156
-5.296022563180644
-6.4201335877444565
-4.925903373543536
-10.089721471954439
-6.429243149318363
-4.913107837416235
-8.594074247657982
-7.761806860731563
-6.935169122454243
-9.662841614956301
-6.113228733269035
-8.33644272952192
-8.590946701753397
-6.5095767818816
-6.137369725387949
-7.454477431212684
-11.206153371749275
-8.84539591145121
-6.491112143747422
-10.683279824222973
-6.048038452990488
-8.789782014934605
-8.769342918659152
-5.576065205066672
-5.470300958437918
-5.662364383263455
-6.352146324852841
-5.861242106049218
-5.367958729522721
-8.327167776050018
-7.0897480604374845
-9.144218347653968
-9.595826304561289
-8.140189244699336
-7.286974409089199
-5.8264234191291715
-6.935880258038268
-12.32311997566126
-6.952500205415503
-8.707955513963556
-5.127014006070061
-8.772397947501279
-7.641433454409839
-4.259081584316221
-6.281835688582354
-6.667968614195468
-5.5490558222618445
-5.4976463393749535
-6.176107803149042
-8.485336297988852
-5.152676348293119
-6.320667450675573
-6.824377173334747
-7.438218506488356
-9.737907018179842
-6.262182154089982
-5.495854867874767
-4.736872523624002
-9.012942626314258
-7.6707837677323205
-8.391021596786242
-7.311783298074768
-8.33858342505273
-7.510833276486357
-8.10614229188573
-4.802178962282355
-6.6028218563689745
-6.566672480232155
-7.360917821071617
-7.653724360176278
-6.58282591379435
-7.51758460880929
-8.35578673353146
-9.48299567292636
-6.486402834076722
-7.238755710629777
-6.365315331680901
-5.110246746629258
-8.313256241137086
-6.212664211885973
-9.663771164232323
-7.176131621634008
-9.678145652627954
-7.489971289589336
-7.583645014733747
-6.504521273006936
-7.044466538243729
-13.438707953388995
-9.127597142582765
-8.107225996394236
-7.0128488360710595
-5.9601729293278565
-5.536447895309215
-6.534827316583463
-4.843408713619772
-9.247616860232103
-8.196049702292507
-7.556145133972915
-8.019336215017914
-7.072990053236628
-7.649394196982913
-6.1295971680034285
-5.090402815458032
-10.09583015807969
-7.228714119446541
-10.666708550350302
-10.508738212484426
-5.583266064748579
-6.770991394070601
-6.063358680633523
-11.385418028235382
-6.025824421884459
-6.771977121330667
-7.6216793479165705
-6.931479203051943
-9.854940396391449
-5.545108621771728
-14.787057861074539
-11.28131185532776
-4.910822905049564
-6.689568564246406
-10.029844392031093
-9.09024112846816
-8.91960941791329
-6.314067015640258
-9.624133149193986
-6.06557228058964
-6.426932703954093
-8.920723030571477
-7.504962927836686
-4.803657886067958
-9.69791765237109
-9.599168164391806
-9.653699603613864
-5.815557728538897
-8.103876137975261
-6.944324119002105
-6.08105311960586
-6.835561777651604
-13.018830037759589
-5.590305132004908
-8.07924076914284
-6.014695085694501
-7.901342188195913
-6.536394897452434
-6.3043743746237375
-5.8606047670057375
-8.055920370915949
-6.587835872365882
-6.145601864926681
-7.123209160024928
-5.449704395475471
-9.006408029774311
-5.376180298090703
-8.464196935485012
-9.672599869880159
-7.792067037428874
-5.1606666259501415
-6.591803117063058
-6.0410043634501545
-5.513245834475038
-5.401884467467587
-8.637388162996102
-5.499154169872989
-11.130893048018631
-7.790624089376572
-13.60737991350496
-6.185087596761172
-5.358703391125303
-6.879081861510475
-7.272265624819951
-7.600523790156802
-11.284735606447752
-7.239311325892545
-7.399758191450232
-10.608234534096646
-12.114560094513012
-8.359986931191612
-7.782450373960765
-5.938736257830507
-7.013281235427196
-9.39963321134336
-6.636414332001954
-11.46085383046802
-6.458679140933043
-5.204673010463773
-7.241763178265753
-6.5759090321586715
-7.4102489224418
-6.232566869994775
-7.121866219629512
-5.126610727574086
-9.84212263500194
-10.50354185261137
-7.804063370829251
-7.747873274831817
-7.431964973767644
-7.831189164932083
-6.372207133041783
-7.49033020256334
-5.839688389462988
-7.77693551194855
-7.0270815139000335
-7.761238077570219
-4.801006498078658
-5.082144369353383
-6.927983877001446
-7.801008989740873
-5.439867051266034
-5.767857286559347
-5.353889307165049
-6.921956078029192
-7.4447824880578635
-5.721036904465818
-8.738245600617057
-6.685643693509354
-4.706715334831019
-6.763128077554095
-8.883681496368373
-6.289248745425165
-5.699200281252752
-6.939541005221876
-5.366960222854767
-7.1775494793422165
-5.196173432968443
-7.82253367366405
-12.178384170322824
-7.314923829838015
-9.259608992486559
-11.825336116443873
-10.443407885629439
-5.758809563579921
-8.729840278568346
-10.351337197666194
-10.751986120827643
-5.855410807362482
-9.438302260974211
-7.575352036028113
-5.445220657960316
-6.073269805936462
-8.747437979873082
-5.414953760379276
-7.3710431910623875
-6.6057345428282765
-7.8780493930750914
-7.855127511786994
-9.485018122074916
-7.656281959037428
-6.97408748728757
-5.751010893943657
-6.708729330034858
-8.330689805049403
-5.642026653250938
-9.407302113744182
-6.882033928018783
-10.662481023582494
-8.561507310424876
-10.108849235569553
-5.4567532800711565
-9.16217641413612
-8.786036380226902
-6.537976931406846
-6.882058350795908
-7.053245426973156
-7.635090446958056
-6.169917624425327
-11.083258488942093
-6.814449659304031
-7.898901808159984
-5.854997724491328
-6.976201531688132
-8.009327076265444
-5.035785011444145
-9.506143609010584
-10.43367995691193
-8.707629596789252
-8.351908372690488
-9.27251542360457
-8.89690974385542
-10.295689600504442
-6.421638913236095
-5.349084246285231
-11.042037989800374
-9.419696922485286
-6.576854157671951
-4.773755831532498
-5.366774687469573
-6.482283555097905
-6.0912102942176185
-9.092803510977129
-8.754687400667098
-5.771719988461479
-9.671625332473313
-4.9760877141281155
-8.204037837964387
-10.353834255729428
-9.753794156884808
-7.455845589596282
-5.531766946487216
-7.346679180221254
-6.314671244296384
-7.608639238220378
-6.080259985867072
-7.597167509777547
-6.7965157660539015
-6.395991867997031
-6.449387130570661
-11.009565782724799
-5.848518779628822
-9.200096763526386
-10.321910191256785
-8.61244176076723
-9.257301148248205
-5.937589871287003
-6.27183961558479
-7.713580427277295
-4.843650358855241
-6.597257614378227
-7.446086065549676
-6.229762164167243
-5.336527977263016
-5.6292705761450605
-8.631772026145082
-8.83176102747689
-9.044472218560042
-5.167107067863068
-7.892942231333213
-5.77190774426811
-6.525542865426316
-10.600474316711466
-9.77065754206412
-5.8200955694013645
-9.24285660308742
-7.528481580205519
-8.514437262737912
-11.046002816556946
-9.41040478341915
-7.360474029418628
-9.920436420331889
-5.363200327114102
-9.552649479724398
-6.769717059326247
-8.475270247127652
-6.286464496001432
-4.810397504842567
-4.840282948696977
-4.783724510424955
-7.1565050202092575
-6.515858419565307
-10.598254563636017
-7.6321927670488945
-8.860592272037634
-7.20844898512627
-5.74468813958224
-7.958772854727256
-7.313212104524503
-8.959805910899048
-7.651258256076345
-7.990031183951062
-8.328402021524195
-5.702882040743198
-5.311592990181309
-8.183311304181872
-5.014375158129247
-7.455459233450633
-4.726241968271768
-6.87121196824649
-6.806685411651819
-6.485082361473886
-5.426945928307914
-6.23795188480074
-8.558768793854235
-7.996755993743118
-5.439292676040772
-7.033213550446301
-5.82871838143591
-5.894548924544068
-6.321088757819537
-8.588147419108749
-9.373562874993254
-4.800150114079042
-9.710563447004024
-7.661283236173735
-6.917350691700028
-7.779587386117542
-6.261959395041817
-6.87094233402438
-6.800416145770629
-7.076543491404967
-6.121133908340912
-5.1151411133041975
-9.919886648252612
-5.564173038072679
-10.220770722384586
-7.916360600159523
-9.452398112721177
-6.066260403466542
-6.853574074600169
-6.09228060157705
-11.496296182462716
-5.95324832192597
-5.422740529198415
-7.919788230468985
-5.641085652070717
-8.187338273050642
-6.584763446041839
-7.200737510557139
-6.968089346784925
-6.683383061509111
-7.342316655625963
-6.04200461357257
-11.501149921717913
-5.266090633651604
-6.595764719797522
-7.90189697003427
-6.82983645922401
-8.449822562449688
-5.043021708243241
-11.226824813064468
-5.021932733976103
-8.190550853071747
-7.312689866588782
-10.10644063288828
-6.661604836915596
-7.900238267073134
-13.8970905226522
-8.97981456556983
-7.341862342958672
-10.510413631131929
-10.770960906769982
-9.024938198858765
-5.644863101481868
-6.1649401244367485
-5.246262738214363
-7.461895345146993
-7.709422285596388
-4.862014331460451
-7.9696160375014236
-6.538049790622555
-5.893534567911875
-8.282834910224924
-8.59819693388977
-4.930397450668665
-10.124061420012284
-12.323087211372393
-6.44630298212837
-8.009605243666254
-5.659933167592601
-7.179290990317509
-8.170834518372846
-9.409694928532744
-7.538271337183455
-5.034212190545427
-6.091427529306
-9.947862407002384
-7.390692200937983
-7.936387086018572
-8.22211076460139
-4.536052466034302
-7.593631567716946
-8.30176972412284
-6.236922718514934
-6.183511193969411
-7.305086847068283
-5.880410402769051
-11.578642567096658
-6.458382628520279
-10.192999443974369
-6.898745679579822
-8.293915530131981
-6.536947881891503
-8.844010557281797
-5.94776469551677
-5.829754066154831
-5.261272754507299
-6.514662657713394
-5.7050541293817085
-8.802556727281676
-7.191846007155725
-4.606327028353193
-9.817035978369464
-8.98196514821888
-6.098806053780388
-5.4415741256148
-6.8805254282687764
-7.153117257622236
-8.138428058655004
-9.113211746803515
-8.615914274053573
-7.413799056043594
-7.4755583814552065
-6.0192108499033505
-6.351117926333603
-10.784576002932955
-11.659179613858496
-7.985203952458077
-8.009062187237697
-7.938294529165589
-6.150149818726675
-5.696092927946592
-8.544922246156387
-11.457590012535908
-9.431133741973019
-7.607512807834457
-7.93556849910463
-5.934968422709796
-8.50768572446568
-6.501066669695612
-8.290369844134203
-9.736261810023956
-8.638600067187225
-9.474923137014068
-8.810171590905796
-7.285949499885073
-8.341151238583922
-9.62919409026198
-8.01057156705952
-6.122192018293202
-6.712459472260994
-9.091376496474403
-5.442482977940809
-6.63038212067543
-6.935135032600482
-5.931163428929141
-7.583398592383122
-6.573558611137755
-8.144863474013658
-8.292022240854978
-5.811569787159429
-8.715907738644356
-6.666053335694115
-8.019607107323703
-5.8565029950407155
-15.579444042839924
-8.425598885486298
-5.7416482299712275
-5.977748488795715
-7.2922662971032866
-7.583783000327773
-8.816156883735655
-7.661721391819478
-9.677325550516537
-8.763075495866559
-6.639291946821665
-15.776072296273831
-8.199949820604523
-5.705017627435926
-7.298698699378564
-5.5727537674922365
-8.291362715539432
-7.59642352747796
-5.678737213441448
-7.230021797894234
-6.844709599796405
-6.131915319893914
-6.1448600937714115
-10.95677514184545
-7.552747039617521
-6.586540678675737
-6.601977250461781
-8.013121834336227
-9.521935977878464
-8.266832993444064
-9.135393655692774
-6.7451753054273285
-6.703541349917823
-11.332845159513658
-6.6366851694087625
-5.758777430867663
-9.021448754818058
-7.294178206730975
-6.828077497597591
-7.44642725323173
-8.666212304583366
-6.249039675683739
-7.226468920701312
-4.251431141850524
-5.722174566031526
-7.46168984028576
-11.570026546243591
-6.377013995436205
-5.323792041529325
-5.407879708707068
-6.017856091220765
-10.745006290975432
-8.310837876958937
-8.86653582856206
-6.947459631450623
-8.504081171672459
-7.433523056665664
-9.001287498717394
-6.688611036815525
-6.9369840865360155
-7.087745984458728
-7.435346226457308
-7.637708514799291
-6.932511285996855
-7.997271817837929
-10.056042757942823
-7.024820318206446
-6.595588710941947
-9.030617263773342
-7.754407932160829
-6.873907237220709
-8.930375844511191
-5.837586436127735
-5.4328847630336305
-5.346929105697378
-7.518554209598428
-11.748449105039713
-7.535202643805589
-9.002440780568158
-5.7332965895985595
-9.898461133302371
-8.275344343752373
-10.485371921597164
-6.325929240600476
-6.570950216779907
-7.435432991561893
-7.264202503241711
-4.691182140379366
-7.096508673742307
-8.903058131079474
-7.737770326705632
-9.419323587908387
-5.680915634543005
-9.834269847827935
-10.345939306506459
-9.46487803120183
-8.036532891198103
-7.351066071146759
-5.581240935413488
-6.472139964643802
-8.461794361322656
-7.314474674535249
-7.609686338426738
-7.472225367903439
-7.198512470339088
-7.8133894339669085
-10.005489698450035
-6.250858356801319
-11.496459718441516
-6.677494562993082
-8.980816178751548
-9.275541525681234
-8.580621220291368
-10.654902567111353
-5.71643891913482
-5.993511617865129
-10.97899652873798
-6.138333764714249
-9.045669796370339
-7.833424645247852
-8.12588207528612
-7.586454503294681
-8.143676505806557
-5.257966079860287
-8.252443487305575
-6.970690633670808
-7.436355620843453
-7.834923892789754
-7.2935234346238875
-9.75647608582215
-6.701808416188868
-6.49636229349375
-7.163573101751352
-7.775834276941017
-7.7843169413195366
-7.203246566836409
-5.328688909305073
-8.659484249548381
-8.812960814350323
-8.302968900284037
-6.828433160320256
-8.086838828899594
-7.344629618207807
-7.252287116961501
-7.336870664700402
-10.836864734761509
-6.353979917862726
-7.9896369707818415
-4.967123390060883
-6.128883790405974
-6.756749657324081
-6.0579613814528965
-7.920125602287173
-6.038938581926034
-9.608494985826681
-7.090186436475562
-7.807726777777171
-7.247107088465755
-7.982290615552703
-8.560621793065604
-6.68376714315766
-7.458146402331196
-7.559061641337377
-4.544764061312005
-6.278480957027308
-9.008251896222566
-7.174354221924417
-7.4408548406711414
-7.472240349279315
-11.7650374898274
-6.283030515617235
-7.689665090218506
-5.973296137129567
-6.253392589152179
-6.41355517449431
-13.655418101628488
-5.131822762744375
-9.799272662336106
-7.626119125024227
-10.757272546090853
-9.321979524116642
-9.826764050971414
-8.704562486179674
-8.765008853799522
-8.467128173562914
-5.5255695305714525
-8.670809153174284
-4.801676391001164
-6.987416538284955
-6.766614183844739
-7.023616864292993
-5.7215569775791
-9.666687846995856
-9.813560202508047
-8.933900067543851
-12.780427767269687
-7.015462740895499
-9.824102271508501
-8.428883895297385
-6.2395361049460645
-10.122895384087137
-15.617631223106892
-8.124679154695567
-5.226124923532819
-7.803432835079888
-7.363059503695819
-7.103335508302515
-11.02980188326341
-8.538146769542832
-10.112673794442685
-6.365115634434435
-6.41234779330438
-5.708112751927095
-6.251137241055027
-7.41541232111374
-9.21783968587478
-6.16765484931655
-7.172200715721817
-10.125168659900734
-8.864298794659776
-7.659896145469338
-7.400937053037053
-9.207006801275297
-6.406591597056348
-8.223544300292069
-7.854539897816297
-6.728335491168595
-8.444323466685843
-7.4529058319414965
-8.045619137570464
-6.525991908759806
-7.306416782213715
-8.271564002362428
-6.578330993826434
-7.447645847030863
-5.295183607239409
-6.7678022899953865
-6.258614014301554
-8.996374423799736
-7.033932603628669
-5.763767049979012
-7.274476110957724
-11.137362920854827
-10.535041359199395
-7.263900911495925
-6.521282826657664
-6.993696936615862
-7.113405466925676
-7.3214840681758835
-6.857163614180341
-6.37754953450757
-5.824356941990544
-6.738291692004531
-7.414575276452537
-6.8882028870351375
-5.990604004738363
-5.325145929688655
-5.523731287404629
-8.120183188232643
-8.128178878500636
-6.523075654048639
-6.492634887991269
-4.885398403543021
-6.471473970135433
-6.027422961568664
-5.376908167953477
-13.006944594121945
-6.484087992290684
-6.243778609242277
-5.352667822210831
-9.780209182190593
-4.259081584316221
-9.497098048334548
-8.875702612336509
-8.277276218551991
-7.028902678936551
-5.840510270995794
-6.823736442115552
-7.104054949906137
-6.926644815481694
-7.103812051303049
-5.558168199091678
-12.84577622977972
-6.784719844813203
-4.440605272346129
-6.286006217439182
-8.7478424137152
-5.992436258384059
-10.512933241689222
-7.306801174549576
-6.201202472398169
-6.49942014463128
-4.53738493773402
-6.1132141096358765
-5.450794713437115
-10.297144701113215
-5.815186045146586
-6.714539994874798
-7.9824560119424355
-5.769801676965382
-9.80716574990984
-8.452911205447752
-6.959045851115287
-5.623770215219599
-7.136061527840737
-5.5432598063083915
-6.330820604087031
-5.57423091368881
-9.82347236951998
-6.890949373106269
-5.494587740224441
-6.52529341593279
-9.074253758241195
-8.103966100986383
-8.334574319509155
-7.597198781665069
-5.411025645573052
-8.630564204304223
-5.084105907712032
-4.820676694880096
-6.3028292801714425
-7.573000133135452
-11.375236196675141
-5.560606936865418
-6.544532248979255
-11.621681610403014
-5.785775615065403
-6.583083561329542
-5.4347869526767605
-7.810473261558401
-9.674385728288813
-5.5791019079864785
-6.0549002331366815
-11.62271888209961
-6.634226121566181
-5.802394493433895
-10.172700890702336
-6.859543348236983
-14.880903594235992
-10.236642633973768
-11.633264728631827
-9.121623504419627
-5.845847606636525
-8.893819392711482
-12.20761075996929
-5.452919907412628
-9.07522665713104
-7.388844817158574
-5.076646165857044
-8.644036692887612
-8.39162753780704
-8.371246712120575
-11.056086351388704
-5.825359553217909
-8.666732358837018
-9.765610642472188
-9.404946544201783
-8.12646759235544
-11.418221043567412
-4.873219532060879
-6.458961664780859
-14.876404322992167
-5.523142102482474
-11.743084893252764
-6.158651135732066
-7.662490822852077
-5.793333199576336
-7.785992929209573
-6.3378135245410645
-5.306342646137735
-8.281332695506537
-10.243938235402625
-8.28538443034374
-5.576920315653019
-7.7440154779977535
-5.994752508022549
-6.5541078024314245
-13.72662458403094
-5.651811735923882
-5.668716275037749
-5.475775993490016
-6.229153837905473
-9.624004104610853
-8.328713023157297
-6.033652335461525
-7.200979192388945
-7.454077439196678
-8.167119755142245
-7.777783853319623
-6.17939185073063
-6.515544777631652
-8.454544621441991
-5.762368453262701
-5.051730046269038
-5.302774115701507
-5.478917325249714
-18.112498805678268
-11.950881494303118
-8.388162571312321
-6.074121411262198
-6.140570469718654
-9.210679571074799
-6.401833302850421
-5.964732348775529
-6.587364292699238
-7.044721621802089
-12.594316332029074
-7.638076777467115
-8.02248689955146
-6.895940700916526
-7.1695099808824025
-6.907816887910211
-7.346304348588965
-8.314638761249363
-6.908572120951165
-7.702237895547753
-7.040442341556882
-4.714272424003992
-7.170237447355945
-10.737059717836688
-8.286108379410337
-9.767075347140098
-5.713712263589905
-5.205154107983214
-8.588211283111578
-5.754684172699308
-7.117257308163417
-8.489147776136335
-5.803963827676733
-8.145601486249223
-5.3325333639471575
-5.579743794764118
-5.011972474623191
-7.46104342269716
-9.483569711670036
-6.166280721825464
-13.769597029668914
-6.252448054946921
-6.846884110110453
-6.460327212150104
-6.50294928257768
-6.4707408322392705
-4.824421326190847
-7.589998820899447
-6.074975112229859
-6.901575086116858
-10.154699118428352
-5.3571752719499575
-6.156885316908465
-5.11133031784832
-7.432043752079209
-7.276191068634638
-6.128610218162135
-6.62624729424212
-9.166636430838729
-5.441388127767481
-8.409766421987728
-6.668843887486683
-8.293478116775812
-5.430227705107143
-5.137736885310322
-8.49683913684959
-5.921351929004151
-5.338631623688999
-6.612835691515705
-8.448262608984624
-13.729249014066362
-8.774265403990757
-6.127225804775667
-10.083615317593653
-7.197613461599412
-5.98460383875152
-7.760033249852001
-5.373977699741162
-6.849414533452898
-5.380456451382417
-4.868278615750989
-7.430741358452824
-11.548172810661377
-5.793654315966675
-5.063114087122365
-7.784689697017497
-8.666899991934484
-9.730190635218403
-11.303849804001327
-6.728067694330427
-12.002896381814635
-7.722070771634661
-9.307982704999315
-5.87718838054844
-8.034219035861327
-8.703639234170568
-7.110343554589918
-7.965840557261063
-8.313675871467876
-11.041120295305117
-7.981219880416036
-6.694730835031957
-8.80340259548023
-5.774180498538375
-7.0813308490168065
-6.12784013107314
-7.089370129557374
-5.633605769061588
-9.743498857845188
-7.52147307321334
-7.060657752252053
-5.30446684012811
-11.62184442571752
-6.963021161112262
-5.921788070112833
-8.326783008052749
-8.804765537205295
-6.713281994597969
-8.374189504622052
-5.954131114769649
-7.435650009531635
-6.312123436824193
-9.410438005353608
-5.287360305720088
-11.770057841859659
-8.786360995153268
-7.5604709917929735
-5.793015024086402
-6.500374809179574
-7.301670109729323
-6.098452901527902
-8.4968597104762
-6.116271079950268
-7.1625154020434305
-5.714815163905781
-4.784955422424534
-7.393019049013575
-11.341868908948328
-7.861321065364948
-6.942900501912503
-5.925046654393053
-6.693380020354786
-5.889247765539036
-7.322233605955556
-6.822123444781167
-8.33218065390528
-8.748521589119125
-5.654069769476266
-6.650427497846377
-9.111823088059333
-5.958218110865066
-11.398084922443964
-6.1386264263227615
-10.145638113418709
-7.819990396673234
-7.92491647965497
-7.501338027382344
-7.241058330369332
-8.720177615573322
-6.706467991312578
-9.937640887921248
-8.833436508761249
-5.993027290438325
-7.737241432381432
-6.214008255024477
-5.229807368553099
-7.565978290281403
-6.483613231489961
-13.952979193228838
-10.017020906817038
-7.341886641220858
-9.496603462241263
-6.703516422522929
-10.542595313761792
-8.02732296120242
-7.050754334860409
-7.489802219401652
-11.13250021738305
-9.386188365748867
-6.161786042137963
-5.9742956370197335
-7.203870469831527
-5.796990979004073
-7.033213491054907
-10.969123372502121
-6.511026582875081
-5.9671158457250115
-4.559511900006791
-9.505914350393668
-5.964365102949332
-8.813041357549336
-5.746823759880942
-6.096520821451115
-5.566751401296234
-6.774381916879142
-8.674517352584987
-8.550097248425633
-12.802328336086186
-7.689718578938415
-6.311345129703859
-6.0089440468409725
-9.814349769274115
-6.472904996798984
-5.475062473472169
-7.420499385297078
-7.61148381453051
-5.472059609659649
-6.099356305427302
-8.518220583054166
-6.499813879623508
-8.530973898697443
-9.215801857484601
-5.991835650486631
-4.655062094187912
-6.449854177189286
-7.441679150943825
-9.110139092407978
-10.499463015536227
-5.578123464707903
-6.576179930607803
-7.272687719822458
-9.38949584512779
-9.651146983378537
-9.538441529221496
-6.767849334369854
-7.7707139069706
-9.055141709994848
-5.427199872673506
-6.577887980364891
-7.8202859981216335
-10.43569783303482
-6.998977139727047
-5.139677931637431
-6.126318688526899
-7.361884951003741
-7.8522199463688205
-8.445783424913284
-8.11660063647847
-4.395885593764022
-8.393219816414618
-7.852427638759397
-10.430340532642441
-5.006571499823636
-7.482130135528715
-8.805378693074532
-8.239059250678062
-5.734157020326731
-6.815909834337719
-6.871286700744514
-7.490795795472577
-9.489284124966051
-8.337788556359161
-5.648251017643436
-6.273797036314869
-8.287521039317017
-11.240810062556031
-5.864964053015577
-6.434068199291264
-7.9598926647140935
-7.672046268607593
-5.3341473649817726
-7.287894373370286
-5.685843331275315
-16.3448528673188
-5.817242825751667
-5.62989837772181
-11.736997436543609
-4.962314996866294
-6.141514544300952
-4.841104569866367
-8.602016148371314
-6.298605227239017
-7.248388265959304
-7.819936334902202
-8.643203777534227
-9.597377731311303
-7.795501945698276
-6.544003998249931
-5.733151098503589
-10.446052828719655
-6.475580009664278
-11.433862138685267
-6.886909471578123
-6.694843045736375
-7.807417729002916
-12.005406167353803
-6.29904802109694
-10.87231095678545
-4.982303298193083
-6.991886759270153
-9.989684079787182
-5.445220657960316
-6.847947244466914
-10.062414310444982
-6.429064040383181
-7.014041609073359
-6.642229727977463
-9.618525295431185
-5.877873104236012
-6.961818528621524
-6.883619693776669
-5.568589957824456
-6.945321464474033
-12.682470033694571
-9.034359278362478
-9.669400656710474
-5.029884329237223
-7.238166250487364
-8.700916307051799
-9.546434823814842
-6.866470963597934
-7.818403636305212
-8.452784372707981
-6.598699121280499
-5.5878476394469025
-10.361753659349825
-9.081504168283633
-9.214996489799821
-5.717371629903921
-5.209796918674782
-9.338283195566294
-5.568526564402163
-9.774661363896598
-7.91326187739922
-7.202463182204862
-10.253378699966655
-8.389863915167526
-6.436466620435851
-6.819300912963707
-7.2657658703875825
-6.744739621418361
-6.40940409580493
-5.7513646121253155
-6.587611376743908
-10.8355760675241
-5.807057568588498
-6.523699570419449
-7.315411728529194
-8.091150944171842
-6.569959636385295
-10.82666173235711
-11.906900697683323
-5.168887594999236
-9.280773712151499
-6.067069201037568
-8.17931259913806
-6.37240887309826
-8.98087860500825
-10.422508534844233
-5.169469153952305
-6.706753712816148
-11.640282298389566
-6.779465671599355
-6.3701064562855345
-6.250545635737282
-8.348256457574053
-9.028792383314647
-7.176023227949957
-8.117523302763681
-6.725160625311578
-8.183183845083722
-6.026399114618558
-9.113275899707531
-5.926377964472393
-7.33209103969972
-6.799894478754135
-7.118448995960375
-7.538599294716935
-5.4253892529038525
-7.572463840956388
-9.348021644603735
-6.582973601157793
-4.953255949293876
-8.024670870799053
-8.70478275624458
-7.390297475576921
-9.448512539595225
-5.262353610092733
-5.104434913441836
-7.841671461661931
-12.308882229477986
-7.156493294105926
-9.963470964364845
-5.988964253505409
-6.880629063963735
-7.983309765708192
-7.713777499704926
-8.806601201661717
-9.297452461236894
-10.061854104047704
-7.530394717261287
-8.727022455943791
-6.5306940491634595
-7.495570306319185
-10.914232202209934
-6.77971612460784
-7.853675505182381
-11.066237759426889
-11.347341647666061
-11.418404233178306
-8.906346404019915
-7.609084564594466
-10.330401948547857
-9.303210537168203
-5.00759514862158
-8.285402083656734
-9.614680799584688
-11.010234747790491
-6.510569900343777
-6.588547039223824
-6.004504797464722
-8.570146899808245
-10.466304846661691
-5.939871124739377
-9.86534053829174
-8.660620687428386
-10.509514555570867
-5.9708888949966985
-9.875192572716458
-11.190106632421307
-10.16475095583036
-8.222116496361929
-11.76604343307405
-6.85201478500795
-12.295740242915238
-6.012660759781902
-8.25392446286585
-9.230601903969808
-6.013973440647073
-7.018058910212814
-7.74727482154246
-5.309510089068476
-8.191983293815344
-5.165151491298377
-5.797244529626555
-5.251384360132028
-8.343579104664418
-11.722936893721842
-6.336419327837103
-6.454271748172042
-7.100440151063495
-10.486606014059403
-4.959600609574552
-6.080418595637863
-6.728258660709668
-9.318593332817745
-7.989468364075302
-9.730223366887138
-6.103762439815214
-5.5207063973972215
-9.173215226055481
-5.855023282964272
-8.491846903867426
-6.168678017239228
-9.707288456550538
-6.4382159184705365
-6.410324131757555
-6.780913822116423
-6.954228139781471
-6.764841211678206
-10.326906119689445
-7.319423480558261
-5.17732868620977
-7.662647630006404
-5.942908009610258
-10.94594040773226
-6.70658053171091
-6.265562162167101
-9.174288887679774
-9.151955780600874
-8.097818523246447
-4.7935455168511085
-5.937346273351548
-6.847131496151477
-6.797744188008228
-6.371518426784077
-8.421210586003331
-6.40163733959881
-5.952802456657224
-7.050261434802684
-7.330656009313073
-4.970702640813685
-7.506526139389368
-9.84301223308575
-4.758683676041794
-6.308709828100013
-5.350660783289514
-4.808774378891833
-5.074230372711573
-4.622259019713419
-5.7352636277401094
-6.895969453646809
-11.156765773497334
-4.997017445452231
-6.533444540278334
-5.032394161893854
-6.8762534550777055
-10.10570951678179
-7.790729187605496
-8.357090552102674
-5.748910283141732
-6.994806539541967
-8.982336563524433
-8.014812530751811
-10.284995828022716
-13.614467646965325
-6.704305737782934
-7.81585787220333
-6.7262011598496905
-9.665102621538296
-4.940620446953172
-8.782619800695418
-5.9059516409632025
-6.71658508198544
-13.525885390430684
-7.1279161746569875
-8.04782749771394
-6.729813225406509
-6.629721033839078
-7.563562039639497
-11.45191895923849
-6.041008095179336
-8.232131135972828
-5.151839422504464
-11.003772966852027
-6.768958166940276
-5.171344087903757
-8.36044082905191
-10.10402357623183
-7.592946194776179
-14.357790299783572
-4.9887898955872965
-7.761112066787512
-10.36099358516895
-5.413504372665341
-7.546793022783261
-7.025482451590464
-13.001724613874574
-6.797275546640033
-6.969185583040518
-6.167454048690746
-9.697199195840499
-5.5941913486993275
-6.023823701754069
-7.471942374720497
-5.303883459543107
-8.543267622157956
-5.236281488342328
-6.945078749755703
-8.812972173189234
-9.277299995883691
-6.366300878853173
-10.016880896325352
-10.162752083988494
-5.238423844759088
-7.428406922559057
-7.398773807791249
-4.520919808110483
-9.13732662773338
-9.33946330886875
-6.015470251985447
-7.843047415536719
-7.986113053019724
-9.12968059435709
-7.737494778056163
-6.958853260453269
-6.468739795817574
-5.830712252684713
-5.3388307897811345
-10.043093919108545
-7.466109254007774
-6.766000837046998
-6.172280462813533
-5.65373596104952
-10.249956117625464
-6.249869195463004
-8.528494501656752
-6.058894069798212
-6.569163664579125
-6.9702209300658815
-7.517494690909343
-5.905816963563801
-6.14610716746902
-6.360447311525158
-6.537024529736033
-7.042841964222333
-6.473889766720584
-7.085516887103855
-5.559413388610538
-5.529600087493849
-5.072443373332573
-5.76928831149767
-6.975162174215831
-10.085124172856643
-6.296295252186306
-7.150441224072255
-6.2424370246045395
-5.832142704786679
-4.9605198058452
-6.5075754796323775
-11.029057242007317
-6.597267603095305
-4.9345933270558655
-8.082505468099168
-6.926557090876992
-8.381713346605924
-6.283866487523381
-10.038969748476292
-8.622195741010538
-7.376212456052262
-7.645966678943085
-8.35573905428843
-9.597322600048578
-8.026276117803228
-6.259225266202863
-7.969111720115915
-6.72707825905542
-5.40300201199447
-4.251431141850524
-6.455214404934895
-10.792716862488417
-6.800633570715832
-5.09308051362379
-7.385721609224611
-9.237546980764437
-7.849706085094112
-8.575066849568014
-5.420420003969895
-9.372443678826798
-9.18247162211422
-7.193747165881167
-7.7175953522396785
-9.764163614761909
-5.72543469718819
-7.675750813814808
-6.978466552784696
-5.945777599543439
-11.250024675491607
-6.064401490364319
-10.093655900681336
-6.061391131833667
-4.971055551545852
-10.135991191035199
-9.875481729498825
-5.189476164777536
-5.262913087881105
-5.897610838762492
-5.149491123252767
-7.5471761143827445
-8.962408618482844
-7.487033891325194
-6.137988229795985
-12.005663804172327
-5.522627291848527
-9.430517883146837
-6.624549025395222
-7.900822440573005
-9.156463286968224
-6.2409075748432725
-5.239097648813867
-8.965684581912697
-5.3225262938927544
-8.921760131611112
-6.075712012426622
-6.4393008502309215
-6.147443181019924
-7.6604477303435745
-7.377076975571245
-7.067174554468855
-6.729821975846239
-11.930142367165452
-7.394565743628516
-7.880610655448818
-6.1769594181404965
-8.059817543092262
-16.161670335106454
-9.715266642063018
-5.1936532321258335
-8.893799344670304
-8.48617518923249
-5.768675649448779
-11.790001965089031
-6.0856048906277636
-4.9833021808214495
-6.757315336683807
-9.492559572467032
-7.461182084680099
-7.470312526610726
-7.535217515348606
-7.303414087302672
-8.596629783584069
-5.180632011173303
-6.7588823915378615
-6.862790825964992
-10.337047032449988
-5.960193967434506
-7.6070380736633085
-8.429972869796512
-8.606926000474115
-5.359415225531528
-5.547942225015437
-9.025739412841839
-10.774001467962936
-5.727618897288869
-6.52856956187451
-6.676056161324211
-9.536973759532877
-6.552190610434091
-7.447899177221016
-8.043885858711027
-10.24401510312784
-10.907559248204358
-5.834279192977078
-5.75991484429194
-6.218132925426531
-6.3327511851596325
-5.809292737348138
-6.591796191626865
-4.944694082430434
-8.969546807666218
-11.975665185897995
-8.268149272133341
-10.102993508820587
-8.371227860480987
-8.36723353750216
-6.85992745810271
-8.342081763451159
-6.961540994940152
-6.593745582344853
-7.193660907401298
-6.169186054070351
-10.378417433972663
-5.7083220347953745
-5.8606047670057375
-4.965677711362515
-6.306335257022323
-8.831166318995418
-9.942733750595764
-8.086895584827207
-7.054059124880644
-7.378815991690653
-5.731044903763436
-5.849883765436534
-6.8440232977899065
-7.796278541838505
-5.820013753297564
-6.742424364113239
-5.216813177142131
-9.00618726919388
-7.1808192942672076
-8.614937060393567
-5.106048062530708
-9.350466110694017
-6.930890985976412
-7.707795062775566
-8.18815008744937
-6.118203353251002
-8.839236534171773
-7.515907105128153
-7.165180134377657
-5.189017039934952
-5.22079026060465
-8.533104066936167
-6.555666700912419
-6.372203067503926
-6.9970039564842414
-6.495824506807893
-7.764108518436806
-5.969874064822743
-7.259350638816387
-7.009241669121864
-6.7175087470512445
-7.711195415733653
-9.517937176812424
-5.4239114687271766
-5.012663104755224
-7.097494676013887
-7.146051140465081
-6.25494355381754
-8.144319650887315
-11.474756058197023
-7.293359713708846
-5.399855636284745
-7.825884766520326
-6.631680673478824
-6.4012537312067765
-7.907514855628626
-6.290453797627979
-6.375094447536012
-11.601783444401711
-10.80996031133066
-8.773840835748342
-9.197998149209427
-6.924170786110076
-5.0343504954559695
-5.1993654406356695
-7.272947369563643
-10.604919738022396
-7.711765216909985
-6.5784471317668585
-9.401836791553691
-5.702286556346806
-8.647741261972982
-4.90470409107725
-5.755716614435327
-7.5667571497441495
-7.1093360928844165
-6.789158857786641
-12.246599821724251
-6.663122410413815
-7.487691522235072
-11.007540960016248
-8.27574753849398
-5.991840032201356
-6.459136724419723
-6.066848713186172
-6.151875481889754
-6.289327619270489
-9.995857426869273
-6.460571763600702
-5.935581405539219
-7.7932640133757465
-5.69017065053736
-5.326344160157325
-8.780712742901445
-9.085040480737772
-7.253633576933016
-10.89578338028921
-9.237931536647014
-5.8107415938926765
-7.195226994478637
-9.133131719472017
-9.622104244160502
-6.667019781526953
-8.482704382319525
-9.911544980501471
-6.514867826163032
-10.828700423599345
-7.890862429394498
-8.986989234563355
-12.04682304499562
-13.820350641083419
-5.354625277689853
-10.290446476326386
-6.479584142674335
-6.922346509739049
-8.331714801636755
-5.516707332047007
-7.864657682919088
-5.9139893075084755
-7.089038150065993
-7.010868220084973
-9.07015849910074
-7.808196136754394
-8.45617881703184
-7.872823518633292
-7.203778186078267
-7.691946478160123
-7.517653008751793
-8.617089366481034
-8.93752167020057
-9.204602722004905
-6.158064738628088
-7.507324003424225
-6.13590397997666
-6.800252766951994
-5.040297354191843
-6.647029778597203
-5.651565587244475
-6.154630839906372
-9.750801964961267
-7.016751674232175
-8.447941512047187
-7.289916211292144
-6.862253745525742
-9.043135911395852
-13.883288587534292
-8.825409217869078
-5.260093885909452
-10.869335236888178
-6.724319551889088
-7.272216906519989
-6.056205799006758
-6.667075839130842
-7.060837764152265
-7.127800783408985
-5.080519861875146
-6.945748756432309
-5.484991874004784
-6.722499139938035
-8.172281202961985
-5.997822788898537
-6.675622783674983
-6.9147650709534085
-6.718892717525906
-5.918211791980607
-6.427932297082408
-6.548518628458188
-6.028520619689001
-9.164552569310134
-8.54939786870643
-8.063309832854268
-7.442914491545183
-5.1075777417246675
-10.07505181325936
-7.702790671716651
-11.252051552000252
-10.763138239836213
-5.526549817798293
-6.786023062245294
-9.053422790837681
-6.9323952102768285
-12.587144634207714
-9.650373120730382
-8.301709261295013
-5.428877840122748
-6.936325569760791
-5.96426131646933
-6.497693209568938
-7.625245267191624
-7.882755227670016
-7.638181306080227
-5.571875206348261
-8.391595689291744
-10.431718961468858
-8.384499251473754
-6.2391393752973245
-4.864815196701581
-6.686217596209711
-4.980492936571199
-6.717999780582191
-13.195903848417238
-8.57870546653115
-7.000013026122168
-8.062463477099142
-8.146913781128392
-9.163573091051635
-8.41963073601112
-8.262374376585445
-8.539061216135233
-7.130137978310171
-7.741262625989692
-8.188336599548412
-5.605777117845508
-10.460391631871616
-5.331196117473731
-9.101551850508034
-5.77117599197122
-6.120886781373684
-7.372450560314962
-5.814569845086773
-6.894426848681636
-4.959901608386206
-6.585761074228997
-7.388632889783544
-7.035356091112378
-8.397660290249634
-7.449711012628399
-5.556114275457061
-6.748876570703595
-7.328573812315783
-8.992587002268786
-5.925982282148746
-7.715592135087568
-6.5154019619367824
-5.670781950167055
-5.931250750700885
-5.181683992394561
-7.642609247144011
-6.838290162316651
-9.688179419743847
-11.339477057420831
-9.719179021111291
-6.668300336578285
-5.495386718074202
-7.006096958598421
-5.956074839550432
-5.025813315385354
-9.019032502426795
-8.672719395544451
-8.757748728958642
-8.882538684366533
-5.623977074596366
-5.070992130442705
-5.936863552205766
-12.965227319740901
-13.870844027304047
-10.053215762089131
-7.705383463850308
-7.263415945378163
-6.638063639943521
-7.771044633627347
-5.159713743306585
-6.938804890154183
-6.49436431641313
-5.2861707097564565
-6.172961420497539
-6.886874995622455
-5.617602254657353
-7.630955831890939
-7.269727947620649
-5.439453542983389
-6.006901452044128
-8.355311202326734
-9.092201512921779
-5.545744688782375
-6.315307091369754
-8.309852977104427
-12.237156470686072
-4.873219532060879
-6.374097481022628
-5.297496631887389
-8.28837785961146
-4.84680381470601
-9.112873125959545
-12.983908685210528
-6.749249114080825
-6.766399527186069
-5.667383192698577
-6.774931962278409
-8.121377729853632
-7.167868421600468
-6.546231146431984
-11.909008911125316
-8.742652114568598
-7.349661570029276
-11.31321235328409
-7.288264017735672
-5.976389914808997
-5.8791123168463155
-8.265655422112296
-12.335611495681102
-5.839488576746069
-6.098239659064426
-6.21653960769514
-6.941828154737056
-5.964968512986564
-6.491391450191759
-8.46804122251661
-7.820712632155373
-7.660352116076196
-6.344849426458744
-8.250175092038523
-6.774183750850594
-5.173068223132482
-8.0146877107239
-5.425974109281727
-12.25757350164905
-8.704330784394125
-7.42271621460356
-9.102675295800726
-5.54554289853415
-5.739415138177742
-7.192116972525025
-11.504030989395488
-6.385418748168572
-7.487966200612415
-7.118798796814152
-8.191853890207932
-6.739454929400425
-8.006937250496414
-7.745327284283196
-6.10904556860538
-7.334763360928194
-8.828058926775865
-11.953271808488706
-5.616995357259014
-6.570986137456905
-7.306119957456636
-6.160389117978079
-6.2870715277564715
-6.443210733871939
-7.857850871185554
-4.936971895457657
-5.926707756332511
-8.345954528592724
-5.956588733872829
-5.130577674680092
-7.875363132996694
-8.050245180416113
-9.698914404025047
-7.428670254064053
-8.075209439917675
-7.7697269830175975
-8.136255033303868
-4.635582206549996
-5.196254085481521
-7.08311682791622
-7.366007847602437
-8.713050262826933
-7.913445140989585
-7.109495941931465
-6.3006284348335155
-6.36791657088736
-10.21888080278189
-6.299110350741425
-7.784247095236199
-6.103236278850869
-5.7189028080714595
-6.459632514026326
-7.076638599048102
-8.727398336233918
-8.012991810703914
-7.55700703694139
-6.518716926447599
-5.9262826863208184
-6.377600883874038
-6.912125184040688
-9.426293554918024
-7.568286593819627
-8.822219125947472
-5.351910222870202
-6.801312695398934
-4.644450772934929
-6.720862688261327
-6.266765860314855
-5.055338515440707
-11.308270302815439
-6.094949854680617
-8.731087932270103
-7.019462960228236
-11.265323509263549
-5.764388089431689
-7.284835437602248
-8.858450689341481
-6.731000047000447
-5.784388375860183
-4.861502439871996
-9.843513930575947
-12.731565684770159
-5.727901162781652
-6.976226427584233
-7.249749538731911
-5.2031996988753475
-6.334661436677163
-9.161844875230894
-5.282261745169037
-6.089835877200873
-6.234889458217597
-6.58833646673954
-7.412901159862313
-9.858430072010504
-8.233711209793382
-5.2230848553213045
-9.577691382399635
-6.147129880779964
-6.982632541440349
-8.297324575680934
-5.9199436474211184
-7.278952725491255
-4.9500111075210995
-6.647931252230148
-9.352396745465892
-9.136393386748749
-4.95563106510426
-6.214233480481265
-14.264753211966378
-7.4560096875397015
-8.190665405529456
-6.060429230498939
-8.365845903543123
-7.3721099733697075
-6.752259500438403
-10.778468643313154
-5.898751541144821
-7.137588328261706
-7.951264358708389
-7.343931747475422
-8.687135020834695
-5.521527055705671
-11.400405516425554
-6.548125772873209
-6.239550954427777
-11.091569174942919
-6.5607193976435525
-9.45256948865154
-8.758802023740502
-8.082401725074995
-12.075043309185888
-6.6091525155313775
-6.964075634972272
-10.583150267361834
-5.934688692937789
-5.936828541435869
-9.708583802519495
-5.756021892599468
-5.636952508001785
-5.893593333868773
-7.928786657884929
-5.257741206511754
-9.894649780028265
-7.3383469696197166
-6.398556615430903
-9.898497595006747
-6.514473834288686
-10.035839334690275
-9.199160609605638
-6.676572440985188
-7.610666624597835
-13.877217231935107
-7.217022177369022
-7.230112718019858
-8.152645292728117
-7.3775787353160815
-6.7360527764047395
-7.1252704340661985
-6.973472607824503
-5.414394406366045
-6.161822637764145
-10.377750420909399
-10.898524140089098
-10.193425506031359
-7.00802034990469
-4.702602277836021
-7.362882537137021
-6.156860635353394
-5.745012529375838
-9.022485469269531
-5.410034477184617
-6.9616696861938125
-8.675883727795112
-5.503763383595335
-7.4057212348176
-6.295609440523714
-8.894555146106022
-7.2899181701955165
-8.664170100860206
-7.9612108665562
-7.842393448710729
-9.876178199133228
-6.203088946509755
-5.487461095319351
-6.255739777979894
-7.279174213010993
-6.058583596423159
-6.730969857229083
-7.108835249084797
-6.812099850846661
-5.85496648597118
-6.4219755772581495
-8.77635663970552
-8.24778468898078
-6.406645557787564
-6.3951789455771975
-6.348023619436774
-8.249209947907197
-7.786517346474567
-7.310142910793283
-5.895186547720525
-4.559511900006791
-5.409498622541173
-6.179828004850135
-7.012831587505598
-5.658090029668397
-7.164710538417468
-8.383871994422604
-6.16871048882257
-8.022842635550468
-6.871440283120382
-8.250872923785622
-7.172071718386393
-5.358258090021046
-7.893816647251336
-6.218714781297778
-6.923897667975172
-6.8944061013062345
-10.588804447775665
-5.440680828743153
-7.308348503277422
-5.847164982723154
-7.029201223696185
-7.655417911813927
-7.131594325822953
-5.435820189779702
-9.037180852486026
-6.240712770596319
-9.332154355754295
-7.188690094682695
-6.90688806068409
-8.068857235235473
-6.039733625183109
-6.201846076266727
-6.621259971446658
-7.927605753665231
-9.496983967809731
-6.356680665939829
-8.162850284508057
-7.390596260211343
-6.221943439589005
-6.788062328858855
-6.960236190193736
-7.89828050616662
-10.498979599068209
-5.477396375704911
-5.807562876529626
-5.690344766906105
-10.184818787988533
-10.035682756019115
-8.416238583236858
-8.53226528087963
-10.209499793204728
-11.947473471627324
-5.320308769217467
-5.341621303176328
-5.903710475888555
-8.254930741332403
-6.812807472989084
-4.986978780200276
-6.582973601157793
-6.314542373702379
-6.088410649594364
-7.505478712837359
-7.95876632968749
-8.234509312019506
-7.246728511127877
-10.78040708244092
-6.493832894965408
-5.222796886793156
-6.282647236154941
-5.353884551951415
-9.778163333840746
-7.660261126264142
-6.998687778321939
-7.895341058056099
-5.91848168615264
-5.254310026162845
-7.97808961643935
-9.194533356645321
-9.428320398001913
-6.2632088664581
-7.173601549598832
-6.045816293428716
-9.920338167629463
-7.201216043527271
-6.71045315188385
-6.371603089511378
-8.175203254105595
-7.642463084788418
-5.3743270994786405
-10.29398193514354
-14.985240399651465
-6.514536614143043
-9.327101737500195
-8.043574858405115
-7.822700281122965
-7.17355123096245
-7.405536209389195
-6.568894181945674
-5.713208986740471
-7.0288799052558915
-8.744964542594154
-6.089147694392326
-5.96854391940536
-7.042001093112733
-6.314707311090524
-4.676511495210076
-8.697458201717515
-4.420139518726061
-11.025892222443822
-6.896152088625756
-8.151696808742061
-5.967825644349117
-10.89406953350131
-6.719180151793047
-5.89380913244496
-7.10830735858167
-7.724640615946816
-8.217217854035285
-15.51639567814334
-5.580935899212533
-6.116086525238196
-6.900934899926662
-5.0819998425646755
-6.229840158311378
-6.550795445038142
-8.27584372022077
-8.528030279420612
-9.786645645848672
-5.627464506447029
-6.969761347335865
-10.080855311766994
-4.949355668531614
-9.600743426491453
-6.356594908969219
-7.351044020846404
-6.430296220070492
-5.332751324502429
-7.853928414585378
-7.966558414790302
-6.139948830987207
-8.893598215960035
-7.025415584515465
-6.443803897155593
-5.690951896040499
-7.592026377554176
-5.674858418058725
-6.5397954397860305
-5.457536292691667
-7.114020927200389
-9.717275319365095
-5.554972891344525
-7.683024710456392
-11.225825569646798
-5.3540150385845795
-15.767377094258634
-6.350484860553156
-7.215545787649943
-7.033410276694504
-8.413004092422382
-6.614136594609259
-5.4037740562096905
-6.110482587700471
-6.014530068080013
-5.228624559409948
-9.771502556950486
-10.094109294807954
-7.380702514236377
-8.225305130139784
-5.668427472583192
-12.422835496896091
-9.409386960316032
-7.260937731662082
-7.203395792391473
-6.091756137429588
-7.680659947330268
-7.05549030232158
-6.705364426927508
-6.961772190813258
-6.294029012818335
-5.999336902811005
-8.105559701353819
-5.721440824135484
-8.769547265330598
-10.01049351018975
-8.977403930116457
-6.676398228931181
-7.557777164252389
-10.134847751079292
-5.509170021828986
-7.621197596422049
-8.736802975794717
-7.6742653039916595
-7.030791632724568
-7.1678664245151
-7.5889193978311305
-8.830727007130799
-6.744665335333327
-6.293034363630334
-6.743015962845699
-5.417147899914495
-6.497371178788911
-8.279481641025484
-6.6227911903897825
-6.011674792821865
-11.02606367227732
-9.06029248433482
-5.354709052508711
-12.326398198121685
-10.039471615370697
-8.330015945849107
-6.904947447516022
-7.236447495073734
-9.661214652797689
-9.89409227605292
-5.293817671962488
-11.507631764028845
-6.046347463280037
-9.900367976551887
-6.67122868620383
-11.091727740178131
-9.148924738741808
-7.213682570150324
-6.883118327292869
-5.9705065986721015
-8.999177794424043
-8.108367901974686
-7.809416564319571
-10.125785685891259
-8.201808843073753
-9.904659647479937
-4.994070468217122
-7.947731631684906
-8.574347496906809
-9.763295378664875
-6.972912097908855
-10.532085436348606
-5.831643413533465
-5.921016318241504
-6.414436650275021
-5.435845181133962
-7.613224482294736
-6.036655851398102
-6.813820016450394
-8.96235760335535
-6.776457700408344
-5.777268806117496
-7.863116843109381
-5.877085354724191
-5.652859500049996
-7.707359085112082
-7.9764975348457705
-6.66374974285456
-12.430768818010465
-10.708694994989864
-7.752496477100805
-10.479819248002599
-6.518450490335814
-9.908414349500418
-5.486207801120439
-8.82571199098988
-7.523963270290957
-7.257645827971825
-7.081074878433601
-6.360611510536131
-5.34893219455918
-5.015927874444318
-6.916834133378934
-9.745724300323463
-6.608445647332817
-8.650217044128642
-10.754399046891617
-10.226889445683726
-6.307112679129078
-9.903302024495606
-6.445838805500181
-8.105187964552758
-8.640200008162763
-10.433469579230016
-6.717426270794918
-5.611151120475178
-6.007172449129851
-7.986347973988099
-9.499267938147295
-9.361085056116988
-10.166276467045245
-7.081472086454351
-6.08105311960586
-6.010559027706838
-6.66570522932717
-5.950647004680439
-8.95960757398226
-6.153411817852917
-7.70599920814986
-5.838192458213642
-7.897664612450722
-7.819969215015036
-10.059974361531658
-6.349192436864632
-8.319200112906175
-7.485679432272973
-11.341591900984263
-5.989481583631307
-8.950275787814249
-6.61766578207843
-7.234301356136882
-6.673812799794609
-7.709294528792449
-10.307127350351978
-6.051438649858824
-7.3665333779465225
-5.265186852740943
-7.419810254307816
-5.594806931214337
-7.700977462356492
-6.471679043897725
-8.41308694525606
-6.1896926016906155
-10.04317189226323
-5.804834019985936
-5.351971374792263
-6.722632963644222
-9.618598886597185
-6.755635835537428
-5.124371162810234
-6.7009089639378745
-5.019808549850709
-5.872798645895193
-6.997223412722528
-6.072729728303376
-5.475276305132723
-5.507395250243461
-7.098450905137542
-8.834185052678505
-9.954946745387758
-6.5347520838635385
-8.005470567479435
-6.271159615184455
-5.950418988665593
-12.13638995840342
-8.791394761631912
-8.179722028375817
-7.161970559332546
-6.171266269242422
-6.942331897135987
-5.262021814808174
-10.485478846853567
-6.01731049077985
-10.039794309477543
-4.706715334831019
-5.97295707263227
-5.531826341152666
-6.431552494414248
-7.499107850314737
-5.865311015777841
-7.185364375509189
-6.457895895976009
-5.94505971671876
-6.889685147086559
-5.743161678440263
-6.2176688502993835
-7.032096392107136
-6.604478794251433
-5.946156063199637
-7.351386888418447
-5.980530886054215
-8.0970657510675
-6.613653153036248
-5.501104500099418
-5.491967812106099
-5.494546529023121
-8.807085554361082
-5.187998028933922
-8.084342846571172
-8.91971690287486
-4.9627415017212675
-7.0574723016324725
-7.725109180936894
-8.009715265615302
-9.064516922724104
-7.4394497081307005
-8.419861810886983
-6.883163692016861
-7.638986197473345
-9.219964397139218
-10.206393189066088
-6.232432434435375
-9.21290652526088
-5.762103956203155
-8.353241736892288
-8.109731414185099
-5.999932858815842
-5.804192534507552
-6.228952838861132
-6.10783860736273
-6.268910692896886
-8.851379360299395
-6.450210098620436
-12.4294083599078
-5.957408176189799
-5.601884942044409
-4.788995804588141
-14.68553278191007
-6.86440939361263
-6.7047847077016876
-7.271892609830544
-9.692871600195444
-5.773891287143571
-5.352403625257825
-10.567166400592745
-5.916317203519589
-8.963226218196768
-7.831205833927513
-6.337842021415635
-6.598608496115053
-6.88924664452687
-8.57569782894678
-7.971774652704212
-8.213498005286418
-7.641296159945747
-7.237901404830804
-5.608123004915741
-8.302369490336924
-6.583984085390622
-7.7595307638375965
-6.842305159673421
-5.567702690994257
-8.916191063098003
-7.5684696431449225
-8.410478175135374
-9.970654406910516
-6.816500060110891
-5.802721881916177
-6.62047074588529
-6.1869496245209605
-10.01345456164332
-6.873311037132142
-7.541640297458409
-8.468359016412665
-6.2496729277652205
-8.769139810548655
-14.21304778101324
-8.019631184632894
-7.246753627229392
-4.864435794116736
-5.752563660036376
-8.791671690107945
-11.159160624285423
-7.4685776285957655
-6.0479233944276505
-6.359964846428765
-5.439199081945187
-7.557028172439783
-8.0549773056456
-9.189573200393266
-7.050309045855203
-8.332356281989457
-7.472795459902365
-7.259443572828574
-7.913588065216359
-7.126718197107022
-9.063921240764572
-5.790799524910933
-5.354817941246923
-5.503057275594863
-8.056040625107043
-8.405976991710613
-5.422747997487946
-7.81766224238657
-5.904390596297157
-7.691420660965167
-8.106630187551577
-7.914783999218058
-8.411857125437207
-7.23649899343643
-5.7432946391304265
-9.212239280157005
-5.869952748885752
-9.68233254272722
-6.5542470669059005
-4.704687994195491
-7.071891973815918
-5.275229609848686
-5.766612151243887
-6.412525300091103
-8.736328310031777
-7.084756044964452
-11.775271298995694
-11.506192438660237
-7.554558957279547
-7.6945694385766545
-4.997031391985893
-7.155899994778074
-9.408406255653949
-6.647408711786793
-6.413983675355937
-11.021816340013455
-6.950426473938285
-5.856993457445124
-9.573624753346937
-11.28439271673391
-8.78556611440471
-6.431200142615346
-5.622881923862241
-8.785632844970847
-5.4831277555676
-6.4443412324710065
-8.129926092907214
-5.928123062323312
-12.902105084721521
-5.830507513924883
-9.109465178079333
-7.580788589961152
-11.57340659443539
-12.385801321309206
-5.250246408978767
-10.87162653149763
-8.830187626517755
-5.843626902799979
-5.494744047660571
-10.117872477874773
-5.134940601607007
-4.622259019713419
-6.145526668895493
-8.96385071808649
-8.62287165803548
-9.318917759093573
-5.727299025585872
-7.317173458583514
-7.518163389369385
-8.496601230109453
-5.74751407753037
-7.195737072233087
-9.843893064825071
-8.625625460528283
-7.510744592916469
-5.470300958437918
-7.989249545939161
-7.501278060238085
-4.924753179712823
-11.23532147582862
-7.658588261937817
-6.8626670488587465
-5.022389865178075
-5.383119570038418
-7.993002741599925
-7.9560432255359075
-7.98512097913506
-10.246778045901582
-5.8190180308413755
-6.410553735841888
-7.8893832349890864
-7.995608730294846
-8.814626699179962
-6.051922818925976
-7.880919060819258
-6.383156292560284
-7.801136858422482
-10.765918112565299
-6.806896804020121
-6.622838869474542
-5.408410341923941
-5.090869868700431
-7.425982325146282
-5.297937953683835
-7.131062717178754
-7.758326759273456
-9.876122596732
-8.595136236868932
-7.631198015273273
-7.1173311038189455
-8.635657454055465
-6.473778041272523
-8.857421136817898
-5.657576288075355
-7.808511580154772
-7.781232027410988
-6.837271264144538
-6.682392172495374
-6.640456966578639
-5.456276675035989
-7.215737446443769
-10.834182460883026
-6.676348225592056
-5.436581029855094
-6.711982298598807
-4.977092843884551
-10.666260941778805
-5.264673798781994
-4.775445388346026
-6.498994802632868
-5.546168287732414
-5.839891053910655
-8.380664820218714
-10.04345823515647
-5.527004603233628
-7.301483738324121
-6.971502355676125
-6.050258875740335
-5.461192722957189
-9.284103685691909
-7.349148554912778
-8.931856400650119
-5.438589701163408
-7.310790872314998
-7.096863973505828
-9.280676455464647
-6.9435141320512335
-5.420921029532468
-6.964297596870083
-6.330399436381911
-7.408888662110911
-7.441054200846824
-5.8328397294693435
-7.752070815098414
-6.383906679053169
-8.96529094142585
-6.117093497423318
-5.681714361815886
-7.23423468920042
-6.4685368192013835
-7.7924528643669735
-5.477396375704911
-6.728774549175316
-13.433449020233358
-6.993145162852959
-10.857955963957176
-5.020356513449693
-8.81357501913
-11.553994998825253
-11.887544320706487
-7.517406619925349
-7.79777098392507
-8.16957265580567
-5.553032700916614
-7.859784264081039
-11.260176953863395
-6.141157578350812
-6.092544932703076
-10.464270072397554
-4.861502439871996
-5.655188825684323
-7.804015065298223
-7.962490508513618
-5.501154802185857
-8.615882328237312
-6.101063402856765
-10.18974895991407
-8.763425784076073
-7.479226025529538
-6.406555154360071
-7.946364347871651
-7.7303963663490185
-11.045840717922275
-6.828626215624038
-6.293128758397055
-5.041273636300113
-9.30223255550957
-8.012821184816223
-7.1715083949627445
-6.333558062529222
-9.751235938034771
-6.744171365137022
-6.929444646237483
-6.812845194054682
-7.357056516730147
-6.4791366876592065
-7.95718932920271
-6.144408255809298
-6.265339816661692
-7.917652354264632
-8.448805611545714
-6.745997873011298
-6.992699634197663
-8.72717681953561
-6.537265241062691
-6.805836245299842
-6.983284598840475
-5.593115104795392
-5.4466513804162195
-10.489595340813079
-6.587892773056432
-6.142248013972041
-9.917533134022813
-6.150665805824201
-6.264180903251022
-6.192486161065249
-7.166189126596323
-8.002957729128141
-10.643628203344347
-7.624203638694817
-9.0623550694903
-9.322046907415272
-9.406967604454142
-7.7593375296383025
-7.364169001461421
-11.674504892257595
-11.95657764329486
-7.343190388175508
-5.65433119992628
-7.961973832592952
-7.839633432191803
-6.3765229565307875
-6.156439836166065
-8.353137545208513
-6.448980333236439
-10.028822175254467
-6.943983877406998
-5.210130849965961
-8.004263708807063
-7.832231038826247
-7.385046343263321
-8.547531592746795
-7.114625924689132
-7.061830807741408
-6.226883516400523
-5.111374007293529
-9.435353487085864
-6.19082416007084
-5.535067978920401
-7.939805340395278
-8.571514919377679
-8.185244717025709
-5.720717731245936
-8.892834060920244
-9.093465706594396
-8.861686645371986
-9.77190369033444
-13.50082179215637
-8.42829750996183
-11.313552083001522
-6.37966916411551
-7.365115095393813
-7.4868942831538075
-6.612655590362308
-10.272599980475416
-9.743286678450444
-7.958605813186108
-8.015960834289624
-9.16104676967892
-8.590700460629787
-6.9980659113071155
-7.865018197031538
-6.197748783296443
-11.864258984085756
-5.378131106690134
-6.156597508550325
-6.661008462079009
-5.522948863895794
-6.497798678548493
-8.02677174890407
-8.275191197653049
-7.664770726425148
-7.270706061280389
-11.625329908010599
-7.328719732657203
-7.600517681705227
-6.547366702886023
-9.39367080062933
-5.974729423572797
-7.522544661241197
-8.824942191159018
-5.720241250702279
-7.210913569079074
-7.004085090478117
-8.31847037647983
-5.185071913183238
-10.270117779514731
-8.603119002532901
-7.055741430568688
-4.557810636906645
-7.162669648237157
-9.329360160148896
-8.885997034705793
-6.711332689302549
-7.871156094966576
-7.6096707265504815
-11.922542129467795
-6.242775744439999
-7.337480554745536
-5.881351064612424
-7.147767264169861
-8.539378115565786
-5.554785455954075
-6.378707395650696
-5.138889260804822
-5.9853730601161805
-7.311931061938018
-6.581390273862411
-6.121989438194709
-9.30528655692889
-8.253330263945594
-4.736872523624002
-6.761554648699697
-8.82512369885758
-10.411828681032647
-7.4186969375984475
-8.45085230680027
-7.0967458954774125
-11.516423910752769
-6.901811934531908
-5.9431250123826995
-5.94970894053815
-7.704217187294004
-6.892201925783428
-5.92238893492612
-6.385486992058058
-7.880705424656133
-7.54867792128724
-15.593913207262853
-6.334772164149188
-4.695264184354066
-6.359764921476077
-10.32205816483295
-6.5224460464168725
-7.591856008112545
-6.509154117907286
-8.149954495342113
-8.506365044921296
-9.49302630183082
-6.879214627771912
-5.1552031253880735
-6.560168750208738
-5.1936532321258335
-5.1092551205002
-9.208175414146899
-9.741511264783634
-5.551064205673217
-6.77554773453363
-6.898886662731467
-9.420552197521472
-9.671061782423166
-7.551588605658283
-11.025470074337223
-8.386461907956454
-11.127256637603136
-7.313270538499822
-5.8122825129478075
-6.965975968192976
-6.7146275066693635
-8.608147020636222
-8.69560372114118
-7.087549595827078
-6.103727450726759
-9.26203575795317
-4.9605198058452
-7.045521652798853
-9.193129524662256
-6.650510862580783
-8.19802730228124
-8.21977941818038
-7.258581778990262
-7.771317185777901
-7.940902240441323
-9.993243102879203
-11.031866943034503
-6.702758114372474
-7.8582569613715885
-9.520129007554955
-7.506623701282076
-5.920552480510746
-5.097140262173221
-7.00011120679474
-5.974156988744685
-7.797983355881671
-6.087843819896662
-8.737873200649265
-6.726970875971432
-7.577342590900686
-6.885596363501639
-7.334552368049289
-5.8353014844623345
-6.2673430227688725
-10.948555501727906
-7.158833150870705
-5.323984304281243
-6.080942115997705
-10.192621437424622
-6.975095460612869
-8.543329153563139
-4.9605198058452
-6.826823351967316
-5.872090788513026
-6.216239134043649
-19.870359650727792
-7.339299161681618
-7.657361450257097
-6.696071113868897
-12.032537056281596
-5.50275116739779
-8.951805975526979
-8.34660399069898
-8.734384369012597
-8.22166442350429
-10.163002622599542
-6.82600313960812
-8.38760640504978
-9.490095025167655
-8.342140672166884
-7.683321624583425
-8.595382285633804
-5.012663104755224
-8.903658997306872
-7.101315156621834
-9.60570584533163
-5.590325875022818
-8.211367534980152
-5.935060101461188
-7.714027388082245
-6.965635030730317
-6.6285133908069005
-8.268477810943399
-8.942416686484616
-6.002241905941098
-7.826780420485713
-8.577035822889096
-6.314447938484809
-6.471586372903961
-10.811158415170485
-8.390608611650677
-9.462842798330318
-5.525359093486989
-6.843102674410511
-6.728005151705892
-8.990702865318706
-8.149932556474
-8.622391086176693
-9.672519572278132
-5.133593634375861
-13.780402499508334
-7.600211426254408
-10.899535214356737
-8.768452165376498
-5.945129759546351
-6.075942293833164
-6.691891477873557
-8.908793357055437
-8.273881870436954
-11.616236179705961
-5.847648398361649
-12.567466446306007
-8.22195377653499
-7.189658925445874
-6.241639214682745
-5.464915809362796
-8.213845867254173
-5.685727590777145
-5.96455760422826
-5.52818558777034
-5.951071664967193
-6.0779961474121045
-7.88490016649852
-8.394487507829178
-6.332151339386541
-7.5758666194551845
-7.542682044876842
-7.2354153536703585
-5.82514677154916
-4.420139518726061
-4.825871822475652
-5.90494358439095
-5.306342646137735
-8.521541200194536
-9.443768255871195
-6.316027736171118
-6.102932387818907
-7.425816719533865
-7.849761274420554
-6.118160770939433
-9.528675796215616
-5.93291049222769
-9.68711959052927
-7.021682519523634
-5.696010293424145
-10.783357137817905
-6.057479088623541
-7.371691759761713
-8.18480022470132
-8.75039473552103
-5.357119444444413
-5.890890264029915
-7.997717731140427
-7.546275669900997
-5.187998028933922
-7.7062909680351614
-6.8802079224468145
-4.820676694880096
-10.313932204165049
-6.120172716274674
-6.9776622400302974
-8.18827469169577
-4.958173660653815
-6.421153267397608
-7.594225777156396
-5.590688532799012
-6.454336950944693
-5.583558935475847
-10.199244547741568
-7.472031883610452
-10.342845427449339
-6.932174654014618
-6.094962764706637
-10.616889048929668
-9.110002999958066
-5.191010200577201
-4.7424058990205396
-9.995797848569753
-8.861802146345248
-8.687754699875597
-4.557810636906645
-8.924966383065064
-11.007801446417433
-7.490886920370276
-6.723689514264917
-9.527690762630005
-8.03017333612944
-4.5611185553141205
-6.724408565036321
-6.670108892799415
-12.170165654756024
-8.311512926877015
-9.016245883483574
-5.339118423443957
-6.775428673420284
-7.755574406114715
-9.646846520650739
-8.1021786889591
-6.906936849900976
-7.62107341107348
-11.12243301320954
-10.971148186302745
-7.784973495985018
-5.406958124098135
-6.952088219987044
-5.835868348179914
-5.266927326948623
-6.011058178008444
-7.782867480452423
-5.595643500441781
-7.586405598403185
-8.46684100027047
-6.627759209405086
-5.430218961384469
-7.32957119446802
-7.4921581937072075
-5.882751423139045
-6.813841847416721
-8.671454526321346
-7.526844274511482
-5.0609287029377965
-5.705758575246986
-5.968684971080408
-14.087506734544686
-10.002353415305146
-9.445237675260657
-5.729436488842583
-9.231847237431635
-7.990946937796007
-8.280060100812221
-6.666213063688473
-6.41566580426507
-9.136560651657701
-4.7616577123201065
-7.982910882614073
-5.393523320623454
-5.400413078679664
-7.325684204605295
-7.564719319909524
-6.0382802066519154
-7.6466125188269105
-6.26165723174905
-5.415655249963916
-5.257651550242236
-6.085985657132754
-9.491087414565595
-9.56108714394914
-6.041162882355708
-6.827232956522376
-6.4023423837618765
-6.281134602011927
-4.764110119971654
-9.07387622003023
-9.822807237169563
-9.498733870762678
-12.8350470820606
-8.007369624783744
-6.615600097010315
-6.329434720799157
-5.593244065860953
-6.883113194249474
-6.324222248109463
-6.835393948015744
-8.848996487008293
-6.58586694971779
-5.920185851721136
-7.604907157739252
-10.920854868819356
-5.643840001519911
-6.329171770063238
-5.090402815458032
-7.8185372739385395
-6.276161400286226
-7.734836789903079
-5.650321306093578
-7.518610438408488
-7.063741898796524
-12.190069790854347
-6.37638442876114
-5.411428745387829
-7.448041580699818
-5.048945206978766
-8.012141185621005
-9.604154577702417
-6.579669385332817
-6.046864225814291
-6.227869848397132
-4.898623376075458
-8.399767170986106
-10.090773571319
-5.744793367368796
-8.753623414454587
-11.497584912993977
-8.901936999191747
-5.4429065151179685
-11.675756238852173
-6.85458177482527
-5.938705738716358
-6.975702386517915
-7.029113023675799
-6.599737635274981
-5.355123881509027
-11.527759315119486
-9.447995661886868
-7.114813942674055
-6.486146765089829
-5.288925636052139
-6.807382051508149
-5.839052103321742
-5.593465931815061
-7.251232071522582
-12.362570756219721
-5.531914173449196
-7.217524375678557
-5.849171281214387
-6.546578146352304
-6.9917257652697815
-7.80359825443923
-8.119902376766783
-6.39806184992431
-8.248243603495865
-7.046176706076159
-6.303110767274131
-7.832243771307249
-6.083038832571787
-9.95245235150786
-9.30359227567268
-4.815814594734268
-7.301011887401632
-5.617151554672672
-6.720026439135711
-7.409985850708947
-7.663048282068742
-11.532961222621754
-4.804361484040837
-6.07897614670066
-5.444271689900052
-5.730726095380755
-18.207706627515147
-7.345894016091775
-6.061449268374261
-8.023685967451508
-6.475816405412904
-6.9840426721687185
-6.288805354688625
-6.5326316272835
-4.879841646486609
-6.856283861131918
-11.357642127564867
-6.310376415782674
-8.458428514157621
-6.684525035657278
-6.409142427236139
-6.510255516690048
-8.304548418595306
-8.20732643329713
-5.200721354448692
-7.292339019243402
-5.887919356296954
-4.8232478937305885
-14.192930107098963
-8.100747982820236
-7.863634925929283
-5.714814799233814
-8.966689064176629
-6.548871811845798
-9.145871515897197
-6.5061723305709105
-8.24304178859224
-6.392022609166507
-5.376795939879471
-6.125774024487464
-6.026636123547449
-9.388963169608143
-8.494824930798725
-5.629947693989931
-5.3243595835613755
-6.940464125995655
-7.490204571883241
-12.583579735179757
-5.9139425401039425
-11.15391070286106
-9.432765900783286
-5.972176566466782
-8.391526465600275
-6.275472820202568
-5.5666318040217195
-5.103626266594738
-6.0748888045499365
-8.406846275331228
-13.611456225656383
-6.959409595282931
-6.668300643954065
-7.7983023004065615
-6.286975524919965
-5.97111414225504
-5.432519919937151
-7.3287155235504535
-6.730168934259644
-6.6596496798468285
-6.914275834654435
-6.540575494061991
-6.651889029011926
-8.287338326768252
-5.124606456860885
-7.3464289380163965
-5.7102853285366635
-9.363754427007727
-5.594176780183048
-5.995876447515373
-7.609097672295506
-6.757049140268651
-7.967456360147033
-7.137522429677139
-5.460080978924526
-5.181803063270899
-9.62338782311197
-5.452741544143095
-10.948109461607999
-12.819774294222505
-6.709293331726585
-9.299595649817915
-5.408233072273331
-6.916961982290234
-7.641432785078902
-13.915502648190365
-6.498719590201308
-6.846985992585395
-6.869723877296398
-8.1673401088692
-5.780892358051085
-5.327510503510011
-6.44048242311323
-7.6232358960141005
-7.6701780716127965
-5.379103957196027
-12.703900247981982
-10.274092920434422
-6.423591026570183
-5.621605692566066
-5.905528395225813
-13.257118544603905
-5.601996361974613
-8.805999389008031
-5.143170021264858
-6.881872969122764
-5.644775632098763
-9.574093886892848
-6.888428097150871
-6.443603172877406
-9.054014681253754
-5.312248613985314
-4.940620446953172
-8.440121319793006
-8.724931213641472
-5.378318010376221
-7.066384970737087
-7.201379214698659
-7.162462511002562
-9.403869763595472
-4.695544443554334
-10.7983172592527
-6.202567831180432
-10.339441876426505
-7.667109941224624
-5.989817159474638
-7.5881560590175585
-8.130796431805374
-8.493783281172739
-5.22053208837712
-9.93283899852609
-9.607118262281512
-7.14104401024771
-5.143170021264858
-9.470214837824386
-7.966221979510941
-8.933428947938578
-5.938147285437912
-6.184558348385458
-4.635582206549996
-7.021190217506978
-6.908051885946021
-6.308969730952792
-5.0146929470811905
-10.7734709893395
-6.45913226709757
-6.264125151749561
-6.020227725282941
-6.097123603623803
-8.29795057363713
-10.268734061067176
-7.545552060815048
-10.208282992075798
-8.713295760868492
-10.385147422499928
-7.045447389980505
-6.4691188286395445
-8.687629726125516
-8.425876579886609
-5.649488756060556
-6.378918064307369
-11.35708447614898
-4.695544443554334
-10.446682288921023
-11.992921444147207
-7.2050007548474095
-5.025580871091765
-7.153200538733214
-5.60580000918213
-7.561384985140021
-9.12792431635205
-5.8141461763537245
-7.705226194376772
-5.1829939255357775
-9.399722998507984
-8.993645288148365
-4.961602796488256
-5.080469617031942
-6.661613593627287
-10.51301498791506
-9.013524494705289
-10.445795285395036
-6.050854854989238
-7.390206508717991
-12.150520187251853
-6.158160283743364
-6.183265536020857
-6.182612548718536
-5.939601112608533
-5.993314478556429
-5.9993024958986325
-5.225846202502114
-7.484041382023571
-5.522611732377163
-6.090866596217238
-6.237264794511818
-6.485610490249805
-8.762459328283793
-5.6978500133098295
-7.132555118438888
-5.299655739521203
-10.074796131694155
-11.778934155033172
-7.352960322171754
-7.319127531358283
-10.145029307246913
-6.34096455672288
-6.502822943933895
-6.009488605053508
-9.959680095331667
-6.4786632964794855
-10.404076556499835
-9.30144256738031
-8.967940138256038
-8.929268259060706
-7.261694676869136
-6.504698860258
-6.623959556490809
-8.705849014830063
-5.384660276886841
-5.940506396042663
-7.38579220809056
-12.677051051692436
-6.571480633962467
-7.072121719076564
-6.310242219002218
-7.764208782500556
-8.2669611602832
-10.528068967647648
-9.875141351066638
-5.303850606283639
-5.006015337049357
-8.64425743633385
-10.041612862511359
-9.132233175889601
-8.879003207611678
-6.519661240157674
-5.9987421335229385
-9.36011544485898
-8.045372821883898
-6.894163192319725
-8.154704328083323
-5.97241851406467
-4.8496622487165855
-5.583134041384778
-5.022376395868755
-5.913212241507648
-7.538398605614349
-8.042880108652051
-7.450654236314364
-5.610416650985343
-6.286276714539131
-5.042357365383022
-5.0808166000190775
-9.053161415648306
-9.827341183097344
-8.47726687273044
-7.455711365504555
-7.122461239030476
-6.317196000042202
-7.007011167845598
-6.021504747644458
-7.271907476119151
-6.712351834409284
-10.481784365417095
-6.854104658768073
-6.690360661780474
-8.125233131551603
-10.617369398957736
-5.680050082404107
-8.367361374076529
-6.656462809960724
-11.330775986215677
-5.44306282976846
-6.19897803686561
-7.598249054391165
-5.589462193767198
-8.902483138548414
-6.081862460271391
-7.5628113691355665
-8.118880989884753
-6.581257535694034
-5.759182870972878
-8.943360424516046
-10.651304260478515
-5.652814847093661
-6.298693723576683
-5.382815728695585
-8.055607863596638
-7.8942281428972
-8.9846085841325
-6.760834997878919
-6.49643882136521
-7.420947386911361
-6.2446052854435425
-5.111532145627617
-6.649464523716335
-10.803355977641482
-7.510398809126458
-7.361515654878591
-6.862362143233846
-5.860952634927157
-7.026337716202746
-6.002448918283174
-5.306337554549508
-6.547944428542937
-6.389032705992244
-6.501883741002122
-9.676737642936354
-8.610954187289085
-6.935922489371234
-4.729346876390311
-11.86911041537888
-4.735737910319122
-9.585125017590162
-7.186265382103263
-7.187379715117476
-10.617806591466092
-10.069860050357955
-5.2304134651370395
-12.581691156557936
-8.314226130322234
-7.376827417000884
-6.329259132026794
-9.982319901534542
-7.954736020095753
-5.865352348144784
-7.18555883065955
-6.131523441996462
-9.664106877342427
-4.984657813655443
-6.808859494639915
-8.355799319055233
-6.030121133332695
-5.711658034751076
-5.593581507236978
-9.37329242126505
-5.572534349988666
-7.444374272857478
-7.570695573705305
-8.16612415500873
-7.704863167117699
-9.839354841923594
-9.47864563686722
-11.654149317015587
-7.619333208115134
-9.14480323219092
-10.021566340982398
-5.00759514862158
-7.112604759085393
-6.08260523987222
-5.541616885534926
-6.8190529087177225
-10.057049480987612
-6.430999820239812
-7.859283261376037
-7.345777446123571
-7.706815811515665
-6.906620685735284
-5.917832304145547
-7.0668695556794185
-5.035853587238691
-8.156096572627762
-6.187639746151851
-6.130724887126027
-7.045586583879836
-5.75321144356842
-7.6375310488376025
-6.387846288527219
-5.856031706291381
-5.6145117649430425
-10.839571665910688
-11.578531537192953
-9.64707266669977
-8.425161497075472
-5.006571499823636
-6.854070177571929
-6.965002155150622
-7.200706676545978
-6.866971043288807
-7.725313644342289
-8.874747715180025
-6.143118915733698
-8.26670658387831
-7.272315527614367
-9.795857095228662
-6.767411954084632
-8.046829123231955
-6.90562268681138
-6.985887664211063
-8.059445613684998
-5.30785024674545
-9.504328369067894
-6.0758567301879625
-8.070796902359994
-5.793639932461244
-5.45347808295103
-6.067885175325185
-9.099595209839602
-5.431686550997586
-8.108723430908988
-7.292333891216247
-6.983679472504189
-8.123874254339075
-5.048863200582022
-7.684596738586783
-9.728974166264317
-13.254438791822551
-9.26313984322504
-9.060547159103367
-6.423607391648838
-6.707260578387543
-6.902569918509775
-9.047623645994797
-5.863212990126649
-6.885589173839805
-6.612181058476637
-6.946502609635139
-6.2591315459106145
-6.283162628886725
-5.583188454628588
-7.9370808619199105
-9.837133387893726
-6.913766099097356
-8.168995801550299
-7.423178902020573
-6.678842320670751
-8.310798284551092
-7.209413960429391
-9.058190033797194
-7.063334924826443
-7.35819451650447
-8.406175195331977
-6.808186762120808
-4.890624828226875
-7.468607561555658
-5.2739489023501385
-5.7964728231590135
-7.328071529743974
-7.994697596750693
-9.832314404350683
-8.049843683809788
-6.938062769601454
-7.223045679778549
-5.850931708587124
-6.95699632096016
-5.48618929403849
-7.456546401857224
-6.051717834489814
-8.701394444541117
-5.499152687808372
-7.631318030655778
-4.917255515894094
-6.191869164302209
-7.1060338969192145
-8.832626450699077
-6.210077916730542
-6.243128029647079
-10.543140317680738
-6.505467327465188
-6.574827503071415
-5.191358102911289
-5.741815586233733
-8.461482381219437
-9.890617392467155
-6.317300634723259
-10.123575241654656
-5.29638888811738
-6.761278494023582
-7.6657034021941435
-6.119888387142016
-10.922376727680351
-7.59916616425826
-7.379440066105045
-6.331584843185866
-5.705758575246986
-6.374449166878321
-10.376238059549118
-11.494753922778811
-8.205736027919139
-7.773945947854395
-6.677968768616364
-6.476896376578464
-5.696023329387292
-6.4961771813355815
-6.070785258403333
-9.81548545210967
-5.948999958444711
-10.397015894524692
-6.794795228624646
-6.561374395816789
-8.919124527913974
-7.937007020265614
-6.259216161958365
-8.226267852628467
-6.069381256117746
-6.105344756514299
-6.1215986417599115
-5.454643780068405
-5.295183607239409
-7.803632550366005
-5.295183607239409
-6.280605749324522
-7.739783443706299
-6.338520142455413
-9.03686800729515
-11.1005092023639
-6.074744503574989
-8.90031618458713
-6.992381488891277
-6.607536442411389
-7.034456822054843
-5.759620946127307
-4.765684305698627
-6.332789432875485
-7.516425558515167
-6.564567635415513
-8.895924628377239
-6.799498948013974
-6.526131623699131
-8.472781126738882
-8.793177634288599
-7.902937988383544
-15.624684548846616
-11.230516620059328
-6.748211142278884
-8.331301887291085
-10.318003748447847
-8.791723959080409
-6.085508793662065
-10.9734241356779
-7.650412552892247
-11.139921136478678
-12.897469514129765
-7.905310140687856
-6.856944448343859
-5.3888365969252785
-10.078144576870796
-5.523486349395888
-6.0413336958589445
-13.890846911977281
-5.506474645963702
-7.204702283918402
-7.5264523479331515
-10.47563758134619
-8.500712990356686
-7.233235794038386
-6.537172779969636
-10.218756605648178
-5.879221149646511
-8.99503392262718
-9.919867934063287
-9.432638911893331
-11.86129116532371
-5.665857659726222
-6.503554969627242
-5.927810016058143
-5.349084246285231
-4.9760877141281155
-8.35723811701319
-7.559235567490356
-4.767357414468436
-7.141399973247133
-7.137542949138786
-7.009190334955
-7.325618498130815
-5.723661909927882
-10.298350800455554
-5.984834366321987
-9.319650704044522
-7.0173461534529284
-5.200721354448692
-6.479753999656967
-6.218285866752574
-10.36052486589379
-6.752684039974394
-5.396406804712786
-6.749041783090554
-10.094905781915605
-8.688860855492829
-5.317847274307705
-5.342839678266762
-7.660809009733053
-5.9833877723536455
-9.130503492941981
-6.843326431386948
-6.674309142961538
-9.254058327189165
-4.830172757674872
-4.702602277836021
-5.1960824491089115
-10.656759112306956
-6.038584750004754
-11.947188440273683
-4.592422173915919
-6.973470437167393
-10.436626827405862
-10.913869707542554
-7.383836810007468
-13.0189954287351
-5.592626853688292
-6.992818164509422
-7.224270796549519
-7.85834898763441
-7.327853793556721
-8.589921354818436
-8.003782676271067
-8.198372633253527
-7.23514025961042
-5.747565086603564
-7.068122999125342
-10.00038563411443
-6.214532951378674
-5.110682217728146
-5.980749973600921
-4.815814594734268
-8.863003272121494
-8.258587742285025
-9.369284322467378
-5.207697902267858
-5.605654868117917
-4.985302032430468
-5.710880698439211
-12.020583738557859
-6.602821631352598
-6.313487644712719
-7.384585900290669
-16.421441550444978
-5.5073372151840125
-5.935675996570481
-11.756705677112011
-6.95698670998533
-6.589011258116769
-5.880120488187883
-8.726656615364135
-5.410370639826418
-6.329499130319837
-6.680153904277681
-6.067579903551381
-15.211299477897052
-5.525888732437506
-5.008179193843144
-6.1034680364900185
-7.080841564553925
-7.730072222544249
-8.764598761498753
-10.015841798746187
-8.069680720260164
-8.195711971005649
-8.677223668878447
-6.647132187838609
-6.8308543259245456
-4.912719410287583
-4.915590014045831
-5.478772350918
-8.070879661259275
-7.054970185824289
-9.126242183212199
-6.920815420102904
-7.809201815742087
-8.81490605635954
-6.4600524019213115
-5.48815272400968
-6.941690781020579
-15.19094147794994
-6.184035486698535
-6.687943354622547
-6.957227347889854
-9.568650881999535
-7.547970425652487
-11.080525375520846
-6.123762202615388
-5.4522013028223535
-6.150741433300682
-8.065610376247973
-6.320439680826542
-9.803523678109244
-9.203500991325093
-14.797092257088488
-5.883893185183134
-6.450901360254528
-9.521703789540169
-7.179134683169444
-6.7064125555643885
-9.107946490345993
-8.774416572922282
-5.992109035501526
-8.611821857647515
-5.517275630516292
-5.774528307281844
-9.524182635486143
-7.193686225278465
-5.678201038614264
-9.882797668906749
-6.615951349716935
-9.991996741729286
-10.553471599990592
-6.351824053966772
-5.259517246517656
-6.283144216626016
-6.520983094263126
-9.252829245538006
-9.9070103712841
-6.699196281732387
-7.106832474027385
-8.118349378200474
-10.068279666068268
-5.528618939498491
-7.790330917804912
-6.585755716814812
-5.919496265327455
-5.282697953260266
-7.4574764460424845
-7.390068813531594
-6.229651599336697
-7.972700911379372
-7.746301520499359
-6.740350001772543
-6.5603725770848955
-12.721029887820874
-8.470636592263602
-7.394355614954085
-7.052826681793144
-7.335247453019854
-5.8496135096413235
-10.995426790520519
-5.411664537851786
-8.772587792552278
-5.3119634707743195
-7.8132633123095445
-10.7601260926186
-5.311375669941646
-5.861367960969673
-9.08044397925986
-6.25789489234393
-6.71275845051463
-6.348087058058597
-7.173691306854083
-4.536052466034302
-6.706432418506684
-5.465668845586973
-7.543387140097696
-5.816946083967573
-5.170517920510658
-7.652311489283221
-10.166986653806518
-5.7580751407017825
-9.680297243493849
-8.09927316305586
-5.590305132004908
-7.200631222238478
-10.452626621405136
-9.67233227283529
-6.2139300191878215
-8.825499335579876
-11.405082869704081
-7.866956519859266
-4.94100390075704
-8.287309110013659
-6.831548734314805
-7.030198208921305
-5.5277080744109535
-10.296620348245643
-10.66148681297845
-7.871803183266632
-6.258274805344871
-7.283718578608444
-6.314195471842416
-6.927236833582383
-6.454689733992424
-7.027733424860069
-6.959617238745322
-6.339322934594384
-5.883595318841938
-8.50724225240294
-6.170934837688989
-5.331794849793494
-5.9391808690470524
-8.995220231635573
-11.112121547259672
-7.592580129684149
-9.45230912513979
-5.828260849392765
-8.665712262330441
-5.83277589480859
-6.445322154299896
-6.407078054167083
-6.968883738642856
-7.210217143050289
-6.325616426098841
-6.53246925922678
-9.985772560636192
-8.07902184748719
-7.744262727641488
-8.627382659445349
-8.464922262329479
-6.518923173101684
-9.209958285861399
-7.886686693466874
-7.590341914254611
-8.410983539669777
-9.369438518467987
-7.797834384971758
-9.620612524336185
-6.607233179468991
-5.519546199462442
-7.168318021103202
-8.156623530405204
-8.909543655762826
-6.372665723290151
-7.334706604000553
-6.398439585078379
-9.192117333862889
-8.17901904957891
-8.258289741904587
-6.784802599810482
-6.213958206082815
-5.207286128801622
-10.059675090810503
-6.769244051986966
-5.184095231030577
-4.7424058990205396
-6.612608176302764
-13.1398266929887
-8.894680210550423
-10.56553242813432
-6.454723933056941
-7.031793068098577
-5.258022533165987
-8.614758704933221
-5.51931951704823
-5.624500962240711
-5.120418773194467
-10.853719503041837
-4.910866116277558
-7.33738819684609
-6.173252678711984
-7.243651659533274
-9.288242649855006
-6.585479676874746
-5.868287971914521
-5.647168928608782
-7.116075007090543
-10.503563926232978
-5.2237499133590815
-6.036655851398102
-6.283500318691034
-8.359611814040804
-5.974083139091399
-9.938369999123207
-10.262134299579985
-6.487964825217154
-6.44960715449244
-7.512209132139405
-10.639973130828405
-6.368214621527295
-6.189019428793454
-6.410758573950011
-10.356583421028898
-7.45667475584525
-6.817897836032121
-8.410468652209499
-7.383141430940825
-5.478287324344333
-15.090269701377027
-10.832288190379735
-9.258934072716775
-9.67530867218644
-6.4722554580602365
-6.445635850027847
-7.47573555243175
-8.145251706253267
-9.050362605623175
-5.207039826486928
-6.046735015603494
-8.543358545100336
-8.194913945800561
-8.413088635513278
-6.012955489596375
-6.953756150287712
-4.821123010515267
-6.745774028300481
-6.675332071901604
-7.113337324851275
-6.582218233837381
-5.903979706649365
-7.526215162903691
-5.701306084546615
-6.686912065756924
-6.517296586054462
-6.332844052148739
-6.23354437803971
-11.632304794366387
-6.340478339177389
-6.043974425672195
-8.555436206338882
-7.046183729778534
-6.8644671412394915
-9.340430913877643
-7.966570593480469
-10.828198558328998
-8.670839367783554
-6.407824154577275
-8.503043851447616
-6.908299671010737
-5.78283576017015
-6.85896496727361
-8.770614669719157
-5.720159431230577
-6.232447950102845
-7.843127870456728
-9.421376526835697
-7.773385238033497
-8.756989613211044
-5.973039288091005
-7.440334355717969
-8.179513917728254
-11.888545846662284
-5.3746997716061795
-8.244576038273623
-7.021283016862755
-5.888199809951774
-8.885708325528848
-4.622954824388129
-5.669704277292909
-9.472499964491941
-6.160064479987355
-9.997149318797158
-6.880525050334546
-8.552287342019008
-5.948574478486753
-6.128915352409042
-9.140973849195312
-6.78807562946479
-7.212978173316625
-4.768671409326422
-6.798491782585528
-6.954106411327419
-5.983342878836091
-9.229426192727763
-5.536539609437234
-10.626937155395606
-7.529197639790707
-12.734642116704585
-6.488243490071749
-5.397682369143844
-6.874851764525829
-10.041400783887429
-7.722980821346295
-7.05926810780688
-6.637426218957446
-9.236524677752858
-13.225089438032644
-6.844062914622597
-6.44784631626665
-6.579114779990793
-6.995734497901076
-9.235568421621657
-6.07306749156158
-5.283498959138246
-6.709701021314428
-9.69991438816763
-5.475731463240191
-6.491479782052608
-6.524667836419536
-6.253223585523953
-10.577856110818614
-8.599685337573199
-4.9833021808214495
-7.168424507936085
-7.142975833834717
-5.469030879516571
-7.52629593392197
-6.519071344003654
-8.087406641443057
-6.404298558467548
-7.96190325486096
-8.07734814302993
-6.171047941557117
-7.897536031502778
-5.067122544021992
-6.245219411896183
-5.509039103544629
-8.204358872851076
-6.112295136835788
-5.959590202262737
-7.186480236010503
-6.013266132170623
-8.665030305671152
-8.103026614852721
-8.813938977285936
-8.992555797905451
-7.4994495589107375
-6.762826497885532
-5.768172277531588
-6.254514288648662
-11.010339001484974
-6.859176436377774
-9.791988517016364
-5.131267205547282
-6.165281557001083
-7.074420427525597
-10.069666310925083
-9.017848314444642
-7.000865622428888
-7.414592711098532
-5.503336326514633
-8.627555850046786
-11.061375292747009
-11.739693980524882
-6.717151717033977
-6.88635393183819
-8.066744553501179
-10.010083940207867
-8.295839550769783
-8.93449052289599
-6.9405420286631685
-6.040682003685376
-5.962158821830419
-10.272970590215992
-6.505716055966316
-7.057223251618231
-5.584930444068354
-8.675774475365284
-5.5941913486993275
-8.331471460084689
-7.386713587178646
-9.066003884632877
-7.445509527993283
-9.475875892158019
-5.288889798058265
-7.05048741117953
-5.6344264001380475
-6.678004834001169
-5.813159816692974
-8.419830338704362
-6.125290534536622
-8.29481523359617
-8.63257346766761
-8.390953781351024
-8.106827996866905
-6.7724436321909165
-6.091189143317547
-6.915397444602514
-12.531186905582272
-8.85678305014717
-7.140032182799263
-5.944200388445707
-7.296418207796703
-9.120436869213885
-8.374258390449205
-5.586807389568061
-5.287617977919809
-4.828074295855631
-7.292403773629943
-6.652404503160945
-7.0800799873674904
-5.536447895309215
-11.621792263591786
-8.559569269437121
-7.3048869818933895
-5.341515946098227
-4.861502439871996
-11.01526491228534
-7.687546162307433
-9.87073335715036
-7.466653394376554
-7.954197916151101
-7.393455650446108
-6.157636380737773
-8.3160519590474
-7.990076870919775
-7.043860505990612
-7.7666907311970945
-8.378123146203844
-7.35256870340788
-10.7321722788746
-5.341536343384573
-6.347715075697728
-6.889821468031453
-6.341093472326341
-8.032233711057447
-7.016676768380023
-7.262307640446522
-8.467904694371658
-11.225235725507867
-7.348520137020731
-8.1398446695969
-8.383695002208091
-10.337465707228791
-10.160791247834254
-5.850974338624868
-11.657144275691874
-5.622881923862241
-8.313578207400095
-6.553131117896741
-7.827798229443746
-8.362446987538583
-6.2979539590492495
-5.716748955173835
-4.610251781339175
-6.545818167236477
-9.171939010378505
-6.659410530129694
-5.128757174613047
-8.478542109247362
-6.861309241776573
-5.639571932658012
-5.807861918462168
-10.095416222257834
-9.691101602514376
-6.754274392853179
-10.063564205160857
-7.04070783708496
-5.311592990181309
-10.546024774670038
-12.187885878437978
-6.396541500605343
-8.86597372875309
-8.287019840505497
-7.13913096293232
-10.339863835139637
-6.48613939349112
-7.251448206143549
-7.072496192748241
-5.354298621620537
-5.124606456860885
-9.406116537688973
-5.919215725182014
-10.255566759263283
-5.388004579448274
-6.435421152875728
-8.038964598945807
-4.48574054354819
-8.309257846495768
-8.792183315198567
-8.41504831479952
-5.460619474280624
-9.088560729364177
-5.046635201753596
-5.210186754382923
-8.121831883218405
-6.499685139959385
-7.4706395754411945
-7.018881975077705
-5.321866055011945
-6.450752284608664
-6.021675437248728
-8.205854065044868
-6.109767372036163
-6.306643161125056
-5.197207610984982
-7.432795272656922
-6.3205152629334505
-7.50129686830021
-7.00524093487255
-10.08223137070393
-8.393156582850914
-6.632862605421907
-5.006354436879999
-6.4779360016623775
-9.334643205706373
-5.955426337434737
-8.722039678107334
-8.540384026702222
-9.009305591476327
-5.417602078591363
-7.645314382684848
-8.684215941989219
-10.443529552493029
-5.168854918364254
-6.001457814453143
-6.3776770469642585
-6.28393581724496
-6.741641408681113
-5.470378467399504
-5.262913087881105
-9.292558132220421
-8.72272194051121
-9.72295591027686
-5.851089215687587
-9.116210272749434
-6.955872821964457
-5.644391354557021
-7.06193769352722
-9.079761276464241
-7.0262999029856275
-11.302418142653591
-7.119331344894118
-6.452076133278154
-6.099654937343302
-8.1166164858301
-6.884205414219227
-5.245227402599874
-8.98053547517593
-6.648484224855391
-7.0583634328407365
-11.143891730478071
-5.886480029698248
-6.058854519646936
-12.524597703408588
-12.885994531287444
-6.374833351743679
-9.11611322159436
-8.672019393749322
-4.7130424151176005
-8.471330329425516
-9.686429022209687
-8.0839501250306
-5.792276463625023
-5.284350180937147
-7.190481807706524
-5.976960464877276
-10.217507117474623
-6.503337934750024
-5.825613309716492
-5.567831730822159
-8.109948277434075
-7.51591586645672
-11.090056786426015
-5.751684573016894
-5.9019551266448484
-6.433154041459982
-7.874798584472828
-6.559505734684285
-5.719131745034743
-5.9892941127824075
-8.530552157501333
-7.5891728548897595
-15.545337558674627
-7.5931859716408745
-7.849265283184718
-8.407893937716633
-5.7907418146193255
-7.243210863509311
-9.304699996089218
-9.940680535165338
-7.083776690538133
-7.152566900087151
-5.8071610957351
-6.029678891258536
-10.187979988503505
-8.407157341396008
-5.254988136406344
-6.975278007356883
-6.033703279527756
-5.433137427247333
-6.044711034506602
-6.042261772558161
-6.346046670172975
-5.75469947696025
-8.801784719902528
-12.000103540854106
-6.980483530755028
-6.0089629204535475
-7.141503139613322
-6.052222755077106
-4.850393750075049
-8.358402716406207
-8.582011294006477
-12.551271609336933
-8.1406213416938
-9.181738458519872
-8.309508939281223
-10.455577200858128
-6.654915278884581
-7.1673694472007785
-6.696768455942174
-9.74246260774895
-6.954148868709238
-6.034931476456383
-7.325730761658886
-6.276837327897549
-8.89366401172424
-9.183311398470074
-7.303868333934102
-7.8292610228179855
-13.687101563919395
-5.140240559696149
-8.94244311954356
-5.623977074596366
-6.587697347884493
-7.222307033904442
-6.703484681037443
-6.024827593648367
-6.739050704219684
-8.137714986636446
-5.587318998058035
-6.952775766043819
-7.502515548639295
-9.181802491320084
-8.081120667065878
-6.962415773898552
-6.973642783716127
-7.925579065394236
-6.566017438104633
-6.848551798443432
-7.411714319303755
-7.6196675103616
-6.53066267857542
-5.437235950671649
-7.632768558729067
-6.525883929340436
-9.903326505277724
-8.531764401252804
-9.515731406754306
-10.163494226897615
-7.294258325879993
-5.099788897636443
-6.639244827355983
-5.485093177212679
-7.312230600435188
-8.512363063249195
-5.041273636300113
-6.383073982523013
-7.273126743731636
-6.01437274191365
-6.03683076685688
-6.467121029510957
-6.197832118366257
-7.131722095057748
-11.1858341523802
-5.833167126440061
-6.369589970014825
-6.476896376578464
-6.883483828061612
-8.223713577371408
-5.170871702338345
-5.785161156706975
-6.416122443936891
-7.293243194343527
-6.136253392048406
-5.306357285201843
-7.768074983801088
-6.070943834804693
-5.748041335996616
-7.0861950500145285
-6.69863423970886
-8.174278123199166
-6.8883397848236765
-5.705743028580531
-6.08088062680169
-8.946267847556845
-8.396629656918169
-7.9463603093808555
-5.819560763888567
-11.845640174048985
-6.169166429361962
-5.923685677434966
-10.965733935919872
-7.041970233471151
-5.799474694183329
-4.993959510741379
-6.089163006775408
-9.74268280636495
-7.755794298560008
-8.643178074154124
-9.115906578628413
-5.093889104039486
-7.786340632972818
-7.602294805512833
-9.141025513951819
-5.114778883133812
-6.776140169319043
-5.8264234191291715
-7.823966987624811
-7.316879450987735
-10.21354471130179
-6.063300982748158
-4.963176349057974
-6.902986749175106
-6.73497904979122
-6.440552587458224
-7.577004258340085
-6.981117327617543
-5.246024954579553
-6.837292207366724
-6.15312846045723
-9.683772403033547
-6.0830741199856435
-7.456735616590124
-8.256759012523942
-9.766824252313599
-4.559265557127305
-12.41444458243651
-8.1319806530553
-6.475832732229008
-7.950503895958697
-9.79694466288041
-7.361840466517553
-9.724824377381148
-8.954252169101258
-6.981862812727225
-6.614031618477016
-6.67780035670889
-6.337857562406174
-4.869328231025774
-4.756868205096391
-6.521156313413351
-7.146288200215096
-6.166792485811571
-10.484980857559494
-7.458195074375126
-6.554420914593531
-9.328512666037925
-5.505982734409194
-5.293147989019657
-9.107875643352367
-7.632357181330988
-7.334852565721707
-6.088116146755941
-8.171711898552593
-7.367770368151106
-5.612167652911759
-9.04713119606397
-9.270761707795817
-5.010287207547102
-7.681383064870996
-6.470389966506974
-11.375089218144064
-8.329632962054562
-8.58176173037751
-11.107812020148668
-8.058020871813802
-8.6458277097018
-7.881227503711402
-7.705418998075991
-9.748603241184462
-5.8845440396335835
-7.61657943300999
-9.304779258367907
-7.402761959020902
-6.762083130881839
-6.717690209605227
-10.98799508689039
-7.179768080005916
-7.886133233461572
-5.930916572110139
-10.069215156445717
-6.067119841884415
-6.85428563077335
-9.083344571556825
-10.438188644164256
-5.046635201753596
-9.404842102620623
-7.838338389453376
-6.566296419443204
-5.441281947518811
-5.969102472295285
-8.075232963854296
-6.19896685318788
-6.292465018091386
-8.113301956808995
-4.959246419686514
-12.80279440079155
-7.172873883809141
-11.112407543666256
-7.345870568399133
-8.237644239715404
-5.153477083791936
-6.751519227949288
-8.983194013682532
-11.404072435869749
-6.8061019512009215
-10.672334500875019
-6.616887048124711
-5.574882399575961
-6.161994276735887
-6.504857318953572
-5.696270783059806
-5.895240231126404
-9.413371015771878
-8.931988018139004
-10.12591524259635
-6.932399908556256
-6.914930848302925
-5.362948062551555
-6.153391901853474
-8.2370416064998
-6.86344580570474
-4.54669868581346
-8.749799239904423
-7.278487038772706
-6.51022821787889
-6.010230260816792
-6.737441469406662
-5.382815728695585
-5.260329828868402
-5.556783668727209
-6.585645037353783
-7.08605799554074
-9.017998693343179
-5.599241461169628
-9.97565917732927
-6.035392753660576
-11.708872447408293
-5.880499339354905
-10.023872626169796
-6.124259735407581
-6.566595599740209
-4.860995580962797
-8.409858337056075
-8.892547210545143
-10.988702286371463
-6.101448982393819
-11.320780325654347
-4.797186204588504
-7.943038172201734
-7.828201523753561
-5.919697137756681
-5.960694618837942
-6.691481028331031
-6.63272361622151
-7.38831242695755
-5.720159431230577
-8.498002237337841
-5.250801331196137
-9.466745714850058
-7.074227684698328
-5.089880633069622
-5.56554148001793
-7.773159174916242
-6.157462402489305
-6.71217079588393
-6.0744228444190185
-6.749023655874499
-7.621615596246105
-9.058080953619783
-5.649211188066263
-11.300923390061781
-5.131659545194393
-8.454771527176582
-7.954166934419962
-7.89150153042724
-5.55913618306235
-6.214571045951103
-9.905122788058708
-5.956051802003498
-7.495158074868872
-8.765380740892239
-8.192140303778503
-6.363254748473253
-8.72417190614648
-8.55326788475055
-7.0729927908032515
-9.39776250392043
-6.863014406817911
-6.104186705192721
-8.152922970601171
-6.04672608112846
-8.358556693890717
-7.920363258279964
-6.410921332400778
-8.753421453686222
-6.788538030971854
-7.384016116383185
-8.16162900829546
-5.260329828868402
-6.802220183531227
-5.584930444068354
-5.461342613343756
-7.418087183059721
-9.745515647698843
-8.110312703473923
-8.553997801391553
-6.237548251239216
-5.556327175773579
-5.207917517913285
-7.543231600930611
-5.877677677046385
-8.630832030165104
-5.6761854638651625
-5.2230848553213045
-6.8288571024431475
-5.410681070438417
-14.295535602002124
-6.109712297575789
-8.474969064365535
-8.488696492517661
-8.613678217599597
-7.685282903541976
-8.387599643806734
-6.168444361772491
-5.236662379746592
-5.464318357274321
-7.023580480516429
-6.872225257611072
-7.967344399148647
-5.153302497462295
-6.285470752632662
-6.563971117395967
-12.216789606697338
-6.483524443687965
-6.068511158554227
-6.968153495734229
-10.08353078674194
-7.636358245978593
-5.428823061044898
-6.694308277900486
-8.866736723855597
-8.472263268436125
-6.860965203058303
-7.598865634083157
-7.428130515171821
-8.003813827456511
-5.747182155541841
-10.600191162042451
-11.485327822575487
-9.869420438838707
-7.574502828425259
-10.416395992564128
-6.176184358368675
-5.057145271068597
-9.317060216137738
-5.900977889989312
-5.219395957757557
-5.276951706756966
-7.492639752939943
-6.115200439037655
-7.977387613377569
-6.996792699752418
-5.329446681120605
-8.148303581322132
-6.214135553264671
-8.437026056308579
-8.082531564950825
-6.674365718402842
-7.000915489434688
-6.4313014334448075
-6.085109957564061
-7.547188901068202
-6.62649413902617
-7.793727612016375
-5.7616181457699875
-5.791883761098701
-6.77972133636909
-6.489312254999436
-7.647934988310308
-9.155932995139539
-4.5611185553141205
-10.421112645295153
-7.579284535281533
-5.1213705399860014
-7.450992177286227
-9.546590747599444
-7.026168069561239
-8.206470203893446
-10.259866526340206
-6.384122396712728
-7.144236765772852
-5.213074258341447
-6.24540832656618
-6.027603583685466
-10.892962715406457
-5.131659545194393
-5.510863134118565
-8.598748416826869
-8.55983640193347
-5.382716169921662
-5.850205616033324
-7.676187537631633
-8.164035186244561
-7.744703055945023
-9.465396708285923
-8.395804695268163
-5.583907918097579
-5.390706676726021
-6.175254197981349
-8.416467702948792
-7.733221285868974
-5.7050541293817085
-8.929741893796741
-9.869685660091388
-8.038544416040171
-5.093089295540333
-6.884772268244806
-9.557260082846314
-7.320998429938355
-5.452145913431208
-5.963800539031106
-6.403464460373844
-5.302819466491756
-4.920619481449725
-6.494218907572713
-6.804746066343109
-5.726744024612846
-6.7562123386083215
-8.161796924239338
-6.466572382944272
-10.558719914431997
-8.139695765810167
-7.208843998467276
-9.236808928547257
-7.345757027403896
-10.784192572553488
-9.431900950648783
-8.870950758729027
-9.522019766415518
-7.628904792618342
-5.6867895654584615
-6.355271533318943
-7.846918581913106
-10.456803116357614
-7.36800531737835
-9.155589239826725
-5.498930613662058
-8.050940974905021
-13.674576294209249
-8.442571318153785
-10.066016322781559
-9.249664928195322
-7.933368576903534
-11.944811024108322
-11.34416670121404
-5.502708811928248
-5.651076526690747
-7.378936883586781
-5.90585411690229
-6.996027758846307
-5.431282129109648
-9.59667353771447
-6.000574806867551
-7.8307691377964375
-5.755495312770129
-7.726585833359513
-11.161626074289819
-8.764400552066993
-6.9580192621101995
-10.447976011110445
-8.476284670893286
-6.478959224763707
-6.324620913102455
-5.6466864004974955
-6.106191487474305
-5.764846082836213
-11.78157053171774
-7.203511063936468
-10.767563842934377
-7.776357800530423
-10.453197681760281
-9.786283448625674
-6.957939035213634
-6.055754473405942
-6.669497022065973
-7.364923830061528
-7.930195605802094
-5.294624848755449
-5.685099326418891
-7.932925171843406
-8.51103794910922
-5.736264895265398
-6.395968217999702
-4.498902837281999
-5.124371162810234
-5.6995485873004785
-9.148225752607567
-5.98858168279273
-8.184783625071757
-5.218776327044482
-10.49375316785252
-6.0747463488847755
-6.361833577364144
-6.73603660863569
-9.435617935801332
-9.32440847994272
-8.247278011140384
-8.615285184080921
-6.744533062335344
-8.544658082452472
-6.174907521531939
-8.433689464757805
-8.01383696445779
-8.642594924979486
-8.064048169668805
-9.028986776730585
-6.41128679643846
-9.108036966482643
-7.558988526849789
-8.870855255481043
-5.636066380726768
-9.995856045078263
-6.551019967839711
-9.194999633264395
-7.509162419107629
-8.141874728660271
-5.9322140165110175
-8.02227455822795
-7.776350360716561
-5.870331947070241
-5.551976813512587
-6.739023805783472
-8.310943954714647
-5.92969238572928
-5.884166626917047
-10.493961588829261
-9.461975250196224
-5.441837787161522
-6.779407630831863
-5.569369803631455
-9.852687979765875
-8.897003119301944
-7.088306347578637
-6.886645857837981
-9.313057800378578
-6.6188494774721205
-6.673529374961935
-6.7820778175326435
-8.865086767672487
-8.32531841161332
-9.577459058828767
-8.767795496886343
-5.023545670688939
-6.814339581107261
-9.16381387913063
-4.9935157109576265
-7.134065817284207
-6.736056811495643
-9.218009867796475
-7.108662777686968
-6.682167513698809
-5.636232551415503
-10.841264306044165
-8.675421967168885
-4.977092843884551
-8.360963742271739
-5.784996289247908
-5.348750495732244
-9.850805036279622
-10.169044940651494
-6.776218179767238
-8.51497886492942
-6.375819422889809
-12.04892790733784
-6.5550112817309705
-5.3742684823004625
-10.813816314977528
-8.256765173464832
-9.37037914133063
-8.110655361563081
-10.803211933454026
-8.07656138861308
-10.447264686549097
-9.12514051665061
-7.886229745970595
-6.87084572160678
-5.823408748610185
-5.448333422843451
-6.47036251787399
-7.111192421218126
-6.722840435767586
-5.633605769061588
-5.424282022976307
-6.319290067183049
-7.007704785972777
-6.150118221758227
-6.390271724574866
-6.4558149739611554
-4.786944591391987
-12.641901548051797
-7.0087638038126086
-4.885947598698865
-6.501034804225968
-6.666160389254611
-5.792816994967857
-11.563348821389905
-5.228240657931474
-6.027714959509572
-8.659228978542128
-5.120418773194467
-10.040946882875472
-6.884951591152796
-8.856067501438474
-6.419607325531838
-5.755348080104181
-7.958214653522601
-5.71156051429838
-7.483099180634253
-8.276231518466078
-7.261255269301642
-6.956775813189852
-5.871293270810403
-8.102015917124886
-6.353206887100253
-9.68850150564638
-5.800202405604376
-7.386526546834922
-9.848230770263257
-8.759303115567697
-7.7708088994574185
-9.655632430631284
-5.319557971985458
-6.701723108285326
-7.708416496305479
-9.977383345388446
-9.223559618814237
-5.257075799372933
-10.017130378806094
-6.320616734500771
-10.253099118246219
-6.346495129503962
-6.479473216008081
-7.391649208732642
-7.689618051747224
-8.440531963542329
-5.7414914770028265
-8.18640938391385
-8.030750346596315
-7.566060773311745
-5.6051616896612835
-5.788967213407278
-7.8150630088617765
-10.255999699454433
-8.189938554872624
-11.220739850856802
-7.222014778896082
-5.040077856194368
-6.583470554585072
-7.51066963112391
-5.773539660699428
-6.049329164617414
-10.86597672093253
-4.7130424151176005
-7.5524510159342455
-6.469235063570291
-5.461602986465353
-6.811094345331236
-6.550611544431529
-6.562694764636936
-6.774192112789843
-5.840083803284834
-6.040314183948942
-5.251085338937283
-9.296069523525802
-9.016586356503772
-6.469741206445049
-5.706096693694761
-5.133350386201799
-5.601639655713035
-6.153630569759101
-7.774466825833505
-6.749659850568525
-11.734340009035428
-5.8246742729919605
-7.205499181640663
-5.256908037116059
-5.8113007015564255
-7.749683689361388
-9.370999104337084
-8.297295777030847
-9.225865552955417
-8.383062602932435
-12.390904380582496
-5.564612610371224
-5.56870171491231
-11.350579651993655
-9.3144430268114
-5.347706829755457
-7.040956913931125
-9.140448607594013
-6.341377833430118
-7.997210311145989
-7.893624257880954
-5.847954630660355
-5.691295347242461
-5.425127866579131
-6.7785512124232135
-11.319497769867352
-6.566874126077037
-6.874333391351199
-7.542917597808105
-4.768547939651695
-8.709577672638419
-6.769347533567045
-4.622954824388129
-7.89617832456077
-4.95169982212438
-6.368502364059528
-5.225846202502114
-7.700866517994126
-6.325319828557781
-8.251318563240098
-7.0645703689333255
-11.281642022311235
-5.8265663442889215
-11.208892814978896
-9.162662664132345
-8.67548498456834
-7.077598579442218
-5.707231707790225
-8.25812623677146
-6.805301454864448
-6.019239911010637
-6.389912178788834
-6.263913646287344
-8.164269332376593
-7.714140414645834
-6.812099850846661
-5.076646165857044
-5.760685045205666
-6.411453876637986
-5.968304242477313
-7.791647576405051
-6.65827156843686
-6.85543538086699
-4.8367161088007
-6.820590697177435
-8.96593857097763
-6.036692397932238
-8.629602274504556
-8.351135368239717
-8.016819899757987
-6.760947242818094
-6.2574733944395
-7.6443672016683255
-10.590092325403905
-6.545354242865106
-11.16075713714615
-7.0457148526028925
-5.5147466319494844
-7.798374892680694
-5.275877155635459
-6.002714041047049
-5.860342293235117
-6.972106546956606
-7.018077464903364
-7.830716997979366
-7.9857042346248495
-8.116215521230615
-6.278978742872886
-6.129295253169161
-7.742926028906938
-6.682045831588408
-5.474586571967511
-5.108411088389702
-5.926845978403276
-6.129631486991618
-7.152289601117286
-6.341556527460901
-7.48803793264004
-7.0214902406869655
-10.10370551604672
-8.899624799297925
-8.98514337177277
-6.482373278317562
-8.155272043434088
-7.521261492639303
-6.339480155119907
-5.520367323700214
-7.768163013473686
-5.343857330360461
-6.792009242095799
-8.045779928771196
-7.168651665775769
-7.592682065329001
-8.536299537666372
-8.069193575561714
-9.357201064790177
-5.856993457445124
-7.007178892051672
-5.4268642629228125
-7.265443914102728
-6.010096404822505
-6.577700110849544
-8.219602820456775
-9.718688130747486
-8.7769789225
-6.749140245392782
-5.101282086967595
-5.311375669941646
-6.719442680001739
-7.0020550422417225
-6.485584457298336
-7.913745769112942
-7.827205337885853
-7.961711099767231
-6.862282400610129
-6.498676559556503
-6.8146268483187455
-7.675936004874376
-9.412837570443827
-11.320691055215349
-9.426562816096
-9.417492199032129
-4.420139518726061
-8.00900247260613
-8.798822228381868
-12.341321320513037
-8.000469519428114
-6.623578461299463
-9.270613488121889
-6.88076929153473
-4.866131715016814
-6.375519544786501
-7.984547504737619
-5.064767926931265
-7.432845419184858
-5.5773531465274155
-9.22377205160881
-9.180457148578872
-9.693823976092295
-9.926534707548791
-7.620466305325687
-12.498831735299584
-8.26870611593035
-5.476029427289612
-6.3195004976808065
-7.491467381951159
-9.041013680396736
-5.826966281405474
-5.969322616956313
-8.008322667096348
-5.7295410914715665
-7.2530599969080765
-6.412334540332801
-7.701588027431625
-6.665150802999652
-8.235168347652174
-5.040297354191843
-5.940378412455963
-6.5188924931927525
-7.233065401050286
-8.638671350999843
-8.226211447097137
-4.926256233402771
-6.9785274259036365
-11.59739494034908
-7.154426178219734
-6.262901777728051
-8.735828923849922
-6.326244253723367
-9.472380554055972
-10.710015807741534
-10.117315314991615
-5.76382827390185
-8.722635717004225
-7.76753651791277
-10.156916872380293
-7.27079234495774
-6.674179816069187
-10.0238881336977
-10.472754490987198
-6.9475442117074895
-4.799099187986154
-8.463407916344774
-6.694236546928804
-5.200001431257132
-5.902877439852181
-8.060532456374952
-7.106983720005055
-6.888392200434064
-4.960942161416474
-8.321436782289387
-6.835188722948076
-15.424783677317693
-10.941383847753078
-5.252056243019195
-5.376267977245432
-6.606695682252506
-5.074304674023709
-6.134564452148479
-6.157819315682475
-9.07366607557961
-6.919447719397547
-6.6687184812224265
-7.466636753843738
-7.796940993349705
-14.078887477297542
-6.797749783994423
-7.713486097822298
-7.086907679023415
-7.696788937427628
-7.413757656855559
-8.387612083249795
-7.847969911285949
-7.2512736306935395
-7.89203324797484
-5.3792559392754775
-6.875972151498231
-5.7140494361072465
-7.431775949607488
-12.244060938275208
-7.112080252936106
-6.7526857461000676
-9.316121875313785
-10.479947144796995
-6.415069559626536
-8.55523442589054
-6.92242683761564
-6.386745372625848
-5.186941470486632
-5.614022952552288
-6.009670550316015
-7.156037686723595
-9.283663720772033
-6.2899078065387135
-11.933606083991707
-5.950112557478168
-7.531111143166764
-5.9894872584448615
-7.824315530423585
-6.933424112573155
-12.882829048601263
-7.231914113957739
-6.386261986026385
-5.907287882339998
-6.935522622272094
-9.437684729569083
-10.026899105596874
-6.452942420329777
-5.7548296364447795
-6.9797895732976905
-10.584509078835497
-6.580791657990182
-6.596190155253267
-7.529434085337861
-6.212601759755746
-7.574639466676968
-10.956058333133265
-6.927043922320699
-7.430402840871628
-5.5633258039444815
-5.401608682524492
-6.663324850405741
-6.123366628358431
-6.502079066179941
-9.205670299565995
-7.583125761259041
-6.8685686760226785
-6.77619416562518
-6.490248374909485
-11.83376182480748
-7.493442258213832
-6.713686786864475
-5.419107765130972
-7.78548505329381
-6.276327643404405
-11.138317273844285
-4.988763476475715
-6.74720028010932
-6.160617044760704
-9.454295974664129
-6.867958865976613
-9.699513245575965
-7.547733042521162
-8.143374190263021
-5.297731610137628
-7.091074411763291
-6.109998886085192
-5.108411088389702
-8.34182449155045
-9.262277678693263
-8.196295926997452
-7.583280034085351
-6.4457548710889725
-8.897865559374555
-4.7792616035876065
-6.417144155267911
-7.892452657775375
-9.445646481857978
-10.4688153821509
-8.584860373607464
-9.041772112957085
-9.356076295199044
-7.84464466171874
-12.53829791047097
-6.31117611185146
-5.499976929993955
-7.134547582666738
-11.818812313945077
-9.809195754178038
-7.989830766558115
-6.839874508901238
-6.138320196758565
-7.7017093344175995
-6.693545451504083
-10.941253692105185
-5.989060452030307
-6.743346656306883
-9.177796440075024
-5.7490643498309275
-7.804567714078057
-10.380068281018557
-8.946686061191016
-7.066902709057348
-7.631903913282702
-10.634247655627554
-5.459815637382377
-7.5701741690218824
-5.521042925320393
-11.739848953227881
-9.440497576839775
-6.990939833617493
-5.556735230123049
-6.632814909843916
-6.598644335330981
-5.420061871507209
-7.236050389755164
-7.234469214684288
-5.544684585688606
-11.896825317146478
-6.180374078846989
-6.877769408229762
-6.50355338263908
-5.257062265359749
-6.072954504552082
-5.506604762483526
-5.636134722592012
-6.736989019773782
-7.220212719213046
-10.938916395323652
-6.6758306108909595
-10.573675350448415
-6.48848524533407
-7.974279800657098
-7.923654990110819
-5.934301481627089
-6.4611948705828555
-5.846711750683385
-10.156571085791137
-9.596633399099321
-9.840019836359794
-7.855322036777669
-7.849960837838108
-6.157303997563316
-7.339465853899837
-7.346365439780429
-9.854982321535681
-7.414244574310686
-5.978611702429228
-6.411442544998462
-6.759852403721728
-6.089113892347816
-6.720026351819353
-5.122748147783741
-6.632614930235089
-8.19273016898424
-7.79392791929027
-7.2158530426483445
-10.014530763083147
-6.147344170973811
-12.170556276521117
-5.671217868983966
-10.796183475719719
-7.029916035126183
-9.42995213328873
-11.168951513754493
-8.007167218858298
-6.995239558405352
-7.890582266899053
-5.347888056300574
-6.788391218386424
-9.252433361645728
-7.280924130050613
-13.251596628297364
-7.131828214477886
-9.570852509174319
-8.975807031417594
-7.887432631707847
-10.086356227388789
-11.584630435563488
-10.192808491199564
-7.962016016874393
-9.29101302900058
-8.103349781336158
-7.622078662467558
-10.908394102444309
-7.0610369612333255
-5.7229460463490245
-7.932224909646344
-4.876684030126406
-13.042858428540576
-7.637865359687404
-5.469325968503777
-5.343349407170359
-8.574669912346534
-6.538428813076223
-5.931984281280366
-8.343938126881296
-5.322553845748899
-6.941489587937671
-6.246997627868872
-7.350686541143638
-8.071871774631262
-5.170686560998095
-5.376267977245432
-6.582793610936047
-5.798126803596948
-6.0245579861077925
-6.4016821399346
-4.923121647648302
-7.860017661823206
-8.877969888342005
-9.619524351709586
-6.236518858624645
-6.033941872103625
-13.477882846181652
-9.927867849649289
-8.089729790374653
-11.201485985531097
-5.518557976934107
-8.049068250554361
-9.976772933482671
-5.884607117907774
-5.005205984954591
-5.286770177242327
-9.024274327061804
-8.424066507675125
-6.745174475828452
-5.5716091857841565
-8.71345533823178
-8.04202766815913
-4.520919808110483
-5.520316060307
-6.6204337258238795
-4.7792616035876065
-6.615592583441841
-5.500273465890913
-9.38374232966212
-5.65275561207121
-5.4777984257963555
-7.279266334312414
-6.750403698134917
-8.347407288388856
-6.354110348221588
-7.565328424472464
-7.418521083378162
-8.623839268915894
-6.403250230611683
-5.710931270455552
-11.473954546940211
-4.706715334831019
-7.858553406359238
-7.932652488430508
-6.193012784280431
-7.994582851239726
-6.547099571105579
-4.714272424003992
-8.093295058461539
-9.796017057823116
-5.36093580952058
-8.191838124352563
-8.12406880528572
-9.6454430752684
-7.109763026187585
-8.597199814977381
-5.847920747584309
-8.143009401890179
-5.413504372665341
-7.751626120293914
-8.469827524103144
-10.139365871179505
-7.699365229751465
-11.496411838681281
-8.366644978118499
-6.959961363139442
-6.019003643204105
-7.4167237011587686
-7.939978444499781
-5.331543560004153
-7.20466882815674
-5.05989216129645
-5.383229923156665
-5.322189773619904
-11.19424377426578
-6.124092500413948
-7.348070134100537
-6.788921948468716
-8.822618594280344
-8.96843075601176
-11.060905682848889
-6.276572964339604
-7.415412495295947
-11.105367837335818
-7.097779247613887
-9.054780871208942
-6.380183569988708
-6.431491973415579
-7.841627331620604
-9.044294118932765
-9.975595365715101
-4.691182140379366
-8.16813452074675
-6.6787310704353535
-6.2389878615085435
-5.797828293871648
-7.70392317521149
-6.523675439914176
-6.9356342544261915
-12.214134141474652
-5.648271105560963
-6.749155132548802
-9.238106489379074
-8.051583526854477
-6.1059281463981465
-6.420292709689396
-10.52229308163725
-6.85030939044211
-6.015887497224678
-6.504478578051716
-6.914152745546364
-8.011811809241687
-7.473229418960728
-5.131659545194393
-5.819607978224093
-7.152492320381408
-7.934471552243765
-6.043964536908424
-7.289039378137566
-6.1631585007058485
-5.427701044439471
-7.023067714381907
-9.936949333290508
-5.852846206335952
-7.927490918146805
-6.9825331617078135
-6.722043610994248
-8.695312751498708
-8.236266255898515
-9.086099899384415
-7.048239907827516
-5.360079970585244
-6.869216645513444
-7.439588380949414
-9.124575865160164
-5.669582436904315
-5.228187131137559
-6.2998751572922735
-7.5677941695177795
-6.313435151633994
-5.4567532800711565
-5.2909654728814095
-7.188355285566126
-6.552088808774162
-5.4053260660077065
-7.845695533992643
-5.912134961147355
-8.336733841376837
-5.505774389100678
-8.44228469249074
-7.034703623157276
-10.657459742362034
-10.097208208861407
-8.184678951715625
-6.468007480208702
-7.971453368038626
-4.940484945130077
-9.744313448201586
-8.640835535996246
-6.5741754169766216
-9.655845357588467
-6.894731264954094
-7.8648951698613185
-8.9335067455904
-6.232460196069291
-7.1050313318017
-9.32133977148497
-9.684191088583093
-10.738492047299914
-8.559236037200419
-7.511624861411704
-8.728586519535662
-9.713968626012715
-8.601637639640273
-6.150006484338193
-7.082910778081689
-6.530438226766854
-11.600442268127203
-10.84352663165081
-5.795736794981663
-5.863945484270353
-7.783089608092183
-8.29569535919678
-5.8459693770018495
-7.774335344699033
-6.405473441134451
-8.94610320401449
-6.648432503000706
-5.231340375901683
-7.183547086518562
-7.625938743612976
-7.466889741462044
-5.468952904777562
-7.826930255291333
-7.306970196622061
-8.934823646367581
-13.06553765168993
-6.363044825928596
-7.912867235101705
-5.770002622615453
-5.717633014215434
-7.354824078957516
-6.62962857953409
-8.287819913899819
-7.173809873444374
-5.762977631502961
-8.399797621553635
-8.397850557137023
-5.37881274704344
-9.104991239845676
-6.274977663436544
-7.906356873849744
-6.404844525663592
-7.628229381334406
-6.54180573802171
-5.754191164299722
-6.6240484327925255
-5.664582199369034
-7.977767139425126
-6.576666036190919
-7.801638420138261
-6.872176411844043
-8.56282257802919
-8.702475914567689
-5.518845046789201
-7.370012026706713
-9.233434696994806
-11.807339034848768
-5.5207063973972215
-9.298680943500655
-6.186871900616185
-9.092462402097725
-5.5216033864645055
-8.71740317377612
-14.003252286993437
-7.140957510422108
-6.473210471135129
-10.114395994180375
-6.281835688582354
-11.525894212869305
-7.925988068840385
-11.198376462810057
-10.40893859054685
-9.130386852714876
-7.143616622384309
-6.890490666754183
-10.944747542271676
-6.570575382847545
-7.908981431734431
-7.79179049398788
-7.861356072314632
-6.603915203540656
-5.989405401052599
-6.502326013091157
-8.769387207211672
-7.104780395342832
-7.571707052578772
-6.162875388962513
-5.7271219675724705
-6.330300239961604
-7.971730141329426
-5.98215905305183
-9.648941869246185
-6.185635467276251
-4.871813103016323
-6.4851627360733985
-7.050404943300059
-7.0873579244733085
-5.622710151452693
-7.864005668513781
-6.2524401860837715
-7.508191263314893
-6.310281126525434
-5.8087910999156405
-5.518532984931111
-7.1473438901993545
-4.559511900006791
-6.934414333930527
-5.390438677422689
-6.161749605242693
-11.78056343156184
-8.359922682665122
-5.703415702646835
-6.509487499387928
-7.449018267977109
-8.675123198771544
-8.79183550128014
-6.100365761326352
-10.92435463977726
-5.804292998243617
-7.918220903305841
-5.211919478470478
-9.49640285036116
-5.968451411723908
-7.755741162138716
-6.724897018583035
-4.251431141850524
-7.416363020292813
-6.47788507538163
-8.517347189384544
-4.9492611381597005
-5.527004603233628
-6.778587211509951
-6.408973759386415
-9.175959036673344
-7.178299135019051
-6.789074042170814
-7.632407359086791
-7.265021352031583
-6.18417437427727
-8.940001550009141
-6.293106420033261
-8.18104307490242
-6.3746269653991465
-7.97817001570777
-5.391597362226947
-6.766992452354943
-6.399215853953887
-8.611701577827352
-9.528018640389625
-12.772802257367028
-7.263951130004408
-5.055631305502807
-10.258296011963868
-6.341572409588802
-9.768784594428855
-11.549992148743925
-5.560088367718267
-7.7072003552562105
-10.213460780090061
-7.512064060683837
-6.813083981164521
-7.993264149233734
-6.664105215530128
-6.706361454370258
-12.13429727778799
-5.767512023462402
-7.359705758392268
-8.105884058315134
-11.107383469905779
-8.492194451352615
-8.687546463988493
-10.204940821590286
-6.688938596247244
-5.740456327516981
-7.292770945566641
-7.635216258142128
-9.404466237908172
-6.179651129877652
-4.751636958205751
-7.862980725667933
-10.606095402444295
-6.911730576791977
-7.411307624635526
-9.211638006114164
-8.92436773366304
-6.143765523523042
-7.970870242683912
-6.936980148277156
-6.992102247570421
-5.44001002680646
-9.095795176349636
-6.9257304697680855
-8.262145723792067
-5.064982967218637
-5.913386840888691
-6.474883614858795
-6.5295264215656825
-10.377618419878047
-5.140240559696149
-7.639790273052055
-5.540017180223792
-12.03153935736944
-5.994048749585155
-4.420139518726061
-6.907742930806651
-5.354298621620537
-6.931180794946126
-5.998751491769995
-6.640225642721569
-6.690500908516809
-7.057950982229385
-7.947171842343006
-6.614106776503617
-8.916599032911888
-6.564353919413506
-6.375643380360966
-7.623891605553708
-8.043560228471229
-7.504783402133701
-6.152403658810122
-6.232404291121189
-5.743935924417869
-7.351585561201008
-7.2379661725248585
-7.613783447186432
-9.317618201750683
-6.086657452498313
-5.9529694438957925
-5.953348830123623
-6.772979593557822
-7.626678438519207
-8.915018901300787
-9.357697513891058
-7.876927254491321
-6.655285956177675
-6.214651304388663
-7.909044138844226
-12.545895604643903
-10.511561961691015
-7.560744176616217
-6.344302677988034
-8.581281353524991
-6.449456462715523
-4.769046893842825
-5.833158907105649
-5.782910888167229
-4.90547238780089
-9.063095514219226
-5.385225793083903
-8.993755988341146
-6.253911023551797
-7.961598998949171
-5.954844908375495
-8.753812326446628
-9.856921784854253
-6.1020426511842665
-13.03557999922103
-8.006150774593035
-9.26482738035105
-6.705455285704837
-5.93767154137876
-7.1669417870290415
-6.498701712192328
-7.538833077864946
-6.55599817010304
-8.279563840074005
-6.216759942829342
-7.772522254235622
-6.15519637750771
-5.973565812862018
-5.813435956218264
-8.946530869540663
-6.1405733242265725
-6.1273324881499995
-6.673837061739484
-11.914005601395285
-5.772324193039216
-8.41375966553005
-5.742232008504764
-8.359689041838141
-6.2418784415986055
-8.303519164750695
-9.770066774098204
-8.722198833168807
-7.2104674164999984
-8.217602678117649
-7.616734328104725
-5.4453036699315795
-5.3220614571923965
-8.815222152758695
-8.048793198712165
-5.322904810249876
-7.914472597646907
-7.501835652045457
-6.63967641929048
-7.872030467405125
-8.154041965468721
-8.272077893254352
-10.998309393542694
-6.1593746769863085
-8.84264719740591
-6.64470494750657
-7.537172080726128
-8.63168917770155
-6.718127811693879
-5.652961039831783
-8.978914594990224
-9.519370599615389
-6.0446122564087705
-11.624422387331132
-6.01294139949585
-12.908395050986332
-6.035065294059588
-8.25301231189739
-5.275877155635459
-6.632618684632415
-7.509232131135988
-8.992000916732884
-7.230852603387674
-13.840661852591472
-6.024452392067398
-6.046088425084934
-5.426475908919859
-6.183246203932022
-6.320714722415946
-6.443645648683508
-10.113820617379757
-5.630674979888795
-7.017340717579107
-7.892274330203119
-7.260290339225617
-7.6792581628935945
-9.381010823203107
-6.267819581114528
-6.025410137470709
-6.1888902782376904
-9.808273729829896
-7.5707286865735135
-5.678399062864781
-5.9516894034264505
-9.432019735417782
-6.483815754088493
-7.015306537636785
-7.749600894863854
-9.578217876195337
-5.762940694183331
-9.963706550112681
-11.72308807570097
-6.167348311233345
-8.449071637623808
-5.481043812904897
-5.239097648813867
-9.053709348624697
-12.184255706317527
-10.878410752564024
-7.861794955315397
-6.741709144448944
-12.259188522894917
-7.136475848044703
-5.898952481582645
-8.962835778822484
-8.286468163415107
-7.157299458273158
-7.232599180927043
-7.156668832689621
-7.687497620353786
-5.851759148021062
-6.412026204117716
-5.137920339826136
-5.569838267076556
-5.787447305874515
-6.231285910456399
-7.541609037760523
-7.93010925792346
-8.983825024122986
-6.436885671548304
-5.825879442109807
-8.583035382460471
-9.177773416621928
-8.341247053376618
-5.224789978381229
-9.249118110679323
-9.394987031583915
-5.437411099090175
-6.7810893170353195
-5.8634910822355675
-6.069862111260874
-10.347088912199824
-11.550585043824142
-8.443894271738497
-7.94289298555424
-7.195665477002795
-8.457135098087758
-6.908277560360804
-8.775676785697662
-11.390373892635973
-5.745989611462197
-6.431830171785979
-6.366230511257287
-5.906594455098334
-8.961746217906231
-5.477968475530103
-6.900901221188353
-5.674105123532535
-8.038895887747074
-7.368707209071992
-8.207235768994584
-6.757208660576371
-4.877273230262079
-4.817155252313228
-12.317746478625542
-9.898551491030119
-11.33116258426302
-10.788067445298369
-8.204758457848097
-6.192990591110981
-6.60293616025886
-8.295945802165239
-7.047473360163619
-7.027601331073816
-5.85233463041018
-8.810012691378294
-9.662576234056337
-10.293920179335661
-7.671373874097112
-7.620315443233977
-7.632598107500214
-9.681519920877102
-6.409862516424584
-6.0311826914762126
-8.802918599539739
-5.156700130900711
-8.8751589024192
-8.253012081476312
-6.889056540478636
-7.995835186997357
-6.820975265363181
-9.322142019800118
-7.275362041550772
-10.001042604953057
-6.281633905784774
-5.379796467205887
-8.178592048010833
-7.27793551014356
-7.563296070649421
-6.273484417626495
-9.81255986015525
-6.440447563273385
-7.769729781514879
-7.8745394713475445
-5.489936974596919
-7.684764442304775
-6.8688288173243155
-8.337518355356917
-5.393417201006925
-10.319623433660759
-7.025653080699371
-6.031373234495784
-9.480347172037645
-6.317882127466765
-8.400508484541094
-7.287904649917497
-11.769854992906545
-7.2258355318043925
-5.107429171316261
-9.662817746166192
-5.421736183047849
-7.323948485229787
-8.015549836368251
-9.682697971563453
-9.700208242336283
-7.577723608972191
-5.551796606172007
-10.0751696224393
-8.41126085746014
-7.7563068774587585
-7.427734271482763
-10.633035955129534
-6.7621768517598575
-8.07595870798432
-6.979572920339706
-6.1907036413066345
-6.539013106520449
-6.164999472429439
-9.83372540620749
-7.912779884157433
-5.955369215667186
-7.92624832578739
-7.354429672691662
-8.815665058031547
-6.955342685449186
-10.820930941323459
-6.483313763297885
-4.775445388346026
-8.43636674753695
-7.860616639064732
-6.232101597162693
-6.1280508315828985
-6.431575652577337
-7.102314703007839
-4.777377571844452
-5.7309429183002205
-6.2252512425133055
-5.526599411671883
-8.451204579092062
-8.325809509757029
-7.464588443927181
-5.478077580532065
-8.386197917251701
-4.70479007092521
-7.86498328419789
-10.20418837030926
-11.89422587045303
-5.807562876529626
-6.254712025929174
-5.7522881932245555
-5.156117791542814
-5.903345101307501
-7.8970425240860065
-8.415604690200581
-7.285457353509762
-6.183923653123863
-5.4752546850076245
-8.317517591955449
-6.141198386431434
-8.939502757083297
-7.5074350035758775
-6.094195246905499
-8.626184033582375
-7.316709430907168
-6.94435714741719
-7.18222344762254
-9.442228036353146
-6.69804802402305
-10.541455314147361
-8.413709652095777
-11.262129562337408
-9.125170304940944
-6.093625482819562
-5.160452679577125
-6.097200031692944
-10.209922101977888
-6.981397174505719
-6.174580981365715
-8.110036407465142
-8.174028007203804
-7.230332410576448
-5.10253792985906
-5.9199436474211184
-11.28826953481387
-7.537219945581941
-8.16376692767929
-5.817411789948964
-7.667766978192749
-5.551064205673217
-6.5476561369202635
-6.834226147983045
-5.1653706468528915
-6.126221033510558
-7.306164959098247
-11.212495544133759
-5.93899337776411
-10.651203120047235
-6.108760978686391
-6.6591633885740675
-8.009251954262549
-6.0568450416828945
-10.316637777942782
-6.5103155344000445
-5.803034700402339
-5.75427206586163
-5.676266599334662
-8.049438919768589
-6.178123585667643
-9.070653540696485
-7.567827309204257
-6.822102346035448
-8.316825666053862
-5.048863200582022
-8.72280884284321
-7.839196480272782
-8.276594984803872
-6.6145871994553325
-6.984429475416346
-6.929338970772403
-6.705337227340523
-6.722250335587622
-6.269388133941204
-7.9809694388124965
-7.711105112108492
-6.213555955477529
-6.757818781291403
-9.819191668138702
-5.613067680121177
-7.974347992365339
-6.2807127758756085
-7.352877072911708
-7.393018255319889
-6.4776557971981665
-6.892090345591674
-8.408920492875788
-6.086272849100864
-5.621826955982662
-6.5405687737231
-7.216413517002512
-5.8501704396784096
-5.723045609232187
-7.311441940986179
-6.043061569909932
-7.361608469257275
-10.461449075118415
-9.096220126525548
-12.262558104332623
-10.697623213431072
-5.758173630140108
-12.759123458147771
-8.118029648386136
-8.209240371660455
-8.493057614405554
-9.860976834489819
-8.537202965133636
-7.4918854974013165
-6.8405570385560655
-8.94840180976944
-6.970682883768007
-6.129770457467651
-5.795801180444268
-5.195828763892223
-5.598560258556479
-7.974958419133534
-8.598741555548258
-9.115982202431296
-7.053347077610832
-5.345011836155482
-8.711753126440247
-5.272614993336156
-8.585904772019692
-5.851566154282045
-4.9355483943792775
-7.826943996432851
-7.962200675034169
-6.644286217399945
-7.339102823931443
-12.128880214122553
-8.161095593929161
-6.565807095313837
-6.297815002344505
-5.149110174310239
-10.300122587155162
-6.900723491973854
-7.95551237253769
-4.704687994195491
-7.832994889026913
-6.364612539111286
-8.765395439037114
-5.193532575911875
-9.903426562859504
-5.709892365949529
-7.66753472669254
-6.130551033032373
-7.2795456265033724
-5.539498987668536
-6.020511168589268
-9.573088084817739
-6.868680709592346
-6.341377833430118
-7.053634631492582
-10.248163413659382
-6.030977813469803
-6.584703370528943
-8.462521166152017
-10.46048599586557
-7.5725857390345235
-5.191081262177469
-10.03477337157957
-8.88230872230142
-5.04304284542198
-7.502669153547278
-5.96334131963265
-6.044558659704979
-10.651057177466322
-7.746252858842025
-6.07733119997335
-6.38793642002606
-10.157332942721316
-9.863027942178755
-6.723102737418694
-6.519617050997813
-11.121650574584406
-9.982215216242329
-6.806178026758257
-10.245604386880599
-9.130407739657867
-7.18399972793537
-5.246377668191058
-5.813138485696997
-5.536782638970816
-5.980207723556916
-7.5507009269150975
-10.003304808647314
-5.89427099002274
-10.5580806033041
-9.565388338019012
-7.319482697730006
-10.479923204671012
-6.0375674538605075
-6.185664127354011
-5.098647759254499
-7.643921068552789
-6.968335645320381
-6.8479952995122
-5.7912504023839455
-6.811272414140648
-6.397509005488781
-13.94652667271005
-8.360031322449089
-6.911923218729314
-4.959901608386206
-7.17642210291166
-8.063304936149033
-7.4000049434430615
-8.022219871448893
-15.73982608489307
-8.336660002841803
-11.07691207885948
-7.182724477329899
-5.454794630140493
-7.799984550454653
-7.816615062383583
-6.861482484095446
-6.994556341729972
-7.994826881884017
-5.564232646998358
-6.613034802751275
-6.451776219877769
-8.643029767628713
-5.098358394558072
-7.384881944915301
-6.688539066665951
-4.808774378891833
-10.663676450308662
-10.383647044226953
-8.931393081392482
-6.787951945148119
-6.279835238041594
-10.917199209748873
-8.03571128211867
-6.717142917450641
-5.998634761950637
-10.6939961621814
-8.952081059117411
-12.844493111982606
-9.056477164210525
-11.845717807088585
-7.820114479583692
-7.739916435041901
-7.537606464169239
-6.523915832625513
-5.293817671962488
-6.372090451150256
-5.188974210563301
-6.486876815391756
-6.651136338759438
-7.118346048964617
-5.003429143082153
-5.887922831810233
-11.766468546634846
-6.543879299899898
-5.126938002439425
-11.376454936281014
-9.600791274265237
-8.53139692030072
-5.441850286030982
-8.966243617741403
-5.230410428822767
-6.343269273225628
-6.564996190667548
-9.337867368682824
-8.71056331786912
-7.760024233465865
-8.069414905028333
-5.878320746251966
-7.054601440280169
-9.769079712716229
-6.662633278380988
-6.097686382056216
-8.061427554086595
-8.617634792134494
-10.936044626663723
-4.887741418482372
-6.5047252117940575
-6.12618349732705
-7.963294804234335
-10.863983982008612
-5.402183900024795
-9.811070754506044
-4.995643750257439
-7.05440203060235
-6.58634741420582
-7.896092188200283
-6.529664354094242
-6.307828991026347
-5.799373101059638
-6.291704360244324
-6.822911303815778
-6.278076041536116
-5.141356011290369
-5.33436255163952
-6.632800524940629
-9.604327119427118
-10.038326543991417
-4.838629311558046
-14.631288621529215
-6.400842938866315
-4.440605272346129
-9.209896671817319
-5.063337794384352
-9.23553119710278
-5.972515770766655
-8.022315672215893
-6.705521232927204
-5.921981019973709
-8.175007387264314
-8.363155916886548
-7.7121097642225
-9.245677291357863
-6.083995639667235
-4.764110119971654
-6.204384171425738
-5.83023425166211
-5.601640987222456
-10.780718667826442
-5.8485695608559185
-7.795636386841237
-6.753640439779997
-7.969274368742963
-9.964419582931036
-6.96537961312887
-5.429374705520791
-8.087686418052218
-5.6617103780963856
-8.314856426901956
-8.365582204990966
-7.003657920357856
-5.261272754507299
-11.872238768185346
-8.375290923618035
-5.393197116559002
-6.425867776593722
-5.6062342853664715
-12.849108934505317
-7.163029800756176
-7.32864455858867
-7.9464857090348255
-6.2231188436402425
-6.225400543908819
-9.389214914122308
-4.669641924977302
-6.798720887651026
-6.027989620760814
-12.389564288456421
-9.664814716473176
-8.733182911828864
-6.705337843127195
-6.489241109919106
-7.435375981200452
-6.190657635572607
-10.76868812706105
-7.172989931636996
-8.60728684725566
-8.46825129773289
-10.13870930276581
-8.439071180983241
-5.844200866008179
-7.701361986059459
-6.346531326094899
-6.702388293667222
-6.204580333422035
-5.893678298698991
-7.210815583424565
-5.460517460382129
-6.373439493645053
-5.602496075398829
-8.046985337337961
-9.722602124180911
-9.526007833121929
-7.884826990753351
-8.601690539104634
-7.353751947402684
-6.019734820531177
-8.706459856406639
-10.534797116801206
-5.919214590861193
-5.038503203389543
-7.008097237598366
-4.890409651341424
-10.25148634852787
-7.03955405312568
-7.658682347315032
-7.85812371684437
-6.092965186128361
-4.966069480482109
-8.982464563546118
-7.593068305778782
-5.3613389097981
-10.109854875942625
-6.50020558691239
-6.2515221452910685
-7.327415192873917
-7.1770207304500335
-5.174384844854979
-6.132252522050396
-5.746246358624527
-4.782326038646723
-5.168989050991505
-6.633867951574947
-10.175322890160475
-6.193960745653018
-9.45135839129124
-7.833664583330956
-7.193758023255121
-4.978859211718627
-6.11745733111374
-6.545512257326076
-6.380787700729977
-4.695264184354066
-6.611999864510395
-8.040883110331572
-9.798593906012353
-8.41719824961382
-5.669372978391973
-8.69427360883975
-4.805526016082537
-10.286890493516966
-5.856028733044071
-7.15483847346101
-5.955910212343925
-9.097707391198044
-5.050074908952501
-9.580911589442495
-5.088686350256583
-6.612017160485159
-5.188998782786492
-5.124241472149991
-6.6686647681071785
-5.371712756495722
-7.966555059623425
-5.8144048287975165
-6.518328931038971
-5.778646854040292
-8.715110270578379
-9.106293005898376
-9.595995896959117
-6.661226878920532
-6.992251826923882
-12.187056894752327
-6.1081887372552695
-6.885385130415286
-8.20007637290533
-4.839250241565119
-9.412265852956452
-7.925446238472086
-5.953438726235822
-13.286732950133679
-6.986899897980022
-6.801753005031437
-7.909770070407834
-7.672938781488214
-6.577649209870455
-6.327150904712178
-5.538253507767872
-5.804496572553195
-8.041612940505784
-7.867645931129838
-7.565595681653628
-5.603402466290372
-5.303958639430577
-7.867834922521816
-5.012652692861742
-8.170678522232052
-11.027021898697829
-11.299519196148777
-5.65864433409973
-5.566289512614201
-8.947021764268559
-8.353234195390392
-6.929773017502782
-6.468643946315138
-8.522440261739735
-6.960727596277037
-7.131191830257009
-10.437851486242206
-11.98453736104342
-5.0964007859996245
-9.438901414551598
-6.256022409106283
-7.235767419477553
-5.9214929521211745
-10.274845325804279
-6.8537581921165485
-5.2552665820568585
-6.210086204958555
-4.993260632965632
-7.0575563521466576
-8.139324232691807
-8.68290134445118
-7.124845391352153
-7.636878475051916
-7.816151990032833
-8.145910826369333
-6.997940914174281
-6.708444786943063
-10.559414334979898
-7.581988770795467
-6.983100834231908
-7.749718559520684
-7.975111869355196
-4.784642513800861
-6.24975035148526
-6.883131085825021
-7.2842575124570175
-6.095724289267955
-12.714321838527104
-6.477840010405431
-5.896124013464012
-6.314320243430443
-6.497433626785954
-8.971813947241344
-6.192276270382739
-5.716515963177978
-11.622754515010831
-6.859325850640459
-6.873245994429099
-8.835191848362864
-6.995201205626621
-6.037636883744382
-6.147413659036881
-6.91213161207168
-8.454794397197496
-6.691180095652213
-9.692945978853304
-8.620079148922445
-6.87648894512038
-10.322753067753435
-11.092465417751942
-8.206513082699876
-7.772215223260075
-8.354288951503351
-6.205168387809726
-8.253836364730418
-8.464901530652343
-12.406745772024259
-6.951516793895538
-5.410240719073409
-9.807570239753403
-6.671455554098791
-7.662572755327052
-6.2308875889085416
-5.246467708646533
-5.698021506737666
-8.87285737336183
-11.143467379421368
-10.215168842790066
-10.387940077717387
-6.751836781045386
-7.810540200714822
-7.743909344856757
-7.134069092907275
-5.057076155593151
-5.246091362107738
-6.866566189626817
-7.230388093236681
-10.37117534983859
-6.3772460809670095
-6.700233625990091
-7.334257257884232
-6.0325723585042
-6.303314734548359
-8.96244919660043
-5.632186823849895
-6.5916815234380355
-5.685633248698236
-4.910822905049564
-5.25191682082556
-4.663945475242856
-5.835807320537231
-7.29629589337293
-7.244245732371309
-5.872443513508001
-6.034210541016429
-7.57952115846242
-8.420634339861834
-6.636680510922621
-5.049277711367418
-7.397030771089478
-9.473410292303994
-8.030807653400982
-5.770745185137763
-6.465530413753684
-11.118959188533067
-6.628277298319958
-5.874153136562038
-7.169708598600596
-6.236346328404523
-7.099104962037639
-7.583578002555505
-6.429103397549471
-8.660025416444773
-10.07005498559688
-7.412692582619504
-9.500426067201104
-7.397820132614217
-9.581780802936288
-5.660674793812509
-4.440605272346129
-5.546114672502315
-8.892598729296687
-7.957897682522474
-5.411732014257256
-8.031711972765393
-9.19089089341897
-10.334128741404927
-5.738604495449564
-7.2339588001928625
-8.615776385432419
-9.885391650444134
-9.475461622706774
-5.893834024685955
-5.239199945481512
-9.717159339122563
-11.18493653129049
-8.894899652917212
-12.134989452675535
-6.474710413859777
-8.165332195129864
-9.91988936560782
-9.036215910254992
-4.7935455168511085
-6.830906156968749
-5.0349661076708045
-7.7902732818127465
-6.309345769008428
-7.056695483062837
-8.873560500230832
-5.819754477836771
-5.555723376921446
-5.400377508530452
-7.043451534709271
-6.616902085656498
-10.458561097586047
-7.608952588155452
-5.857458464521635
-12.702298030316822
-6.042808101949284
-10.417774535393479
-9.109977602564022
-7.315195145557528
-7.380325345047866
-5.251784729983813
-7.1893208196473415
-6.48754355739835
-7.369456265776211
-7.615800500859347
-7.589621704929453
-4.7974610078643
-6.51107412455151
-6.193674683515161
-8.771620732503806
-6.781717040733665
-8.816189914736976
-6.469299318974443
-8.540180775084501
-9.723659472271299
-5.287373810668435
-8.687721207050387
-7.219449344457078
-5.184095231030577
-7.502484908779691
-5.993791385270476
-6.152643677851786
-5.496763627594218
-5.864603975910029
-6.546903843269724
-9.068293195597088
-9.573636342772804
-12.582722184530645
-8.156059049745462
-8.513179903334931
-6.114607593574266
-8.192784304650015
-5.127284213695974
-6.775427158220393
-8.990070864462643
-8.058819294146858
-8.477348058391838
-4.874373872971842
-7.162640974552187
-7.787044927135472
-9.133702091665809
-6.2482710957407965
-11.74218469851146
-8.350133522436888
-5.1310733107482625
-7.647645828087265
-6.01810565533769
-7.43384197533674
-7.363825761804601
-5.172516067603393
-5.218565586592351
-6.168954532170071
-8.444359942698801
-6.218324267614969
-11.53496461652828
-5.510353518028861
-6.502517531046497
-7.53258473941786
-6.825213995868426
-6.120834879625034
-6.530885464063099
-5.778774773689626
-5.755167547128733
-8.212046501772036
-5.152517996920425
-7.607769604162051
-7.449484488435357
-10.27883593251195
-6.645803069291303
-6.8902601123542055
-6.96651278135387
-9.076118464218226
-9.671541078068541
-6.313371303856267
-9.911555878537698
-5.339789290346331
-5.073577728416824
-6.558832486664677
-6.129646222040324
-5.477555048331432
-7.237014134357969
-8.747322724206999
-6.401353686206037
-4.94100390075704
-11.15019313766689
-9.512762031580332
-5.4195377107962255
-7.3953764848355465
-5.645337470396457
-6.046944294259687
-8.430594372704107
-8.439571743981588
-7.801226198293597
-7.731995014584533
-6.775613479233593
-5.807558506468161
-9.79763166527494
-4.770411115136497
-5.895989130276484
-10.88057524564204
-7.339561745369267
-5.9175711606058785
-6.636375205068971
-5.790816967870703
-6.978311931118529
-7.308759423937118
-14.65986272050062
-6.268534465442404
-6.123150024416924
-10.200899174575065
-6.28077500204546
-12.945367621417265
-6.893961531575979
-6.575752260043285
-7.701115451592237
-5.674210976738577
-5.098896630214194
-7.481286954468447
-6.39991048643501
-5.748207116840788
-8.967393865425409
-5.466292468091155
-6.044101441871142
-9.317587675302258
-10.25208145517007
-5.579633314802374
-6.655292017162313
-6.756644652701422
-5.944732374550499
-8.00602793885439
-6.23863887639768
-13.030085792953937
-7.424125170814847
-7.698728300570225
-6.700288574736199
-6.65034261234182
-13.491093040047192
-6.851341054768929
-5.925023273138958
-5.082868877812205
-9.607008362463368
-6.904842213205416
-8.304127618394158
-6.889980720387469
-7.170717222049671
-8.160535199875046
-6.951755737915835
-6.832233689888713
-8.559741841401417
-5.942461015499756
-6.942323056231086
-9.154034687587632
-8.031021303395953
-6.9889770656720485
-8.85577741271307
-4.743882285543998
-8.13676138486129
-7.787513410689224
-9.887073659123462
-8.385186856156745
-9.133984592575109
-7.165030239697368
-5.464177619091749
-9.64770034089827
-7.205199184857963
-6.01602252992115
-9.521185640648122
-5.831609591163345
-8.668965063272742
-6.4319429682422005
-8.07820388530623
-6.533900360562962
-10.673358053229805
-8.248795386325694
-8.444563648348748
-6.185655031185349
-6.840960391304694
-7.610290424651976
-12.113003878499022
-6.946717526985836
-5.389824227597051
-8.234822565630369
-9.425146315255285
-5.195828763892223
-6.199320501260764
-7.389616943185518
-7.481618274663277
-6.631878284337831
-9.12772004921765
-7.378007235510754
-5.026647134899105
-6.035838005728738
-6.756572418674637
-5.706242968847779
-11.887585179105224
-4.9442626969602355
-4.799099187986154
-10.38067208403454
-5.011989603762217
-4.888012477091648
-4.90392750034122
-4.993074650428104
-8.606940121386334
-7.019071797870857
-5.402719599626025
-6.352490397007802
-9.906430889548325
-8.640314772649807
-6.548888826576492
-6.114486464739651
-7.793647453548899
-6.376580086583889
-6.211550465599431
-8.653579413626646
-10.262610301697116
-6.438372041900172
-5.467661413040025
-6.267768580344629
-11.718511807098407
-11.741881781541885
-7.7238236951656525
-7.359955835645666
-6.0262090009801295
-7.448193469721844
-7.016300069567872
-7.968293149337091
-5.4462845933320425
-4.969586739512515
-6.892832264907307
-9.407735802981993
-6.551508058002021
-5.344044679684012
-5.752736712836294
-5.322882191174943
-7.020016561297311
-5.167987781081245
-6.609408344374314
-7.291551121866634
-8.206167748761537
-11.571143152794997
-5.88849783431279
-6.591673346749373
-6.927637744851232
-10.781969440661753
-11.908987292456104
-5.521817226603448
-7.630223042977301
-6.232326487187101
-6.5752050685745775
-8.066574828786925
-8.443465882334417
-9.19929482634235
-10.046083127961584
-7.328434290346113
-12.165476073126955
-8.09315164724968
-5.81956705280493
-5.398342679034946
-6.150170950495673
-6.866827586495766
-6.5531389089083785
-9.058748378638088
-8.059715394241874
-5.513245834475038
-8.257318520431102
-7.991078370055566
-6.134747887999611
-9.662333306776489
-7.228335345229242
-6.415469560715039
-9.267279292671656
-4.358039990861955
-7.3002862189645
-7.618259728103775
-6.587827435335686
-9.407929159937067
-8.16503113172995
-11.814154667215286
-6.057537838271195
-5.9993024958986325
-8.676826745977662
-6.603691200674148
-4.940484945130077
-9.192389462719953
-6.410997420019854
-7.5433476134022515
-8.252392552704952
-5.576920315653019
-4.889935237779799
-5.670907977542657
-7.850071185448568
-8.818512580769186
-6.634304547321941
-9.692944270728109
-10.30840504823996
-5.57553861687102
-7.88331510673397
-7.426663426390603
-6.733719677317292
-12.579830798802734
-7.406885011486597
-6.444186924773992
-7.634399004398668
-5.181803063270899
-8.686117457840144
-6.444428847311648
-6.066392772919626
-7.41460549207181
-9.105010727771287
-6.872485369549886
-5.261730259184306
-12.134036073922777
-8.24167582136855
-6.516988705876221
-7.477467957118632
-8.445907199300972
-7.244753158017036
-5.388368992826544
-7.131612283298997
-7.184059454414795
-6.688136055696813
-4.921847734210599
-6.867973488469205
-8.622188842370592
-4.726241968271768
-7.300529456797084
-5.747025293314093
-6.158168870850372
-9.46725441010828
-6.648518198521304
-15.39097048056912
-8.443010413958541
-7.6942166362765185
-6.687587917669644
-8.116939740554741
-6.492818524946456
-5.903504443173456
-14.10590317824709
-7.931900282307375
-8.644737005900245
-5.705163396352801
-9.511402339855957
-6.185655031185349
-8.748572784604782
-7.868669095304627
-6.198226143711139
-7.14244174993445
-8.263321632224086
-4.691182140379366
-6.821331151433447
-6.8392347943651215
-7.74506739314957
-8.083037580915722
-10.64157857964246
-6.064905464718427
-11.089235186430113
-6.705629181801202
-6.6372206095408215
-7.816693747504255
-6.748552348218449
-5.99534829033345
-8.661234089927001
-6.63456347953393
-9.246698641258147
-8.568636040735381
-7.335726219409379
-11.390628786927845
-5.87096467719139
-5.664493323392687
-5.902083753917259
-6.7506642946997095
-5.332617320796635
-5.144791719441216
-6.673068140718423
-6.466604285301356
-6.51528995067666
-7.168266631419405
-5.882830947035394
-13.471236477116994
-8.244437209882149
-6.3207432351828245
-6.381183074806896
-6.534292595830899
-5.326651300251968
-8.033895739015488
-6.462138726304507
-6.866203413806221
-7.3913829997790295
-7.186672224723406
-9.466627234724715
-6.043395614575499
-15.816876332845325
-5.670179157323295
-6.167151694020096
-7.701840857164484
-7.432617236922963
-7.037369435593367
-8.01722869114884
-6.256049847209995
-6.511710745887489
-7.638858667951948
-7.157125960661703
-5.081492827814968
-5.975944605179092
-5.277971517713258
-8.547802601608455
-4.837448557744684
-5.768389314833662
-10.232823839504249
-6.616580967114026
-8.016202321124995
-9.955148101647099
-13.341345116799816
-5.170194377641168
-6.597071352779514
-5.08293581195857
-5.553444951732099
-8.358291751590789
-9.746538346082762
-5.4136796283357285
-5.949136289096219
-5.555675903879408
-8.342432532004837
-7.255784675430145
-7.668514466326862
-11.493125495519623
-15.30894574810274
-5.0322254893288765
-7.478490407496223
-8.275306358238282
-8.604891695607149
-7.710702757537027
-8.356231060384923
-5.338497476740277
-8.063773106139129
-6.3324819780141945
-7.10571165394271
-6.211940910284129
-5.978624356689824
-7.119351940385228
-11.525270330540382
-8.793954870403626
-9.760256159133702
-9.217761553589133
-10.981565703865455
-6.679194577360717
-5.191010200577201
-7.57706678031941
-6.9960886446968615
-5.930442783276649
-5.035853587238691
-7.054245240676271
-6.8786302530164685
-6.240476367422115
-6.708081390904938
-7.214476057923535
-5.094863597565574
-10.860689920597546
-8.9021006225449
-6.3031907916141625
-11.901516421964784
-4.395885593764022
-8.954283083838918
-8.518766429942756
-6.603634504582133
-6.521664835368406
-6.865900649375514
-5.88810569991955
-8.430902435132559
-7.426786790370836
-9.406473259113708
-7.7243860280552745
-6.803723245331647
-6.200180242094391
-11.237914599702925
-5.119315391651994
-5.891995977874797
-8.595000270334655
-7.416014689846859
-11.11036852685365
-8.087373548206214
-7.072887546914663
-9.421156823874732
-6.48518389208661
-6.799308141957348
-8.40738047131381
-9.420198566005034
-6.46823545759585
-9.33427789314165
-10.415636309157374
-6.726540406955425
-5.9296014816893425
-7.414368980341434
-6.204998915157343
-8.409850459225536
-7.554364278412526
-6.388021549464116
-7.13856584609469
-4.959246419686514
-6.258063104126995
-13.231020783826349
-6.512986673933175
-9.73530972249476
-13.010111540151145
-11.562159640656175
-5.974627714154125
-10.150493789704337
-9.497370668670383
-8.03319420380792
-9.300481941185664
-7.87743897706718
-5.506900941847328
-10.001295944331478
-6.500887931931728
-6.934774563463762
-8.663234280666188
-7.876265443584282
-6.567884613483224
-10.099248660462434
-6.057086379917227
-6.115311362155804
-7.555304577661989
-11.452727248770822
-13.585475647423813
-10.398051955963275
-11.463558731141337
-6.11247803201053
-7.205098591538324
-11.468954135989009
-6.105716613543649
-6.992111196019062
-7.510660903412073
-8.923889887588702
-7.028360595696038
-5.641345105774913
-6.8701395051604655
-9.957796911191954
-5.167034229058802
-6.774563946864898
-11.07678710797942
-11.758664035058178
-6.534079818128723
-5.041006193765273
-6.191314700995712
-10.350989299597138
-7.73581154138012
-6.293603243574374
-8.700845926039811
-8.571136718463228
-6.379728999495003
-4.7492962110234425
-6.343327288203718
-8.431283580147722
-9.157878862800883
-7.184058105022533
-6.199269960000804
-6.896532120038307
-5.97561147152789
-5.780273216394479
-7.080012955920463
-6.919740047113121
-5.859181682580343
-4.800777805388864
-8.510348977684782
-6.167348311233345
-8.866733694157661
-5.5206732619684775
-12.70728037691414
-11.573886449997634
-9.776601508781084
-6.779634582582354
-10.365483491753045
-7.038771040019134
-7.633005302599338
-6.2301214696038905
-12.284480276693204
-7.874633054890565
-7.1076066207802135
-5.972250600601742
-7.160102131894542
-7.771690034414438
-7.378733241638376
-8.521830162593732
-7.437191526046677
-5.560637777983911
-8.721325614176592
-7.116984673190614
-8.085175283712765
-6.620712238960137
-6.357742580261655
-10.98399214103186
-5.127284213695974
-11.62243006592103
-11.770231808720384
-6.539293213363255
-4.95169982212438
-6.565503477000429
-5.859309461342878
-5.874491867730797
-7.377808931532185
-4.450163034991122
-9.235574995292046
-6.0655782442682025
-10.490354573822279
-8.06982280380581
-6.673427213100307
-12.180398568261792
-7.128000310902567
-6.251095328900073
-11.304906065754391
-6.1455028529572315
-8.139951999094786
-6.149045594815139
-7.513746250600226
-8.845787556471743
-7.038126697421565
-7.822167487923499
-7.674057409346119
-8.29048007799173
-7.811833937921654
-5.855023282964272
-7.107239565223189
-6.195771609488116
-8.000752253396088
-7.235084067828595
-6.0734832180681115
-8.14533583188988
-5.525699446781411
-8.487577800678963
-4.735632648048674
-5.074878817535668
-9.788920778136049
-7.926061804475513
-5.790893255333161
-4.963600041222437
-7.130798083194752
-6.05181866153256
-9.537986296363457
-5.843613006187987
-9.596537206308417
-6.993323216192439
-9.192721768769687
-7.123192467230013
-6.157755801292857
-5.508719374419162
-5.527231504858648
-4.727008193116483
-5.804540811235436
-10.552789063324402
-5.906187932396397
-6.10082196058721
-9.648085568470687
-5.903540709739355
-8.005674413058415
-7.4616626960000385
-5.947122027540467
-4.420139518726061
-10.104900776358251
-7.485736229623336
-7.900750045444236
-5.837055463222781
-6.26210810010088
-7.462774664209191
-5.727855625866875
-5.901448358756034
-8.820223451338256
-8.110948692578734
-6.376289227173657
-7.097208228381503
-6.641908916074396
-6.476210792081252
-5.165151491298377
-5.633961741763348
-8.507022421596009
-5.07789151679553
-7.9801568997225685
-5.4943030783349665
-12.323727999734965
-10.401874830585728
-10.278078080689427
-10.192630647094674
-10.118638839423587
-4.801676391001164
-7.500696689458398
-8.839448753402097
-9.3593373930351
-5.978990693968176
-6.002560070410252
-9.967489576879165
-8.848742510684035
-7.358366358786346
-6.083090799721725
-5.532100031362935
-6.957476962251113
-6.269295537055201
-7.365789070495341
-6.43999474704391
-9.962909604640421
-8.391357296303735
-8.104023261938517
-6.842730935537098
-6.932706928059782
-7.429495708898155
-7.084147884581474
-9.186117274181102
-12.167949457249854
-7.54441038428494
-10.614963796056193
-8.02582344735441
-7.5217040734480065
-8.265870094272184
-7.352646148661374
-11.058427307806653
-10.654063806250562
-6.871846172943374
-8.124079875567778
-6.877122661250343
-6.687370682543068
-8.741467775847227
-8.489452565324656
-7.4462272512151735
-8.158696121417874
-5.3573180243415175
-7.2858041228616575
-11.61315949457638
-8.824244847159212
-5.626485828061524
-12.843006397724976
-5.435777895612454
-8.344214057458176
-7.732866550241331
-12.438733862026993
-5.229415342448475
-6.524138223244725
-7.978605056636644
-7.009975647913382
-9.392022476240212
-5.766779517388594
-8.217532269162382
-11.98720033597962
-6.709261305438378
-8.06395624431566
-6.5536613871393925
-5.482403899737268
-5.858237873752585
-10.00659220759993
-5.9201903161279885
-13.124118051713568
-6.830827058340582
-8.31038948802834
-5.624463868306114
-9.68073792373949
-6.956356441357385
-7.070012373029753
-5.028434135004994
-6.27996554721873
-10.53245015681717
-7.1021346113115875
-9.807400250271243
-6.091237474941483
-9.714814596798435
-10.73162349654812
-5.559678011584789
-6.050289548947098
-4.932274126370189
-8.468747487730113
-6.535998873008352
-10.015674214909705
-11.358090032041527
-11.521096282092664
-8.866940093376716
-8.07725000226405
-8.212620558171507
-6.281458964305282
-5.918947683681766
-7.505866194440861
-8.05766580850862
-11.079010004802612
-9.625441167974898
-7.1481491049084624
-6.687351968261493
-5.712901948293499
-5.476449719799235
-12.80134065524115
-5.832725431705138
-7.796167974152723
-7.584813184004468
-8.075197546387118
-6.958982650106401
-5.090646382960432
-7.152585426223028
-12.28796358035749
-9.100309752958065
-6.5439606109993775
-7.999122971842744
-7.514701583523286
-10.702893714572086
-6.183130753468496
-8.341336339480133
-5.058335914327686
-8.150168772733773
-9.411654312325012
-6.224643716023644
-5.027107215379828
-4.557810636906645
-5.007282428609722
-6.763923357123713
-11.809493363788976
-9.535641491799332
-4.982524089647513
-8.210669290670817
-8.896105614342432
-6.157780983187176
-8.783329503572054
-5.600436296795179
-6.6412079951668685
-12.287145291479773
-6.920462818090859
-10.641038270490336
-6.615095855801278
-6.188077894741718
-6.321872327467531
-5.7192526953895735
-6.447647259310298
-5.574150185658333
-7.3889117869641225
-7.425315123840365
-7.671837895252591
-6.689226473733738
-6.43076784826897
-11.37171924334405
-7.204964474761188
-9.34238416166536
-9.724954509088963
-7.6463342473143046
-8.024592662372866
-5.432675621170273
-8.882869110608683
-9.877514254808364
-5.117096139092
-5.227229970233976
-5.200262406739462
-7.006707919830074
-6.538068982424302
-6.076777030177826
-5.6841475592121045
-10.206827004786554
-7.507566302781465
-11.422089114836048
-9.415127124293807
-6.261270237841532
-5.703699664981772
-7.167378230389102
-6.429878361465955
-7.609197211632413
-8.65043050634634
-6.719881114438021
-5.286014674348031
-7.805771343629534
-7.116347566560863
-6.653759182603635
-6.147636676547203
-10.06964371181873
-7.945039997197638
-6.229922423834394
-5.64120842806665
-7.774778104398097
-8.398899551322081
-6.541903453961405
-8.02850092213348
-9.028176307444529
-9.46313687217102
-5.893281922089026
-5.4212424997126325
-5.006613681625747
-5.990746980374358
-7.212185543775255
-5.316861648895207
-7.644261517974649
-7.272516915085938
-6.8638815758207015
-6.572205872828152
-5.507395250243461
-8.87275864872422
-9.49813017665889
-6.929761252585216
-9.930018224467663
-7.696935394953453
-7.251061311060953
-9.092112409547466
-5.773575564724429
-7.105686658770089
-6.3274647942307185
-7.028168352725533
-8.963887811969508
-9.59764672702929
-7.367110048818698
-5.3946173752115145
-8.513660481603155
-7.432578164097679
-6.212718202151226
-8.405013563155608
-6.9977034830404365
-11.422205287295451
-5.122783207122167
-7.514882034348779
-6.59459793608346
-6.827139228399861
-5.1287532334741694
-6.306463688078257
-6.874168595165661
-8.290449668730231
-7.237121263542094
-6.551975800371663
-8.328471563380806
-5.837087163581569
-6.951006379122018
-6.791133331969401
-6.1012368937361146
-9.457551650922916
-6.229919145687624
-8.205277658748821
-9.679587647478032
-6.644097059594775
-6.2320674208142
-7.299565080013099
-9.582480091571696
-7.75105164816931
-5.617521661061299
-6.159581932919297
-8.558801190022049
-5.155326778300812
-7.137495394433362
-8.327011947701427
-7.634670733647013
-6.379676662668716
-6.292575229803664
-6.458097226720179
-6.711375883840421
-5.968154409259708
-5.083066662018367
-5.35430724393041
-5.234608183960159
-5.327549583675338
-11.772733373157683
-11.371662723083862
-5.6995485873004785
-6.825081282500793
-6.7352514063535285
-5.667207235723142
-6.610586485044165
-6.581056904621698
-6.841736764717917
-8.330796738017346
-7.408609582395659
-6.668300643954065
-8.703086581010886
-8.128931148087522
-7.448253933009229
-13.513666451163093
-6.797732138594836
-7.603867221630047
-8.95188369622587
-8.599298589651056
-7.4096780442501124
-7.500464600258094
-6.2278323485625515
-8.251988987082525
-6.790111800612094
-6.23023790222906
-11.40446181082965
-5.681616800633231
-5.268802734674764
-5.266851474534168
-7.8917530258659925
-6.488879592286529
-9.292904179845044
-5.682319534973335
-7.608322398364611
-9.471195842866734
-5.700155936316429
-7.673479818883734
-7.49653560505115
-5.171166652340433
-9.783348272048167
-9.537919008500284
-6.417261486671091
-5.895686797536273
-12.507152722081573
-6.4343409657593185
-9.096590421765589
-5.694855671161152
-6.155633935310813
-9.446369736808286
-9.262934515800286
-4.976274003083482
-6.835813735154379
-11.033538234911223
-6.931380118677576
-11.050828637826188
-8.996189658636585
-6.17824271528895
-6.34536918938836
-6.159554374053964
-9.186998555206968
-10.73241261595636
-5.005205984954591
-7.859684081133911
-7.3416913874706955
-9.273531554272555
-8.33266548759159
-7.220040140377973
-5.322904810249876
-7.56419045071597
-6.330207058593159
-5.801863878322678
-4.890409651341424
-10.58716280118606
-6.376289724356616
-8.268364130638137
-7.134748082054667
-6.967389517788645
-5.029914787373219
-7.2379433856352104
-6.688702257204809
-7.86636202129855
-8.923464254324644
-4.903279184952765
-7.312452805779796
-7.7108087251345
-4.978222530047977
-6.16572685385412
-6.269088371371262
-8.93691062353131
-6.748873524481296
-6.945860489968181
-7.7242104743411
-8.75469884941708
-8.233086163236182
-7.232821795937363
-6.327770666309597
-8.69034576500748
-6.264347132164591
-8.780975516686045
-6.498950491677697
-7.710691462430881
-8.888589639045568
-6.250304288644308
-9.966580792822874
-5.966136818191477
-8.657605856598675
-6.1069825855034185
-4.788380891019499
-5.01592774015647
-9.026408231897797
-4.776432497903736
-7.439823974584638
-6.400047674095069
-6.140610123382047
-9.057695384041152
-6.491440441138112
-7.913793589185175
-5.7609137902401075
-5.757433780235214
-9.241693166147956
-9.30641487588053
-10.070162317132501
-7.162227804521071
-8.938772240729149
-5.210711571236589
-5.496624160285995
-7.862893333849119
-6.996092826099588
-11.091073654370403
-6.0176402475696955
-9.666939025412706
-10.734229250481913
-7.648102459772516
-8.541493434776168
-10.334555156922976
-8.196429990161002
-9.76451385350905
-10.048499439901054
-7.0719566124806414
-5.382179968839513
-7.1488628040763125
-7.711265352200762
-7.238127576701396
-5.9095879488089516
-10.8949738966556
-7.113278995514168
-6.814999377032508
-5.7016692280552235
-5.359488466674823
-7.10612977724204
-9.486953452826064
-7.498255437564413
-9.186307170135994
-13.189396804882795
-10.270049282261013
-6.286215665344055
-6.969417672821739
-6.016231232740143
-7.796144537148324
-8.501594889653736
-8.023327005901868
-6.911441587775311
-5.579633314802374
-4.834293669319487
-6.3488645382135385
-7.32629412826416
-7.724728801576658
-5.7898800136899835
-4.251431141850524
-5.423008286871417
-6.6782623923972
-5.987880857105465
-10.741527407727945
-8.145432209867584
-12.597967840311803
-6.929987357910278
-6.812558757837294
-6.671905907161012
-5.556340512056132
-6.998981638210959
-6.61078840657732
-7.137732618245763
-6.186698971284794
-6.031894320916471
-7.558984344611185
-7.75874933099279
-6.976205645223487
-7.026296076813333
-7.443814230945228
-5.6826099926559595
-7.146563533676985
-9.721096580573317
-5.007345379468479
-5.159729042206047
-8.641528234540669
-5.315849408797448
-5.931016312250808
-4.867945984329086
-5.822977158001795
-6.295306536382038
-7.606551183864049
-7.512463438239079
-6.959209803762752
-6.266131865088947
-9.174652476686365
-7.732071517272814
-6.417765607596489
-8.671575428476729
-8.113656463865777
-5.908821836873514
-5.826425666642998
-6.889125264609306
-6.014330187886742
-8.078376963312655
-7.53658400900508
-8.408065342670733
-4.994038176413612
-10.917743424625778
-6.344567365828124
-6.708658196259104
-5.894244330218212
-5.548156584339325
-6.805183509995165
-7.673545232522382
-9.453718229962279
-11.735251593123568
-6.230468315806332
-7.44425698291376
-7.047406093871346
-5.104253306533976
-6.331796998641895
-7.631122679807381
-4.936613383710782
-8.93456835595366
-7.567094695846045
-11.893228088607776
-8.467917119184442
-11.729882029022576
-6.413870355744355
-6.267581276641161
-9.607657336286753
-6.018959562313997
-8.493178884058509
-7.094805919825262
-7.056198836395437
-9.456522061087204
-8.067891006078638
-7.448314533470658
-5.132238850680392
-7.7467221834893305
-7.41944221841947
-6.012493666455556
-7.353452181719386
-9.380434035344676
-10.213276490605146
-5.819796365557717
-12.10544521856156
-6.879778365293998
-5.578617709898716
-5.675631391337343
-6.791057099351376
-6.699333505320941
-6.246195226192374
-6.3026007754986715
-6.250837668158529
-7.790893047001768
-8.704120776336916
-7.204436147479721
-5.233534228848343
-5.6701812098256035
-8.498252094979152
-8.02271178089727
-5.139677931637431
-6.409422809707246
-7.388632889783544
-9.87277635700185
-6.596441479004995
-6.331579298240281
-8.269197835169866
-6.819874985883344
-6.879664096890816
-7.450502357623782
-8.41594951772917
-9.341497203023604
-6.250306204852375
-5.51393923585459
-7.984233261151239
-7.889588156723603
-7.592730300664049
-7.207570713957005
-10.289286909195386
-7.875550583008949
-8.809189010472704
-9.911636437392204
-7.106576178656585
-10.623894414223706
-6.598996557022291
-7.413725857919552
-5.360079970585244
-6.867801023194287
-6.208964468020176
-7.052534093702697
-7.065146741987917
-5.6391062294292675
-6.114728278477006
-8.666188708183583
-6.217302569524994
-9.002823133018023
-6.060266678092087
-6.202588956314285
-8.549608999077336
-10.109016617306056
-6.63289099263884
-8.529539525508186
-5.405586039033487
-10.857201916924783
-5.998662299231388
-5.942804645100943
-6.7582337016536735
-11.286599738494555
-9.258796322242523
-5.0653068672432555
-7.72640408918469
-7.295230196330942
-8.482527345929789
-6.974489787842602
-6.39755277453712
-7.358365367203952
-7.499519129059642
-9.342029169048638
-5.775031141407435
-5.218685160969745
-7.77506588806253
-6.379109464711642
-9.667008238922872
-6.910230353070005
-7.261308709474598
-8.646451437817232
-6.488087627790015
-5.573457083467306
-5.94507136344628
-9.357312614989805
-6.612210670485383
-6.875481367698257
-5.641327296913999
-6.385589261603741
-6.311961459327054
-5.596591028146765
-6.216204399808806
-6.367810627439713
-7.789053251875652
-7.868653433336392
-7.0514967168577956
-5.147100244109492
-10.988571095567586
-8.670076974561448
-5.017926372295273
-6.231951095147201
-6.6690443412644385
-5.202905189386944
-6.876430027768988
-6.726197127894629
-5.519123833697894
-9.275602720459805
-5.038503203389543
-6.713952281369543
-5.951786524411219
-6.873472795649717
-5.299168878240074
-6.921069045979082
-9.642830097827332
-9.334197529714253
-11.125148051336545
-8.05738296567622
-8.81912167999813
-8.84138070856157
-5.3119634707743195
-11.452479613767048
-7.64836623728512
-12.083087755635958
-8.815720077095492
-7.565528521012773
-7.733636486477291
-9.866571219501393
-9.680845135330527
-6.0077471079825795
-6.08611523938998
-5.548938143319291
-5.8641260025090025
-10.88916065057217
-7.3203580865468965
-5.296368019536832
-5.3332009378340945
-6.938788853170132
-8.019399984840142
-6.419679243395118
-8.573365064851906
-7.640949196166452
-6.268348207975886
-13.000430809290817
-6.512619825679566
-5.1801851137510395
-8.40457563286701
-7.599120174927774
-6.995425669549002
-6.1445242966123
-8.07193324132913
-6.406483263955564
-5.12976731069589
-7.391888868692824
-5.392795740773312
-10.97532080708815
-10.299525160948876
-10.274516917170823
-6.849884161700564
-12.190519905258164
-6.73872823679271
-11.11956253321726
-7.814428240595911
-6.232455842063771
-8.471487527957258
-7.701654775834821
-9.363693053368443
-7.4929006009366015
-6.2278301503305284
-5.5919310890339275
-10.079354758641466
-7.2358375935573545
-7.893223576790891
-6.761453082746464
-8.800319152682427
-8.315355309134118
-10.26786099570657
-8.513343271482167
-7.7348359140650444
-8.636154733605645
-8.395400450901764
-6.973886393503343
-6.529964950336726
-6.445225692559023
-6.4938104137028025
-6.860777089302403
-7.152744676160293
-7.047662526815423
-6.010260669999407
-6.962537162482811
-8.0453077209499
-6.660134400100189
-8.356191501361353
-6.221332607697462
-9.641389840713819
-8.486504184173796
-5.528826704956293
-11.14753445714336
-10.991697328733876
-6.959249566070834
-5.267743423588535
-4.952410012274626
-7.330578253344422
-7.519701770437457
-9.603476969977466
-9.591452068570261
-5.899607063678923
-7.14065742645821
-5.807861918462168
-11.215680845924055
-4.498902837281999
-4.958020079948742
-9.951109665718265
-6.059214924782122
-6.599639001034048
-8.121339691784234
-9.23297850314254
-10.484424698400401
-7.2124008588641715
-5.159243427219164
-6.942651210328766
-6.406674339441133
-5.699660161779268
-6.634967161827127
-6.279301551819707
-6.737278786692292
-5.420061871507209
-13.317597288226654
-10.453426774981239
-5.098335263954255
-6.74365563735291
-6.18071300163849
-7.608574663732472
-8.089424048805364
-7.260161629292317
-5.467052078668361
-8.353619524760807
-10.081279720478724
-9.95300204983062
-6.461905202820262
-8.840928667296762
-8.275413050666804
-8.138224856319383
-10.922853825475537
-7.479626885782519
-4.395885593764022
-5.22638719037159
-8.263706940264475
-14.343084449965506
-6.9606694403498945
-9.473057190410804
-6.48817357297872
-7.530374776575692
-5.8330493207838705
-5.824987150051887
-6.476507218560374
-12.295922865919582
-5.214326356457564
-5.610555671229834
-5.977864232003171
-9.163291961546541
-12.079012853269946
-5.154368140709393
-13.06031876133071
-9.075198120413457
-7.884274224795615
-7.823078003322969
-5.391826113210832
-6.299597385570108
-9.474468397074835
-6.43292024349838
-5.89862206207005
-4.893479067490848
-7.121182363358425
-12.264521192942277
-5.438254279809646
-7.345134312768689
-15.199780749040372
-7.151545224507632
-8.355113312691763
-6.392350058647126
-9.26183914179233
-7.501230385607269
-12.064691009078476
-7.608997158842126
-14.066191831925304
-4.92113733224432
-8.652362265325939
-5.5571532171090245
-5.30597374925642
-6.242449176786391
-5.828241184440061
-5.346929105697378
-12.527830451918366
-6.443726243548586
-6.561794244318925
-6.9055073900907065
-5.919816099227257
-10.064134127976072
-7.12529356018082
-7.780125933293852
-6.046516794879478
-4.627433142035099
-5.852913135897863
-9.654978684834504
-10.211374002966332
-7.3810325160429056
-8.154510406183707
-9.415454454925653
-6.299417543549534
-6.01424853836396
-8.659189402220147
-6.260923232626024
-6.177044620735314
-7.191862609747361
-5.41105336299595
-11.348394095080293
-7.356469610751903
-7.656624663607332
-6.703516422522929
-4.903262787319972
-8.260014063755607
-10.207836525716854
-6.330463717454657
-7.890686203315238
-6.616588474467089
-6.635313619941419
-8.494043541965025
-5.770745185137763
-7.43361771155445
-4.764110119971654
-8.472418370250194
-6.835838905115001
-8.967903303963443
-5.8574620220597495
-4.832681348151726
-5.867263784261873
-6.182060693968814
-7.554021015428052
-9.988732872404029
-11.836227977589177
-6.03921659278973
-6.152836053109912
-5.917794862427221
-7.8121212010455245
-5.10524421849964
-5.928579427968239
-9.748245637779636
-4.623529300139588
-10.049477812716926
-10.463332119135432
-7.7412557292168
-7.028151675570621
-6.566007944317523
-5.123487851365594
-9.79951711721785
-6.616784769185791
-9.762761068746322
-5.695614920785927
-7.80126782176383
-5.491967812106099
-7.368742540070789
-6.016979986862923
-7.755760577901306
-6.6805725890857275
-6.660174075735904
-7.098694972365472
-6.514739147523607
-8.625656390826757
-5.99057201344096
-5.023545670688939
-8.0570686458559
-6.611999763339316
-5.632188014911992
-5.03999420467808
-5.968833291252185
-10.035559798156518
-6.162576986642811
-5.8863580757788245
-6.628381613227584
-5.287764680833179
-6.684112845122004
-8.489761882754921
-5.781634953150902
-8.477521431703364
-5.686414039393381
-10.003188795465125
-7.338299585113348
-6.912946132579676
-6.417055380679441
-6.635919088839832
-7.314382428071593
-10.180223269125142
-6.349077780554712
-9.770865070438512
-7.001099817654353
-7.683034350901747
-10.134311234827114
-5.714329367197607
-9.793627726142269
-5.883017052586341
-5.58862028441746
-8.468895588025237
-5.070350155955941
-8.41572571936941
-7.281543350846385
-11.585344576650256
-7.491594113407856
-8.009259273438968
-5.901437014110413
-5.302247793134253
-5.949985501643224
-6.680085988843706
-8.104374972748628
-5.351951959262362
-11.193299365808587
-5.648385697520785
-6.512806688631051
-8.206279382482938
-6.027282234084827
-8.92318219361022
-6.327347154259778
-6.156597508550325
-6.303940914219798
-8.320982042800688
-6.455148098277164
-6.33895692111027
-5.071884852383827
-17.288548334393855
-4.780716139910981
-7.138539271454097
-8.573658853109462
-8.494361525203246
-6.483010109292713
-6.0691008002688225
-10.419913787592332
-7.46651918543953
-7.19051070752633
-4.90227372571272
-8.132298127779887
-10.375060638964833
-7.439546271739571
-7.832729142236496
-7.082027460484297
-6.29197044595403
-9.766523514999122
-7.108860610690283
-6.885338640828988
-8.35022067881393
-7.364591283121714
-6.171612457520947
-8.154562296026526
-10.40798886964524
-8.457648902557862
-5.563968142479574
-9.817650311417928
-6.161728102302525
-6.63117385103382
-9.374324419214984
-7.313416652976543
-5.904339055675449
-7.304074599298884
-9.752548414598818
-7.033849665771087
-6.296516560754436
-5.853643089702469
-7.9342716689959465
-7.785522947354591
-5.667294742720405
-5.968231283280935
-8.329801755209559
-8.675993919100398
-6.3251883446758415
-5.296207499561357
-8.191649665777923
-6.63380998164996
-5.377532023283833
-7.348916852682973
-6.687692753851707
-5.625235725332163
-5.011972474623191
-4.361024521772506
-5.8862612674602515
-5.963668644311215
-7.737881452111983
-8.688282532105031
-6.596703155682282
-6.96100122620307
-7.003854805828313
-4.782326038646723
-4.388275850317056
-8.484196884624533
-5.927354831633895
-9.907776238915842
-6.1040333665337
-6.099771344037184
-8.451784787330528
-8.96389344516437
-5.745238124992371
-5.583528489726228
-6.469919491924972
-5.217497346705339
-6.1975179728797585
-8.809993197060594
-7.551139130906597
-5.615290382467902
-7.420649763645066
-6.560711891838552
-8.56460953680387
-6.301021027727242
-8.162649972745303
-4.930795332566246
-7.543116078621725
-8.600702430056423
-6.6760849291849835
-5.236901217535855
-8.469620267775824
-9.572668972296642
-4.958489918396153
-5.432942517743392
-6.636241273066892
-6.2040128904041545
-5.781760776736932
-6.498046063223999
-9.85061299799182
-5.764846082836213
-5.381744120172252
-5.783934348543846
-7.154846977835504
-7.041497422298785
-7.705736101144765
-6.88226782956114
-4.974263432580553
-4.8270144697142285
-9.024007723445477
-8.919519437533696
-4.614678348353482
-6.626100637071625
-7.049478187713106
-7.785654145199756
-6.921585857546286
-7.71569933514821
-7.689761565233275
-7.675013076705028
-11.047598013546974
-4.929971560427334
-6.487328489065122
-7.9683304963615065
-11.155789271768015
-7.326164282566836
-11.35995864962684
-6.0865270820237
-6.809910985789193
-9.592378410081016
-7.810331349052808
-10.280165242714098
-5.95233846481352
-8.36380370444834
-8.689862889177142
-15.768569766592918
-6.856016687773995
-5.103773888928382
-5.896813707076838
-9.931297987485783
-4.983820007331357
-6.827580951837567
-8.445222776053061
-7.325697510653533
-5.857318164789289
-7.899594689277892
-9.076342485515077
-7.058222758274875
-7.199249363845769
-8.333237485614248
-5.009914321456103
-7.068862021003841
-5.55876690578856
-5.7323479001926625
-8.074567478022107
-7.8440010795823145
-6.583803510708653
-4.959439459963453
-6.37087298980395
-9.229844007156162
-6.555825454850903
-6.484746657625648
-9.199379186693578
-6.424465830575233
-8.597813798159372
-6.809606769212534
-8.111569879659635
-6.263716498773951
-11.092544323669166
-5.355599145935886
-9.239932318720793
-5.6480354396665495
-6.5874547360199776
-8.171307470271353
-6.306707498468002
-6.828408244293148
-9.35177635914118
-7.715320488316035
-8.418362919088542
-6.391091510582939
-9.390330563042546
-7.044612483699243
-6.6698956714682955
-9.640623559322599
-7.982416885071275
-4.994237685376505
-9.575482202530734
-6.203421394887852
-8.447457435426609
-7.78640609205338
-7.920689608062756
-5.653764184435463
-6.2493857662895484
-13.323007630582655
-5.445238670808827
-5.971025323827076
-5.366391908203951
-7.2877479016852424
-9.976227404502874
-7.499675486094889
-5.093889104039486
-9.235681556742824
-5.149130416714151
-8.637260009751824
-6.034435475782327
-9.297886575688535
-5.7437872470704825
-10.335273591287637
-6.9335419768770645
-7.614654020322762
-7.674359691971491
-13.010793055571567
-9.310469679517228
-5.9093228615949265
-5.797828293871648
-8.485462103202881
-7.008098217546851
-8.958195160535308
-6.156473110414899
-6.577438852723591
-6.064633101720425
-6.1486891770986745
-5.574445293194583
-5.819830786849882
-7.1115942384708974
-5.927940802211731
-6.317518664517825
-9.545654827850159
-5.893631938371179
-6.734028254937551
-7.1658836333044675
-8.094968243595083
-10.619964759983588
-5.85232284593064
-8.232747616041271
-10.583596298749452
-8.273231780149596
-5.010513807622848
-12.011550721741775
-5.570356079500389
-9.994341488518408
-5.134418899881484
-6.258075807177283
-9.547321362751903
-6.613888881033092
-9.179900400153654
-7.836815663896661
-6.006756723154055
-5.196468515310797
-10.215377485239532
-7.882753985790939
-6.094305732988403
-6.246898381633064
-7.079025450018805
-6.946427406268137
-6.909720852871204
-7.492941844302867
-8.697726947136571
-7.565793633473905
-10.195434544362021
-11.998000510364081
-8.88401006035922
-7.355285563214196
-10.52994874503318
-5.128853503714718
-6.867177128120323
-7.2104459257349225
-6.816536060950416
-7.571658528581241
-5.513590798530848
-9.55441431747651
-5.449656935056671
-5.4777984257963555
-8.71925593106088
-7.363412660910287
-6.094321056138622
-7.3286013318182555
-9.229758008452514
-6.013431238271769
-7.904733601486552
-10.90936985420179
-5.717000259235881
-6.233263024495651
-5.6650683326858475
-6.123152098326586
-7.484735772618165
-6.11508797250589
-5.983611919244672
-7.9845635155828525
-8.72615317906521
-5.566721105778215
-8.13691372800869
-9.40070190001635
-6.829892115960207
-5.943337271313974
-6.554801709689481
-12.027510305270111
-6.593962307702707
-5.410027269303693
-9.018746980375328
-9.076033212098203
-7.489019812092236
-5.1830817700103005
-6.055062023604524
-6.906851979303546
-5.979646008270932
-6.324054229455327
-6.707351761781367
-6.740171431103737
-12.158281824166288
-15.259756877140026
-5.8694316143559275
-6.219354391236952
-6.886470896236962
-8.68149978053836
-5.713462993576084
-6.1280340522279815
-5.5741623753463845
-6.15718318372007
-5.942804645100943
-4.5911267375248315
-6.095581263554812
-11.636181937930223
-5.9135895469465085
-7.808138998961426
-8.227361580867129
-6.306435006699771
-6.565286660103753
-5.734772246272141
-8.305008838822623
-7.47267254131238
-5.531554183778038
-9.827308715912782
-6.881586337181024
-8.383462336808195
-6.8348294012275765
-7.692761337628242
-7.380461164150122
-8.50400129399073
-9.811349246342179
-5.276210751309554
-6.146460948457114
-8.760156141991436
-14.359272631429647
-5.455453286138598
-6.231848552247852
-8.440012603225036
-4.6020987854061035
-6.050460429770398
-9.691802552779937
-6.98536821537951
-12.221926850726868
-5.632905238136681
-6.708436048222076
-6.858619769710996
-7.432035679676915
-4.8232478937305885
-6.4127241892598486
-8.137529871659943
-6.195249816964531
-8.096521015096629
-5.121412851071921
-8.504763871704506
-6.958413408947235
-6.4568172305087055
-7.237892919745981
-14.396137276960348
-6.585772651489917
-9.532595446514124
-7.065275260282347
-11.51463698003784
-9.52090988830527
-6.308031561273397
-6.200430510310192
-9.569515835766682
-4.912278646623011
-8.641788204886712
-9.932049404983195
-6.336677325484629
-6.791699856608321
-7.725742994481134
-5.781452547565919
-7.561322402728875
-5.949201011474284
-8.5693073114108
-6.609835194232039
-7.422828827257765
-8.63266902439398
-8.971019515132886
-6.741714410350514
-6.480380652326927
-8.316734039572312
-8.705126769589482
-8.341409977199932
-8.164761105313197
-9.473279150062316
-7.899282327674505
-5.156212812228964
-5.6994561947324085
-9.855680736103727
-7.621043158096663
-9.029903068042982
-8.980836740880715
-9.991940205100875
-8.173729209203268
-13.57034973296769
-5.72260556564925
-5.706691392624471
-9.57856365489899
-5.65950645416183
-6.497913339244807
-8.094416872969065
-5.643900849897406
-6.8241952630206
-7.091610959392908
-5.871966010134167
-6.8815257814007795
-8.917628743508622
-5.728316817029997
-7.6263659453832435
-10.522387404074001
-8.48579932590836
-5.565730454453129
-5.107839758219631
-8.876682677258279
-10.141323797160393
-6.893756873087204
-5.101643895000895
-7.815370436885924
-6.191918900942867
-6.87644626264418
-6.433058332346453
-6.1633613027966225
-6.547031616603419
-6.675192056752704
-6.067632979451987
-5.493621228005245
-6.806164158487704
-7.757471607564333
-5.516220398641961
-8.818095666961625
-7.598629745165511
-6.481042549040028
-9.19656203914032
-8.655318698017378
-4.946208122612085
-9.320683280382196
-7.934053771231633
-5.352824158355379
-7.074898794658427
-6.161620445371101
-8.997276477633582
-5.940269736170608
-10.276644276299464
-8.255134421662325
-9.465319471007474
-5.388766167778579
-7.096442949554956
-6.9455896003308855
-6.639935568571804
-8.206782596902668
-7.047556492848277
-4.614678348353482
-7.905677973440062
-6.386561145740785
-9.538315800339085
-7.801938827403022
-5.778560260391271
-7.605073270272794
-6.689753070558326
-8.698254581038999
-7.247813773117679
-6.097432251751196
-7.057289751758196
-6.177494322496955
-6.343872948857344
-5.392797173341653
-6.933601494878551
-6.823104252382879
-6.42065676717548
-6.396519861361843
-9.537446318342235
-11.774681046845437
-6.322411457606914
-5.273451809751827
-6.0579613814528965
-13.375858799116203
-7.73940193702567
-6.613987734857447
-6.152593409532457
-5.974229227819333
-6.914770257708361
-9.307816144721597
-6.99586255649617
-6.006750933581647
-6.751858711135929
-5.1653706468528915
-6.676565276889149
-6.349683811755594
-6.8285367627861575
-7.625259078915656
-6.242083958260543
-8.1551455518502
-4.434662128015903
-10.218587974109264
-5.393415082100716
-5.608750480368757
-5.810180735440196
-6.864660975991663
-6.62814422065718
-8.856836233449346
-8.660228725307888
-7.544062488547927
-8.074616944288918
-7.37687295810805
-6.3403392949945125
-7.272513539993384
-6.334513290036641
-5.425168492505273
-5.959115596145455
-6.430081380007159
-13.481494568618256
-6.429125369321478
-6.232004217189778
-9.42189502010529
-11.428736903428158
-9.218218838509435
-7.952968537185354
-6.032409370683486
-10.028267642551798
-10.690774059337535
-10.070732912947534
-5.619954253829844
-10.636143160861982
-7.113626137138456
-6.17033420865319
-7.057783514442701
-9.150639846239777
-7.1223032466711365
-7.11267544952801
-5.867430316523716
-9.608901600362461
-7.126088943318519
-6.2899078065387135
-6.65002450414616
-11.448886449498174
-5.7113403669497504
-6.688649584825477
-10.151222568582213
-6.641108934920646
-6.922177328143467
-8.76334283498863
-8.30516139372033
-10.826938240256071
-6.671109783455767
-8.643884592449664
-6.755140028243502
-6.692254476005078
-5.188875133145025
-5.5180504726003194
-6.2137518170141695
-7.158037044804609
-9.383478774750653
-6.667776562437779
-7.475838214011787
-7.754622015543312
-8.984921184019086
-8.64012201644357
-8.632178992178739
-6.605728035605002
-10.88652229234204
-5.819812939178244
-5.514585578303466
-4.885947598698865
-10.031785108552722
-8.83153940096021
-7.688463310489813
-8.68280214056422
-5.736374100906553
-6.59419859327265
-11.175591839686735
-7.64826833505613
-9.779584281630488
-9.017656113520923
-9.977998460709975
-7.409916384873267
-5.860315650388201
-7.293123324993003
-6.703861442944278
-7.990969315147512
-9.088354721526597
-6.707606552036659
-8.514340066269606
-9.752656725023044
-7.981208054287155
-6.600457487868433
-5.728041056643625
-9.100119580634717
-10.636075494626164
-5.423594464224012
-7.445369812141818
-6.001810767474916
-7.484236831221204
-7.611911277949078
-5.831190691948418
-6.590460456402277
-7.01034906878964
-5.354817941246923
-13.595390928126799
-10.957291290657889
-10.104689722603327
-7.675744924494375
-8.447963574592123
-6.732715249688108
-7.757382537301156
-7.411030890061414
-7.758041152464888
-6.789838463255566
-9.449697044935295
-5.679330141052392
-6.967594884527383
-4.54669868581346
-5.669874475385911
-6.333333252785116
-7.282227608158392
-7.718676301867207
-7.305924574118676
-5.3828616905412945
-6.2503301227213885
-8.756205830955585
-5.918124571889148
-6.937678053138153
-6.320259205270832
-7.300116640639925
-7.287081085473472
-10.628454187090405
-8.472087074105332
-6.73230686371193
-8.301114331061491
-9.42418602432182
-9.348419959873736
-6.854554786640924
-6.474666129106566
-8.44961648609616
-9.67117217280777
-8.012992322793068
-5.927204430891755
-5.301980058366028
-6.158961444698097
-5.933944805088697
-6.99515641664765
-5.3517136077016225
-6.689942453478625
-7.541281834620097
-7.36278340026856
-9.292161750337765
-12.556517961291261
-9.24908838589336
-7.492144262686862
-6.156679247202637
-6.877529818412832
-12.479509693057631
-7.38290560415152
-9.702620217363416
-11.622235322143583
-9.063260265286608
-7.442917228982675
-7.245061498843696
-5.619402683641405
-6.547455403169508
-6.48092302792709
-8.248093343186731
-11.439072162600779
-6.4962247244251605
-6.835698997968304
-6.74893320981989
-6.9188183391835905
-10.783876237800529
-9.747935253618792
-7.350463370099182
-6.784833732548359
-8.055438861081978
-9.83456216892056
-10.97763826994835
-7.671462768717783
-5.632677128649691
-6.627940183330284
-4.458859954295446
-7.897916925370762
-6.878602371373638
-5.856683695149499
-8.215079747556583
-7.512541754184077
-7.815491672870482
-13.359861205328267
-6.431566026623211
-7.759512385121565
-7.403517884030391
-9.334714683312717
-6.368562907111639
-7.651256501698326
-11.185169416960276
-7.628518508154549
-9.558266223019343
-6.608816474745758
-8.762568831261774
-8.503040816508083
-7.677979170333152
-6.330126494337913
-6.158398316390269
-7.310568372431365
-6.500961214586826
-9.88680400776756
-5.84505912504085
-6.656693593635897
-6.126814854135888
-8.548308130640342
-9.288372086338894
-6.3096502248542645
-5.282773037135065
-14.054663653702812
-5.847812489769801
-5.7432946391304265
-6.73195005267207
-8.786843939240782
-6.23952841211586
-7.864618057520066
-7.38968348386366
-6.170449501258009
-10.634942686783386
-5.303389955628164
-10.9149475292766
-6.066255429044818
-6.9045433236596905
-6.619269118754999
-8.003222682899546
-6.828313427349725
-6.73121236113899
-5.347097571325955
-6.286805860732911
-6.984040424902696
-6.461821619772487
-10.235717947404117
-4.361024521772506
-8.374414317671953
-7.101024361193712
-8.974186536926448
-6.804575974138867
-5.792625201838447
-6.287750490037834
-9.284304553830008
-6.938166515574342
-7.213876811120536
-10.572399298401562
-5.841972071132686
-10.290279484223865
-6.523386580989557
-6.442076132889992
-8.63704445881335
-8.408566584132949
-10.084481751160316
-7.276912747757858
-8.04887709316951
-8.377621814969254
-8.380731773546081
-7.489855450612175
-11.084300834850103
-9.134427051627162
-5.721234143994374
-4.960942161416474
-9.453236835120927
-6.922554195967196
-5.890181840590835
-7.397157805361514
-7.531351873756906
-10.213833973936785
-7.040089338221741
-10.715561086211789
-6.641963497414388
-7.2451639866364985
-7.3036456786780395
-6.816409260370822
-13.73090405478067
-6.9174747029019
-6.741428960444961
-5.722661252835354
-5.248350956848411
-6.823093099837715
-5.15025934944773
-6.360522198167183
-6.455604231665481
-7.081111502569599
-7.983248894570294
-7.045546919381663
-8.827172444838691
-4.889719196222204
-6.518169887192094
-8.885139437854791
-9.62381026607083
-6.885246479677906
-9.454617711841166
-8.646752995595556
-7.581010473490886
-7.070978419835716
-9.521384418415076
-6.82304198602575
-6.8500904102062865
-7.862335527737102
-10.147144202048489
-5.117966344404766
-6.17056504196216
-8.176327972777274
-9.04168764535658
-9.608202460662074
-5.341233266475385
-7.188049980704192
-7.870723733105711
-4.251431141850524
-7.015355587345528
-8.427372452395252
-5.022783522490716
-5.070992130442705
-9.88756469933458
-5.137173424968608
-6.2446052854435425
-5.325164452966108
-6.056848858620502
-6.962392394347735
-8.311125248265416
-8.33324700435233
-9.572728507417851
-7.14775843157483
-6.657411495533746
-5.465503777802931
-6.8790362655646815
-7.855057116224311
-7.455442430222232
-7.275624987977823
-5.2972149830416475
-6.890924645219106
-7.021606866173359
-8.102994130232574
-4.971011859748437
-9.614461197186664
-4.726241968271768
-7.057424437351509
-9.59562525737823
-6.585602414398454
-7.453556168662346
-10.496990047451687
-6.559401255751332
-6.197975272056942
-6.188250839312273
-14.476930967539754
-8.931284207928908
-6.511669711749556
-5.602641505146321
-6.146742241850763
-9.435655956326924
-6.066588078488868
-6.996573616626088
-5.187170327487751
-8.426655759178269
-5.384719504383999
-6.636545612647311
-7.089829651271955
-6.063962318273827
-8.113143007951779
-8.75862181717076
-9.35222524706031
-7.290656446025331
-6.134514638774608
-6.578157295270723
-11.487011147353062
-5.7685034665043995
-5.909484331291647
-5.562138299628087
-7.856671475241471
-8.637907406802016
-10.657424498989055
-6.216341435753016
-7.6928783223214845
-13.772289458077406
-9.278084794589812
-7.37890573723378
-6.907198925666439
-12.148953358692903
-6.403525511797174
-13.240443091739117
-8.407911292654887
-7.008098217546851
-10.258791970059118
-6.602023103230825
-12.503363702392651
-6.876234584238355
-7.577043642235083
-6.26191174484058
-7.083578404380066
-5.984418123201593
-7.033098743902281
-5.217497346705339
-6.072300902326078
-7.964541737803358
-10.42475740982419
-6.7605622425520195
-6.207590821725473
-10.314323675485358
-8.160935213918195
-5.406958124098135
-6.271111674566151
-8.812156438719054
-13.758399781485078
-6.71096439531853
-6.957877224617659
-11.514072598892229
-7.225086393330236
-6.661054787087982
-7.840275244711698
-6.850012653127848
-9.292047951469726
-6.995192870022277
-12.049383145754705
-7.181172822943752
-6.3172055361370445
-8.989502738609998
-7.098050357275312
-6.276485470401191
-10.53061891094239
-8.056209009998694
-5.388113287240847
-10.39407520678861
-9.657445850661174
-11.627419719121042
-9.085764037874183
-5.126643385368087
-6.673186348657496
-9.189480090705471
-8.632246972326469
-11.39557861013856
-8.13012717140189
-6.060712071928878
-9.0220655700917
-9.558263884435542
-9.747398500530823
-10.761882858984912
-6.240472986948654
-6.930621365796858
-11.826833311107341
-6.381692215354002
-6.581371837058871
-7.715918152501703
-6.2147051768142925
-12.8217340996566
-6.656420912829686
-10.306312739108336
-6.079012881447924
-7.059560634385368
-7.759244209606235
-4.797903359787485
-7.566282167080502
-7.170402444363848
-6.330870914929924
-7.1775719988102775
-6.771079508467108
-11.084805886391605
-9.300589428663503
-6.414550438847446
-8.457870640824774
-5.474713776940538
-6.336038786659432
-6.8549481723901735
-7.83516074639556
-5.912045596136163
-5.211384251596199
-6.289523421439384
-6.530647329785374
-11.59672484459367
-6.49068659879202
-7.406166960448841
-7.014495832554387
-6.650356506119734
-5.138602216207593
-6.0691162225509
-8.146956527010136
-6.796110298342988
-9.492809474793507
-8.271724280966742
-9.503062479862988
-5.395316498703985
-7.199829562908898
-10.693483278727472
-12.125607155652897
-9.886897371950194
-9.26688458921984
-7.329931748711009
-5.980860650025138
-11.209962052341357
-9.130630671815398
-5.327844063513699
-8.232971751251757
-6.8341322410301935
-11.413894863910198
-7.8054719433111135
-7.510503697548662
-10.822292047582922
-6.732653155623323
-5.279954394508843
-6.044014041536294
-6.842937823547672
-8.61755006848494
-5.804159576616242
-6.3646174019315245
-6.056025049331149
-8.907861547076006
-7.320012164781036
-6.226525973385036
-7.7005694814583325
-8.392866305273698
-6.63836009187846
-12.240419631276408
-6.767197459327727
-9.2268136550909
-6.489716824401665
-5.879688507519384
-8.020604898658071
-5.465205403991172
-9.135503198279876
-7.605421637290066
-7.508800943588671
-8.50554904036747
-5.883928132827129
-8.549315828579548
-6.136852252745273
-8.034291015172052
-7.307478074280194
-6.026675635752338
-8.471616905980108
-10.147864472257774
-7.321562767575416
-7.654063868087553
-4.910866116277558
-10.231998471529236
-6.924891801692401
-6.508479017439649
-5.619987944925423
-6.543399634423723
-8.159409506800701
-7.938270037206176
-6.813578323374565
-8.620314372475873
-6.254918835959727
-6.455033221681634
-4.9328445835958235
-6.831135863626339
-7.952724108874445
-5.739340502908085
-5.41738933436919
-10.553882399801243
-4.819502173335979
-5.191470547722892
-7.837683078870692
-6.011526238649646
-13.601625175005347
-12.900829460736935
-8.275978783190032
-7.093707973392238
-6.634902652130258
-5.286770177242327
-5.81680271046964
-7.602261405945318
-7.752847885540168
-8.147479872877458
-7.283169251474499
-5.583640323982974
-4.889719196222204
-7.677187181252274
-6.488817405736252
-6.445833233686306
-7.568034201967831
-5.167029592091177
-6.295755975895896
-7.691772263811893
-7.333744192867943
-6.559110092883424
-9.096288014279228
-4.864435794116736
-5.887919356296954
-6.9027759522733945
-8.269156744020387
-6.237784637402613
-8.462786777270887
-8.0210686865518
-5.688342232353486
-4.788995804588141
-8.716684226057565
-7.5187592801507535
-6.157868246813975
-6.4174448607605274
-8.783010418446773
-6.360101266560941
-9.115733050830816
-6.768688428585889
-6.372196542584828
-10.22551368742297
-5.099638543621174
-7.656933755220859
-5.732879068898027
-5.707186122150386
-5.12452622313713
-7.921150795204676
-5.757796596344319
-5.362488291220956
-7.009983045988327
-9.706137471938673
-8.90965794375706
-8.977940004436547
-6.813842553616417
-5.055631305502807
-9.590458593095066
-5.781956330727856
-7.275552863468172
-5.848568005252273
-6.7302518782044976
-8.769649432739003
-9.553444391608235
-12.053808136139134
-5.628257918902299
-4.841656906748962
-6.852717318266563
-7.4417288690363295
-7.507564616100592
-9.856332833466883
-6.279850122337011
-7.488166539934455
-8.25636404638465
-5.416736283712826
-7.75803043492125
-8.736047555544205
-6.770123875597339
-6.30196329800216
-6.842356533349983
-7.65033020753424
-5.126938002439425
-5.8634910822355675
-11.073643896380387
-6.566561964224864
-6.044507601382526
-7.188572455795709
-5.6841475592121045
-6.6208819428183014
-9.230502108533738
-6.165117063032613
-5.894199506989901
-6.000717472152661
-5.078196035085444
-10.296246818505669
-4.676511495210076
-10.526936094730052
-5.632188014911992
-8.046538521271987
-8.853940104865544
-6.6842685024901
-6.439008377821027
-8.455904475120686
-5.891218845379848
-9.422579362606719
-8.270559817027054
-6.4879978448981515
-5.4808777268511255
-6.2707060344758565
-5.040916178221281
-6.865208974865571
-6.601500023626384
-6.576683224521719
-7.813888572365659
-6.608215214562714
-8.653045785745135
-7.067986446680527
-6.353704851418796
-10.316460403485955
-10.21764441972072
-5.819796365557717
-7.692084492757546
-5.61180403975613
-9.805883417316203
-5.51750630739791
-8.875642613477945
-7.265344173657672
-8.622918672222607
-5.362086991196717
-7.778473798840081
-6.612589688517001
-9.277383202764492
-6.366449918557046
-4.925903373543536
-6.10761793629962
-7.40660986507202
-14.158298611101104
-6.590117013887964
-5.644854049162076
-6.040851078110494
-8.395301578669647
-5.626179486293016
-8.66220855301221
-13.150290224098761
-10.79570213779606
-9.208055350647829
-6.2580511980830575
-7.880298460624355
-10.286376339516112
-6.877935421809549
-6.119111872356479
-6.953907962019615
-4.8481411780211205
-10.53198050541191
-9.06273230929602
-7.399894536222773
-10.653131436622303
-7.077022372427788
-9.195960267731763
-6.76160429151568
-10.933347460524404
-6.16857903075809
-5.326240598878978
-7.335182655096523
-7.939976431611695
-5.435223892334804
-7.800674460163435
-6.756017883496962
-6.069315936759313
-7.332624552032287
-7.058856231933866
-8.982176821601595
-7.6022997337232505
-11.144478564848916
-6.199483544258034
-6.073798222884212
-7.418067824872618
-8.458492275782826
-5.483103625683448
-5.325145929688655
-6.587711807697699
-7.0620297510998995
-6.239158832454062
-8.156495246980144
-6.610690399648931
-7.514435239453858
-9.447077792435161
-8.986703734194394
-10.23049538635326
-6.465365601570112
-7.90727852988359
-6.622362277813993
-6.904949769060174
-5.126938002439425
-5.794661099568056
-8.79385980862574
-6.20560934162756
-6.307022611032362
-11.334425974981599
-8.899554357435319
-5.467661413040025
-6.234607424946318
-9.57578243979934
-10.51535525128119
-4.899408920528597
-6.398734204337838
-7.8968284421227795
-5.930911916960527
-7.714030619087417
-8.724489251729175
-10.022175041767216
-6.941975046504105
-7.844822945854383
-6.253000753186201
-9.941859583013454
-8.108098142943378
-7.024666094471738
-7.080960674690812
-5.241984592600064
-7.262742639624702
-7.668306271417237
-5.93398783542217
-8.0134894401698
-14.031035316150092
-11.357448534894125
-7.1834268490925
-12.24526411408795
-8.639855326152881
-6.236424409896948
-12.168918941062117
-8.82135834783483
-9.143513809717174
-5.226124923532819
-7.728525498786899
-7.519255689493611
-5.337800166403956
-8.241160852197723
-5.256631661469991
-8.288823828426873
-9.398734552959708
-7.736993326648277
-13.2717001526791
-6.60898705328725
-8.319635777722015
-8.20449468440246
-7.247965282622244
-5.940755858354693
-6.671213127913992
-6.659436256494216
-8.401337270045454
-7.197215053894363
-5.289752044032491
-9.543178784665749
-10.835783135399158
-9.118882658864505
-6.90857451265103
-7.562999821128418
-6.273315615626639
-6.561360454934809
-5.398634771750496
-11.373028560771004
-8.497392867931175
-7.481426129641857
-7.210675628007929
-7.771790463411177
-6.022454209438791
-5.564894712819909
-7.863919869129702
-6.097608565834266
-7.7329103812040625
-6.366602643812999
-8.975165313126382
-5.380623243819028
-7.597928351540142
-8.480387062270966
-7.256575155488332
-10.000850486236313
-7.225413188308462
-7.9487147087617025
-4.889345726743852
-7.439293303844955
-6.2465547101026
-5.299365735028003
-9.402839538531746
-5.234719348269463
-5.120523733800099
-5.86325932951589
-6.3458882769073135
-8.686534760944348
-8.929027321716788
-6.731212882886504
-7.123576302268099
-10.257011914535367
-7.02156420796836
-5.005605879045966
-6.2827393681936465
-7.143395626028545
-10.303043559155032
-7.9933851131602225
-5.856082339979541
-7.578225350791631
-5.7598203991072205
-8.946558594563799
-7.779623958309623
-7.106235225570969
-7.52888246122834
-7.5623567114299215
-7.574420415558219
-7.234909504159982
-12.567260745961997
-6.996508581183256
-6.353283988011968
-6.436718510161271
-5.952295689227481
-6.140672528052457
-7.280853741762435
-8.376512497832087
-6.717050675097563
-11.863754283360956
-9.003509945024877
-6.365179297843093
-7.2522099405296565
-6.449491780730704
-5.836831920861675
-7.183683731849621
-6.0108523607656705
-7.699361932653489
-7.994983522384546
-5.568071548506257
-4.82702077023423
-6.48119806414325
-7.101221870460195
-4.969701415229773
-8.900107035737754
-7.977331547661369
-6.362992632537117
-6.183752670223054
-12.878449744201069
-5.360319549788123
-10.827605058901781
-10.539644196220348
-8.157287196805221
-7.506395734173486
-7.108693939754417
-6.191192119302643
-9.11448771079592
-4.927382164206153
-8.80111832123536
-5.1624729906424776
-8.709899393139413
-5.9800813741422205
-5.92813937065548
-5.29764727112515
-5.464478757334287
-8.662811963336582
-7.79857184758207
-5.803573772421642
-5.465900308688544
-5.664733110519039
-5.1536393137214995
-6.177184760714194
-9.653361269000666
-8.096364700888312
-11.0785312583488
-6.600192844105248
-8.240477477052922
-5.914444406399589
-7.6129434167364884
-5.257075799372933
-6.379794736625132
-7.037751796907202
-9.025245458303933
-8.756611081738537
-7.601224860919866
-4.358039990861955
-15.151566028579646
-7.437626189145829
-7.627257449549061
-5.69521533214387
-9.695283974204562
-8.050353670192942
-6.194865738278265
-7.972288360914779
-8.068698698783882
-5.996638870767186
-7.183576561735117
-9.218395711331302
-6.959066078800038
-7.3198833428634815
-10.925435224739532
-5.176269240032056
-5.913795502711564
-4.692382821151655
-5.574445293194583
-10.532366936983145
-6.5927003511622475
-5.634528541929913
-7.452280070917343
-5.623486413978156
-8.330914301890601
-6.649227627209356
-8.94205635125445
-7.4686420950158485
-5.875815049784925
-5.99815167512203
-6.50159307161707
-5.92809465366704
-5.776861710867979
-7.462375569025263
-5.1536393137214995
-6.955254877259314
-7.607998555309009
-6.3883336042965375
-9.91259789324994
-6.1470582192468
-8.038914254648247
-5.3060766655755
-6.877776528385606
-7.394212438545802
-6.388889206108055
-8.432154689174684
-5.871475490570234
-5.181118255183219
-7.074412064251626
-12.079821975871752
-14.212483565779692
-6.302953901712795
-10.48988802138873
-5.545353211469006
-9.17003460398488
-9.60754740499588
-6.998901930525003
-8.901618724650186
-7.357852561729556
-9.071152110208168
-7.459591576645032
-6.207571019250188
-18.775072499523983
-5.227229970233976
-6.06064144687049
-4.988763476475715
-7.417765290221364
-7.938984907287501
-10.947377649765198
-11.727574869944211
-8.21641151677034
-9.925861382802898
-6.856527366236627
-10.994175981180124
-6.4995554222656295
-7.021962879376343
-6.779006643680995
-5.261141546211798
-8.40994904329672
-9.119034731216246
-6.213299920960222
-6.855043334991906
-8.817398254430579
-5.999678380988388
-8.469087081324016
-5.4018149021658255
-5.277536149001554
-4.7593175846881905
-9.10428018864477
-8.220585757077
-6.589153271952503
-6.492585075433136
-8.782324788102128
-12.14746909630384
-5.449828972891902
-5.7479938630926535
-5.617497084087117
-4.958489918396153
-7.982576058426705
-9.945579774447099
-9.598075862423173
-6.245137096186172
-9.762746752489365
-6.76732978741927
-7.987192175784244
-8.76287724914379
-6.84062165253688
-8.856900880548078
-8.818655573243541
-8.472003906276639
-5.925563220759719
-8.5954748080719
-5.420544899842701
-6.846834624905713
-9.766464956775208
-7.573401262436642
-9.35282328552465
-6.583177740866105
-5.011631633851102
-5.985469940922184
-5.842274858878285
-6.643075366794655
-6.148305470503837
-7.228076534174354
-9.244799548776218
-8.02262507289615
-5.7225502445076435
-5.185136494076816
-8.081538613310618
-5.47752598691216
-12.66784108708379
-8.700743936886393
-8.639974983073703
-7.094068486661488
-6.210802528874192
-7.113273467257964
-8.635736814709652
-5.6017535880870035
-8.992311004617004
-10.101781004559864
-6.957901124551905
-6.743836739566601
-5.804942853038413
-8.09899035986683
-6.905484596964579
-5.282697953260266
-7.624180243521897
-5.273766719331759
-10.238680971517674
-5.2875854993688005
-5.926847456440014
-5.483253353945567
-6.7439762685199645
-15.533393121376077
-11.3515382620432
-8.364345794679664
-10.052282734219373
-10.65934071382015
-7.720828329058287
-7.541173995208108
-12.709293675474262
-10.453140947395827
-7.282419387017679
-6.1832304531804425
-8.83809113086749
-4.727008193116483
-7.351774493176992
-9.255139114676396
-9.791659508515032
-9.25894542126812
-7.731426170636911
-7.340158534489584
-5.916967818740722
-8.901051057229909
-6.923889478786221
-8.395965481432297
-7.854615304304418
-5.843920567946129
-7.4519587360539274
-6.6792739791768545
-6.705013183897481
-5.2840019358886705
-6.417246587738565
-5.098335263954255
-6.5874547360199776
-6.5305252891163175
-5.2684292768289955
-7.398089524774585
-6.073987305430649
-4.800777805388864
-6.433968714943551
-7.365668025824845
-9.249092899239733
-6.912101420501091
-8.50008764787968
-6.300538505354597
-5.721964198107425
-5.591957198270529
-9.17381907136882
-6.083517244004259
-6.407923559424593
-7.187783301390736
-8.442515261819318
-7.8843414377117105
-9.42942836537704
-9.620503890790257
-6.777260968570803
-8.015433644693518
-6.8113113491157655
-6.3442747631163545
-5.5225799651475045
-9.719609226242941
-6.851153018165277
-7.1248852414602055
-7.3290996144685545
-6.183146466213325
-6.47843105140207
-7.852413872245639
-7.038522158570108
-9.921879875899588
-7.433445456203628
-9.771065232172017
-6.262901777728051
-11.6876008119334
-6.311878641826628
-10.219621237083713
-8.335455264265756
-8.596035368636214
-7.017828659939505
-6.907773147375169
-8.61196299959121
-6.374570860096782
-8.076205705299476
-7.881761370446903
-5.394476068527
-4.820041436415087
-12.41116834698342
-10.221128178366937
-6.778713172808306
-9.041854576364495
-5.336299027021864
-5.679034148505109
-10.780800662082502
-5.145175790394719
-10.514801302944036
-7.838089019681126
-10.842023553755663
-7.487434399658032
-7.2578420257973155
-6.402038200457957
-4.8907814976396
-6.238524826318086
-9.154665826445514
-4.966069480482109
-7.064459634395484
-6.299727368534098
-6.298234895249324
-5.991718985167553
-6.090676374746152
-8.107762680494817
-5.951071664967193
-6.220560024507854
-9.933359184196934
-7.04409706163407
-10.876571334113278
-6.156783031877544
-6.694162301365042
-6.0288150675841665
-15.76501712720067
-6.2399962527290835
-6.3185798406410125
-8.939928091752881
-10.540014903556857
-8.146200801109044
-6.593856909464183
-6.498660440086168
-6.7413285903560904
-13.488875652491199
-6.245342577172247
-7.808250126872751
-5.551705448084833
-9.050857961923407
-5.705774954674764
-5.644794185353136
-7.382820500923768
-9.085124492575614
-6.647733237344225
-6.488033569684936
-9.615623034314408
-6.560089322920849
-6.671771700851572
-5.415180393990415
-8.370899867449046
-6.043867302928835
-7.4523301838129
-8.558023643900771
-6.376306220457936
-8.640770241114488
-7.355446190267671
-6.949852514408362
-6.875165713018333
-7.632800973600179
-6.603209276047399
-6.857850965100787
-8.917267207019622
-8.903754578131675
-6.097996806015629
-7.458393422839479
-11.731571169292437
-6.544761510576149
-12.17277914570223
-6.283567528474693
-9.648031621009826
-6.710447480154033
-5.466831558205285
-8.112914106709457
-9.360262751663422
-5.795736794981663
-6.737335227514563
-7.050423048105244
-5.4124734478125935
-8.034348266365111
-7.15334176925563
-4.369766331588126
-8.396122172439028
-9.0528706067612
-6.564739598534188
-5.7084657479222285
-8.134610711434503
-8.242048993481173
-7.873155528443153
-5.3220614571923965
-7.478280421807944
-6.420890565778956
-6.4227501356631205
-7.531932428669752
-8.353775222529592
-9.614987697323514
-8.293125213914529
-9.709565112677105
-8.272983458417016
-8.243569178555502
-6.628965533424201
-5.28111438963459
-7.112589838398294
-6.203934502578287
-9.281576797602904
-10.08525597010174
-7.054720564793316
-8.178652789321067
-5.826578609337313
-4.964302662857084
-10.347201627773673
-8.720714332210047
-7.250581042054647
-7.868339728312716
-5.213074258341447
-5.762275756017239
-6.788229521793027
-7.924127882237618
-7.242207774393725
-6.942153348806702
-14.62868666067036
-5.262913087881105
-5.719405322569552
-6.138025232404565
-6.5451178724075065
-6.076059048316808
-5.451828316806302
-5.992557105075561
-6.813195107867639
-7.045697150236955
-5.429969471630361
-12.508847498968986
-10.648625544822984
-10.859826052736357
-6.685860269602849
-9.030733819333438
-6.395781915498886
-7.116962126652379
-5.298583586917583
-5.920951636908164
-9.249359361264082
-5.4752546850076245
-8.863886843146853
-5.134940601607007
-6.1118848955431435
-6.838258852276859
-9.225688742343364
-5.801382124298808
-6.320832048108814
-7.999620677480159
-4.676959709885222
-9.669727432752975
-5.958553851689492
-7.148421039525591
-6.085442171014631
-10.179557500670644
-8.916559878484628
-6.265781324800771
-5.8576958300212025
-8.457806496594634
-7.620821288030043
-7.773324427358913
-10.478037233860533
-5.948784093286207
-5.583560899187559
-6.181488227990871
-9.808674411394934
-5.690997033532068
-5.290372251900962
-5.514374936165709
-8.215773374305869
-6.407766816416925
-6.47966559452283
-11.992929551194813
-8.414946411324106
-8.664937570661097
-5.408018436903586
-9.123152089220351
-12.789077291855515
-5.41622165696355
-6.454485369987661
-6.981700787535958
-6.520928111127064
-7.5415706099367945
-6.826266574735752
-8.05705703251037
-11.339991847105809
-8.862133474863324
-6.7566506513292754
-6.1622499412412255
-5.294697049825168
-7.733146460740188
-9.20782605918611
-7.910078469079215
-8.089052278659778
-5.6660839456250995
-8.973145254120006
-8.275414262636028
-8.960815340563325
-5.298012625741119
-6.945304118230979
-5.523961690462673
-8.186772277522449
-5.963671834028205
-8.020287120816235
-9.967703402813026
-8.610986018313469
-6.511855684558931
-6.927452091225689
-6.940286849310114
-6.5803829643439276
-6.581120793539026
-12.967987546588187
-9.569611247577987
-6.2899208996445175
-7.213132199957706
-4.520919808110483
-5.797458140065798
-10.91882157482591
-5.184580279268772
-8.912999330860693
-5.855620875834854
-9.195131698364355
-12.795688280727578
-11.99968209194467
-10.19069261384505
-10.117531991849358
-6.193106647486782
-15.489192307364247
-4.9481820156410325
-7.2990241485395115
-10.132555641818358
-5.519699092573341
-6.7762418727122595
-8.618595298672147
-6.606837004591098
-7.455795898509169
-7.8925000721510985
-6.907848270380247
-8.420459851118302
-10.310882445239738
-5.103972763451496
-5.546154365849832
-6.686821441587254
-6.696636339500815
-7.626370943944052
-10.482313327023334
-10.026445960745308
-5.852913135897863
-8.685793720880298
-6.754860515416321
-7.069759152246155
-5.565822644463969
-7.788004928631365
-6.378234758069792
-11.369975094717567
-6.841029753903939
-8.965667764312832
-12.344161734422887
-5.28111438963459
-6.219971474619288
-7.027018806448155
-10.217861281053516
-8.401630722555693
-7.649758303322194
-6.3159275817813105
-8.239573776267774
-6.662496114823996
-7.2922662971032866
-8.902464592189833
-5.783516919942742
-9.611439760418106
-5.775117823042287
-11.660976617169501
-10.472659047333055
-7.05289201445422
-5.822361666951003
-6.6532579001533305
-6.522597189618358
-7.117380576627246
-5.722592319600772
-8.15996827748444
-5.875819954831424
-7.943647072136948
-7.971530282965138
-9.63783785798729
-8.990318870099253
-7.9045759004748275
-7.387036919072701
-5.609689914052064
-6.141914632301282
-9.602409259886509
-9.648856249757165
-7.2091176176588565
-6.101735025749781
-9.319563451851996
-6.60813675443457
-5.604837899541832
-7.280547348527219
-11.204685440703095
-7.114922332714038
-5.1244764791249136
-8.053435640757362
-8.207013160046337
-5.484419041982939
-8.169166451756807
-8.102867518424585
-8.355505892633815
-7.8599156713198015
-9.815836939018808
-5.8240311549609585
-7.682865349484552
-5.024896155426926
-6.691819853802677
-7.5061439422404295
-6.800405982597552
-9.525560875121476
-6.634795675755472
-7.401037437407293
-5.145175790394719
-5.371865196240727
-8.123974014933696
-5.874491867730797
-7.2353128255021515
-7.292784132171133
-7.455430364405531
-9.593225095894756
-7.789879831753628
-6.897361245970345
-10.258567217894022
-8.147501139667863
-6.601736268994757
-9.564717929348438
-6.838852486331649
-6.490650697450971
-6.642248346306731
-4.799308935568519
-9.5170246640825
-6.262020751414697
-6.9422237088101575
-7.201030294952334
-5.049277711367418
-7.409849493257507
-10.786286068065477
-13.972455529448125
-8.395473082268516
-9.580480339621039
-5.771439241049874
-6.704552286863978
-4.702565552919932
-7.679627958698345
-8.77216822102795
-9.22474908289211
-7.857212105087856
-5.591505277483181
-5.481986158483743
-8.162634700354145
-8.582808288422427
-7.209541896487118
-7.962207650013821
-8.431626162439661
-8.199549625628311
-5.012267022227006
-7.57749650131766
-6.1302903925364065
-5.036760849758401
-7.717018152213262
-6.850343369883251
-6.922955222514393
-6.374637836223105
-7.806505242528385
-7.1747116499756665
-7.346607725227695
-10.22220232269341
-7.840676142243904
-9.004578312403975
-7.066178160808589
-10.178881409183846
-6.449447575020348
-8.172984193590514
-5.471512190486749
-6.490955089616048
-7.347369242606608
-6.142844901143793
-6.216294088934467
-7.740516326421192
-10.619646348765913
-7.360646433753227
-9.798664559855363
-7.882289823558201
-6.248827678919171
-6.852809276556989
-12.763704646937079
-10.0570378108197
-5.548848935236525
-5.2399827783545145
-6.757993743593162
-11.457262359089576
-6.649505421427608
-6.629842271443753
-13.253878738862266
-8.763671504800456
-10.106026063557147
-8.228072802234784
-7.083060450904096
-5.596750885232723
-5.941865859918803
-6.847192863550171
-6.76859997327481
-8.402322461707126
-9.801618026482863
-9.442963465845692
-7.968314801815674
-9.749255119047685
-11.879470521682393
-7.140140913003862
-7.6566334135562535
-7.487606830559222
-5.5216033864645055
-6.435870566697809
-5.695535171477115
-6.632930592723817
-8.537030211378738
-6.252515946847129
-7.044397194062003
-7.3787763208165424
-5.736868575682734
-6.904958913797129
-6.288612039450863
-5.666113688544283
-6.921449967301579
-8.761968280336749
-8.082893808010127
-5.406435121962086
-4.8881137095260145
-6.160287653133706
-6.680103744180616
-5.9262248241072895
-6.389611949342937
-11.370381367752607
-7.31390605598254
-10.935775268985783
-6.373400867293428
-5.067723029205303
-7.7073076617665075
-6.167800957928618
-6.066259193563895
-11.512556669885598
-6.827566670835568
-10.12652502756372
-7.043080174582215
-7.073140904873037
-7.003542503564589
-6.648152758653691
-4.901249376461636
-10.78729004125844
-6.742853902206453
-6.9955175196708765
-6.566863250546305
-5.665536629467431
-7.531080794367139
-7.657522670674123
-6.580729828242359
-7.709734033617713
-11.566517176796381
-7.6108523547076645
-6.649495162292458
-4.807668285932108
-6.001734306024433
-7.196349671197338
-6.3254358631941665
-7.088922743776597
-5.216649617798361
-7.961133729441068
-7.878840711253786
-6.7965362957980515
-7.543215641868828
-8.950353270348954
-8.121821917145644
-10.439983666806302
-7.232406168902374
-5.076646165857044
-6.218178733084958
-9.440904455597416
-4.54669868581346
-6.340603440293947
-6.6511687069549374
-6.840991569825457
-7.270533120592157
-5.297496631887389
-7.277176599539905
-6.203934502578287
-7.1896090752115205
-7.69232193164752
-5.57005207473214
-6.302769103151663
-5.926184047268089
-7.586171039130085
-6.614195223078575
-5.008179193843144
-6.855313614765631
-7.200574231302451
-6.907857055722408
-6.29340731882945
-7.826882929516082
-7.406868542102936
-5.660057597103432
-5.577927278583044
-6.167736885512522
-8.28496204533402
-6.847440664457136
-6.319614308856787
-10.004106518973755
-7.395847127076171
-7.015147968786503
-7.436195355674575
-6.71046669607558
-6.927883994064395
-7.818849636472111
-6.487978549009271
-4.898623376075458
-7.652456674260233
-11.923139852457277
-6.462651909748851
-6.632465171417131
-5.5530238677964245
-9.605217157114932
-6.099090780172262
-9.470250107568333
-5.348308831238255
-8.412259269089324
-12.52264681511576
-9.75257246451358
-5.311548324912991
-7.750030429962681
-8.633841456986952
-5.156212812228964
-8.45689490915826
-9.568642801426728
-11.961706750199422
-5.307755869697793
-6.7319099879993765
-9.020096508199822
-6.83500841108
-6.141249925878828
-12.136955770213069
-12.73117326776134
-6.271577570743008
-7.206488370820301
-5.552655593917037
-7.537613957231655
-6.533934326395054
-8.163003311485445
-8.551702851237467
-6.378607020616233
-7.482616591918522
-8.06511794673788
-7.624418034013372
-7.485252070945304
-6.400803762863224
-9.559070878398906
-5.8691540183469515
-5.379409153678647
-4.96768348593534
-6.752563283071268
-8.299980125036877
-8.136755198950034
-7.210650376563413
-6.309263874447139
-8.826047508393707
-5.355121771852938
-7.157998275460485
-7.2180224891165
-6.018749464317838
-7.872197558805102
-7.778985942267917
-7.4956720119386615
-5.260452354198932
-9.18880795026792
-5.312569834996762
-6.8869228086583885
-9.520275261846962
-6.54655255283415
-7.576452457540167
-8.219085897082875
-6.671382839944921
-9.105099613670884
-8.936343359034712
-8.302415601080178
-8.788844518001207
-6.664201910453901
-7.091499863999875
-7.434873349275823
-11.15211017426098
-6.240347313514864
-5.179960875723058
-10.57362242305571
-5.905636008966991
-10.565176149786893
-6.711800931350871
-6.771298324769343
-6.534333365721912
-6.61149570367524
-9.449134744066713
-11.031496081644374
-7.0417719592250085
-5.816076972458741
-6.095121961253067
-9.678145002441566
-7.388210634689244
-5.830061170380102
-8.783728851881975
-8.491091491374831
-8.126413037374421
-6.506933807097651
-5.256730634141452
-11.714306190527635
-6.1561474619713215
-8.541804453502868
-4.96168975299295
-5.262021814808174
-4.965568231226772
-6.7063231240254595
-7.369943651404289
-7.017857233530048
-10.310787661674278
-5.949349677090193
-9.39757823968423
-7.509258224277581
-7.185869585930699
-6.143849464663538
-4.361024521772506
-8.96680552974264
-9.545502424605415
-9.083297512227453
-7.014279896445777
-5.498312171755344
-7.227230256961334
-6.15167264112065
-7.098217014669884
-8.654132109488092
-6.133142820658429
-6.798473546389918
-8.987164410516407
-10.135331121715613
-6.33295412738176
-8.151818510156701
-8.03116820834556
-4.896323941389182
-9.699628849966995
-6.161027798920576
-6.314504856766747
-6.883081406076324
-4.997017445452231
-13.81796148426691
-8.105312486710016
-7.281677586288558
-6.066470358922436
-6.373644153716207
-10.190994180818917
-7.436140548182981
-7.011007389251801
-6.662285891967976
-6.337527000454377
-6.394590371242048
-8.330338595151446
-5.441946267838984
-6.027862292023512
-7.201193112430129
-7.961076500878701
-5.7401699439412965
-7.982280078635473
-12.404187874437763
-10.897091623046498
-6.094449909754082
-7.449084061438248
-8.51348034499464
-4.55498685405677
-6.4361368915945985
-7.213539739166014
-8.881475388231504
-5.87269471878294
-9.932356502507966
-7.877910174472097
-7.796249535545743
-8.130797540208846
-10.784394692470501
-6.88024092858694
-6.1278807245114475
-5.4425457868440015
-7.741533019999791
-13.33475901687976
-5.674210976738577
-7.265181505954163
-8.235514866177196
-10.125709774300049
-5.515670823838926
-7.881421191641094
-4.961806144590003
-5.137548461303155
-6.830334572161631
-7.80974205135683
-6.791318407956223
-6.097211269272235
-6.94846213085374
-8.753120619127538
-5.173401222842973
-5.713355323350762
-8.889939445555834
-8.216956676447271
-7.111660684827896
-6.306879797750487
-9.25703775308675
-5.669024485337591
-6.472296786970351
-9.54342624607808
-6.228826619151693
-5.899743242838833
-9.01536105427785
-7.076926083321495
-5.729807656212227
-6.278798773138606
-6.611984119267683
-9.002937330556879
-6.920013031424467
-10.127569057640383
-9.24201382017238
-7.733729004230728
-6.575189146896922
-6.752667062136357
-9.737280504382358
-5.950391997286645
-5.619923787135826
-10.632366688294091
-6.575301014216937
-5.678015698017183
-7.205561092842051
-5.759525836648213
-7.107001199543332
-9.943881136185942
-6.607000598310448
-5.111325748426295
-5.276258476726542
-6.761951453783061
-7.340347035358906
-7.120026154477199
-6.760723812458893
-6.357378043763436
-7.868689360402953
-6.778540185403035
-6.763266275086323
-7.109168511057918
-6.32105692391218
-5.267032165299734
-8.580292635157399
-10.785477217643992
-8.742137498558508
-10.220858259530004
-12.718504572496663
-6.658321184396359
-8.894428762059688
-5.376903778514717
-7.270530758307036
-7.312744800481134
-7.8607545446327185
-7.290944858888787
-6.860191162722577
-6.997800776545595
-6.364679616643604
-6.019396104546114
-6.971818985550785
-9.826897379195914
-8.780829365115366
-5.939601112608533
-7.376014476152426
-5.585875055617508
-8.286279346058746
-7.2675963802483
-6.785380980301613
-7.364148505509889
-7.279772680656646
-7.090828843591658
-5.651900832105853
-11.991531296208764
-6.642480513755225
-6.356595449112253
-11.13792824118663
-13.113588788434805
-6.666051079328132
-6.120243730070383
-9.35548456826925
-7.98558876260527
-10.415427527165809
-8.542011381952333
-8.34423921904944
-6.729011829964935
-9.637862915121596
-8.642117225581703
-9.08602050515749
-6.569622128605801
-6.5972617177527635
-8.037088344851014
-5.0320369142920764
-7.480349106006692
-6.763047426234566
-7.400107716107549
-7.282237603309554
-8.200457972431115
-8.101074348543824
-6.951679992501272
-10.108392771522459
-7.59266131049915
-7.699557645042465
-8.141899870006052
-6.533659374763373
-5.669803812902301
-8.638310317517792
-8.173570355457716
-6.386118072658073
-10.209464313805015
-5.360374688057916
-8.585964970416144
-6.871884481366186
-5.245645207706534
-11.625481428646824
-6.843274639839888
-5.913985465517511
-6.599091933761716
-9.695750286769426
-8.619267549980256
-13.10084440806759
-7.479878370702197
-7.430970970427942
-6.728258683500504
-8.074392137597856
-11.659199877682056
-7.1280477023556115
-6.321883196272373
-7.507511646055977
-7.347038339152788
-4.9355483943792775
-4.928059584021679
-5.1495226405793995
-6.1939053743360635
-10.539727075108239
-10.643723281031145
-7.696084953221242
-7.8394899471962916
-9.444494408548959
-6.470791581736865
-8.595823177694509
-7.8755256405518175
-7.1218276279530714
-7.164305669030132
-8.09354939884189
-5.312875397104678
-6.028675193309428
-9.574593115717205
-5.323984304281243
-10.119708071776206
-10.581093539081653
-6.232608302677375
-6.709947126585261
-9.092413780279125
-5.84806096664756
-8.627991212110874
-7.5074565516025515
-5.6637075720568415
-8.00161324922131
-8.83296609623312
-6.944214778750086
-13.730931514456442
-6.375533810883169
-5.533417251394517
-7.313202669730414
-9.049439324146466
-9.128151009077511
-8.271855960838415
-9.621174224212302
-4.895187007443471
-6.662061732652981
-6.177808210186674
-7.264162493576662
-10.221104618323483
-5.826968624807322
-6.836792822572261
-10.826106567728013
-5.682199261484156
-7.840107514172232
-9.328221297833192
-9.221343752057166
-5.634625762678903
-6.2237024825343585
-6.239532376588672
-9.518552703534025
-5.90682873130824
-9.356982913560984
-10.845551916268906
-6.127078582923718
-6.061283859979983
-12.241999239799325
-10.237790619775332
-10.459423440247125
-4.70727207151437
-6.873061201864946
-7.568998265041303
-7.473307487276839
-5.862691601580844
-5.956569637249469
-12.520775055191097
-6.4870726480260315
-5.994606393245361
-6.150167961971157
-6.083019165619207
-6.476688158777401
-6.679749522755764
-8.968911846396809
-6.486227005251387
-7.553168993821326
-5.423889804388848
-5.648921883378131
-4.259081584316221
-6.739059394619914
-7.223069805718317
-6.684362840034117
-7.071897407360404
-7.662701247700959
-7.199559580468355
-5.494920443520334
-12.621194828787283
-7.08570200919297
-8.309391330214861
-4.963453112400089
-8.992583436667323
-6.959223923611487
-9.720611312474547
-5.826252118583285
-9.543884266373661
-11.543397819976676
-8.968230147485569
-7.260088315859133
-9.495728614364827
-10.443454070802431
-10.539757970246214
-7.64596244572831
-6.085538436209096
-6.515807340831887
-7.963462458832639
-5.872721696038778
-5.571315307966238
-11.184222748719545
-8.292368472302933
-6.991050170822662
-5.594926210102655
-7.651849868206129
-9.165359278793973
-6.073149623424671
-9.615435486515807
-6.466264983301662
-6.590293575707316
-7.921746005858849
-5.262466138180325
-5.659811836857794
-8.309023154808624
-7.988529960768762
-5.268554196190924
-8.779053236523447
-5.39994214034776
-8.349451833245402
-5.066606060230431
-7.07935393269408
-5.588746777691128
-5.769137042639953
-8.071784028243764
-8.932079266854444
-6.579034976344925
-7.568891222519785
-7.586663753032935
-10.21347304182021
-6.714379557298901
-6.1034081992936935
-5.94492844528582
-9.99565872294065
-5.2721081637927485
-7.425850453564297
-9.911211790538818
-6.7728565536723995
-6.42084042173682
-7.1601577047080225
-5.465883585568486
-6.165457606923574
-7.637849033775453
-6.225881431001671
-7.935581915872748
-5.337597658229029
-9.400682169456964
-6.276877168732108
-5.631660029942709
-7.237726988755164
-6.695723587169868
-7.951864154685855
-8.426498215931899
-7.832361404612905
-8.077487113015973
-9.178631984515427
-9.812881699368646
-9.29745502071502
-7.281347929208528
-9.784714067575807
-5.786407527482533
-8.429759220786362
-6.849865305279758
-7.268019167953837
-8.273527019735758
-6.93169431909211
-6.9959304575572565
-5.8939450407880845
-5.188726528177362
-7.158661751393638
-12.123745269339182
-9.499646324131376
-5.9532715865587065
-7.5205549896610515
-6.870685439532813
-6.52057870526892
-6.695494776924445
-8.750414061501044
-7.670813829216428
-6.92909436375953
-7.819209317926683
-9.406740051818156
-6.532891453796825
-8.250033432103923
-5.998641966184861
-13.101840315588818
-7.022252242058174
-6.1472437671439515
-4.801006498078658
-6.118339787397012
-8.017445612159861
-6.950662718559803
-5.821402504419714
-7.912112549282972
-7.21925137493347
-5.061492946014357
-7.309692009807601
-5.960599599273757
-7.280317220317023
-7.222683738872543
-6.273957920923418
-5.579069067647489
-7.322346073376127
-6.714922099052788
-14.615631058692392
-6.8242850763989225
-5.840376571101635
-6.451783552700483
-8.040097427436384
-5.982067657207432
-5.871896770233534
-7.739731387944363
-5.753036359899982
-7.592711219239089
-7.894054120635564
-5.170647377177714
-8.15055773786367
-5.76557806759285
-8.281748706839934
-6.263161928303622
-6.245060227083969
-8.938636911090441
-5.765676168573821
-8.236383074660788
-6.511522674015082
-6.226981614526436
-12.475398674472554
-7.684041597865406
-5.798660545131905
-5.514664741246074
-7.470855557351533
-6.924436726925046
-10.843283779141341
-5.992912665220487
-9.320566125517212
-6.446903559252007
-8.51624591803877
-6.707597046345772
-8.259484519946264
-11.352747050762606
-8.086404126775562
-6.071722277854024
-6.742840895057423
-8.882706754798901
-4.7792616035876065
-7.890162452671377
-5.393197116559002
-12.171446750070212
-6.718472390283762
-7.212418686345434
-10.492392927529252
-9.781849011555652
-5.328751193787194
-10.119331331138559
-7.475396486972739
-8.165061289489863
-10.362909743258433
-8.12280948623786
-8.717037299624552
-5.536407239120869
-10.192314802916831
-6.996624289823858
-9.12817380285114
-6.639916294222465
-12.102769803580317
-7.094755924964093
-8.669442751222345
-6.416971559226082
-11.19627497825849
-5.988510461571963
-7.80893361896386
-6.055950732662748
-6.935100766912304
-6.541090768266428
-8.79322484335232
-5.81906449133089
-7.996094457805781
-5.891431445844351
-7.099500769750753
-5.430579601050697
-14.809916783234932
-10.073535554090817
-5.517891687607611
-4.358039990861955
-10.314837552967088
-9.276363740265868
-7.34605640581111
-5.060716379813551
-7.529869712873109
-9.11878236631652
-9.041073489564615
-5.848478205348509
-6.554208830179349
-5.128072950916117
-7.355652043770623
-9.894855274024543
-5.449828972891902
-7.597723500801212
-5.156030444185272
-8.391752154322992
-5.515587887940107
-7.348662248556566
-6.345893738666408
-7.724304809075842
-6.889688566709591
-7.187229973310828
-10.152902974749834
-7.82094886422829
-5.271329390231583
-5.833759103017225
-8.275204693630656
-7.2983823135285775
-5.534891591382952
-6.914843334537958
-6.92500978631893
-4.876684030126406
-11.453332756957805
-8.326580088860457
-5.497946937808182
-8.231975424025794
-5.769414268736525
-7.575797091894482
-11.801199507201353
-8.689464664247248
-8.474593745190397
-7.736804331452895
-9.099974074932154
-6.284768584292624
-10.521057835992604
-4.361024521772506
-6.186378800484174
-8.084125376906323
-5.315529476503698
-8.440678293377013
-8.194203306166127
-4.610251781339175
-8.901768673751707
-12.603319012178988
-5.996357829259326
-6.378792671169805
-4.871442179979892
-6.246556705952342
-10.727188777742397
-6.6302586112443205
-9.57098256706052
-7.305942625212693
-6.1995584483402055
-6.736761721599291
-6.87325048916254
-5.017009417488628
-6.906162614281154
-5.568247899486284
-4.898629368523929
-7.7218245830487255
-6.417086808503038
-5.303363920494954
-8.280761108426177
-7.015097869159035
-6.15255407008801
-5.584577398858974
-8.50930734103707
-6.350291743277318
-7.309938668375645
-6.315541442701128
-5.731431694249646
-8.187629392087103
-6.068577836325548
-4.9492611381597005
-12.898413476677883
-6.0724923354671905
-6.796667370979913
-7.186862607861212
-5.9997929369301275
-7.721802449762214
-4.949941314370954
-8.751228122059016
-7.949897710601781
-7.444201624578439
-7.312788745192203
-6.775578582534404
-6.197556966423123
-7.576788646319408
-7.0947690403662635
-7.195899745197097
-8.35273006276188
-6.674812803933563
-10.992993088986571
-7.106638109761003
-8.779390497458763
-5.483358754673284
-7.5350070140128755
-6.922505318078525
-8.722375279513882
-6.3196281180640375
-7.699792812327373
-7.8707554930041965
-8.12397959943352
-5.259117035532462
-7.605047367612533
-5.773539660699428
-5.807850598995607
-7.67822125426119
-8.01169316929588
-4.8307323668837885
-6.727588139529274
-4.90547238780089
-5.991767376831378
-6.632097519135978
-8.460804570311678
-8.658896573989109
-6.116712463398646
-5.194809230420989
-8.09635587017761
-6.202128121180001
-8.306694853362995
-6.919002579435977
-10.648450666631222
-8.682962470265783
-7.3992927200225616
-7.0219986994924435
-10.564166731790921
-5.819294498454602
-6.174363057503131
-5.785614208103605
-6.943872593687588
-7.256570945810465
-9.109207858379168
-7.451319210658028
-6.705103008563912
-6.200073659587512
-8.34749318392212
-6.936950799071871
-6.0252489765238035
-5.661997867645343
-8.877832756377606
-9.309741705597638
-10.738743013577212
-7.665172368475169
-7.3588241540496595
-7.008545500008719
-6.245913615294884
-8.135916648140288
-5.122748147783741
-8.121093350999098
-9.209934180229197
-11.608106362836025
-5.695213965304263
-7.034823253376989
-6.871501189325608
-7.4715701023799115
-7.223150733577905
-6.417078590035406
-6.323042316466044
-5.885108523204869
-6.291534179030728
-5.682840642241959
-6.872143471528679
-5.878439005775403
-7.484262947061853
-10.83168347176209
-6.1157912658405085
-10.569750250528408
-6.4585762455048785
-9.604599040211601
-7.635453096022245
-5.3225035982753495
-5.880632803720831
-8.433655088530491
-9.826331649648615
-11.63545136425032
-6.248503224214547
-6.3781162489886905
-9.1183775687803
-8.373173470203138
-5.700060225371419
-5.791087788004656
-4.803657886067958
-5.295466629647112
-7.797497408220881
-8.436765539477351
-7.594014995103969
-7.561526285164012
-9.979738567416177
-9.011203274206906
-13.280964662207337
-8.341395833425995
-6.203813060104986
-8.6933520986049
-6.9651789433781115
-5.5240768375202185
-7.923384237496288
-6.5378872271197475
-5.763024185383743
-8.279662267902406
-8.669434585510148
-6.682352447155697
-11.382752100872802
-5.246996714449061
-10.622854844463092
-7.094298160875034
-5.465900308688544
-6.292656436657892
-7.409579802888919
-8.188060201630776
-7.8224823942701995
-5.8876090813584145
-4.988763476475715
-4.993959510741379
-6.681974542204307
-7.227479198913753
-6.920523878976332
-9.508451755953772
-7.49819941519534
-6.215183914737037
-6.718446930294107
-6.786283558265747
-10.321328028505265
-7.042319838241686
-6.490813963655096
-8.960966591427285
-6.014798880979705
-7.001006175786279
-9.547481562397572
-10.606975581090039
-4.876684030126406
-5.7407981300890505
-5.973296137129567
-8.489475115559955
-5.315601701613737
-10.137692759442693
-6.236839929663665
-6.650403613460133
-4.866976289808965
-6.065573423094755
-6.965325626158732
-4.450163034991122
-8.40904904401142
-10.294715093349867
-7.4350878248401315
-9.477442569124175
-6.320442884808225
-8.078273995777472
-4.808774378891833
-8.908463801740787
-8.439204125642393
-6.735900032434883
-6.025325026083982
-6.98891204885782
-6.771960742248263
-5.807893528681824
-6.080951393399412
-7.7227359538281775
-5.799172824191148
-10.167015344020305
-9.916020661419369
-7.1943982367037425
-8.789392208856862
-5.174897993118642
-6.423692575245888
-6.534939832838394
-7.065194021869704
-5.944303071259348
-9.433848833835043
-5.573292174700334
-9.054739798642647
-15.142795198297273
-6.455198948076791
-11.195556063432294
-7.809873104391317
-5.906559377907609
-5.038503203389543
-5.861125181350364
-6.42989585599593
-6.818040359943262
-5.8992374134816465
-7.113034798272202
-10.005989098918137
-6.621437978714954
-8.18712582437016
-7.269528003789709
-8.188385328161727
-9.714401451562551
-6.2514694632476795
-6.53246925922678
-9.618191995875419
-8.504163481146342
-6.230078452053715
-10.555453099916036
-6.171316790553755
-6.257853097425444
-7.779300417662955
-4.959439459963453
-7.96233321291833
-6.945690876817471
-6.949329467068011
-6.115835674321686
-6.525154538260355
-5.463004759594932
-5.375726295981137
-5.718143330849623
-13.355900551362277
-8.539925827405975
-6.384056702365052
-5.545187871273307
-7.671690523133957
-8.47592844397431
-8.60518713671738
-8.827028682918666
-8.986570836920727
-5.874518936353635
-5.781000802027255
-7.537352849436845
-6.398097072321759
-7.812579461088295
-5.58343286847902
-8.491748001714132
-7.765307833080785
-7.0712739308663295
-7.12989463793067
-7.64897464396327
-10.101064566125519
-8.476281125951163
-10.708139613476781
-7.705040482893362
-10.922541011287269
-7.428345718898651
-6.920447704510911
-8.899369070218178
-8.994330228186524
-6.445351453285277
-10.215026252160477
-12.075936791542563
-7.744810310680998
-6.270139372491413
-7.169156555500192
-9.843863118928006
-5.811756468221674
-6.815400467576647
-8.775456544843241
-15.887317739648868
-9.968635705095627
-9.038840170769227
-7.571852120286986
-8.028882324621039
-5.091941373824404
-9.842719236865824
-6.366529672206285
-8.073609373169452
-7.132262388181582
-9.008626788893029
-10.524865584184349
-7.949781192591912
-8.182614953966844
-8.642766470531763
-7.054715177139057
-5.131659545194393
-7.757431014920774
-8.01025419239777
-9.119380728291695
-6.364492312941872
-7.250933689159506
-10.435094590440917
-12.252233064438538
-6.937361010017129
-10.21357742176886
-8.326531749746804
-5.748450712102442
-6.650554147747496
-8.043473142370194
-7.741917302979559
-6.601864081687212
-8.139798454668767
-8.009446506712449
-5.975668608783655
-4.808774378891833
-11.526057521766875
-8.68391810876705
-7.141878558201259
-7.90009089065406
-7.179559259307244
-6.194713106510441
-6.11265743727212
-7.98121805217453
-9.212430262221162
-7.429570510613849
-6.3503397807044335
-8.439680185482306
-10.296203425123185
-6.360424338781268
-9.49889284321648
-7.369153812321454
-6.715417610704987
-8.615724764275924
-9.001603231640425
-5.972635223279872
-7.590257227047368
-7.733046264166075
-11.337782601297008
-10.38946577758653
-7.40568153603002
-5.858170286232181
-8.448079744595695
-8.74740220429479
-6.110798777623087
-10.438353538490949
-8.513118813971793
-6.15319682189665
-7.522330703829565
-6.941959680630036
-11.115596672167136
-5.853917803719797
-8.939495949621126
-5.536118091143943
-10.828084824251674
-9.40391917058522
-6.377633800800466
-8.92803290456004
-8.208869734977386
-7.616813647842186
-7.484653570222113
-7.69655726275117
-7.207196924364094
-8.002381800703986
-5.81707773074603
-11.744485279973388
-4.898623376075458
-5.835409567585456
-7.385902222862702
-4.984047163361781
-6.984830048509457
-4.8300604231987885
-11.877291027975593
-7.699000906433248
-8.486541726414018
-5.645941141356087
-6.965725670285704
-7.10591812106189
-9.464889308494127
-8.425424425770247
-6.214651304388663
-5.1166580733275175
-7.447605735949817
-10.460508718981057
-4.8232478937305885
-12.907961547296464
-6.274862214974402
-7.2144758904952315
-6.781384361322487
-7.900596195952181
-5.490521452770541
-11.549299073790367
-6.903317453794393
-6.340974411239114
-5.890890264029915
-4.751636958205751
-7.4585251481893255
-5.508990997626092
-6.691385536672749
-5.808798714133895
-5.58618622671295
-7.471864216377137
-7.831794312452767
-8.571049738051116
-8.815158331556175
-13.753061677675664
-6.757093136887308
-7.5653937147102495
-7.079037971176849
-7.784203971931095
-8.582139686458309
-12.00379733127354
-9.706716213047496
-7.37791623647214
-6.266030989637842
-5.727855625866875
-10.288710911718814
-8.890200836405047
-6.522149179403478
-11.839112078954216
-10.699993107970986
-8.492711812206071
-5.194809230420989
-8.527077010282055
-10.895307201463515
-5.84099345358948
-8.184743417657993
-7.631630000799213
-6.145472285004322
-9.888428253141432
-13.50799221582204
-5.296569383678444
-5.86996308562257
-9.165920764334903
-5.410212307599335
-8.493862737904074
-5.803903922416817
-10.384605300440983
-8.470599966385512
-5.463752128970926
-6.5743640689959815
-10.920525263931335
-6.286463383970335
-8.600809685202213
-6.489429161548555
-9.050108945251734
-7.642284021015116
-6.488417229378137
-7.8613842016005115
-6.3404982571223245
-7.463236824082378
-8.018725075585241
-5.764997991712566
-6.32132063347258
-6.013377052871542
-6.536274480075253
-5.343342946159873
-6.815896550546835
-7.975596192064161
-5.966458755051165
-8.739674480527142
-10.424991674906163
-7.649117389992959
-7.483748485219941
-7.587837922086465
-6.742773875758033
-6.843244682259199
-6.205424406035516
-12.783859085125373
-5.92320573148116
-8.353858850686079
-8.121636184959009
-10.51985868100724
-5.852226901712323
-5.917592634773184
-6.068180237944893
-9.286176682175325
-8.041684692875311
-7.609492645921602
-6.5687197643800195
-5.465883585568486
-7.646023305804149
-9.764395335909768
-9.381618985953683
-5.285782251649312
-12.19330586184645
-7.382101490410094
-7.476269391656397
-7.598831653634166
-7.653457247825417
-5.919725929617758
-10.062578776211714
-6.735493421996285
-7.206013179551556
-6.355954733991604
-6.094195246905499
-10.686586009204326
-7.463326400454083
-6.545802617075617
-6.644541960263851
-7.079006028488676
-6.704263365270588
-4.928713873249503
-8.121112735821091
-5.9715203597996975
-5.682054344151771
-7.997528693648872
-6.826104135452832
-5.2212453763911615
-6.925883588754765
-8.91709352713285
-8.519570005978384
-8.205623463992515
-7.736745062107493
-5.592684166360678
-19.298610956157695
-8.17536189503007
-6.201329827940992
-10.119671515629951
-8.34635342060759
-8.257855183193445
-7.22938823961217
-5.430987273031443
-7.664046356755024
-9.047954597471353
-6.531739361515328
-5.695535171477115
-7.745243212211042
-6.815558022250795
-8.61901334409307
-5.220657294826229
-5.931874454618116
-5.286342465606746
-4.664764849680196
-10.155244619836248
-8.831435501506208
-7.092670041466265
-6.733617382118063
-6.094752782340738
-5.459815637382377
-10.249714793687307
-6.824263310349342
-5.082144369353383
-8.680154146060133
-6.558330136029924
-7.5850884879165275
-10.736442570376239
-8.411054454378917
-5.657448670678126
-5.406928555889281
-7.903865364268159
-6.724983648570405
-10.385443120841758
-8.261432127003149
-7.145467504054168
-7.448324525824901
-5.7113630949919125
-10.268333431084235
-7.116891762463006
-6.404721841646786
-5.663792972013207
-7.879808278017911
-6.320442583969734
-7.423164513947503
-7.966384409266071
-7.0486237875108095
-5.981102945811474
-7.862003417427048
-9.586520739965039
-6.656152510315116
-7.340092696937772
-10.691472188456975
-6.1732634080730655
-6.273986510870369
-7.41016432202522
-5.715009069407651
-7.645348857809457
-5.130842778035122
-5.0084805285205585
-9.790178386588806
-9.80725925211941
-7.124755537672033
-10.758347070452018
-7.256998526908099
-8.399773258512917
-7.036129070258499
-6.738078334803971
-7.634271574938447
-4.970702640813685
-6.669605233481309
-6.583374824378921
-6.813877663780047
-5.832595523652095
-8.434285157219797
-7.214825068112718
-8.768499532831243
-5.813154054892632
-5.408410341923941
-7.300217860865814
-10.081670954202586
-6.242075656422246
-7.494834187354981
-7.084585056467846
-8.362231876115095
-5.371836663647792
-7.921904468233949
-5.167029592091177
-9.768155027480793
-6.737382988299765
-6.243841599627662
-6.693818344113614
-11.071641063579516
-6.216484825492118
-4.829414698315676
-5.965569539530426
-6.467631333126448
-6.336541705152175
-7.256443256449428
-6.770092627264778
-6.419835430507945
-5.494465337914148
-9.951072375687211
-9.21398757566301
-6.0032485861954665
-6.996419190261177
-10.881169068937737
-6.4807514795015475
