# log10pgen
-8.12067459020658
-8.364428151034094
-9.111140112280035
-8.099979376255153
-15.526185716020525
-10.968070190481555
-11.74691931104447
-11.658946671027934
-15.301721556051127
-16.81952699036346
-10.71599084603667
-14.97076776564914
-12.508350592749835
-10.451452518680783
-9.037181241641145
-8.34162680442219
-14.282291079743382
-13.113043888205514
-9.06144895772276
-8.514014090807086
-8.461420518369637
-8.183769285977167
-16.678530734332416
-10.873984858721105
-7.332896876272309
-10.26329487178948
-10.574817394787372
-7.561505110268574
-9.036881902428997
-9.730370688217471
-7.363914538359645
-11.377330767518139
-8.849033961120279
-15.247979727567992
-17.051590382463047
-10.556452085385672
-10.695458557424919
-10.520788381101758
-8.13763706829312
-8.671801607848398
-11.5679464453651
-10.353555117892476
-9.19026656556831
-7.791752678933537
-10.033433442561641
-10.580315323385154
-10.600433112062978
-10.55584427779082
-12.402038816502643
-8.320368639732568
-9.370316895878679
-10.51405546470877
-10.78046763320666
-9.583252528628483
-11.108162574517603
-9.633585851464634
-5.825793508666143
-10.458597015364061
-8.962881203138016
-8.96109099154486
-10.804844219614779
-10.372965040485612
-7.1774656279511175
-10.58602505061042
-10.761098376584563
-11.082916944981262
-7.193827859942545
-14.911331273551824
-12.65926358871917
-9.169915751956832
-8.517365745484415
-11.823366668044828
-13.561406284178156
-8.929622245369123
-10.550429588790609
-10.139176666460692
-9.141341101256558
-6.560291600404303
-7.520019161001521
-8.00847102655784
-9.301875832379915
-8.024287274561042
-5.900754446302484
-7.906623320144669
-8.034046417735931
-13.45291492005358
-15.700233919506708
-11.45919098449758
-12.821577484611502
-10.516248339859617
-16.35111838192887
-7.01742618377933
-12.358361435933647
-8.175695557860468
-9.276824100163912
-11.238911818711589
-16.18632714777343
-10.473010564552057
-12.33826915793506
-9.748003883776907
-13.093911438603357
-9.634188420480285
-8.068895093020965
-8.394934286874069
-11.32909690906802
-11.848430770845182
-9.048983115506411
-12.69405559350363
-11.064038336373185
-12.006874269192824
-11.170090475028601
-16.728260046940598
-7.936231452752414
-8.918286361414273
-7.717012667274312
-10.81400133791105
-6.687398654690605
-10.722497747441324
-10.312596375235573
-11.171404219289341
-9.810220092840233
-7.756793306823317
-11.882904494019174
-6.0132310364711214
-10.93651419884123
-11.828703733594308
-6.851679937338276
-11.237802415599896
-9.41412305984915
-8.385251415539418
-10.519680816901325
-9.664062922690215
-9.368064735227845
-12.908349689130233
-8.728070286021877
-6.920053481640876
-11.412064741961364
-7.907743322076217
-9.542418101266897
-8.305077020888792
-10.988931182657922
-15.082197360431582
-11.227270651516609
-8.632073079433358
-14.647181762144228
-8.16908911327643
-15.593274977770536
-10.611921188253326
-15.617533522194483
-11.55110349193636
-6.5616360310561435
-7.49017786963931
-14.78249885470708
-6.929496294220459
-15.1223620541998
-13.589990064148148
-9.552021489307705
-13.896022045475803
-12.965270076532383
-17.458539462293306
-13.95143997852519
-7.154388028178311
-8.257805831476398
-7.262813843882234
-8.385037057180817
-12.062241446511608
-12.046059412889406
-12.617802194068387
-19.014540403971942
-6.795776699776186
-17.71848537649535
-11.240497704660983
-8.210336354173444
-7.798812827737645
-15.98081345007499
-9.442529523585325
-7.042995878473352
-11.000532164702504
-11.26879909863476
-12.231687777501056
-11.01573099495552
-10.379079271947289
-9.745327574442323
-9.530006111787813
-14.773956426333251
-7.059090859815912
-8.81396254325168
-9.537890313086457
-9.309102744367967
-13.666638106079231
-7.664344016737024
-9.91642103586661
-7.293317274297372
-12.34866232296534
-11.58940627795964
-13.543862375861062
-14.581851986070944
-12.395789684978455
-13.027447242381669
-13.543610061714556
-12.858375193689952
-8.272506954437373
-8.212584005651593
-9.850907857339587
-14.163801405231606
-6.290731178933621
-10.534071896147843
-10.10968141323834
-9.44249890917818
-8.050183038077998
-7.4268167683640325
-12.109899525907055
-7.578080172334604
-8.841968030255394
-11.43691081657673
-9.337411003351857
-8.741570293012046
-8.809335962145774
-8.359187221569986
-13.302030694293325
-13.251243461020845
-10.457971061780054
-11.686144225699202
-9.5509607566297
-8.437621038836093
-11.239789991924814
-10.501101685269386
-10.625435700299217
-9.2397485710004
-9.740178104757314
-11.424246130475657
-11.666630746760225
-6.011796159579556
-10.813180748468431
-7.546630171171377
-7.784223311070191
-8.723221610670725
-7.912594983139977
-7.991471036917915
-11.52951318953556
-8.401525682212922
-11.577184756304435
-9.298250959661429
-8.498922264241504
-10.649679334241608
-6.111908180303073
-7.078772567589394
-8.181737498334861
-9.903331248910428
-10.509133131761196
-16.109613823855973
-9.961728547289416
-10.81228136680187
-9.571440700293193
-10.272686695427751
-10.563580861910696
-7.029940720986639
-10.3036553201646
-9.736856068505466
-9.824646915092211
-6.978490959101012
-7.05448396841247
-15.257966063771631
-8.414010200221293
-8.797460890363975
-10.827985255570848
-12.158068283469134
-8.969466803075665
-7.356557737160547
-15.125524650958864
-18.316515988868968
-8.631996336733968
-8.012151106636994
-12.798644194748043
-8.019550640683756
-7.921979448268675
-9.973350060778516
-6.032196051729866
-5.929809892898736
-11.492361779748007
-10.196682312590339
-11.571362688647433
-8.023231870193628
-12.247893622617724
-13.29499756742528
-8.71055635534206
-13.813208597460687
-9.53719708257473
-11.865332070834812
-9.133431190976124
-7.227698496700906
-17.53839949435706
-11.563136371928106
-13.958170681315005
-8.977905210440545
-9.311783020756343
-9.0272332592435
-6.985118814388666
-13.496751865607457
-13.088314500458962
-19.941328144926686
-15.296188315482084
-16.70824822252581
-10.441486438549784
-7.352058505038235
-7.817559576551601
-16.39169212774904
-9.793501908636982
-8.5397747087239
-8.803447020771488
-8.657689666951592
-11.691003619443768
-8.832806703060244
-10.07468980001043
-9.813162281462883
-13.320158528685264
-7.190509520013472
-19.87839510915587
-13.108886725320017
-11.374200605744559
-9.106730343634444
-9.584015920266378
-6.243954347144834
-19.122208341841937
-9.42062840381398
-7.43184266500951
-8.94737153198514
-13.078266866770674
-8.275919980282556
-11.891040064946827
-11.172150627289332
-11.265096266433838
-10.243204208662783
-8.024004398434768
-8.55748477908773
-9.75417457538718
-8.754160167267303
-11.480936570271558
-8.541555483643936
-10.066433148188787
-10.818509650593189
-13.046380281640724
-6.447779485427243
-7.137155840502236
-7.941120409833242
-19.40227572907702
-6.449224973431754
-11.38566388135322
-7.929318732895269
-12.045081182420502
-10.24261781314018
-13.86909913217419
-11.861385193204061
-8.27979097081115
-11.611238436097707
-14.976122750719933
-10.528690256222088
-11.117479372846178
-8.405442262669501
-8.237326151640879
-10.723287085008266
-8.494565095763809
-8.974751263696975
-19.75437045207565
-6.40043723731498
-10.389494844794827
-9.19330241138391
-8.203115631193052
-8.399690568847364
-11.943484960463627
-18.306337400853582
-6.464806472759904
-11.345682089241398
-8.434574455389988
-12.217504458216638
-17.777908918138053
-11.918580883173783
-11.542580495379145
-15.062654524198468
-8.803383339418037
-9.834936882135144
-12.767761623270982
-13.26829278773866
-11.520159247660603
-6.736257112444338
-8.77249917701001
-8.435756883337334
-8.765672814666186
-9.319125989391127
-11.786920073595146
-9.112818612041707
-9.523242690706736
-9.061173477310373
-8.603947646234307
-12.296574905212276
-7.996135649450509
-11.4703700654152
-7.892470907858045
-7.708609341346363
-7.14879290360847
-11.57429524122871
-7.496111439158693
-7.475403964997994
-8.067281044306151
-12.543703468741379
-14.349204968858965
-10.372515993989971
-10.754085060899921
-9.054098036246268
-8.547757086811187
-13.288037914186493
-12.754813889804216
-10.992393245980463
-9.620039949420402
-15.108365263022005
-10.090857915043161
-10.050263174097674
-10.46364113773971
-10.295713684509556
-9.857943692762705
-12.64898506092158
-6.34141861198741
-8.769193742922868
-16.222353650013606
-15.131460271774088
-9.836310404521157
-9.4817975994452
-11.85292303428253
-8.356137699392823
-6.849860795266541
-10.704849368345188
-10.501643171916411
-12.487265784894023
-15.06255249163304
-9.75706852974841
-10.28163161195284
-8.480935218808032
-7.679010244636258
-8.103912150090682
-9.373233222527015
-16.963764302035337
-8.834143608571495
-9.774108547989039
-13.270510698175158
-8.66912387949967
-7.210447543569157
-9.98596069168597
-9.505746796307358
-12.550713811237234
-7.947641415806513
-10.959633135890803
-16.52641601355328
-9.877966713501175
-8.84395044010328
-14.190979067711687
-7.054868263632737
-10.178845488870875
-9.58018767087869
-6.541895162263743
-8.041760171979657
-10.986707867533616
-10.155816144006534
-14.708112111310445
-9.706112114760321
-5.937901531393301
-12.019711838860312
-7.8123620891618595
-13.331736326163623
-8.355682714038332
-13.5773752345547
-12.735877923876362
-10.65351684200182
-7.99154778855147
-10.50584514734998
-9.846712375127936
-11.306146284728205
-11.33240904614637
-8.778801203173508
-8.619267998381709
-8.419401560215132
-9.938277155337502
-12.050918465979297
-8.786150236546689
-9.911415371731849
-5.950217038419029
-6.469885446821358
-9.404625507153302
-9.022477436972629
-8.228831115634721
-14.802357889242918
-11.033468010905057
-11.635771998691537
-10.98874243708363
-14.751208394121177
-9.930325378439658
-9.144454944339882
-8.578605958019104
-7.447055396173801
-19.357139115171723
-6.842224558448083
-7.905430823447264
-7.134825890301397
-10.39278782732445
-7.211155200783243
-15.155565366069215
-10.803755350522701
-7.469469825180273
-9.012303535638107
-9.301718934014637
-12.852009368576097
-12.461947966532593
-13.51321930826391
-10.743383879385982
-12.683631393819736
-9.68700008621793
-18.38566834633219
-9.37333822156474
-11.88863061429362
-11.213633201431941
-8.123077523302394
-7.991937904857565
-9.931463096059092
-14.316940997528345
-10.278982591863958
-6.312622119464052
-10.61258950024219
-11.023770460738657
-7.4584295467947594
-8.053519144644604
-8.784518872819916
-10.355086503673103
-12.068064827037059
-13.062792726938063
-6.182168871997589
-11.008269038714863
-6.797985882447441
-13.232427708101747
-8.681452907030902
-13.08838488615041
-10.575755967538337
-14.978553841209232
-12.752521667005716
-7.145533178863536
-7.7076311800128
-9.394441408613002
-7.629901724244943
-13.408179890860266
-12.750362191853482
-11.473063098613496
-6.616180373629643
-7.320337060979995
-9.921913506543483
-10.139215010485326
-7.180338264380589
-9.438172981606632
-8.96583416385375
-12.671286434211957
-7.76131351973438
-6.948966320025496
-10.436749034909683
-12.40829956367657
-8.800190813854035
-8.35739411803626
-6.898765783101616
-17.21852984210596
-11.035645419680671
-8.398017423512027
-10.197614619662628
-10.640734697126458
-11.169871905205923
-7.099465455292936
-7.61584236053611
-9.022835840554848
-7.112990280872951
-10.621756315646433
-8.30279098446503
-8.468878421525389
-12.287297583800518
-12.993694756905454
-16.866525922597784
-8.191431472273115
-11.045746321178115
-10.062613430494787
-13.13890215923884
-11.136867208587702
-7.10850908357418
-9.693496923558621
-8.329309319347903
-7.727891227714943
-11.752532218394059
-8.694743785391573
-8.758263959927557
-8.075466500680939
-14.006306888416745
-6.083964129944857
-9.871593988351902
-9.310367269453968
-7.9829505958976235
-11.117921525038986
-14.327506487701104
-11.808139626573073
-12.879976051361236
-9.930602860899056
-10.287959898681615
-11.263068308289728
-11.35068508600106
-6.994092710301719
-10.133534170704056
-8.011937927401839
-8.83514586389961
-7.963109429141064
-11.737416997059817
-11.730674903669358
-8.00767877674702
-11.805557061550488
-7.8242790368846595
-11.07459986560645
-10.928000965994721
-10.528907605562177
-9.817455413570212
-9.350047051396453
-9.76571348488805
-6.770857721485995
-9.118562680012227
-10.830053410232788
-13.123240263170436
-10.988669135666424
-8.962946530508715
-7.4485304928623535
-14.052040345600247
-8.393513012968493
-11.639165477133705
-9.067398041303466
-13.99492381995602
-8.114583884482363
-21.958321775953348
-7.625573451144763
-8.430616716421168
-7.9635774157869035
-11.031810611642287
-7.794887941410152
-10.388323089004462
-11.425282360410423
-16.138329572036596
-11.515581211029033
-9.756226487869482
-7.910660591995542
-7.050754894212253
-7.096726954780842
-11.854253710689989
-8.81033435198392
-12.159215603834436
-15.236559974968273
-10.286062340384357
-12.9537097205851
-6.91103976797943
-7.428699955206314
-6.834075780484689
-11.462809776101022
-8.79500725713331
-8.562373776054931
-8.8126122338267
-9.07140891096204
-11.852840026750368
-9.378739804162262
-9.907546219359267
-8.911450030668838
-11.078408752479408
-9.28847969696225
-12.840735018405294
-8.841621358270228
-7.733325202361711
-8.302317773794298
-9.719466857021033
-18.823978358934138
-10.830645655286888
-16.778115507244532
-11.997864781842255
-9.400929266067125
-8.17204694301122
-9.6228519188817
-10.027181585996088
-14.907484227160401
-9.562573367817729
-8.204654413204107
-6.190460256217192
-7.340872861046891
-19.916770295458115
-8.675538603373667
-6.38110182895656
-6.937558771407631
-12.188211111097964
-8.00184306942453
-12.099360786450744
-9.837915814449731
-7.6968279553720755
-8.301872463629662
-8.84989079790703
-18.85084725284393
-11.952010871857025
-11.296357163364261
-10.69341463554482
-8.437455659586966
-11.920037611184581
-10.139988657461632
-10.45974361465254
-7.147442633860418
-6.959775830598129
-10.39842474876766
-7.972264782150794
-5.857578350494177
-6.9050052501372035
-9.554760566164244
-18.181658071725632
-8.358399222339031
-7.688770587445916
-13.455292618965426
-15.717584684821096
-10.005799773922089
-8.925494389767184
-8.876503143956738
-12.965734377780004
-9.112733715795148
-10.781400510961655
-6.727131819190914
-5.905000431087413
-12.508933300528417
-7.528231958097448
-14.083099973989224
-18.44833081454803
-10.191033458938737
-9.795208915102657
-13.504598081035573
-12.146002692134967
-11.431196385904606
-11.625071866761248
-14.392766019311882
-12.217865534630697
-12.860596961886387
-7.74374163629305
-12.64025120381341
-9.836992273310543
-19.07700869525681
-18.962234342041675
-8.648101116437694
-8.518306066119269
-11.172518327964838
-7.360611415248799
-8.729887719433474
-15.339458685774902
-7.76095522970104
-12.7823018801503
-12.040699475361258
-11.92014825001318
-14.712017974510847
-5.920162245709823
-7.906616822369406
-7.10100938660644
-13.776916316821227
-9.969902628352127
-9.264499934795282
-14.595544044648427
-10.772330967159819
-12.910230795287331
-6.279734350901112
-11.262126254804379
-13.412725945100078
-12.168027174104664
-11.803644321276341
-12.316368212020713
-8.265718184823863
-13.432679466859529
-11.123479478928132
-7.559055931843373
-7.7973593356009845
-13.588965668342556
-6.984739928454268
-8.314046985063705
-11.56095224835078
-10.93252568638404
-9.686118101136383
-8.315070145573173
-11.503444979522586
-12.574704371112444
-8.882859162306767
-10.270529676322266
-6.966690755773359
-9.891000909227488
-10.949445510219427
-7.632317189749939
-7.845861234942302
-7.103886088170846
-10.032485603241405
-7.580060021063475
-9.823453799028247
-12.169379428816578
-7.931213129408951
-10.634325526848182
-11.05799674154205
-13.909354610811683
-9.939036386461785
-8.803869245491807
-14.103519924915728
-8.015542437564976
-15.16090995008817
-8.362663115094017
-10.64925209081567
-10.072289143597164
-7.586583226636185
-17.699027715469153
-12.20878889270345
-12.310290019310447
-8.157418259760748
-8.369975013429332
-11.780716396699995
-8.707862658333713
-16.02048865982693
-10.1754169665316
-12.1592995259722
-15.599092402849697
-12.252447786095233
-8.653799824924421
-11.738390538674297
-9.362121312616518
-7.710698813106569
-10.150148469795326
-11.046535352096164
-7.773955549085595
-10.929170326957092
-8.359497174628991
-8.525105389608493
-19.127437026660868
-8.850771278770779
-9.48118227335684
-10.645579926486265
-8.141635449991227
-8.515156152325346
-5.747569682085444
-11.93338835130974
-8.883018853788762
-5.740396040836783
-8.819535843853805
-14.363309591917695
-7.150073730276297
-10.378071808041813
-9.76121628189833
-7.088708882294746
-8.714619228301306
-14.00769674029144
-10.662711144937786
-15.819858583247782
-11.288229359455181
-9.129581341263535
-12.713220018687382
-13.870203807004804
-9.727512961220937
-9.399959785546315
-6.41795432082549
-7.449469869159625
-6.424143521049712
-13.116169773593597
-8.179195055806279
-10.28954106792238
-11.426090194034908
-10.881787867170095
-11.289569916302096
-10.960471325780013
-9.177947005709608
-11.67956760110598
-13.044481126141186
-13.940131229571644
-10.684989426012217
-11.163708827914013
-12.378620038588291
-8.844478750512522
-11.720377525932374
-8.026884915579998
-10.187762724259308
-10.576850385049255
-8.73846191973333
-6.477450133840976
-7.9560697006996675
-17.235043851299142
-11.342303637047307
-12.775423578431923
-14.671675829552226
-8.176139433571626
-11.751559673757631
-10.535498881951707
-12.779217770425673
-7.161578148989116
-8.644876241239253
-12.057834074391929
-11.708951560836214
-9.012494305367358
-8.348841556812925
-6.478260965736577
-7.469835570297003
-8.668090520205435
-11.094351885397412
-7.6186196003167215
-10.855691135707898
-11.048695317730767
-15.961961069967604
-13.194178453930531
-10.806402030952823
-10.474307889349957
-10.11437337084057
-10.396276002748666
-11.153604809087176
-10.633994816536967
-8.695902596499039
-8.304990970279661
-14.077828287530885
-10.44738652518353
-8.680332038039813
-9.121486572972419
-13.986932407844233
-6.233396292988738
-10.607490200337944
-9.428143581283537
-8.654819997190248
-12.92765575121257
-7.728730335113417
-13.884299995052618
-10.312353915758258
-14.014386722857244
-7.319066178812316
-11.206821059718377
-12.584200184315117
-10.461257810010489
-10.520818411736782
-7.579656808977207
-8.992491367001938
-9.09924230024787
-14.973616240008397
-11.267508504865136
-10.076450122774675
-11.04143953078154
-18.467677068649394
-10.505926921351978
-11.338080424974418
-7.804063445605976
-11.2508886816193
-12.482231498033347
-12.030671370048102
-8.126962730703964
-8.643993117896688
-7.008201739433479
-8.963881600851893
-11.884172179621133
-12.49890971385883
-11.002754772077424
-9.47465837470253
-9.953657366285613
-7.040324022322501
-13.662275955358565
-10.207510354356694
-13.785498966342793
-9.58881308277329
-10.076088847904096
-8.638691157185482
-8.088185850284045
-8.561124256268513
-9.1394413425165
-8.810140802984273
-10.094711684010862
-14.476683266086155
-10.68737638531631
-9.369009667786788
-18.215150064024023
-9.731129180507615
-8.079844339941156
-14.442910288750982
-13.820210373975094
-16.89335111741673
-11.83801480854808
-9.497612158942058
-9.713196050481011
-6.327255684972413
-10.245027443950706
-17.87257604755251
-12.25733134292331
-8.12003652746061
-10.168248468051553
-13.805858098134557
-7.684631956134511
-6.456394887778642
-12.038990919293152
-8.770078041217882
-8.068546274574851
-17.73879388422779
-6.054063289886774
-14.213616156252359
-8.860707908547878
-9.87571049789086
-10.45707902927687
-9.280408905317392
-13.764942307617392
-10.102712922268598
-7.699656378093987
-9.989940850299208
-8.939638843005593
-7.746332732870391
-9.350859073737544
-9.258130750657724
-8.392448203866797
-8.407413780938308
-7.531973578181291
-10.717147346712979
-10.098388126539987
-8.301458242073304
-8.256492649879975
-11.352365285465766
-10.058063865615775
-9.078194972957553
-13.91790650071565
-7.666931930102686
-14.319029443733035
-9.446540468966838
-8.419087330662176
-8.872613892197226
-12.896348020703718
-7.7145716574502705
-10.830154656362733
-9.366016307908021
-10.813862593550587
-13.987537505900116
-12.552705811963756
-9.260773691832524
-17.87347390715829
-11.429162938236663
-8.06988155448465
-9.191969050026179
-11.719536211471283
-7.957390743338377
-11.523741009677007
-9.713344086617345
-6.79154318573033
-12.484208636110596
-10.652195375888875
-8.731741343379888
-16.195075672879035
-9.288682593041273
-11.194577778417163
-6.583666778619169
-6.605123923394168
-11.169884951204502
-11.472583388942347
-17.775753855353
-14.801615992998231
-6.2347096350389455
-11.70131820648792
-8.597391269125886
-8.489892307528333
-10.540126841671098
-16.927391754962695
-6.9558051779576395
-5.4508644182099575
-17.91809615465154
-8.483770524657105
-7.397180116282862
-8.007319075587606
-14.44097566452429
-6.937598647878659
-10.872449394178075
-7.283200842860739
-8.643541628811558
-17.06996090345865
-11.871246628852857
-9.26765464170906
-13.899311456232502
-6.236850890054736
-14.444463260415548
-14.165698713315237
-7.646504275086737
-10.681212757087486
-11.832965041326085
-11.343210309930038
-10.62219569406049
-9.517718305146477
-15.258142862049882
-8.999290892207762
-11.657941706827286
-14.077476587021769
-8.71511298373253
-14.542151822807114
-14.628042090097265
-10.101410527691755
-19.931316119674374
-8.200610161613142
-8.786737579623491
-8.96936495300565
-7.277110305887676
-10.512248581954776
-13.363219747265209
-10.308302230643557
-11.518351020026197
-12.623131191830343
-7.336750144033223
-13.35762951132836
-8.593040952034425
-10.678497118811661
-7.482588556773554
-11.122532891509922
-11.64978097496005
-11.887206019337032
-10.799356136847289
-13.938693166719473
-11.629826267751989
-10.860434047268443
-7.943758103751353
-11.53607209479206
-6.737916690182745
-8.207206988264453
-9.943069879768226
-10.326814232401063
-12.274962995299878
-11.069010526189034
-11.896973175636651
-9.058942828097683
-8.71549805306544
-5.820126643569306
-8.113194654980665
-11.937648245122661
-8.827032402262068
-10.048308900932646
-14.112050913030794
-8.377572974107116
-8.610829536303198
-18.66185425870721
-7.8814199921231385
-6.862852569230569
-8.724083495228788
-6.270665552632299
-9.9538330048985
-11.39743237503363
-8.87427040606128
-8.392294706794589
-10.06021325140028
-9.675934031758564
-12.702636443239548
-10.289106361736795
-8.30950254049852
-12.573605806009265
-9.634155308046914
-8.351723304197286
-8.195877799722886
-15.566473353612107
-8.029100529487227
-9.101679485553417
-9.919067432490928
-11.753094808905955
-12.20171182388603
-7.448158034828702
-7.963424127327712
-10.508574895627646
-13.358217723467636
-8.269173931624211
-10.652216201987253
-6.795685349853869
-9.021082286465594
-12.587746183501928
-7.8291053403046975
-10.957050852607214
-12.319331820162265
-13.966268799911504
-9.76779103124924
-19.463245094438122
-10.806279333990876
-9.156010077300243
-9.375252210459609
-8.899385549092987
-10.905030680555292
-6.818234370284954
-10.4600298647583
-6.514020869720128
-12.029770336743969
-7.754714564962346
-12.962461346930445
-12.533035897570686
-10.786727170914686
-7.76583810707814
-10.431135617125321
-7.47176171297999
-10.08385913052701
-8.722341706809093
-11.713603954525142
-12.016273008215379
-12.765921707219345
-7.166013724469113
-6.789528047952772
-8.84141057718516
-9.30894593579989
-8.494497683278304
-13.400720417357034
-9.062081447962937
-10.371513168724194
-9.648067161613904
-7.24689111475445
-11.968509473076963
-8.390076285903001
-9.117518362588628
-8.661289529173509
-7.703028478217492
-9.221755513684297
-11.669234071197266
-10.037417259910448
-10.595076125154263
-10.17153095726701
-11.036586638953137
-7.118003947447124
-9.995157523695823
-9.250070359258654
-8.229691883646366
-10.475577769805469
-16.303077154920803
-10.511364829407135
-11.42047695928874
-10.394859642526068
-9.119622766107076
-6.5470933965952165
-11.784274029471845
-10.347669662659174
-11.604756569171348
-8.180793597142307
-20.318068468109086
-10.275739276947517
-11.54546626607576
-11.923222525036081
-12.147035820039104
-9.096603663462549
-11.783410892011295
-14.78264441523247
-9.084723027577663
-6.446286247367483
-12.374174277997003
-12.54614354628157
-9.014327779590445
-9.102295333897773
-10.452115595330788
-12.15451424163305
-10.548493401052996
-13.777119957518504
-8.492740101652233
-9.507307881579903
-12.79386617793192
-11.43894069933431
-6.419084392241208
-9.978538499158924
-13.049933490099203
-7.840082220729972
-12.354251506757814
-8.601000694105805
-9.52025288000993
-12.897772819877037
-6.457039447052103
-9.165820388929603
-10.049230847369346
-18.43180115787352
-10.156542990276225
-9.779058395085343
-9.371225037831124
-7.579458215140499
-11.959046450662042
-9.125168214469669
-11.938676197186412
-7.790912615077901
-10.230441069002056
-8.976380741904173
-8.142637567949912
-8.842635075472797
-9.415502904872612
-9.632123938495903
-7.920637379314029
-10.851745875388026
-7.253534068881687
-8.461847599658892
-9.822516237709033
-8.905624623185732
-13.3283386292309
-6.7165153158190485
-10.596826118691837
-16.982499858899963
-8.642100248529246
-8.929879007475872
-11.200248781397091
-10.384464615692975
-12.160271771422288
-6.700453913827288
-5.887001716219205
-9.137093381406206
-10.428411504339246
-9.289413447028393
-14.105424518600165
-8.263851429224719
-8.639037461842907
-12.43302216841347
-10.799972979506746
-9.340311368110294
-14.566383718628092
-9.65195909521888
-11.23227477831751
-9.958120258750832
-12.48919965281022
-5.7894568529866275
-8.103106209673102
-13.696758388525941
-11.007665712101225
-9.473537435204472
-12.947316850074987
-12.601313978685399
-8.81115782741808
-9.730297497544408
-15.661944440247304
-14.843671240113395
-8.825161486152675
-11.521550430040516
-12.192000322439988
-15.847992764677587
-7.006526105825084
-10.631957755925047
-7.372171006972796
-15.847886633003126
-15.624740474921612
-8.039197799657176
-9.20854768338746
-7.370333264966685
-16.582245723555218
-8.949018778183605
-9.4578412522691
-9.671720007362683
-10.758122377749402
-9.621579152792275
-16.377114668740568
-9.352354716340997
-11.357218431392425
-10.233506227167943
-9.268143301232211
-7.686798958183476
-8.24075389798885
-12.03234259817394
-10.448576379274904
-8.490274541657897
-8.289217220421161
-9.200024048464055
-12.821875805369642
-18.200763103618485
-9.517379751035614
-7.112980602596026
-7.781811302603812
-5.936648091630471
-9.613712832030755
-14.568697367882852
-9.246406538837727
-16.471897972400296
-8.698566060736628
-7.437763275120194
-9.402615373755747
-12.163737214662875
-10.178231663184835
-10.417006210232756
-8.27403883722618
-8.558039012135636
-13.432248038290442
-9.910407960225603
-14.485126254772808
-8.804537985571326
-10.481483571768921
-9.128237022578517
-5.632828853578048
-9.313511916491985
-9.439310670461019
-8.560282996480572
-16.567514547833845
-12.425858853689906
-10.011631640658079
-8.594699872041808
-7.2874152832046315
-7.6699093750773075
-12.018143329685893
-9.81328555320939
-10.601713916009592
-9.262401718467238
-10.94389187151163
-16.47183822353198
-11.760212800371983
-8.302516465763224
-7.662298719986572
-15.805866056252212
-11.970889195024546
-11.678999752993846
-9.61507791873556
-12.08431393405706
-8.00750848710035
-6.752833519877655
-9.646661398424756
-7.575114539422301
-11.745649514203297
-15.739500864176852
-18.10817580022421
-11.673977098801743
-12.258048081657254
-7.600912982749831
-8.12844640938357
-8.960053835369775
-19.989077167782614
-14.383710597612609
-15.792678138939532
-7.302771730313815
-9.552708775205014
-7.989109489419548
-6.871136122285843
-9.888889015512715
-13.444182825261489
-10.093854111143422
-8.564546142855514
-9.617500947125418
-8.138285348839261
-19.46044150530242
-16.319237028246402
-12.59149152391826
-9.806574065010523
-10.409794735938418
-9.587573319690575
-11.93283387366055
-13.089413937315697
-7.121467312090907
-10.451390053520594
-12.498846259682677
-8.671079285690974
-8.40826053104297
-7.226117802796282
-10.143890302167
-10.110833979975574
-9.092643260230147
-12.183100043626013
-7.907971969155052
-10.157519346995988
-8.988342094616213
-12.744822669364801
-10.007374384694316
-10.020175889599214
-11.2219836823095
-9.05351154358576
-9.24170485641653
-14.133716579301431
-8.068331168122205
-9.585682707061963
-15.600065493600175
-9.673194550465142
-10.45792111884083
-15.50247028531326
-7.974395968736961
-9.560979409617493
-9.762537137383388
-7.96431800216711
-10.051297090559814
-10.512484510772271
-6.214949411497559
-10.265827022462618
-10.43309175096077
-8.555037547337058
-12.236502775577327
-9.274488027002452
-9.248863862811982
-8.972518898879093
-10.186962709626194
-11.015519390681629
-10.350796089276887
-9.438052443796407
-7.537935864143062
-7.073633732145418
-8.462494756357259
-8.667042550877765
-6.995555938935544
-8.817204376855704
-12.792915506462927
-6.371233748311552
-5.934340719544532
-16.381416067896044
-8.014197250917691
-7.935368795112774
-8.546881444120844
-8.088217898429887
-12.371402734421643
-10.675567679686218
-7.383970153840615
-7.607530389962326
-15.64200663522017
-12.63098294534215
-11.104447507102476
-11.693802766921847
-8.842386986739715
-11.718926227879276
-13.196800267987099
-9.150516892296352
-9.869686588938725
-15.703982828383147
-9.000360300480004
-8.665553176573322
-9.753872429154697
-8.927573452249074
-7.206660442868281
-8.111105274875253
-9.795519154801205
-8.127063114668001
-7.952255173331236
-13.9353954114087
-14.670535457433008
-9.495974211778014
-14.143528391740213
-8.289697366915549
-6.223216525477509
-8.793755516443264
-12.766225138501603
-11.638096207502654
-14.822198456800727
-8.21078336813261
-9.445126722794457
-10.721388545211317
-6.5678642999532
-8.39006911038259
-9.955054537069369
-10.061762918424153
-10.441042517631553
-13.39572995330934
-13.302270650236313
-10.711970553383848
-12.819560459851804
-11.413456080319698
-9.724533975384777
-9.58351505003404
-15.388992296766983
-8.459894625761933
-12.308025023986922
-13.153650834257604
-11.340889256237642
-10.286263561855916
-21.183567050590362
-13.186746317274721
-10.017470131863128
-9.308592881922976
-13.197809107744636
-13.411383696184858
-10.867176161632521
-8.402051123175228
-7.526447446751225
-7.707256254133606
-9.391319832745719
-6.560356133188816
-7.903996593094213
-10.499461561042654
-9.451717651452737
-7.895084828856974
-15.43953210836096
-6.192636712923839
-8.635959439993995
-14.888447841958449
-7.9977873359510845
-9.938119222682317
-7.4334526582320635
-9.047360390490217
-12.773290573704903
-7.45082025220576
-10.14680923571447
-9.251213428538444
-11.330057920651997
-13.13465542878525
-19.76566156159564
-10.998545891394789
-10.557302586534592
-8.589337425879606
-11.994413814060923
-11.68188864621179
-7.001213416614774
-9.546737346121601
-20.363811476011293
-16.33432227493866
-12.863464466521028
-10.301099980910177
-10.360869632883617
-10.72428546949432
-15.41717904833266
-13.432965597153586
-10.200920644802679
-10.841282125432336
-7.610258397944605
-13.003469842624819
-7.43013428046675
-8.392674922712205
-10.71633686187823
-17.0333283418219
-10.374575889173684
-11.125641071936903
-7.240856947810634
-14.261333186232546
-12.302819745037564
-9.851626542792188
-11.205562844810803
-6.4332508653173734
-6.73216642729046
-8.453708693038317
-12.81652282219944
-11.747420906360654
-8.442973613122529
-13.542361545649596
-10.209710950202805
-8.817092101961121
-8.092814399948887
-7.256380315511137
-8.661801938484656
-7.919951180783989
-9.543558010174825
-10.156503513165312
-7.68682282738704
-12.956897127621527
-6.34059117434548
-13.368261897598563
-7.078284830354115
-8.779705814170674
-5.809673590850016
-8.84298977861283
-8.19892558581229
-14.192551537327804
-9.837651899753874
-8.393370523160698
-7.863638466545018
-11.766700570563236
-13.307615565053107
-10.151296069837091
-11.143713810768412
-7.421456038533225
-11.662404491688832
-9.24646336933906
-10.982984186111057
-9.648508517083373
-8.985164967736095
-7.736640833701875
-11.639970988079286
-9.455659978418145
-15.021447214701107
-6.801218772234064
-10.517691543644958
-10.762451617594955
-10.219064430030969
-15.486036237807777
-11.958490407146217
-7.698036398179011
-9.258042798106526
-10.731417059556955
-10.836792127141683
-10.08219506283763
-8.245891387819817
-8.784399252692555
-11.196290684638422
-8.84117101119737
-12.388894028810663
-7.450693886819478
-12.461591437409426
-9.274446627381447
-8.601201157082874
-10.75951829514339
-10.258642323033865
-11.184011116904491
-12.899007540637081
-8.015735501317824
-7.8419310462756195
-13.773083613203474
-6.31387011994665
-9.214250911037347
-10.931048515816737
-6.977946923195255
-9.11934722464186
-9.48776542048313
-17.222908184791347
-7.323218291123064
-7.274024658575715
-14.237364325204299
-14.490286230268214
-10.138727562080271
-13.831368391169379
-10.623313765915526
-9.714060167263078
-21.901480787030547
-7.3843217674417785
-10.220267385478904
-14.336084623385691
-12.074903444376622
-10.408939352999433
-14.814726104388619
-6.283823587499244
-6.540979159336233
-9.799232425129915
-11.69068873488736
-10.239701366493314
-8.914263324446559
-9.58845070713849
-14.490734539747068
-19.30263772905288
-8.960832133270046
-9.445470869541461
-9.147760963534331
-10.745873565633994
-6.293367747848055
-9.993100815221213
-11.576207181803493
-10.339061477104332
-9.397905584269527
-11.032986971145453
-12.00394796420999
-13.416257334437356
-8.950142489414006
-9.69702348318601
-15.211970616232556
-11.383507167077548
-8.357706306632739
-11.579877114110309
-16.544339962648618
-13.099773096835047
-9.03690790424762
-9.825247079498975
-14.487032721902667
-14.243716874860372
-10.669282900018098
-8.37463779108764
-7.1881297089201555
-11.024085173115617
-8.800891843767058
-6.703508550808865
-13.972190441880075
-9.754291294471402
-8.664554883162104
-7.228917809302368
-9.02089198681561
-10.09525649039211
-8.522798079139763
-8.866750133657938
-9.046820631418187
-9.799675219396544
-7.568588076518306
-7.54646014343628
-15.405909095173515
-13.12114018406941
-19.246886677213343
-18.09773919147946
-16.075217682091026
-12.951268704092746
-12.056511060034788
-9.321869226625394
-8.864025066193499
-9.217833775485145
-7.47092445546711
-14.615639097907057
-12.66438524201408
-11.05904656794077
-8.774075887227482
-7.0398055183812644
-11.79049168118587
-8.760269527367132
-11.5084703796644
-9.240430431882459
-12.022497160936263
-7.966681791879391
-11.653117814127306
-14.085642402573916
-8.256481022913032
-11.997348274074447
-11.009308972939666
-12.358177288680382
-10.824167436563954
-8.762766489080693
-6.245396917081972
-14.409270140243287
-8.04247381214936
-7.663940036712878
-7.173792609412712
-11.495082498954286
-10.0599208858293
-8.47688249411135
-8.953065416853502
-9.394335277736362
-8.428902142666127
-8.768697625105462
-13.207447255087892
-10.129794151836792
-14.204960614412903
-5.6940502045227035
-11.206711646069872
-10.677676035067893
-12.657268328692886
-9.775604719233302
-14.339791357926964
-12.492997835653812
-10.618580946994198
-12.785617091449737
-10.205405069742467
-9.885174107323754
-12.515873464432422
-7.58692607826889
-10.650713956495302
-9.277302746987381
-7.807244648718331
-12.564053711958001
-16.937703371053278
-8.545381448965985
-11.881652356532824
-9.21799190843149
-7.192126555893116
-9.798958758193212
-11.773348683352408
-8.634269379100658
-10.108788721258549
-7.580654519502047
-9.482128999779473
-10.16533403820884
-9.66168238027669
-18.043940885108867
-9.395811197270767
-8.21063103165728
-7.298602408300796
-8.957330730993622
-11.539272808473005
-8.615514785003276
-10.623587559619859
-9.679279970432676
-16.941651450427507
-11.294526269735703
-7.920860034886567
-7.723756333124774
-11.403607351863226
-6.371801226164658
-11.167178802400356
-9.276234338711047
-9.2207800250106
-9.237556669160144
-6.0924088082510455
-9.50315229118087
-12.128664748759258
-9.761676358969853
-15.99515249537007
-9.714530050638325
-8.957167597883611
-7.068712433708892
-13.292930637445336
-6.761560910311541
-9.794585452432539
-9.688786269597083
-8.423898322198816
-7.167388220987473
-11.213491469022612
-10.066863694435579
-8.913524043559429
-13.075592153450946
-10.944449431728332
-10.802927666347172
-10.159226760559868
-14.515216491880603
-7.422538413614889
-7.943942021923194
-10.651413939266833
-8.616044310798264
-15.223810668496151
-8.243945196651483
-13.010019536273093
-11.815739692139848
-16.0049260816064
-10.604871760708157
-9.849235803083012
-8.961938331599658
-7.225188728533076
-10.775386289555518
-7.774926821291693
-9.545719916429272
-9.350478073896102
-8.561216493732685
-10.664850087848054
-7.372341117995711
-9.472778883047704
-10.057053519561236
-8.377538689299685
-18.6154109641175
-9.570689651715483
-8.868414624625771
-10.88907915379319
-7.1352798282953325
-9.064636400269043
-13.556962707601524
-10.138378095380055
-6.41615453460302
-14.674677582600742
-10.400657280460115
-6.4404395826531475
-9.611484847076472
-15.175217763018427
-9.869368870649796
-17.169191317639637
-9.446662720379505
-8.237812684133333
-10.40274465013411
-8.046998511690948
-12.165605458614307
-12.988058038034827
-9.247717027422977
-10.082310359254066
-10.293927892740433
-21.86110853296662
-15.513753756425507
-14.914615836402078
-5.7275410712787505
-9.537208363594662
-8.075867749845841
-10.672727478769122
-8.988891961968017
-11.17566123984796
-7.958342788204383
-9.959536007565532
-16.066541024409556
-11.14920690020673
-11.127219099794104
-8.385462175172103
-12.292332308507739
-10.534271114984602
-9.791401989764834
-5.477258114165634
-9.891596565418478
-9.156387327814405
-8.359665424133034
-9.273241359007162
-19.69299446945277
-12.176541211013683
-9.159838392642008
-7.029994568387552
-10.544943802774313
-11.067977759578563
-11.419456310928021
-6.5628943309645775
-13.73791330682151
-8.615251332723123
-11.987956644341901
-6.403129702279797
-11.59901487357475
-12.328534131189038
-12.655936032908235
-8.321517071920072
-9.918980119229207
-7.27133989677977
-9.461322476615942
-9.923270827395182
-10.832251830211145
-9.278280240988618
-6.237087057330182
-19.798492737227278
-11.04322011392961
-9.344319787180789
-17.149029531151655
-12.577103705388854
-10.92065403081024
-8.093281025316136
-13.325021099942438
-8.410222714392498
-8.037796478823612
-10.09400940150977
-18.622557658524816
-10.987275338458225
-9.46395505413122
-9.377599315595907
-12.161680547664856
-8.600089583026397
-8.944695841966476
-9.926373129482666
-14.133952601652949
-8.992775599620405
-10.15412973207866
-11.590335115750221
-9.852689215878215
-9.140962952463715
-8.146660355955671
-9.60839576874407
-7.7711883072746994
-16.61456033213738
-10.433838091849053
-8.364168631401508
-15.294260546669236
-10.550009272769088
-9.490985712668753
-9.678329511233024
-7.84465217064187
-10.388968377427826
-11.474072425946403
-11.828575210092772
-13.036300413973624
-6.673278378913064
-10.838927809737248
-15.015040107712409
-8.998646822140946
-12.16900442446368
-7.15762314544922
-8.31480375865558
-25.70824205139646
-7.967738822299701
-10.068431062400084
-8.635975848170299
-11.053667098895762
-8.7816675067624
-8.281011955525171
-10.879640821731513
-8.878023122756492
-8.221543450786811
-7.575365954851841
-11.758764976433579
-8.878581405880825
-9.50810197431911
-10.669105955062152
-7.734189946791355
-9.54431668661313
-7.9827530905347865
-9.795052354133642
-7.858552812315849
-10.306845458808315
-9.962719400708009
-7.945848857031404
-13.369493854931692
-12.872928560403487
-9.994620451924405
-10.22297734140723
-14.259139453056498
-10.484254564439427
-7.317639111759625
-12.608152149498087
-17.253455249256817
-9.301131239465695
-7.018588783549934
-13.400544657265394
-9.234827285212605
-12.460915938344735
-9.524286348773394
-10.16651645927898
-8.293105950728169
-10.009291945862099
-11.477615264518631
-9.765752554771534
-12.481958922204305
-14.23955428106335
-6.647444480505916
-13.611037126759753
-10.074434933112716
-11.361069031263947
-8.877160761962228
-10.064437502836112
-7.6135039580497805
-12.221704527375744
-9.344026093933751
-5.617913593047594
-12.407140139879013
-11.222140074949763
-17.029554239723126
-10.775309601229209
-8.144750097055844
-16.93223314469785
-14.474011118088324
-14.08126620319232
-8.531580390661558
-10.228841115257827
-7.967976935662406
-6.981118579332104
-8.032353018061558
-13.521610795577443
-16.091562648239385
-7.90797312307992
-13.551208158037085
-8.399594434160981
-8.310336679322251
-8.589626639168237
-9.038489670256334
-7.212047322496191
-11.369578034720753
-11.43533137597396
-9.102942781297868
-6.293698217170469
-8.99074918101493
-8.297902707047363
-8.241721926151587
-9.552915272270095
-9.720061921310842
-7.87298234403601
-7.815065280272785
-8.675779760971642
-10.041677977219335
-7.203117652405755
-11.364412181213284
-9.716685179415439
-15.486231054257802
-11.362954754237936
-9.186501051830787
-10.737126891765252
-15.624861230913151
-8.74735737703679
-9.214313110702369
-11.804109405918847
-8.23465643131167
-8.218921384234514
-9.66582130598815
-16.658193696027844
-11.162261359454286
-9.279124504659588
-11.094053360840228
-14.022842196757662
-8.01686299635465
-8.76033169967924
-6.407200279547987
-11.811171630581534
-13.6967634901589
-7.280824658102096
-10.744225217162787
-7.207532536054754
-9.230699719840642
-14.509556448899346
-9.116778839834577
-8.684559490652129
-12.839664193300896
-8.12335249585327
-10.977101636468486
-11.816706805175517
-8.352452871441125
-11.45943859724678
-11.023348369285323
-12.505326882430667
-7.466649337237441
-13.545808478274623
-8.001460708125421
-14.031430749787448
-10.39883764904185
-10.362523738425987
-19.67206675704492
-8.690354508460809
-9.163931367073621
-11.80269890273313
-11.867842576900333
-11.455491679615779
-6.816098542574431
-9.966927789052777
-8.66009298682539
-8.58974254444759
-8.824727234888353
-7.919146254627381
-7.874366836784006
-7.889977030706846
-7.933263888414229
-6.831614203523541
-7.370935063324672
-8.916612644423559
-7.47970462544794
-8.717633464421507
-7.435138007314757
-9.859580102593144
-7.438262731401977
-8.058020917310442
-13.127195767177854
-12.167751285861582
-19.946486141411608
-8.847840793353742
-7.174094559492549
-9.233982888326485
-7.544826100498002
-9.561271182899159
-11.637167094023988
-7.929316956329599
-13.333368069552023
-8.24778111891218
-10.65039170394882
-6.883352318048028
-11.508280341763882
-9.797023291818757
-11.29403061848936
-12.381266755902002
-8.99334238922219
-11.759177164011879
-8.554254343599402
-9.23420532704983
-17.401181259923618
-9.531896217393992
-8.968476472042607
-15.281168393805249
-10.513995734162599
-6.814551061532126
-8.138172015451376
-9.485174165356963
-19.859498494608903
-11.41823405680899
-11.476180130027878
-12.65270669393229
-8.059354864597077
-9.830638095416525
-8.772409808231858
-15.036067560961706
-10.895808905420411
-7.631645738057019
-11.142387136948658
-8.874367910218554
-11.682469304874823
-10.161746989232947
-10.137970100010097
-9.215547993274514
-8.771833124560391
-9.411900189473098
-10.06107574926358
-8.646759581132512
-9.290119847740888
-12.56540214998311
-11.359134466687022
-10.72925886476368
-11.936605332699171
-9.547634829939826
-8.598773511116585
-12.541489969023988
-6.431614998893459
-9.042389266517826
-8.480358863692992
-6.7363870722938985
-12.102587150171956
-10.390604463851323
-8.776637082886513
-8.635031387089336
-6.966707364907899
-7.393894533037122
-7.463966542456198
-9.85614758753422
-10.046900735641767
-11.458415403506425
-19.497841034071016
-7.750877894274029
-9.505752626758401
-16.12943551690488
-8.07261653811424
-13.754628046746708
-9.909537826618314
-9.37368610262015
-12.32715391061928
-11.55804815474104
-9.510983377167374
-7.484336938301278
-9.616206445728393
-10.00396564940429
-18.19360562456646
-7.934592913604754
-16.43756568522982
-10.034643721818215
-13.996617358340911
-16.42165739846018
-9.92697380901754
-9.30643666182983
-8.724956334536992
-9.056965801948207
-10.392466690390064
-16.052841445961285
-7.163825308841584
-8.969170459554807
-13.890129447366737
-6.82773368172638
-9.09854683407098
-24.115312527355282
-10.206502302717729
-20.943480011522404
-10.876369239395236
-8.297973022403536
-10.832281244338631
-7.27607552524668
-8.872424773598754
-5.987803337848247
-9.819092345194024
-7.7170496907468085
-15.300316748741817
-9.38737237468596
-14.977883583064578
-9.110555637770343
-9.219721526865346
-8.938974425614012
-9.20586666555912
-8.256891507537537
-10.615715490817006
-10.113020039240503
-10.038190436550499
-14.019897338357742
-12.263554624694192
-10.410044721490012
-16.22305689530269
-10.514879333108222
-11.862445992766048
-18.98750396590957
-7.6249148616755615
-8.856121358470727
-9.825862703092339
-6.639180654705312
-8.883736873861555
-6.864408948883684
-11.856477386093788
-7.430227645500328
-10.564154015607777
-9.054593775762767
-11.774541046653246
-11.250862333170067
-7.631039529648751
-10.943767625161346
-13.004419223870352
-6.95954834988657
-8.846870026592024
-8.939085555497732
-8.101754493296594
-11.084310244155438
-9.732621795961078
-9.798609656472793
-8.787559585462022
-13.022099130699198
-8.387158389401357
-8.443250228593076
-12.869192282376849
-11.329828453610482
-11.82821830448655
-7.040927810848149
-11.276411281295257
-7.748497865903772
-10.150201021619575
-9.117422475183101
-18.47791516303006
-10.025556448147432
-8.723855636503467
-10.551684986407459
-14.131163279312489
-9.465485690698323
-11.827849405903365
-14.174368421695174
-12.113775683453225
-10.435530872089856
-9.194610460406777
-7.905109856856777
-11.572765529670782
-9.941569549485052
-11.180807833341154
-6.690129227933543
-8.276473459197165
-10.942156538383273
-8.843608456038028
-10.410292733714764
-7.125177831146356
-13.446432670245883
-7.409462820027759
-8.35147668870818
-14.312019390337156
-8.530112685224873
-12.19607881046942
-9.05387313507803
-9.71170427344826
-13.074303366545394
-8.246135283824177
-11.792928940825584
-14.973961300285758
-12.29821481855317
-10.185083317647806
-9.44640864831126
-9.422144554247684
-16.33799975912175
-12.657301034935402
-19.339315706794217
-8.279879916910186
-10.22183431776808
-9.175312274490793
-14.985830931067978
-15.958806942872409
-10.535473641079854
-12.546558623601383
-8.639204640984582
-6.881123698490883
-8.452659763852218
-8.658561591473669
-13.000288915024019
-11.401765845678817
-12.001284503566229
-17.430644879479267
-12.145070258669707
-7.064859601124831
-9.8343563438474
-11.428329434271607
-10.556595586232385
-8.927919222569587
-13.182454718939606
-11.335494274780217
-7.0909170062867695
-6.625589595783139
-10.830857403203805
-6.968637623623465
-13.078305704395794
-9.030626527143362
-15.772367167275831
-9.737847306415985
-17.58148918820013
-14.668656075800644
-17.456892615858003
-8.840424558147081
-9.562702155415936
-9.908158446153463
-11.280056345759691
-8.955475455887496
-14.309883988801518
-12.088359935016973
-7.80310936425719
-12.443754341814419
-8.012669179690688
-8.042981248667024
-11.499887932488255
-11.246240126304853
-19.289884485589585
-9.828806348108829
-8.83387836438051
-10.835714221765434
-7.386023552140737
-8.18476096000464
-14.83115843856157
-12.256402008375913
-8.594125893995349
-13.1434046447481
-9.373698592726198
-6.991828951051732
-15.757280625758918
-7.38764151236001
-8.967753413726035
-8.439377500785435
-10.672629136580587
-10.671635619054618
-11.592995343158675
-6.465217239269425
-8.193762183724056
-7.699970623774855
-8.212007277387967
-17.48489829008119
-7.661416546971574
-6.307666776107239
-9.917825192284996
-7.060350284363949
-7.313475720876126
-12.712196549252281
-9.56128261055888
-6.841819953599709
-7.7708079630360665
-15.331324073055395
-7.418254923601079
-10.154340010861226
-7.87253696997616
-13.186539547638064
-6.282106059378769
-10.26932710960032
-16.255770587392046
-10.315480637193385
-7.438992192574727
-10.290023788746687
-7.520432845881707
-14.727475449571424
-11.908149813336921
-10.201845693741786
-7.609499852142476
-7.978599725487446
-8.062860418824496
-14.578368033887738
-9.348105412445328
-11.069744740246179
-5.870065737507413
-9.253424480203972
-7.572027365199742
-8.219133233860301
-9.96063741530289
-9.485498103962573
-8.862639469913779
-9.154881043560684
-16.628662644126607
-14.7948774487379
-8.196447133562941
-8.956257596963095
-8.236221146661451
-9.510940073651009
-9.023834380081054
-9.285854529224206
-11.05076904089567
-10.453427009964146
-23.239577185296422
-11.986602472706936
-10.100533027637946
-7.987912578145275
-7.181629248975609
-8.854274097494335
-6.792096294436698
-7.386263525538592
-10.258510527428122
-7.4091305584808
-9.426590774611123
-10.186221530519338
-8.26059015329963
-12.828392775096294
-10.48293727963328
-15.1515601225696
-16.171928957921182
-8.170885790135321
-6.542720735069296
-8.945841716326136
-11.320408045234291
-12.906206071523284
-13.858613648111271
-10.402927974305682
-8.108264541639267
-9.231432099536917
-12.464061796676269
-13.438781892473457
-8.641273257498375
-9.597164820175655
-12.166544305450008
-8.45908613319036
-8.615340102977301
-8.546113774714053
-9.928308064201321
-7.706057256587159
-11.344874499821342
-6.286838523365551
-7.940492434803059
-10.09040618935028
-16.244549146540507
-16.153837947448746
-11.876262636102913
-14.764912123091152
-11.88255885963194
-9.640489799135098
-9.424808750063107
-8.906040574637716
-11.196207686274205
-9.2508396698707
-9.277520492269211
-14.569122932775752
-9.54073746252767
-11.609070113088439
-9.40653589100988
-14.255236083587292
-13.353713958120725
-13.66955839709152
-10.8589129986438
-8.729165788637436
-10.02532951199491
-6.737741817298966
-8.571213033203042
-10.091175312210286
-13.762115435909955
-18.622175048285712
-14.063537813368141
-9.116639991335058
-13.116255031687508
-9.066574077273746
-8.737401823773762
-12.139485051731688
-10.384997360497778
-12.077659426871636
-10.625771171289461
-14.042789188375444
-7.795053295524325
-9.048517880800324
-8.58733431663785
-8.714251046631132
-13.93813607871386
-7.207707386282495
-10.554370469488298
-9.078613460213484
-11.407466779572538
-6.33902728159093
-15.951864625489957
-12.638699934083625
-8.047700219851313
-13.37946090492448
-9.573677860450623
-8.730541398345409
-7.156737612882941
-11.623288776952982
-8.668541576144733
-7.695362541200598
-11.536902777625993
-11.687192023179586
-9.151331064974459
-8.888332803048032
-9.950807526540661
-10.45907455712741
-12.201474715721385
-8.434297055582615
-9.702902587195775
-13.141394916900524
-8.862452086434368
-12.287349407889685
-14.150722007680798
-11.550755186186583
-7.996921261292784
-8.498468256227243
-13.682096187531078
-7.394910892584562
-11.20621409604693
-15.650493854148799
-10.422295111665004
-12.115458875526013
-12.807262678244317
-8.655434649721252
-14.523742927511075
-10.392579588704853
-8.924295949147215
-8.67339402610177
-10.643720337372933
-9.602795780801076
-9.87080592786726
-9.485726006541734
-9.542145339738026
-8.188022223118747
-12.944814527312342
-8.51742535259015
-8.962469913126492
-12.029217514732514
-9.063445585274746
-15.299855125043452
-9.171844841664528
-9.384409383940005
-8.3130032120612
-15.672110655470567
-9.103615357034911
-12.075193017391783
-15.123763827193587
-9.48075172756225
-10.14862810203848
-6.676373395087302
-12.025426929201373
-13.100351534223334
-6.283050584408307
-10.756892617674065
-12.473909822664185
-8.533988366727442
-10.937037820579981
-10.443391029059113
-7.100564229173976
-8.39546625782853
-13.035896738947027
-11.370627606149007
-14.307347398721554
-8.888773603563209
-11.121113663947495
-12.731376793501248
-6.791180323505346
-6.890212902304359
-7.777529348755933
-13.281153389876891
-7.9300847491333935
-11.62393826426073
-8.88669910259024
-9.814077398604391
-14.671328921168778
-12.141189406564761
-7.2909428588659315
-8.762418954188657
-12.215019261573874
-6.830817496528592
-13.006028328287972
-12.57518738657279
-6.3613482129979655
-11.153432904041981
-7.934822090894376
-10.889557554492852
-6.528587035715917
-10.580426902804142
-10.689584803688163
-13.234283947516795
-21.639554317801288
-10.023492085961733
-7.906930069914987
-10.570691770243052
-9.524566110400164
-12.72518641104794
-10.27453625144396
-11.002136682436152
-9.780971921034276
-10.688234472098273
-10.849824935207172
-10.791848129445256
-9.814539768830356
-15.883610995878184
-10.957351780299737
-9.59895142464167
-7.640641032837617
-8.240409590171222
-8.576391913695947
-7.352529547962943
-7.1458383399974235
-10.974768757759295
-14.301363243911092
-12.944306556665762
-8.74373398906074
-12.095961028576662
-10.836963827854424
-7.067552197632789
-9.126590342396346
-7.8785259043638876
-12.166455566371289
-8.907552046338713
-7.745156294434013
-8.408630288307663
-11.598646094110785
-8.97700789586071
-10.616664234146876
-8.751829462465425
-9.924153743666844
-7.492156616636346
-6.401829277593451
-13.117813128233161
-19.931859695354586
-14.596910434238687
-9.931113965217731
-9.046060751900663
-16.904483689637974
-11.885714907478992
-7.201121061302695
-9.159139562479494
-8.701749826837803
-10.476044057542888
-10.902299345100317
-10.643881207495303
-13.909054212363637
-9.396146049134133
-6.902709748863855
-10.253268359883261
-14.265378081186816
-7.6911998319357275
-13.655471148198346
-14.05307690060977
-7.048190612625746
-9.049116835871997
-7.3667221884586285
-9.143792537661039
-8.775427621832112
-12.904172626231594
-5.9624428769750475
-8.531626792533132
-11.477201532271419
-10.097804147239001
-10.70505632218669
-9.839035631078088
-12.142205554272849
-11.890401994939422
-10.612539295014265
-9.993843715671309
-10.859542827290838
-10.442685971119822
-8.256041996074664
-16.595130150855294
-8.52112048299193
-8.076160232757807
-10.906651426657406
-12.502284527422967
-11.40914704284986
-7.168888943350376
-9.134928671106891
-11.98101710403782
-9.155441984296527
-19.30508961599894
-8.218295096574634
-15.560119120998607
-11.87001858258556
-10.769069515643015
-6.30526412078442
-7.546473073840748
-11.824649940810215
-7.5836387400521765
-14.107781172728883
-12.01913037581047
-9.023851741466205
-9.905879616011818
-11.632817015092375
-15.290358972911832
-16.191386318930082
-5.822633910556376
-14.786335707609558
-9.455668936239167
-8.196811579972898
-7.552898206029064
-8.660996944715546
-6.195836233183013
-9.236343190059902
-9.927574115618686
-8.083243119871678
-7.564502061330932
-11.44338507845829
-11.771257224111162
-12.23136749311795
-7.365781559491502
-9.213458409337422
-9.151384724474479
-8.102463260242242
-10.21569774047463
-6.935514861869078
-13.907560402702378
-6.005306402000829
-7.976798406664541
-9.939080781585492
-9.517960890861053
-7.37578646799877
-10.865494150332806
-7.4419037864896405
-15.60871457677904
-9.733929252038763
-11.858191612574295
-11.3067096953484
-24.328247941740273
-7.759788356969278
-14.768236333936647
-6.298710567457356
-9.543185335397093
-7.79334268898313
-8.140634456951698
-5.8285132414387855
-7.240182756755333
-6.231058786498791
-11.698864500449366
-8.033422565068353
-13.478990856206474
-11.6881088416017
-8.279079691392973
-14.405691896653435
-11.926182154634429
-15.073604534963216
-15.103167520325863
-8.055060633661144
-9.868891773531113
-13.59248388484186
-11.90797576520917
-16.326204913646166
-8.912364896010905
-7.341360642318692
-12.913015332335718
-8.42370101941093
-13.766192735215656
-10.765444460045188
-7.908247555138933
-14.475477849745799
-8.67800648709002
-11.726824846518264
-6.759600374973343
-7.9660546098920415
-12.591048321974368
-11.507398319320618
-13.071746860610238
-9.309352402058085
-12.508771946913184
-11.139419290212752
-10.715771752040451
-9.199865621782445
-8.557513299176835
-10.206666978367466
-13.67602411448089
-8.895868019891509
-14.451643843953375
-10.140678721864424
-6.512970915745218
-10.665485682429422
-13.88957557653033
-8.531245008774262
-13.241302729597974
-11.970084739148964
-11.227390574149041
-6.387704848069783
-9.959345770697775
-11.139824940167212
-13.324570320478133
-9.601685536216873
-9.577360652115294
-8.648326357936124
-8.157423526151124
-15.69898258809509
-11.204030149599
-13.488545911664026
-15.474767190627317
-12.568075654052143
-10.67456755964548
-14.16786952178516
-9.417691075829365
-8.25079887981077
-7.476525284777241
-14.171582657934069
-9.187371240518665
-9.469913459976977
-9.701247399599026
-12.165275051480828
-8.305923836912426
-13.690482659853368
-14.322568474493522
-9.511443220535803
-8.371979845002992
-12.282342126819692
-13.877563250540103
-6.373625363075343
-9.671407726162657
-7.80943437978316
-7.716276265699155
-8.972420048934904
-11.678571965930741
-13.561918527714338
-11.237527340930392
-8.421774308666963
-10.317926485470426
-11.944428870934603
-12.098222778155101
-9.469630281763344
-6.798535091191092
-13.68699700538737
-6.889326314369717
-15.038390259515861
-13.183488616993431
-13.741502959980114
-10.978408863261894
-9.748269921036677
-8.398663783917879
-16.79257140279932
-10.042834725211765
-10.489432439273898
-11.340268768873091
-9.401321525113525
-8.920104798278494
-8.151415480535347
-13.097098396754097
-7.395470561671226
-9.208882815758638
-11.811523694021908
-10.232300831423114
-12.213828651865079
-9.014063034702072
-7.264654120492163
-13.976431016063152
-12.403425196810657
-9.70803173088725
-13.488204211818365
-14.337928391650872
-11.79696217498652
-8.452106316471765
-7.401779919395436
-12.413450393412802
-9.06322565347599
-7.1865376088024
-10.633064461926514
-7.201779416129073
-10.008109002499461
-7.100410915387826
-9.58225111842299
-9.519789797874616
-14.326870122073846
-7.273149697115909
-14.93228907609293
-12.794201200331345
-5.980606692459364
-8.438600342866593
-10.249215495709677
-9.650287698997065
-9.686480846206026
-12.562903876073765
-9.475601769568328
-5.627255410780686
-8.518185260583914
-9.045381739043577
-11.38595825374316
-11.65827806973538
-7.341533737737145
-9.47900945746835
-12.140895311346625
-11.387156924977122
-9.00374868845091
-8.336791726583268
-14.280518308112716
-8.446742805481879
-14.508718262811154
-8.7256072124849
-12.471807590282301
-6.228377588797093
-10.228516222128942
-11.726574011607058
-9.523826299024092
-8.267893751082868
-9.225616407447365
-9.019202713381663
-9.675988124084824
-13.408485126686301
-11.227701764047806
-9.932431963984671
-10.635005030269697
-12.10114964727427
-5.956211200965667
-8.325239380156415
-11.525980256153064
-8.96490368514924
-10.237570118815528
-7.0231069769876795
-12.490389874125265
-11.37765546818644
-5.940725214542079
-11.31207091032321
-11.654410834490951
-13.58267510360249
-10.530764594275023
-7.052059659801197
-10.762697630854557
-12.828953716000454
-11.604240421137705
-8.056844570813402
-11.327761442069024
-10.269679559993222
-7.5003143868671085
-9.768757063643834
-9.73083954261871
-9.255795616186123
-8.678266256639017
-10.564985116015524
-9.781335139198925
-8.040148052364025
-7.1625205956459554
-12.475838925869272
-8.583048302223032
-6.11525311832492
-12.39743833983483
-10.443592224201783
-9.675009156858836
-9.558555273910091
-8.009100117088815
-6.885277181144766
-8.796479976232215
-8.068416947708002
-9.035506960387275
-14.181411822082422
-17.975361906881556
-18.905205252985645
-16.50980890109802
-8.654967176931416
-10.681384866861713
-10.992254417966453
-8.885627341643579
-12.317247978112288
-6.258848355991096
-8.904730996141868
-12.369726154340569
-14.155958252596674
-15.348099956996075
-9.411406589897448
-9.969655807933522
-6.933954490976649
-14.840059036950587
-7.691453916220991
-11.217053664929248
-14.261864832483164
-6.7566612646227915
-7.795292955027705
-8.026541321897325
-10.338445432841146
-12.427551760269534
-7.675074935730584
-9.817567816167339
-9.442526310076918
-11.446771794169747
-9.58664826239772
-12.451120322971375
-12.792496460119407
-10.320893560199318
-10.21279435142131
-10.892388620870133
-10.523991357726832
-11.14158456765886
-11.393314075899479
-9.499550487702216
-8.930127892910965
-15.864465744129225
-14.923967950018502
-9.327260451862152
-11.405099710877657
-8.94391613404183
-9.236787052687415
-8.563347161398848
-8.779358320398522
-8.873442495942074
-9.532221049443008
-8.388035642277888
-12.50473089399692
-12.338889766350105
-10.432029204523607
-16.32181210265913
-8.070645867523096
-9.667014538492857
-12.826803595931052
-9.440904382157788
-9.053395221828422
-7.262637466497374
-9.279797404644734
-11.883799791175313
-10.560385200990206
-7.89016318537956
-7.562763183881122
-12.278608016524444
-11.717335285392824
-9.65185146687225
-10.482756140921941
-11.520376983097773
-11.821925682175133
-7.722413589636242
-7.046332189110964
-9.140671043791452
-12.440294454238506
-9.808171667452697
-11.583469552687635
-10.518416894289759
-8.166462394634753
-15.923754342286903
-7.982871147033184
-6.555724177121885
-10.67420623994203
-15.825023766107448
-6.450391082477186
-7.718516216478213
-8.791803097758944
-10.074969056701235
-8.640438791683012
-12.276954979157122
-9.069255669522315
-8.191893674319061
-6.834938970958812
-8.434236183875296
-8.876268667439698
-7.935190138193128
-10.735273235033441
-6.555861909993958
-6.2373950330117856
-12.837815958759329
-10.114237395393932
-7.820142737220501
-8.753585364321742
-8.429486663334064
-12.203364367502603
-9.119985618281332
-11.594283527869793
-15.35475333659881
-15.913458649632675
-7.6484240132901
-7.537029778479132
-9.739407789667078
-10.838459436803602
-7.307182597633338
-11.996292256968182
-9.567292216783924
-9.689069148324794
-11.788145754556648
-6.751814348993295
-8.760997704291317
-7.664863868551343
-10.271409941774477
-11.827155928352989
-11.8483736576176
-8.66101237769089
-9.197780797227598
-11.002068698232652
-7.571481359935947
-9.458413485122453
-8.89408223657752
-8.45763166508947
-9.77358075233855
-9.66285131661814
-11.561429167431118
-9.601384505653279
-10.457097494674237
-9.819852234261548
-12.519380031795023
-8.60078354373973
-7.175581301544102
-8.65965916193382
-12.90406671295023
-17.96346337598333
-9.246369513119474
-11.72568193794099
-8.845487611099015
-16.573379041061532
-7.9563960587814195
-8.628646677404628
-9.033471572066016
-12.399872682546551
-6.832055066771692
-7.72996433773939
-20.99958777954838
-15.361861721342205
-10.245702621527801
-12.31495538656429
-11.910899305323419
-8.709797387429958
-9.948592759429935
-13.885711651359141
-13.443440521771464
-10.293152992433367
-10.273870503873953
-9.760251594864156
-9.652927222697711
-6.21593725613654
-9.515606094067655
-8.295249168010606
-13.675008152530166
-7.896813928699863
-6.719594634829243
-16.27340963333099
-13.149271852586653
-7.798883218249684
-6.785217915968063
-9.463822023835052
-13.34617969266094
-7.551796686578468
-10.386770253500927
-9.247464005445702
-12.785140088694142
-19.255798088034354
-7.508033112153836
-9.904170588421332
-12.823951938682209
-8.538873308684002
-6.3278293223412705
-11.723900197717194
-8.343684247821345
-9.03931933559054
-17.01572148501296
-7.862241710978817
-9.307894378281876
-9.40217843504749
-8.615104995384051
-8.324679535803531
-9.364405188347089
-12.238313609658498
-13.112032769196341
-14.785488975062652
-12.07507073734177
-7.81414020641008
-8.910487126663869
-13.778310495860303
-10.591525968195937
-8.102294399394728
-8.999415721963349
-13.282488756553086
-16.022418554610528
-14.69773651027299
-8.588450226420083
-14.498957782349748
-7.163960043142087
-21.61612329860734
-8.571065876808538
-10.616621109897482
-12.778703396419811
-10.747291117024199
-9.681862320475881
-12.080197717257034
-11.51348088467826
-9.371201911136579
-8.695688417824028
-10.654730615736367
-11.431443853961435
-10.388091218962396
-14.78595787428257
-12.925217581015888
-8.727052706693648
-13.198640915473366
-7.73634530581845
-8.965610451041735
-11.43129112148504
-10.102289783975657
-11.558702740654564
-12.291727920707826
-11.085793808860776
-8.437755227479343
-11.362484319874593
-11.163922577456884
-9.585496988200806
-9.627229254471738
-9.379913928522638
-10.381163614251498
-6.628304944236787
-9.629167024101465
-12.053952590584316
-9.311424629643398
-8.60385887045641
-8.92494273533922
-8.1233664311852
-13.271395281376206
-12.760035269717605
-12.091423940366658
-11.958609092025975
-8.049536770264696
-10.476991054657413
-9.425322690410523
-15.903442623941165
-8.820815937318235
-11.541311211419327
-7.799248719527071
-12.04798608717543
-15.295955465542578
-8.664403393935151
-17.700108047645404
-16.28672079395543
-15.138798252476944
-7.437549750148895
-6.699600254338985
-9.313963238028537
-10.184771142200558
-6.489699431511245
-12.685516358178322
-7.640972146014338
-9.85203114518322
-9.212281749673357
-6.711808284891463
-9.342764158825618
-11.715914636299175
-6.15273237752769
-9.653071728196833
-13.761503960555304
-10.784668665042329
-7.686725228063444
-10.261231947815174
-8.74846401528219
-5.992790915603732
-7.429544320976347
-12.259718409945226
-6.139460989685269
-12.265980497042445
-12.804830133661106
-11.80475488315258
-12.85221141755551
-11.463630737398127
-7.673184040173142
-5.931789037537201
-11.026107244437428
-7.482271209045101
-6.758149454491466
-9.337855538117562
-10.954063793554067
-8.195208356848095
-9.922626415598067
-9.309399532991215
-10.333889901271895
-8.06707145218382
-12.99134980158485
-10.644024317267665
-11.011296098652606
-15.073830583232377
-5.826525993561873
-8.978676975147474
-10.256861952990315
-8.242259386220237
-9.33871495652526
-8.102223152444594
-8.594307131441532
-8.765058393754643
-12.242377231445532
-10.264024769016462
-10.381720149145552
-7.457801849756326
-10.130048514566488
-16.027931563245463
-9.289668250767535
-9.476083908602885
-10.070891111564793
-7.48795136372654
-8.938876694902186
-9.46309814985195
-8.656898919147146
-12.605853942686394
-7.463558165572282
-8.23876036048734
-6.887333574110661
-7.984772813029504
-17.09493146673166
-10.77870784377325
-9.447731377945436
-11.395200027188203
-8.99804168188216
-13.841271455757997
-11.867898951693263
-10.043901602940679
-15.829162632599804
-9.716376361155508
-13.192267607330638
-13.682578285687693
-15.452620455644778
-10.929485651983669
-10.841450202847627
-9.529368621795935
-7.892399568050889
-9.257894005336768
-11.829924535660012
-10.621528537683364
-9.024710701771221
-11.866982378547565
-9.393741311413281
-13.219714119537906
-13.859220015740709
-6.594089922750742
-7.476496213662319
-7.991729581072762
-11.851774225892287
-8.740453516868646
-10.56277351725686
-14.572540523148433
-9.084861531526057
-15.779612548888098
-12.32846422943964
-8.535476451581143
-6.372674567175959
-13.138824216150507
-7.041549212243865
-8.722213571528792
-9.28108162189528
-10.967415020232488
-9.349520893385385
-10.969416828123231
-9.776764075746081
-7.464534400599031
-7.905446575421893
-6.307228256149887
-8.054114106656307
-14.163822571318875
-8.816106110976357
-7.470019845667203
-8.043494822392564
-9.67130151761378
-8.192491621915524
-9.637307270845696
-11.809907130993368
-10.62116168220285
-7.477410672897523
-11.325892809133837
-6.655793870380566
-7.858579323096415
-5.872249936746032
-10.805804316286421
-10.80192021235827
-8.686335786905959
-10.373809754735959
-9.48480262346589
-9.272424480715523
-14.481938223502716
-13.081049923625466
-9.942678759062495
-8.776921008484821
-15.758968259517715
-8.261895859992503
-7.563699405142233
-11.116926669276756
-8.674990027325062
-6.894234873387171
-10.212327123701256
-12.644144640090618
-9.540653623354034
-16.122599855128435
-9.403553858653721
-10.080827052013253
-11.19299729841162
-9.027312979047256
-9.19757596990091
-9.85006686606342
-11.241780696922616
-13.096078414242667
-7.99481599240179
-12.644307251740743
-15.997047897737273
-8.554814172154394
-8.036472989616744
-7.1650700092754835
-9.71519267358736
-6.623627173681348
-9.581249645856843
-23.45381863230299
-11.474321126535608
-8.89456851133482
-13.0545139519793
-12.136444980739716
-11.560510538518933
-9.486074450382883
-10.615467268803751
-8.586433700868502
-9.912366465109832
-11.633541795107853
-8.43934611250413
-8.946323443223656
-16.018056576390677
-14.440231873882576
-8.500528504666256
-13.381146186368758
-7.884369840832878
-9.031487081773921
-13.681843434650586
-10.514210863081288
-9.312898189053294
-11.332935702899375
-9.423919473249935
-6.262118531840039
-8.569253706386514
-8.301313251824448
-8.239021984197171
-13.600865087132401
-8.221570671419764
-9.597209579882962
-9.178740288452493
-8.658048165881564
-8.379811895108173
-10.428298053506024
-6.699398883718737
-11.08570633640916
-9.058838441249936
-11.998360594228899
-10.295980860734824
-10.024542110230628
-7.779071052340437
-5.643515073132972
-8.820040300151257
-8.825611142125156
-8.785821539291993
-14.441693164514156
-7.817244866616922
-10.740326683847501
-11.576396123820189
-10.465184669657521
-14.616254390802494
-6.765087553605078
-8.820863126787518
-11.740378637943257
-12.071937492934824
-8.15747473867262
-8.891904297302247
-13.32070756551942
-16.742348859153694
-14.80558089743593
-10.090679652585804
-9.26359459672432
-9.630158996621972
-9.03397063190672
-11.445610120283018
-7.71074309006971
-9.672692355004024
-12.130538407716767
-6.0738650305960435
-9.22551827233736
-7.884149615944891
-9.340501356604783
-9.074805459440979
-12.682105296337575
-9.437128501522817
-8.247644845305565
-12.123487478223469
-11.988726867130664
-12.78508767010424
-10.485499585451075
-9.378077348266487
-8.318132203235779
-12.012035806509838
-8.824850700647483
-9.452790985707646
-7.533606918062404
-6.640576922684051
-8.376524528449881
-8.588459372412094
-7.328521566700455
-7.7585563990174125
-11.39991152192594
-9.298201489583132
-8.800735868746443
-6.504622268725395
-10.88391685237956
-13.464697447880848
-12.45063286705227
-11.495231262792228
-12.178330945952391
-12.772117897891006
-6.854322574473071
-11.21733338840038
-9.588026661745626
-16.480653740442524
-10.968106952592628
-15.71408030373908
-8.8184108189675
-8.091604850335214
-16.181277090542682
-11.291880754221763
-15.528421054879658
-10.455447729165114
-8.35805725095914
-12.933656957980046
-8.915547689231063
-10.250333864622913
-11.379816652372078
-13.24383861963936
-13.53150042231411
-8.56773620919069
-9.087080973489783
-10.538378270490984
-8.003455877543033
-8.103700888398762
-9.98638766786092
-10.613752380653503
-11.098691247061518
-6.376407987208613
-6.82199805508971
-9.485314855142132
-7.529664526838021
-7.34005511172864
-9.459953657925883
-12.10222841915874
-8.536735568863856
-7.185732392181395
-7.205163205862109
-8.410373938090844
-8.123623350567824
-11.8277048929569
-9.752241702457313
-7.856189267955987
-10.713507675667579
-7.204604265119058
-9.075237573166097
-13.602630431447874
-7.228629074381546
-11.11584726303397
-8.487753544414488
-13.112564418223894
-12.454496504983199
-10.835864655446034
-9.871510718071141
-8.468376811674652
-10.8591368941626
-9.713996534534608
-8.474657016608848
-10.90266471651892
-6.685400050091815
-10.300116785172197
-8.590253808017412
-11.420253562859623
-11.752120155247471
-23.013133394224297
-8.07034556385794
-18.23405532247386
-9.162357976947193
-10.716688493633749
-6.661185828801255
-11.110694522225147
-14.275709768919366
-9.580927653769852
-6.667905104601949
-6.239241677927278
-7.572429491029826
-10.168611319618227
-7.629557548005363
-12.416186904544103
-7.454261844175315
-6.938467651482182
-8.187172584335435
-6.327166654624163
-10.780315068519103
-10.749159918986255
-11.038797841409643
-9.275507710710386
-9.463557461676366
-9.807635787707207
-11.689523093198513
-10.275707748195781
-10.66496486551576
-9.152403631090401
-10.060346564990715
-7.275175138160348
-6.530291016748868
-7.791092255655158
-7.588975638671557
-11.866875177457416
-10.189929912564386
-15.41381439088813
-6.371837603584604
-14.08020798323344
-12.332019229967036
-11.425729935012999
-9.45817548704308
-16.222740433468466
-10.5545114344002
-16.65329707831456
-12.286883110191022
-10.196185038332208
-11.80636538587306
-14.106584563729792
-7.024770769127967
-13.682787813956024
-9.07508454754289
-10.647176692756993
-9.753278405298177
-9.502615681481757
-10.629274334072987
-10.803027480203577
-10.376681017656372
-10.13763905147776
-6.661982023979428
-7.47934111545194
-8.814860910769935
-14.505608633154601
-10.431956832619372
-8.663524367304607
-10.74530751365728
-8.782434595301446
-8.14030687746126
-8.935753626320446
-7.311844147787384
-6.327235750003509
-9.098875167172562
-8.235273843103975
-7.270642846252519
-7.957916708641363
-10.053341823933787
-9.593459307134461
-15.319662659350069
-10.564955867550987
-14.920248266152372
-9.379209579551175
-10.99797698393515
-7.031835830586175
-13.299031821529004
-12.378100012360319
-9.265058555464716
-11.233361492467752
-10.058464534542273
-8.118460888931004
-15.773748567832682
-13.985218811705728
-9.689232132713856
-12.711695110578349
-10.315229687343372
-13.24366506866714
-13.299034015351555
-7.569727334921599
-12.739781029777145
-8.576248153459025
-6.83189936807953
-16.709411826360125
-7.162475798052253
-9.551336414163906
-8.231771852019783
-5.818721268094273
-13.78773800024224
-9.70987025404172
-10.242324909575666
-9.373837573877758
-14.148906072497727
-10.643884378432455
-9.292557514476766
-10.614844712153237
-9.200078927949544
-12.200213743430108
-11.957392040068827
-10.764036955806262
-9.45096613807703
-7.97992738672647
-8.798953202043855
-14.372212928071377
-12.411960766067088
-11.4871444136044
-8.498186175530886
-10.789451935337585
-7.4131034017461035
-6.784390184318829
-7.546030369990881
-9.308267729755464
-8.409329712420586
-7.990934721373042
-10.23662644246674
-12.250443277674483
-7.674142877796373
-9.774350018694467
-9.402221779563405
-6.24375762712248
-14.094339954937936
-12.576734086263682
-9.247158714008991
-13.466452060669539
-8.354986131997139
-14.28802509371697
-6.751731850118539
-7.683946699476021
-9.530725192299881
-7.3299295939711335
-13.011056765323062
-13.191380474240685
-15.063749892209316
-8.382783461431684
-7.495552395038046
-8.947068895822415
-7.119679488797514
-10.40321261853294
-9.016802452958904
-7.260733814711933
-10.35156012263068
-12.750884782036982
-11.001158351802822
-8.164386472912735
-9.671250000466461
-8.124322639990197
-12.02301048859815
-9.420331621728108
-9.395931694625338
-9.4049120679508
-7.585674751210863
-14.490826413134846
-10.50217552565783
-17.84426460701783
-17.76656599143446
-7.0274731189756325
-11.547264461818322
-11.962293011949996
-15.365650509148198
-8.62156694385985
-8.238305431802754
-9.705697018806507
-10.384203166715672
-15.892096791110749
-13.425506067414128
-12.484377740391219
-11.133298271674086
-9.985528097289619
-8.26922523372417
-11.876255796435517
-11.341736464521828
-7.269333491527223
-6.487468873385798
-10.354340362233192
-9.948538347729707
-10.590784406895976
-11.478639129779463
-6.842301173931644
-7.06145746893616
-8.01221304046495
-12.449464585989924
-9.809655739821585
-6.467917428344352
-7.49095142724131
-13.379296552057928
-10.087083225351666
-14.170129540494234
-9.726904753755253
-8.812100372536902
-15.281875159331717
-10.610826224423716
-20.150940462542923
-6.5593316811602635
-12.873899536976468
-9.158726030535858
-7.514776233123288
-11.866873318369144
-12.799816860399748
-10.874618380049471
-6.210018881048295
-13.518722705583569
-9.869408529317234
-12.39515615472833
-12.934682912046926
-16.082967381416605
-9.19895777665058
-6.690672591478606
-7.073614413906336
-9.246819758621212
-10.17416926301989
-14.62125753651753
-10.611983168664418
-11.365381971618811
-6.487848095967653
-7.816041946961134
-9.559310215724796
-17.56037445280896
-7.662351205699479
-17.409485321951202
-9.276201408731279
-7.845222275102738
-7.820401172890855
-6.987462232313091
-13.089623874558587
-10.48485490074839
-11.564919677370565
-21.036959773635783
-12.738094742523812
-9.162269913203259
-11.427670491856432
-6.5643913499424995
-11.771004834581237
-7.8345564015046545
-9.60536013519664
-9.285585227972138
-8.862069450581096
-7.604241865033144
-9.349479571635392
-8.977246001652013
-10.396936625425273
-10.293419658695337
-13.592496682937044
-10.330373534852416
-11.393846523030028
-8.63174647082587
-17.03548306147064
-12.587817140848696
-10.958036353043914
-7.991223908929229
-10.814846283343057
-8.394661796796472
-13.532952621318037
-13.536219444041459
-8.739327933331888
-9.434016327377881
-8.384218861655194
-15.236484522169961
-13.486202204566819
-12.843763537202816
-9.397240986759659
-5.81528307378141
-13.206298247461348
-11.062944862062727
-7.57313682522342
-10.366332636272091
-5.884033144462953
-15.278974032314919
-6.688328648390655
-11.681728352795336
-8.247770513064108
-9.869993797492313
-11.306090571768287
-12.695308437627556
-13.389747594942015
-9.683879471474608
-9.652775137530192
-8.171612961768101
-8.101125753621265
-10.823436383414995
-8.96897225946193
-10.642853594714454
-7.277028764215102
-7.227884713485417
-13.389477093046791
-10.10500837225347
-9.129114432559252
-7.450942437993968
-9.871775060118024
-17.771347537122107
-7.015359581593872
-7.713754641256957
-11.21656773487991
-7.261770830122801
-11.209354136023844
-7.484300618872304
-8.748177026406273
-9.758642855499469
-7.708513015344834
-9.834474253056404
-9.171004833535882
-8.294672553516753
-11.22415890959216
-13.975061703657707
-5.640994744292777
-12.98710741370091
-6.710123846253244
-10.446132075995243
-9.331600728698168
-11.596217392575278
-8.015902543541932
-10.920148997696627
-13.777173550456608
-10.245483027319787
-9.297936341711674
-12.786548523470366
-9.278614562639095
-10.949771412996762
-10.137296340292265
-11.357435753067136
-8.687201247248955
-11.553475330087805
-9.839551913225153
-13.22411017803254
-8.749534801206611
-8.15376207602955
-12.135388250673001
-7.13900286774153
-8.055825617811164
-8.054615539949143
-12.910268625761725
-6.643123248712353
-12.859518419930813
-9.832505682743554
-13.083228942373506
-9.7750576930914
-6.74502191912479
-13.21998623105151
-11.96542162401853
-6.9546546527083795
-11.023318880449661
-7.234530642722934
-6.751868496675707
-11.837504271726099
-9.786916816611402
-9.161344760894101
-10.803021157830935
-7.749536313312481
-8.86793535559588
-7.179843143480285
-8.131725976023297
-10.618253670892903
-8.611203349916249
-10.776056230314078
-8.537647793779215
-11.81784796939309
-6.129464782982761
-13.774030379383888
-10.651369292064645
-18.610672176842222
-7.947905958785158
-6.816161650866976
-11.137638555105609
-7.223945704055274
-6.829125806682179
-11.38038812366007
-10.213046604478535
-7.869291735809203
-9.689218918488793
-8.82102688012153
-9.12398664118785
-7.949034663793275
-12.969503152278559
-10.65660394945012
-9.429664562693517
-10.753307786396213
-16.135530311025548
-9.507267446404692
-12.143111536813226
-7.632811230181091
-7.228649810969412
-11.16030582061321
-7.341336077979813
-12.092830697577316
-9.008097235922973
-16.046349468687822
-7.32666270120255
-6.840273420610763
-8.276981418208342
-8.561218300289703
-8.416735487108046
-7.078314693031322
-7.557150027162181
-13.689899457204962
-17.792696023037973
-16.313444506620424
-8.563227887576975
-13.485856640927953
-8.544417724223939
-8.185059929573917
-11.68469687406491
-7.732685282085407
-11.039139590964293
-8.821693550143932
-7.814604247525635
-12.080980060076763
-9.16081174159366
-17.989899248108316
-13.536914795295639
-13.689118509230411
-10.13448523683896
-10.990300698226681
-9.989602778509413
-11.90023961110052
-12.588923664527169
-17.30359638960832
-8.768374840606034
-19.103899071787044
-13.754940127079529
-10.205304073271934
-10.189012866131055
-14.391668909569983
-8.185521617913928
-11.155125563422057
-10.918685402187856
-13.303260220412234
-8.457936133098858
-9.103938134182856
-12.423068511198025
-9.96419296365358
-9.420175346305614
-10.386212287577356
-11.227397053834956
-6.841334162034315
-12.584305048489384
-13.28387549994533
-7.793606526303436
-8.141645776201482
-8.159458639672652
-10.381355406213004
-10.210121125613556
-10.424655781720304
-8.324779667057875
-11.108061923795756
-23.54597793827818
-7.711607423023435
-7.158700285123923
-12.171803856352346
-12.97160695702032
-9.290420696686022
-8.915633004769443
-13.30734383026886
-8.115726937151654
-10.719095805865472
-13.889525106629204
-9.87245466670985
-11.360242514153542
-8.91585671191561
-14.06558015687106
-12.299286496145633
-9.095346720535423
-11.690254964432645
-12.17839462298013
-12.571070828016916
-7.95028879700922
-10.776299997168836
-7.671040569636846
-7.884556872593841
-12.611866510396132
-11.719522516639673
-15.992537244482708
-8.770514051984838
-6.406043728445422
-11.437039343067564
-8.29186791377801
-7.435178988211691
-9.923749876441233
-8.029252673840164
-9.072068974625932
-7.117892752520095
-9.206493408520538
-6.959301966256869
-7.786040951327964
-11.923445635324764
-7.040491763461657
-6.296102766369699
-12.36480114470691
-8.52234238566766
-10.274525338489104
-10.265473381484371
-7.673962593953015
-7.2122131729693155
-8.869643686748361
-11.816068264380831
-13.609281717421977
-8.946229212955988
-7.702572582595039
-6.383260782133193
-11.079180055650387
-11.23359226726053
-9.90308000080593
-9.271715258561542
-6.113904834237785
-8.261312298858611
-14.019254234624126
-11.51780697302271
-9.479487939932058
-8.22878940149123
-9.311794786022174
-7.9837764428853975
-9.364833950894019
-13.984682395496424
-7.609939026967893
-10.98649203346252
-10.841306785916144
-10.656563292754171
-6.600096239660198
-9.900271198903333
-7.483832281726651
-8.51900963122156
-8.130442786534916
-17.028264787808496
-12.613533949199542
-12.466735615108613
-13.023978083835338
-7.895747784458129
-11.37036294943818
-10.533998515371705
-11.730602438469933
-8.349629622787372
-9.641686291607472
-12.690022468590792
-9.558453015145208
-13.419428730873529
-7.707967869373689
-7.285804695199146
-11.339309177034682
-20.44311484247007
-13.75955419074831
-8.363553339260347
-8.339425735739523
-10.673574272630274
-16.336554538021538
-15.13490896405274
-8.099350073614445
-5.405567689172821
-12.460693587156726
-22.141471760962947
-10.79672011048839
-7.357007023120125
-10.16113696866804
-10.860417175747417
-6.347546366035398
-8.53773412936199
-11.56132776284415
-7.9223854898768415
-9.399846305553506
-17.284704025801958
-12.648641243938247
-6.506249874935491
-10.657896415536149
-10.23486756626496
-7.481072953439114
-9.773975930504426
-14.336344553107793
-11.586503401410436
-12.41021820667008
-8.173650518302722
-12.009334126062335
-14.747268018331305
-10.274683814651114
-8.535265346151313
-10.168188869161707
-10.599095763071313
-11.424530760395399
-10.71210949449112
-7.905873612041109
-8.912416078903307
-7.676632979017647
-12.822653027608617
-6.716295551218837
-7.869760393162202
-12.736172309161278
-10.912010629451062
-8.138157960344346
-10.811950227232812
-10.664070860289703
-7.562005763027649
-12.09518476740864
-10.127219874828532
-9.503391574065065
-10.590236172804913
-12.410494125822657
-11.875565092950207
-10.637217758861294
-6.6467346329899
-13.694963594481381
-11.184754464784193
-10.756717899945196
-11.30432020971357
-9.286060868876847
-11.845127645191841
-7.736290792047542
-12.47168026767685
-16.652501773957262
-12.213786717970608
-9.923229322735162
-10.05357270742599
-14.691926225438756
-11.67092162459861
-8.612927407342113
-11.698187639117629
-11.251357707711636
-9.041494271459642
-11.526337246836187
-9.16265967684663
-7.076273512048198
-8.176553397060395
-10.219535201359987
-14.575681883923002
-8.4777353516652
-9.765285262927332
-8.335542751784024
-12.332551326197853
-16.55300843287533
-11.659714382145966
-8.47443224923467
-10.856692759604272
-15.816035130581547
-10.478225740788542
-13.31190425390389
-11.280634066642945
-9.172804385852295
-5.555157711737639
-14.664079874775114
-7.645987137282578
-9.059901940486437
-8.426647827993365
-7.961206606401342
-9.645257489257178
-6.753209700773306
-9.097426197320901
-7.47839920867234
-7.006873622994603
-10.127568873430851
-9.482583178489794
-8.535346973320651
-14.419940225217587
-13.544519043051936
-12.756655825084328
-15.499422394812004
-8.419677907177311
-10.718086659643252
-10.906931894564496
-10.884233284664264
-9.32355924539231
-11.807210371392882
-11.05152205115007
-10.393960574361031
-9.523972476023477
-12.289697898929795
-8.51075676240826
-14.289599084830359
-10.937706364318503
-7.465809393288578
-7.521005248040021
-8.309653773661084
-8.498816570758581
-9.281781467892769
-9.654434301372483
-17.482378632612846
-9.150488215553809
-10.600084289344021
-12.955023962009498
-6.368659958021112
-14.626353527019452
-10.03952943216591
-18.17901796765153
-12.088880456072006
-10.600878602226167
-12.18614369145452
-6.960785885873288
-6.652676773046697
-7.446573233531362
-10.89040893729042
-9.472538223280278
-12.687855804816635
-13.392845888059597
-9.330852552307515
-13.658962460405533
-7.961243740677318
-8.685079160711433
-8.23168404006223
-9.754685978317749
-15.118581442871198
-12.838285455815655
-10.327240102437832
-7.1765597278064535
-8.302209323508775
-14.411334865400468
-10.801322095962899
-7.282158918865927
-9.705819280924624
-12.096115397814081
-10.04759996894154
-7.073654522198357
-10.262506452644311
-10.200909239947935
-13.106990197157094
-8.239241672505086
-9.319538828017219
-10.592778494613489
-8.694941410174291
-9.536387679285177
-14.086542554002486
-10.378779230439784
-9.067985410552222
-11.004582112479946
-14.596869597252763
-12.220920828836501
-14.408863272765261
-18.521018629642963
-9.57373369562456
-7.454078646057538
-8.284169118973107
-12.07595916808421
-9.488009380967599
-6.735160867096005
-8.713230514165554
-6.461309722506032
-9.925278506146746
-9.215667175194747
-13.11354549559888
-11.272870935415614
-6.051134116313422
-8.005458326246059
-14.412903934901856
-10.009371861708638
-11.558307563723437
-8.756009400504402
-8.950565924507742
-9.940657598333022
-7.930416287717131
-12.37680950022386
-14.089951833558679
-14.205502762916401
-21.291579181633633
-6.757884081741438
-7.329177703751577
-7.5599469625043225
-10.937917855686674
-10.236376767402504
-5.666230574818053
-9.273690336234447
-9.46245995133385
-9.475248343364248
-7.3841845179771095
-7.35215069560769
-12.898993892212752
-10.872897931805475
-8.383117397097614
-9.27875922093473
-6.815262948528039
-9.1762187613924
-12.488858131933164
-10.549303797888632
-9.165798704623343
-6.583656520056435
-11.82879756673745
-6.994964372824559
-8.171798973697905
-13.590467016704249
-7.897673330658108
-10.400087852824328
-8.896656331877663
-11.274559628599484
-7.156484016150551
-12.220905028450156
-7.867247214653935
-14.150077099549199
-9.546410543168694
-6.952754946868329
-14.394829431547217
-10.366380279960998
-17.664991742496742
-6.527695337884371
-13.876715865101248
-11.853692154809524
-10.410073510652351
-12.7924628586947
-9.264007676618636
-8.973521572510998
-8.39381898071812
-9.551779147127972
-16.081861998493995
-13.315904681235603
-7.6471912458497915
-9.56079441203408
-7.95584729828984
-11.141274411208192
-10.092658592878669
-7.4161508228508355
-11.884015566318586
-7.886909875719477
-7.964058445439882
-9.54782089481398
-9.764612109728313
-8.725937684183467
-14.172517903964819
-9.506916424001526
-7.143372498515942
-13.514345419058085
-15.137278294788272
-10.34663870839895
-14.424483696691723
-12.79289990385364
-9.938625697744872
-15.485834038565645
-8.789091628406792
-10.045162056246076
-18.828600685331494
-11.423761993066966
-15.475707742515015
-11.516070419677233
-10.237276221858032
-8.484393742184507
-8.427232439020097
-13.99304076088961
-10.724467759394217
-11.060379230596839
-23.16507167706605
-14.366762392728102
-6.511363982871442
-8.823086705101609
-14.38089379084528
-8.747240530920505
-7.813216615478177
-9.662331108259288
-9.231836908619723
-10.697286392162134
-9.305910906105616
-7.7432582303897135
-9.053223390668599
-8.119875552226873
-8.722361551631243
-8.855408499113345
-7.175998353121888
-9.608609750278116
-11.406652984276379
-13.234371622856976
-13.649350423055928
-9.41654828864433
-15.65225078316576
-6.06175510008493
-7.0657549857495106
-9.138886442366923
-11.668293067180041
-9.408372220405106
-9.678054878514965
-11.852882783281224
-12.558459127948822
-12.700081512873306
-9.150859816607841
-8.801542073657746
-12.44618259616393
-13.532361031485983
-11.815824862165694
-10.104295619488854
-11.827122446328188
-12.888737573757357
-8.837859754523057
-10.250324147406777
-10.583942739374905
-17.340665880114397
-24.22360584249892
-9.50143032779303
-10.117622896193856
-11.34246680904024
-7.665432319700084
-8.383919103428083
-12.086560307020074
-11.346709666307172
-8.669478237058783
-7.315184463007332
-7.395024757801651
-7.286190172747607
-11.819803115317178
-10.617301655450612
-9.375324031972001
-13.971609879245761
-14.820410026495246
-9.704646135314862
-10.058738646882869
-10.975758109719806
-12.255536752011283
-16.92460260317402
-8.849362789693908
-9.187318586056493
-12.740528221513989
-8.422104635287358
-8.045257127876111
-15.41889862214096
-11.482268275885975
-6.375340821385802
-7.408619130158472
-9.489427126986042
-8.967627563329875
-13.792955496652187
-9.562904458304407
-8.148094835379307
-10.137865615141795
-8.329659194858596
-11.272035964625047
-7.881394561764968
-6.867405993712682
-16.144957764179864
-10.664457582356563
-12.076125775706965
-7.663630032994493
-9.679284855513824
-9.095994653586855
-9.487128399329004
-12.346939290195932
-13.273712147663073
-13.794197482702955
-6.075899165540931
-11.932793439357829
-11.488600026716568
-10.568117382874672
-7.358844060916555
-9.092518709067411
-9.466139025448088
-8.170983798952077
-11.442489580496481
-8.14630719074454
-8.854414411781267
-12.432914701850642
-6.5332576880289706
-7.157991037981518
-10.287076358210015
-11.76467670036488
-10.811405195427177
-12.68385531356378
-9.355103679930332
-9.528582334254697
-11.66084213405327
-13.974823079103992
-7.176872101939511
-9.375536004151042
-13.293982179253598
-13.034361962678544
-10.388524010538937
-13.042545597252436
-11.034514692719958
-7.381525760950381
-10.010108022007984
-7.014191839893862
-8.799415787164165
-7.052908896469916
-8.732154591844795
-13.054257321316264
-12.425911572142969
-19.566542969166786
-6.8268830137869045
-13.606460307214984
-13.63294044749293
-8.774707708453118
-12.210666518275776
-7.380225280023994
-11.72704241799864
-14.518391444348511
-7.882046260256178
-13.606227728375789
-7.586592324850481
-12.177115507565519
-9.047987690580095
-13.329876173337656
-12.95780425374134
-13.212844601948973
-8.625107955750385
-10.889268661892364
-10.164704441508816
-13.705270853929585
-9.34430088704965
-10.274729259333311
-13.225771645854449
-14.20026473126377
-10.656610796307925
-6.625494071786384
-11.384147771367092
-8.427737988929122
-9.299616748298952
-13.79312726688099
-8.811649487549488
-7.476169250558101
-11.323427936384867
-11.070659848186773
-8.35619489195576
-10.694590966294047
-17.3543238965708
-10.702334127128706
-8.275335826124902
-15.583966992476661
-11.106503563857267
-10.32544348814138
-15.727325067787856
-17.582130632531268
-6.400021248651308
-11.254450625603953
-11.881668628857728
-14.82732069729972
-13.369940650977586
-12.240320512014986
-10.678794289287463
-8.409675923454513
-10.605002135046597
-7.479061653650554
-8.433625429160774
-13.736435907861031
-9.788613296274281
-8.605324876555004
-7.6217169674952086
-16.431812635220055
-11.754158174500505
-10.754662002198392
-11.490021711088806
-9.512190475216544
-11.456245000598257
-11.25595213921021
-6.821981975707413
-6.115696099126183
-11.83452553928567
-12.839566493793269
-9.306701847657182
-7.815090938252047
-10.873626313803017
-9.46956914364128
-7.602267968052177
-8.22178550129306
-11.900612267382183
-11.903039232152377
-18.26506044459636
-8.864164659677915
-10.543068316387233
-17.176184075899954
-13.14565915343387
-10.29975009415632
-8.375573671703641
-10.663374325028123
-8.81538957296536
-19.633893376588166
-7.247126551433608
-10.227907773975833
-11.641735766995305
-6.966441886423821
-11.742769410456596
-10.90895500584457
-13.26509755531411
-9.837973264588
-9.950972495905056
-11.132994875578522
-10.168416777172428
-6.916874625342862
-13.282118002689241
-11.481046733637669
-10.33274911833284
-11.06163738386353
-7.335409606642705
-7.191289762323649
-7.250831568571448
-6.379773503482484
-6.17622751984151
-12.538615593417084
-12.12604356388409
-9.947305927561153
-14.06760420891712
-8.316364147091534
-7.07362667030277
-12.838871243053658
-14.19945601117028
-10.445521832200217
-13.08770562940624
-9.15649686521506
-10.487537394933767
-9.038558929438901
-8.400380832780485
-12.156191603458335
-12.46212622644418
-10.243156843496616
-11.105621787669413
-8.394026903115575
-11.871349705842844
-19.373075162876763
-10.432431445165147
-7.7408005850972
-8.789530406894277
-12.760058898371186
-9.667635222522835
-10.446819194178758
-10.651175364010737
-13.763145252297749
-9.933419511559443
-8.87625237800177
-6.772327541495177
-11.515133338720625
-10.133466395407739
-6.728555133737965
-20.211508006430748
-14.238344756794499
-11.066707494464106
-9.83503828429732
-8.550016766484184
-8.996197188333277
-16.416704588992044
-12.701005101099383
-7.889028386988016
-7.1891575504105445
-11.640030147673396
-10.004000714202563
-15.405363126385204
-8.70815529618884
-10.065184513872477
-8.26540071676273
-12.161850015398468
-8.92867991538391
-10.077903123723578
-8.238461833504973
-13.896294716425441
-10.745847237821307
-8.685322878770442
-8.801945006930843
-10.941844494399838
-8.392281474321562
-9.3368995613878
-18.205777856319955
-11.472377355311128
-10.233137311798975
-9.017285895462722
-10.038511161209504
-12.280324573901574
-8.670343446132588
-10.714081452025782
-8.686437170541524
-8.900306113270801
-12.601139070238297
-7.185408454311161
-9.063592362204208
-11.168373804394623
-7.199738284099705
-12.444487839982926
-10.558432985848313
-8.158620796609021
-10.70716619783663
-11.269130296756174
-11.113638538688296
-10.192287406553689
-9.420471259699289
-7.963271549637251
-8.55315784560993
-11.377912590535125
-8.214044202194598
-12.274574877388043
-9.236371520644461
-11.53863925333889
-7.288716113980344
-9.866832129540226
-10.019781753554051
-7.612986238161434
-9.342063010879668
-8.812580159393722
-14.480526657489492
-10.977965981250652
-9.814062409324281
-9.950763740520728
-12.486609832711496
-7.599686591591682
-10.569296067418845
-8.81324129563482
-8.03707417052319
-10.636674850263635
-16.1725000838195
-7.921533467855088
-12.263433421763462
-10.265661390856296
-7.751594622606994
-14.963628145196271
-6.650848037836432
-9.714378401604646
-9.27723592909639
-9.22226038658107
-8.62403216472227
-14.813912434507483
-18.355813969243567
-8.967624916444185
-8.732500993293415
-12.979635999129407
-8.420894740219909
-9.399495033478939
-15.045101307472603
-9.928527723433628
-8.991976975380336
-10.25544935370781
-15.038537223240004
-13.190969479292963
-8.338779197389632
-13.764906513456788
-14.162907930446512
-7.473412362934536
-8.563369018373056
-10.561555287981372
-7.128730389898616
-10.967634983127933
-8.318952656411065
-10.490239501114738
-10.55106161233958
-12.159438663821053
-11.788173256585614
-7.046167711478191
-7.726954523204873
-11.68360421014938
-7.964524490816799
-8.390665837948301
-9.1940882219062
-9.959558714565949
-7.4172354105470655
-9.149080532172826
-7.744307733441368
-15.626169373843409
-12.385941339645461
-6.563136150390675
-9.872540996886999
-13.200878051413358
-9.954005073938214
-6.4261323005067625
-7.9194419968367225
-11.551428251757338
-9.672774459493684
-9.60605823722527
-8.65017892306494
-7.952809607482175
-15.0105506113779
-7.961896604984435
-9.20337636211809
-8.212336092665517
-9.377486871768129
-10.105491757674567
-14.465732886767912
-7.192783883190649
-9.39517693471213
-11.155140172069054
-15.478421311106084
-12.687353029566536
-11.464628129523215
-7.561554509371669
-10.085859634694046
-12.230727699630672
-12.458280087486914
-9.78761462714722
-13.15698756958322
-9.950526469078753
-11.200244802703478
-8.252386686951592
-8.997778480642006
-8.335452640822053
-10.056068593475453
-9.313093242007284
-10.453015892754497
-12.288352929266399
-10.889207981126132
-12.26239261587236
-9.109835437281362
-9.614950037282862
-11.305514474963303
-9.503342896973338
-14.487450352472672
-7.7862286909143466
-13.657867787692428
-16.361041550158333
-9.920241791238647
-6.363703791578727
-10.688384183799062
-13.391681722672471
-15.340971499991912
-8.075598361443854
-8.42890461010281
-11.860066327783535
-13.439719724613994
-13.731173030434556
-9.861127427168315
-8.55505082782678
-10.626822971197655
-7.402120891953824
-21.10236507582456
-12.659771820804222
-9.709325827994505
-8.482542702415934
-8.543243449025898
-20.97960456773779
-10.970836789744677
-12.845589257697343
-7.667662190579912
-7.477538375588567
-14.377515704411218
-7.288637799393628
-7.195177423993352
-7.673953677716006
-6.119051041329727
-12.916181464911697
-6.818035331694018
-8.481715559342907
-11.046938934580595
-9.488657650300723
-10.255283214234906
-9.983765937446353
-9.071013777552327
-6.882663926468763
-9.438934118712805
-8.437114089589501
-9.90335901007427
-8.829133729530328
-8.083219438141755
-9.854552026341189
-9.618133203650382
-8.753338420629895
-8.936623727036688
-10.033936851300234
-6.8177940537888375
-13.245082168845741
-9.425948305769664
-8.60902899573076
-10.009147827965485
-12.284221627192547
-10.30620889962014
-14.815929517907334
-9.715655709126475
-10.456232918186107
-10.118838505092416
-9.620310418363026
-7.640411506174386
-10.924213793002563
-11.289467181675606
-11.34070956886366
-10.421533570340504
-17.209064416792426
-12.506965432528602
-9.43393298131242
-10.797108224661438
-13.107350074770677
-8.885214020415061
-14.168382710412352
-8.318723293648699
-8.961253164906042
-9.074928207436992
-12.957860580073527
-11.930253031048656
-8.578096089822369
-11.049991386401073
-12.212843843881238
-10.89463086311647
-9.824878346088267
-11.641473894254803
-8.633318673117948
-7.170859390993817
-9.034931345225814
-7.0297596092767165
-18.045182471994384
-19.19119456856351
-10.84627241614663
-9.397942341578108
-13.23458188702872
-5.873004459155519
-8.763293953081277
-8.055516802582794
-10.999066725606264
-7.592519500061144
-7.396017388373586
-11.889921318311346
-10.95006679073279
-9.071275591961633
-10.343331456609423
-9.790572333030584
-11.036976573478343
-8.279259914080992
-8.852818698232154
-9.140254135378687
-8.86133250947081
-7.164925992797164
-10.285652717440223
-15.938209281073055
-11.698390889332531
-9.294046326386104
-11.53383438555851
-6.270665552632299
-10.01552904797908
-7.809354753635649
-6.201151821947429
-8.55588324130377
-9.716016843034456
-10.638005226173586
-6.8868992634689805
-11.288205091620279
-13.83121456405591
-9.149194673034861
-9.694397111826705
-11.28360482969955
-13.344849546173075
-7.087529889499666
-9.872231471456562
-13.749529592899146
-12.530219137723678
-9.444848662037815
-8.069874095065645
-6.68139571083019
-10.368286347061954
-7.156316132334843
-12.839571854629913
-15.139593405987512
-7.490440658665683
-9.792240481455865
-12.683600541544061
-12.919077006782544
-8.824470588870707
-10.868408512743262
-10.19414468448006
-9.441859582576384
-9.004830366124667
-10.280082441570391
-13.605027157017657
-14.248256341494397
-22.33524611393967
-8.942002495957759
-8.48595950595274
-11.546839348479244
-12.753624528428533
-10.105406057480986
-8.493784757320014
-10.689205360088506
-9.38365106943286
-11.704054457118508
-8.488290543680062
-10.256112648058526
-15.401328545466589
-7.249456092171437
-8.588275485561303
-7.996026158075026
-8.945445855963792
-11.421567222574861
-8.033930318685295
-13.391037458739445
-12.4812537596447
-11.85383724383096
-11.169019521251673
-8.248404799804042
-15.132905310924803
-10.308960328171594
-10.339957411707946
-13.140639211625569
-10.373954263653104
-12.36161311754539
-12.950986919919082
-8.119789878704625
-8.734315603885532
-8.969436847533705
-7.347235172574521
-10.457632467784743
-8.288588076219966
-13.627291604114225
-8.213994790564984
-13.714570371383205
-9.065388862868415
-9.129416250803565
-13.3835252122729
-6.520764626906498
-9.362507629203535
-12.343056492491526
-10.224314585192541
-7.063886288447889
-10.154546448177987
-8.577371984963527
-11.727441977389697
-9.35740192253499
-8.462983442773554
-6.520865584016129
-9.53483583224453
-9.72147035819304
-7.171536004378137
-8.335181816690186
-7.6510691290983175
-10.970668207441285
-8.463577409792402
-10.949351201028598
-15.667605561323048
-12.859048857123907
-12.642878540619217
-7.04043464047763
-13.875969142000374
-10.431054323417763
-7.298532458530269
-7.848930542676825
-8.83515626103987
-6.922460031470709
-12.977599268759382
-8.049786852445932
-8.58725681150593
-8.009530205345824
-11.438430292778204
-10.188861844169981
-7.944260019195944
-14.095260938100086
-9.369796662721543
-11.554352830341882
-8.053030184634594
-9.550573616778317
-11.64228606439606
-12.622669829373946
-10.742635270020855
-11.023428520693527
-7.807648021965151
-11.11994923931698
-18.63518723480014
-19.63548703316648
-10.245360874088593
-13.442486429026253
-9.526883937564955
-11.66813721731767
-7.454107253712535
-10.57245737731742
-17.386912395877406
-12.632141879939809
-12.987385244730817
-14.827120180051935
-10.838221944036468
-18.633130556178713
-11.911443453533773
-12.572335019441207
-6.3945435081334665
-8.658895731519332
-8.45906327423079
-8.259649267752755
-12.585265557045362
-6.968751957662453
-11.680758809397826
-9.428044694798905
-8.828993811348857
-14.995519278109832
-10.315666729953403
-12.403502320636559
-8.431353199810909
-6.519885545617785
-8.387527062285574
-10.10243018330586
-9.900207369190008
-17.461383054301283
-13.636745807125807
-10.179959694267326
-7.449170767547625
-11.93992468878668
-9.742976724680187
-5.95710824043017
-9.317584420577134
-9.284378916684872
-17.69860275977996
-8.599154986138402
-11.578301850117127
-9.553699148242563
-13.278515552005684
-7.560504165217436
-6.655153439827045
-13.501804501324392
-9.62048800529736
-6.861900246754994
-9.1567027431488
-9.34741636304685
-8.328825607317807
-7.846428664004619
-9.404122601997495
-6.900602422974875
-11.34425441080992
-12.240722012407502
-11.224721729609966
-7.768579063203454
-10.345762079142823
-11.384364509499973
-12.560716843372147
-8.124422893590136
-11.183528380863422
-11.28050645933203
-10.063102847963664
-16.005324593638758
-6.517021817445436
-9.419647590105605
-10.150103906266416
-11.299943385849648
-11.318146261251263
-9.941602088001035
-6.225151363801812
-10.096000588526245
-7.507296729182655
-9.733187163611118
-7.515928199562477
-11.006850898696605
-10.949253850979387
-14.658883181278657
-12.11426945594275
-6.978041456609116
-10.132073240885154
-12.091568187082531
-10.214387154483775
-14.663017167847661
-9.601345269877
-8.557472214835501
-11.069106326549994
-8.010288837300537
-13.536208229017772
-10.818766519614309
-10.197945447780828
-8.347554705553506
-9.411991395525469
-13.040184833405904
-8.61636028222269
-13.31113812406873
-10.902541976654005
-14.90728965101243
-9.812362804065843
-12.041049161027411
-10.697069581905406
-8.768983184684584
-11.807917945630672
-7.34977695833597
-10.493083783369297
-8.343695919536879
-7.611900812169666
-10.968794993708505
-10.279540839405032
-11.499230949878275
-7.269695326311936
-10.764663306799424
-14.514049676277446
-10.12844934829333
-12.10085625541957
-17.986758126805306
-9.510712430265427
-9.257105560298244
-6.507067129974532
-21.20711811711824
-10.351221439358595
-9.509035440324372
-9.72261594590658
-11.23631740828785
-10.782086532267531
-11.666253845537982
-7.5589985724478606
-6.483550263605136
-8.53264012671324
-10.577080807919037
-10.166444638865604
-16.254917655945352
-11.267247969670532
-15.545464196101085
-9.519646437087765
-9.011468862427769
-7.507659474077599
-17.583015764305646
-13.179113208850415
-9.442965194799877
-10.387631893330283
-10.323307970260279
-11.937701366393549
-9.722642572423206
-5.722735165300886
-12.863129703820983
-15.0803300128606
-9.851562097695181
-19.99516185487966
-8.171400444119712
-12.041868029366357
-13.160208946769796
-8.844319651593931
-6.877507791831281
-10.882820267153129
-8.70943051672413
-10.595782031903871
-11.330799639762754
-6.701414535577943
-14.654121351548982
-7.667809856228009
-10.250210639176315
-15.48127865371047
-7.714148618045324
-12.684394147350496
-10.354945907011258
-12.41245195968132
-13.39965432565145
-9.401903839320772
-12.43064586341328
-11.278571722228296
-9.497303496583523
-12.27913719199045
-8.993324635648735
-8.112388370720574
-11.990842342970591
-8.244436902808143
-10.602406283078388
-15.326140353288269
-14.040798140124497
-9.208601631650149
-14.25716122573036
-7.4604516446804965
-7.223759517060588
-11.568993703954055
-10.171632809316488
-7.025896310205658
-10.049455877412553
-18.35805154739542
-7.92115433543101
-7.162595991325302
-6.803988505468605
-8.60909365733395
-14.449303577230328
-18.766588556131367
-9.80184506806673
-10.14174705144068
-10.103118805940046
-9.995768959851464
-10.266437922999971
-10.256252617129507
-8.05758199793011
-6.623791145945554
-11.219231613007828
-10.795999994125387
-8.914747173594847
-8.398591501598778
-6.514382207484477
-14.904272987888575
-13.012789605095211
-7.471845205317031
-11.49523218950027
-8.630747415395001
-13.24914693707699
-23.66137103399599
-12.569798671456926
-9.832774421699522
-9.24033159871705
-9.131457873058823
-7.746448311020341
-10.161158128176185
-6.2271649171157355
-7.4436976824969285
-9.851126277248397
-10.534806233931592
-17.895134378590722
-9.526240131517966
-11.555988480136486
-11.29196590635213
-12.332787727449952
-8.441612609401014
-7.408258233269198
-11.397055065749216
-8.376795829814098
-9.47838205590826
-14.35389260722718
-12.357362650229925
-12.111299803505434
-8.566812524246627
-12.238431677543252
-8.894937181011235
-7.57856467845553
-10.912322689194694
-9.5107731236756
-16.96556143838207
-11.339086263868401
-14.113471339643624
-9.284191591047163
-10.968598917386252
-10.798010955750401
-12.424858575248662
-6.113847682119202
-9.135393267282097
-10.636301819197266
-12.75271276740751
-10.058337604398389
-10.690536240854197
-11.5448120794944
-9.17446714398414
-7.793187278209866
-11.761261378781532
-7.812474469948051
-8.841539643982424
-8.281371362746397
-7.125398536958516
-9.269167854143824
-14.282430825797412
-9.606963786264298
-10.91735002978921
-11.07499418652208
-7.890808759165018
-13.700603263183686
-15.94093888012091
-10.463132220729303
-10.38844236770951
-11.769594275084696
-11.045928805407335
-10.765222951636447
-9.275761377656018
-14.139082933563525
-12.362035905885868
-9.129992285656437
-7.650097942153159
-14.185797504412271
-12.954927223627518
-7.852493137790226
-9.670902999543035
-10.139124480996712
-14.877783378542704
-12.594551527796218
-8.817134220892122
-6.131894011129599
-14.540447953809743
-8.704310642173992
-10.816006198829378
-12.64332882616995
-11.745196821610719
-13.73309816418752
-6.4682464177987855
-11.161134409712517
-9.376045247575977
-7.776381039246653
-7.879893578209705
-11.029821279333394
-11.656378046771314
-7.203126713780427
-8.7137061950821
-8.504147331037764
-10.784835701991936
-14.065585698816433
-12.588755301511798
-9.595480243296148
-23.158702458243063
-15.580717448179312
-16.29920724860958
-9.352580587458533
-8.492465366494045
-9.101570194393664
-7.845451627742108
-10.221577908615213
-10.941365776062055
-7.6524156570942505
-9.240475773713401
-11.37287793069222
-5.512709270215919
-13.517558364409641
-15.191458021331854
-11.74988761019568
-12.580183926610056
-7.521704795999084
-13.263947848623086
-8.560169763848856
-8.970801237790221
-6.988597210149827
-13.28395889045168
-13.923751188657532
-7.259357286088882
-13.417929204259496
-8.032963701651385
-9.699633886381521
-8.115272375856629
-8.231382137447886
-9.036231573769552
-7.9917294881289385
-10.09598360129475
-10.007280530888519
-9.227178678180683
-8.216004390313131
-7.931662360445416
-9.716902848990387
-6.3270791190157825
-13.075336062224244
-7.334317824722407
-9.972278996095831
-9.078373306341383
-7.319801913402046
-11.941238967776956
-7.578437820636331
-12.320895484201982
-10.80385134210903
-13.447892317756532
-12.504939004974752
-9.513323833526957
-11.230793312493082
-13.193460185441062
-10.897204388027358
-11.171749555239723
-7.057879848148287
-9.092220131191485
-12.961378187413684
-17.41401738572797
-8.81351720350181
-9.150996398280643
-12.446208779834372
-8.66806112107139
-8.562973896761802
-7.482150673788337
-9.638982133149
-9.23452402374127
-8.622659222964815
-10.41550785931771
-8.52214473483336
-5.972498467206923
-15.707908966493116
-11.550258920052356
-8.313190141279115
-13.222254515777168
-11.400644815038087
-8.201580849642166
-14.476233607639685
-10.165225202210088
-9.976638282322995
-11.553464953260915
-9.36667370486503
-7.748086209069025
-7.311776204495429
-10.06451610667363
-15.642421862097061
-17.10282043026981
-7.805119119163914
-11.873570250617362
-16.899181107394316
-7.511763087467829
-8.80840719869002
-5.871702371117272
-13.046603413092141
-15.439605292695198
-18.40413554332392
-9.345053535734131
-11.744406904500416
-8.098159351763782
-10.228167527677929
-9.545175837739004
-19.08377393061131
-10.660022444368465
-7.255110209974693
-9.004435807988099
-10.750842804532082
-8.987373940857596
-11.12559353598696
-7.240379400080659
-8.522695455420555
-6.504622268725395
-7.957715230096286
-12.888348902620102
-11.721987581957576
-9.602892509790157
-10.037110417596955
-8.347954077295878
-6.978306448965565
-17.671627757352162
-7.8959905691827155
-13.456437972129121
-7.4721378874990405
-11.497920329877624
-8.350280246355402
-11.043551011897929
-9.154446609175311
-11.68789034256692
-13.088447565830707
-13.677287170811253
-9.992449672785394
-8.66306664440033
-7.658883772737536
-12.261740647123256
-11.76490611819511
-8.328506885050887
-11.645734693224504
-6.230204407584434
-8.004129463979623
-10.905945528954371
-7.154732037025493
-9.627446871763487
-14.960313109880424
-10.37403156270436
-11.768852688285532
-9.09825515207522
-12.074406266865214
-14.427126940473531
-11.31246681588824
-10.655736233634924
-6.958735517817367
-12.271110610826824
-9.199811011426116
-8.534680973772907
-9.374937090929562
-11.935562643164175
-7.687180687416934
-18.106408549227275
-11.299786446340295
-13.573052531290903
-9.251476310147421
-8.35828450453365
-12.168579236809968
-8.140504945973587
-11.450346035934022
-12.83935111500629
-14.668774692259696
-8.858095484305041
-13.268999167701413
-10.592384324744994
-11.357023501448996
-9.875207903480172
-14.527340175111435
-16.797516785896757
-12.004695248670508
-8.534498347834607
-13.654453363939657
-9.44951056720191
-8.957875919256308
-11.873353195239723
-12.095166752077732
-7.722726360152921
-10.876369113201768
-10.275893622401956
-10.432764777564826
-8.055224297737663
-7.920718914554027
-8.236708656499921
-10.148343541074606
-7.1474312560424496
-15.846647564217799
-11.997643162599687
-8.799837709672005
-9.255099293530948
-11.886100696630974
-9.578667050025645
-12.740512263553384
-8.29442627701203
-15.898392113303816
-10.283255323308378
-9.257293778327442
-7.7248409277222345
-7.382763247472772
-13.33928276812516
-10.854468922228671
-9.13044812910662
-16.919642372125082
-8.85491234702375
-11.316495774623887
-9.46965719049609
-10.542586339631642
-9.727162141406081
-11.685047621074462
-10.553671875482413
-6.604004546189737
-8.249723202380672
-11.853174094913292
-9.923998711776743
-10.616027673216726
-8.332435201561553
-16.400429268419796
-11.461255311511334
-7.164025002769122
-8.712263205131535
-9.146204755760705
-10.366834272711648
-6.727459243239911
-8.088193394472444
-11.652355250848942
-9.831706354658454
-7.027048270307748
-11.915769611011376
-7.636021032280942
-10.154553102645256
-11.354849583239174
-9.848700201680009
-7.671636902479142
-11.726764323010539
-12.438477478941506
-7.711307051012265
-6.944404369424769
-12.246471589178762
-8.670405515992188
-6.204365976719286
-7.591240616655664
-10.85965295870319
-12.898833487334365
-9.31909895636051
-7.373974214874015
-9.418168305737726
-12.490039091533099
-12.404386795774649
-12.656527956333248
-10.787124977422904
-9.269916297262228
-6.746629544980268
-9.578911238678188
-7.25900289669992
-7.205567977748084
-9.247880314541698
-9.097096045495459
-9.096425769092503
-11.82251500397274
-12.081511654214388
-9.886753758984298
-11.721244863802644
-8.737316035649556
-8.102438250642555
-8.597834256244253
-8.678060848843371
-10.925335272940425
-9.154664872781174
-6.6372574142799765
-14.255731357313934
-9.88662337553985
-17.662889783130726
-13.003744645059907
-7.718395273390696
-7.347766481192562
-12.18352863605641
-10.923653981914532
-8.75066242936032
-8.243859764355886
-13.970217919339447
-17.669403175763883
-6.354964247714613
-8.066987583167789
-15.787930488174695
-9.072785744220045
-8.82475579579651
-16.273529333161918
-11.036033443067748
-14.135230101358744
-13.295184696081838
-11.806840150631636
-19.405587079681975
-11.478375154004073
-9.990659501034242
-9.60543874131121
-7.204302316980848
-11.743617918952562
-9.419492650742269
-8.072188495063518
-13.049347585928025
-12.092596978034072
-12.507884277998029
-10.864861067516625
-13.965545020930762
-10.37914412828092
-11.202520028145164
-8.18158803771602
-11.989384475430587
-8.013076566824527
-9.917563219878447
-16.239446802689734
-8.418228412868837
-11.747648119594746
-9.053663200836006
-15.358663203146513
-8.782774699825584
-9.611697664480005
-13.322363541359556
-15.771798426868623
-10.76345881961911
-10.405293016027022
-12.968527223334476
-12.87143077426935
-8.400640231660832
-13.746252527129386
-8.452386762578731
-8.511537151468724
-11.11763570418806
-8.70309404152573
-8.39909250577787
-6.963514196543699
-7.50405559267961
-12.25304378355009
-13.379651296088285
-12.423815811422974
-10.872263464817939
-7.3098200062096845
-10.22275511665675
-11.528856326469995
-10.731697635347446
-12.202652481356658
-8.978906592839245
-9.616253082163047
-12.443778547014086
-9.024282043844096
-13.362922682486888
-9.243776425198774
-6.3730355291074225
-10.59037855294553
-14.99874237050766
-17.21302562090242
-12.17684839913236
-12.620594932865357
-11.137926941559893
-7.597966643810386
-10.80570386907535
-10.666604250839175
-7.284548280929534
-8.303780651019514
-13.096197635467066
-7.681105382293348
-10.480553955098161
-10.077552013228864
-12.462994885005491
-9.280907772995386
-8.725181260312349
-10.360688811830078
-11.364568123962188
-8.61662373518923
-16.457104836923218
-10.8657761454696
-8.486724321321173
-15.212387820134426
-7.8634360894295385
-11.662780127920609
-11.236607783835463
-9.809202778293493
-9.970308019237557
-16.149120049443066
-9.626074303540925
-6.422032787602225
-11.487906357557904
-7.389340817974118
-6.708019488212869
-8.390041606477826
-9.991798733351139
-12.025154320614744
-9.462130807320037
-10.738287122376347
-9.424321327416843
-10.740191954086686
-8.706868523750227
-9.34579355722036
-9.475816733790504
-7.9161711444630605
-7.874781055001102
-7.138645627115398
-9.263597812952003
-11.084681922688166
-15.039059236928075
-8.124206619195915
-9.967236577266796
-10.705985442974148
-7.627191562630909
-11.190522412313266
-6.516546327499422
-10.491131422413094
-11.056544657871287
-12.15097588452883
-11.829979839391665
-11.511298411504944
-9.831881289833332
-11.169265451011736
-7.542557502346271
-15.613651697009482
-12.960428701639835
-14.639250452782067
-18.13645840042062
-12.953804765443369
-10.05101254054792
-10.861027318780453
-7.9700723512361575
-13.255414434946879
-12.177166610583916
-8.888432271271816
-11.727920540993676
-10.434517690563169
-12.415087856506009
-10.297336011468234
-11.786684522293706
-10.800397485498655
-9.933068401330157
-9.198668213453958
-12.288766210322468
-8.812750235589517
-12.764830932124088
-12.659016302498145
-8.34487972360085
-6.626161311732519
-9.479630747053447
-11.05536206448749
-8.585847800797254
-9.857880509332828
-13.424734322789753
-10.393533759422535
-10.372733902191793
-11.624740812131014
-9.178831497871194
-8.287374576293363
-7.288662402389892
-12.314951122334715
-8.060958460838505
-10.58549664325763
-9.119335846360007
-9.438378163194459
-7.8396816427930665
-6.763609357778675
-8.777442391944119
-10.704711959900926
-12.408095679171849
-10.141575088665967
-9.195034435649546
-12.68287660507445
-10.37732677933066
-9.550557433063064
-6.198212834863437
-7.120149793447956
-10.304563219732202
-11.875020539474534
-8.985499483794744
-8.098737453338137
-8.339162685997152
-6.731053766324601
-7.01173267200442
-10.268769705299764
-8.453370359678267
-11.54206696117267
-10.136105707565465
-7.1616051968636585
-7.38526913097329
-13.725479884861542
-6.848630474035866
-16.315278559449386
-9.885565137304821
-11.443713882618573
-11.415713318305063
-17.26304904792818
-11.622046787665463
-11.03699442556739
-8.039043044414553
-19.289114620939056
-9.897519557604044
-6.568719820887764
-15.51415359828985
-13.172801914572558
-13.381957538279043
-7.728407723197883
-6.288057280701495
-7.1649983642574355
-13.274307848666298
-8.972218555205433
-5.781501579176197
-13.405943556536776
-8.987386281719614
-7.9857150243097
-8.886856242034371
-12.277927858218098
-12.124211901134283
-9.754565021539447
-8.146029204432725
-8.693254230595377
-7.900205309706143
-8.566327899652707
-7.169418535917794
-9.838760571192696
-10.913285559490584
-13.668605533652297
-7.27555503149701
-10.33725114782963
-11.392997511293714
-7.658485573784936
-6.869216245382953
-12.897155993877362
-10.63568987600569
-11.463293869152553
-8.254912667642769
-9.640408491142534
-11.830669421566874
-10.660122734389397
-7.93918830720104
-13.683015992906947
-16.617820994359015
-10.720553313265633
-8.654302629540721
-10.420322192086138
-12.763732017544736
-12.261328350155154
-7.482762032509331
-15.56076996285131
-8.753126651202404
-20.02917334577205
-7.89801511824122
-16.703653499555063
-9.110472154589838
-9.003421445893833
-9.439040324591222
-7.09669510800199
-8.990180784574179
-8.846041843121114
-16.50545696786009
-9.652250972852386
-7.565555836604233
-6.6198493575027735
-9.62519388142697
-14.157763910610765
-9.087334487603904
-11.492283805913535
-9.031256943800468
-17.221320794458595
-13.027534706137821
-11.594178124452668
-12.200161557864913
-7.078845546090314
-9.174906984877897
-8.011375646215624
-10.70122549393039
-8.980747875756451
-9.924745365603334
-8.954823278335496
-7.720408295402165
-11.839090047266549
-13.392621070423907
-8.477207107004789
-8.26701447888046
-11.024515419285704
-12.634706516813482
-11.373173969896705
-8.03875382665512
-12.461888514695712
-10.579384654077291
-13.11658433284109
-7.435214602369713
-7.147282225235811
-8.840257483574371
-15.499000600806475
-9.275152067109815
-9.24592094604114
-7.0900118264798655
-12.028814002073796
-8.412689640146253
-6.179790015759648
-6.709522738147149
-9.944253671033472
-6.75459545407689
-14.910589977233736
-10.691249719929205
-10.328365741246865
-10.445351964347237
-10.242019402352765
-11.731275932063728
-7.646374104764587
-15.71800835070245
-7.330515500209753
-14.306970385061591
-6.885423877730306
-8.646187955596192
-9.376794162152764
-8.559806643683167
-8.435585075204887
-8.518296420805816
-9.841766406523908
-11.872466647317973
-7.9422528103770755
-6.761333444678079
-9.022072586782873
-9.82934295423217
-13.577636127453951
-9.09600108621289
-16.553374126356875
-10.60584988525294
-15.96851035150277
-11.585248435607408
-15.016209659416651
-8.190440612041533
-9.883108142619342
-11.209410924368273
-8.04015837289481
-7.563619678554275
-9.49497155789339
-8.193931156278918
-6.906862494700437
-10.218410081128905
-9.362725581865453
-13.77295668488653
-10.03730950225064
-7.873373554775361
-10.03136098325931
-11.893071401428552
-8.510419137787103
-9.160121205591388
-10.746993009362734
-7.972069997820381
-10.309012740957384
-8.53892617579987
-9.42289095718767
-8.87703104662139
-11.114110089006733
-8.992088894144302
-11.285236588830085
-6.722540873586873
-14.552611412246648
-13.912070079748188
-8.671637475497471
-10.784750812501098
-13.667719355040234
-10.184856489853221
-11.408268971338401
-9.45909760849945
-15.445842441632204
-14.436974261662286
-9.330439674371272
-13.365513234214472
-8.05517962374133
-9.945348092994095
-6.250101561498853
-9.572393755104011
-13.624330095326538
-6.502909803178965
-9.109114002458272
-7.016716106745392
-7.377201612509651
-8.650740177148645
-10.553834368654597
-6.856185708003083
-8.700087469350342
-9.261662579056917
-11.327787784770317
-15.016326731628391
-8.947997360970302
-11.274233379863153
-10.052657590636755
-8.83594491715543
-7.736224358058542
-8.79325212096664
-9.156940107928262
-7.9178667729169
-6.088297954940431
-10.559849183718446
-6.107277007352986
-12.558125648104527
-8.400443548484953
-16.545612354607563
-14.434099169504082
-8.895283221858568
-7.573733208553166
-18.84784625757344
-11.132767080225511
-11.445595509775979
-11.92361627288249
-9.011403323262613
-8.117147501971868
-9.71904767993858
-9.929606503260608
-8.990438462514462
-8.459731714780675
-13.72224038266836
-9.545605134605326
-8.333632437800377
-13.638278843686127
-12.197980749125616
-8.659079812764936
-14.406576292594458
-7.3116452628114805
-12.395434290390666
-9.447603645464417
-14.339184161247855
-9.060662455776356
-13.459684961706097
-8.646952867075989
-7.966949588302641
-9.569464478998748
-10.581618954747956
-12.019441508777605
-9.011828755337637
-12.80862477460699
-14.070336993380794
-7.723453565497755
-5.636336045655105
-8.92093998998283
-7.734589056935608
-12.605023220622051
-9.873486115323482
-12.423580204063786
-12.427390881641935
-8.095712880467083
-13.448030909745526
-10.924176225312108
-6.824805261306226
-9.784208803443214
-7.864919382802397
-9.794268681474653
-9.278893423675994
-9.0799809838348
-9.72199197482632
-7.254289461976167
-10.077086055140839
-9.032844665613956
-7.656302681877765
-14.368021710466133
-9.30125376516677
-10.330074581197076
-9.724439597729534
-11.89774726325331
-6.55989854238097
-7.54588478223391
-8.351527090078413
-12.776193479311042
-6.380182131846089
-7.132656105301233
-10.973178357456256
-9.347045510753961
-8.121804379500363
-10.660120948676184
-7.313404109375039
-8.57707594905653
-26.886862636890005
-5.964196421483968
-10.090195758710378
-10.372955868399156
-10.39675414216783
-9.777277915902111
-12.431565278105905
-6.34312722382008
-12.540341204441722
-6.922075595935819
-6.980040101987583
-7.370423740318092
-9.858001971348468
-9.746213660504026
-9.47812276784195
-12.347625589365386
-12.08239095747114
-18.633699858002046
-8.76761576347733
-7.624260032578385
-12.830240229941364
-9.237515500649254
-7.353838300224314
-7.4268445367029186
-13.9745260448463
-8.009698192279318
-9.25262615520661
-8.49390639293962
-15.116431022584667
-7.903085049864465
-10.561543966795849
-7.899367650428674
-14.2330299475747
-7.9778402065281755
-14.811693391889085
-10.84164011198851
-16.01205184040047
-9.618499217279457
-9.408835922004405
-10.092052517969433
-10.17143617994043
-8.415468625719136
-11.799432575042188
-12.045792158665455
-10.953267802810236
-19.692220708403052
-10.37015835708866
-8.520121143290096
-10.35289030020459
-10.375213965318975
-10.006581980335984
-6.464358146981846
-9.342867578758856
-11.619576533359085
-12.109182448282684
-9.143766746867843
-13.964153801968505
-11.739447214556105
-14.978688619925137
-9.956076095323128
-8.663227343509108
-6.313004330756237
-8.589144835478388
-11.318488267427274
-13.701630240158213
-9.10563190689418
-14.118781891927759
-8.30937263134139
-8.420934506999085
-10.762039427089222
-14.506583542781883
-10.757971874696423
-8.544979381113146
-12.139716812425025
-8.545476385539324
-6.878686768456886
-7.318814858428559
-10.00745086736244
-13.694448150734686
-6.813675379018896
-8.12615124874539
-13.216960290990913
-8.183129843813765
-6.04348391329798
-11.737517326254782
-12.306232657608728
-8.982485141488514
-12.481781896878097
-7.895372725964785
-9.956338049554004
-10.70322310499559
-12.86715229864018
-12.571583365277093
-15.218213598054852
-6.882735446143277
-11.005015714790067
-9.73205841806728
-8.587230661018147
-7.068448917989326
-6.725734622758953
-10.66383791050543
-16.291449899878263
-10.035205167082143
-8.143673477688369
-7.850466974525175
-9.54641790575937
-9.49242772067087
-10.25407938214838
-13.046109628551164
-6.814100469220899
-9.235580546792479
-8.54027805266093
-11.066042425318201
-9.857600932907246
-9.471929062055345
-13.467755240271073
-6.622897039586915
-11.960321358276603
-9.465464890705436
-7.7251151956458335
-16.899890286667844
-10.057826685291085
-9.795809808937406
-10.515970709479888
-9.631081235123133
-9.913872857872269
-9.032790185779877
-7.8583913823599465
-8.69897415367396
-10.257095709551692
-10.894260130316546
-11.297418169747449
-11.87838508161579
-10.274860101291168
-14.518613833434351
-8.166727323082403
-7.515379515438624
-7.767211215514991
-11.77695595890185
-9.824371425995412
-10.429007924622015
-14.296706543189817
-10.030363255583861
-15.067522021896659
-12.754505273613061
-15.178961715186578
-8.075733312270074
-12.540847948501673
-9.235635300463764
-10.579939947575834
-14.892039908884938
-10.808598208308554
-14.399088478829798
-10.335776060940207
-11.386265606210634
-10.210027394958816
-9.173348227188887
-13.258657763961017
-16.570501404373335
-12.043712576030483
-7.73241295527389
-7.735189997728308
-10.520559380892767
-8.916410111392885
-10.145190607840869
-7.509274511327393
-11.496687133061002
-9.661870051693471
-11.471234887701376
-12.827108691356
-13.625543730011781
-9.810169598732847
-8.915441129957534
-11.73718286809572
-7.179887494162493
-12.63762158947425
-8.989273885365035
-8.328997090391171
-10.261764980095684
-9.675341373770369
-14.556869629499559
-8.119280150768681
-12.354681965845257
-15.456422958001854
-9.042894471908426
-9.857851877828942
-11.540791023482496
-16.595906978512087
-9.031358450783294
-9.160620184253402
-7.170609996433526
-9.068392053881427
-12.096517616973356
-9.083823183583963
-9.344706066272629
-8.804012167308283
-10.56465069921895
-9.599727412361158
-6.402948033346196
-11.97307190564566
-12.67427023414389
-11.469489943649355
-10.037219065103283
-9.094513834778683
-8.435622907963209
-12.072110941118614
-11.932694302482044
-9.762875549602501
-10.188614819075445
-9.174834300819915
-15.309932057132272
-9.483511346569566
-5.97248644983906
-10.567065967279037
-10.529411851164399
-8.054988552925067
-9.311726020048848
-8.84838919032806
-6.523366201274176
-9.513566433793256
-12.2107582548159
-8.821824465527023
-13.169105381129585
-19.379926342784557
-12.062862716246636
-10.436598554479966
-10.181086313780922
-13.01153558306648
-9.64548622314173
-9.481704850567828
-9.180136099693462
-9.53204039160681
-13.254609526027181
-10.879342156458483
-10.037364772174886
-9.932006578276324
-10.748909888539872
-9.423263349196272
-12.00325222363288
-10.398268884113971
-7.832472549039233
-10.659752022361792
-13.552592517707765
-19.162756604386463
-8.0995624338226
-9.154007059626386
-11.591632881068684
-8.651850137526965
-10.849962763831535
-9.822315813294951
-10.213026556785262
-9.645277366676886
-8.899040759442894
-11.462214422454975
-10.573128909487131
-8.235244021758154
-6.233836670847772
-10.21065057190225
-11.875400993350484
-8.71266032583549
-11.971479284096295
-6.79859975725031
-14.942762635446822
-18.71563573644336
-7.352811090222685
-10.891674219754883
-8.745835702577708
-17.275508826637786
-9.343462830673513
-27.65957376042319
-6.969644980470455
-17.75751469533641
-12.000540651981465
-13.243883855817298
-8.47936754271553
-8.862299990795018
-7.247878852619546
-7.4690032684823615
-8.10669299583017
-10.597222194694462
-7.091614320576186
-6.440835729210852
-9.123647458904172
-9.883735895481433
-11.772648081974703
-11.115772105458623
-10.74946446623094
-17.655021513923174
-9.391488383091314
-10.373804458380164
-10.671594284734677
-8.262565969680796
-8.64861308508021
-7.846363529904742
-12.144410300342747
-12.646652348726448
-11.329580361462364
-11.372752532000149
-8.108566218484148
-12.088877426534578
-8.615118177114509
-8.456806290837111
-11.854535998128513
-12.632362382286589
-12.179915695122208
-10.85012125292411
-13.457267870570163
-10.90288269794594
-8.797268107400656
-7.939940546230364
-10.77028338209676
-7.700584345977733
-10.438852787769797
-21.60944201652229
-8.837979139845343
-9.939697587837635
-14.46257845745228
-11.570278892077559
-10.284817803063094
-14.913700423804395
-10.877630480355757
-11.050676627258968
-12.039957351186654
-8.514562340519584
-11.196018073201358
-7.106338556968725
-9.507103094809525
-7.9432965515879665
-7.564115339580723
-7.159630155595743
-9.163178415483127
-12.785189910418984
-10.937925663408063
-8.635378546018226
-11.352427156305968
-8.335708640038096
-10.632651764932888
-9.725065823046696
-9.871583553241816
-10.327664420482018
-7.443722124564228
-8.27686424455946
-16.65558500859487
-8.61710371763004
-11.882628065987076
-14.281503855669268
-8.800543307047544
-7.846061445719318
-11.550057291653582
-9.179228460606923
-11.722576125773472
-9.39431597746442
-10.138222941514181
-11.766200472168908
-11.765045500176189
-7.898503724117454
-9.255287845865377
-14.77125702066029
-10.070450161239135
-9.98670393193307
-8.224287978893106
-12.017736491604245
-9.233591794792675
-9.701913230366259
-9.891299370571483
-8.717516498866788
-17.603101707427285
-13.981198951385531
-13.78490045430126
-11.54870160115193
-8.799581371576078
-9.384930996772189
-9.609707998564648
-13.272691941398213
-12.001209924857697
-12.35021122078412
-8.082742226968149
-7.039673429114248
-7.644372811618578
-10.856846470996606
-10.043536842771479
-8.399248054825705
-12.475653069135351
-6.758406069364677
-24.2197617684158
-8.65531981356857
-8.552468115431534
-9.43388270659217
-7.713061866481528
-8.656999866793704
-10.4163107868185
-12.006057517779244
-8.291173618786614
-10.254707342672381
-18.993246475506936
-13.509854650617488
-8.276604185402158
-9.201357423389691
-8.810609465088687
-6.724199172251485
-13.073347208309572
-6.746754467017172
-10.989303203650309
-8.683867521446565
-10.05943661351631
-6.408025084541049
-9.104613872207814
-15.017457882557238
-6.439268721547869
-8.359605229946222
-12.260290951406951
-7.7705195042244215
-7.635668008287852
-12.359072106358383
-14.827822545988669
-9.383898130150659
-15.265190835552188
-7.994502463001769
-10.171192365638923
-7.406706594308824
-9.304307112449905
-7.824605613013685
-9.759556431352747
-12.250200475231837
-8.35440918011728
-8.13674733997897
-8.212350095169171
-14.150005614818406
-8.394022420977722
-8.618869435758244
-10.922232871573234
-7.202673249469987
-14.097743655763432
-10.427432209750934
-14.365343777893345
-9.377217198905699
-7.228991724126894
-8.513443165555419
-10.850762683413604
-12.6142579069489
-8.930213932286705
-7.6352743773237925
-10.578050984041196
-8.820483045251226
-8.631983624269447
-9.565457150586626
-6.169554319856498
-11.395673241711906
-9.73318542133942
-12.164674909272792
-19.746705696135407
-12.11066663812165
-9.273198439603682
-9.369164024549002
-11.240537473041213
-10.651321060699392
-13.886228139846757
-8.527406953374186
-10.108502545336766
-7.563807170940737
-6.257631423051065
-7.297294396860774
-11.362736436210502
-9.178726964499127
-11.742835601312487
-8.68402438912257
-10.070527933577557
-14.155736226031337
-14.57025470731357
-11.85789801783527
-10.328148364128733
-20.07637457337016
-8.397519577350373
-9.226058128524636
-9.252271320271268
-6.618369649565624
-12.944871852661494
-8.198519349059936
-6.215740461138531
-8.69583952728927
-10.416459062089613
-16.541181073297768
-12.848182315500893
-10.46126733851405
-8.555979166818467
-11.391533866321884
-19.486162563634746
-11.210556104271356
-13.19044694874009
-10.909783953893275
-12.035255638804697
-9.842117823941223
-10.851879615899547
-10.884917317224371
-11.037609141287705
-12.100582950278707
-7.658393364529664
-9.978957644452839
-7.681059275253153
-12.602369313905145
-10.601341167525343
-10.47453762552823
-11.127210073106248
-10.884675572835182
-9.619118966284418
-9.655344091842938
-10.695706171304966
-11.35777493478107
-10.084908459921401
-8.630961981474803
-9.639524496543812
-9.651597860806135
-13.591584883658225
-10.236837311813693
-11.143500460687125
-9.406859826660229
-9.166876973391986
-9.243971966058098
-8.49000210950067
-10.644039492911249
-6.576220948745998
-8.587692346279795
-9.533837451718476
-8.400139848454169
-11.174331202920174
-9.22874475008916
-7.9535736466759355
-14.084258671937503
-10.095146820744105
-9.259769784078085
-11.339086263826552
-8.48184442551529
-7.418016129650381
-8.36445122094591
-6.123759466691342
-8.342301242257708
-7.048115863869508
-6.367425263714154
-11.345460488887406
-16.508018931012067
-11.558768785066171
-19.075805873895703
-12.151416788774224
-7.323028721339635
-10.843945070782091
-12.099509730269121
-9.481919318414066
-16.039624245621546
-8.903362657527154
-9.300119631998585
-14.204056158741933
-5.632463533103352
-8.873606041692659
-12.281818094663281
-9.110507583451659
-12.400021260994922
-12.276583185852703
-8.751064399716538
-8.363279244586204
-11.69286484478959
-8.747226176372527
-12.23856969176287
-13.743887783361657
-6.661811008707581
-12.09005055087499
-10.785058904494832
-16.033050354981665
-10.042619884122667
-7.6493983204776255
-6.719299635174563
-8.421508451325282
-8.559814674941613
-9.212278256439946
-8.477706763376219
-14.07125485561135
-10.846466963559836
-15.096468849782164
-8.973136345118503
-12.146800882600909
-9.4500954888171
-7.502317444286087
-8.53299510737672
-8.685186894503287
-7.3535121181296805
-8.514301495912408
-16.03566730426392
-13.405337286208413
-12.52332043004842
-8.137311087327435
-7.778750287141903
-13.530570313060734
-12.144647010407454
-12.835395342867475
-7.592868364644835
-9.819079627986879
-10.678242433637458
-9.50291237729997
-9.712006495522624
-7.2110725804899545
-17.09024483328277
-10.34395890352148
-11.58046320136541
-8.978148380206248
-10.535852387883311
-8.843663015622699
-5.92464723412315
-16.169260363625742
-10.043099885551285
-17.98369695160859
-14.512337919881707
-7.6381900347117115
-9.429078296303537
-9.650278132790234
-9.741762571094018
-9.229539807106713
-5.715070421603898
-9.232728708878211
-12.625030742496206
-9.15754713834052
-7.700961074606274
-10.817771230682954
-7.999813265352212
-14.216983301517525
-9.949941203823904
-9.528078141509528
-10.551282313649482
-8.573371084292166
-9.975569145631686
-10.618911744300089
-7.333411946510287
-14.375491188480588
-15.94046212375058
-8.040711946652843
-10.101496310663618
-15.985849319695415
-10.40149195204775
-7.03714066914589
-13.742951241560306
-7.533174673325345
-9.525993148318785
-10.680929599126667
-9.546216934568461
-13.008344855520603
-10.49566081873789
-7.5948834400790535
-9.556336412232247
-8.176177166407582
-9.845032923279273
-7.263751996756097
-11.064422909439923
-10.569063193435836
-6.361326524444423
-11.851043377751543
-8.662612057562988
-9.312134117406726
-7.326941923884857
-20.545738382570118
-13.704402695332753
-6.567565203389454
-7.925766958826851
-10.03419717535055
-6.787600382252275
-10.293894095115636
-6.486816940742843
-11.536156890042326
-10.809043504179124
-10.041328424954076
-13.373888401845928
-21.13343292861168
-12.26679571787928
-12.525623244774577
-7.167786695421258
-7.444802627869243
-16.294023533214112
-6.470820335190818
-6.484919413047688
-7.232576582891432
-8.559634985418063
-16.45610658892969
-8.525673333617098
-9.737000289155478
-12.31369299259536
-12.290161271179832
-8.033860890625096
-10.66572531247372
-13.319047349334104
-14.578703172892892
-10.199208809069757
-12.067674013804126
-15.768534010501796
-9.451068696924066
-17.186444503994004
-10.561389048260857
-8.48178141594938
-7.855604152289679
-12.763299820006235
-11.16578764489163
-5.164861489647971
-7.64269161255084
-15.167122054459112
-16.74766288244417
-8.213976096598172
-6.754169070092988
-12.975242138440013
-11.507312580714238
-7.968090467251779
-10.03838226558811
-8.506166095747083
-7.5603528625502845
-11.589835105841292
-8.329094788014753
-10.405393958650716
-5.81528307378141
-9.18674077962955
-7.672746531181008
-9.489512473969317
-8.790589140138895
-9.6088128672022
-11.511455341036525
-7.134239317376844
-8.426274757900268
-8.180953185592314
-10.744504881873269
-14.55651607459481
-11.131079425283087
-7.466763788583406
-8.387672349690034
-12.194942660375796
-12.200010322735565
-14.296464781075542
-7.22905004001321
-9.847937795716142
-10.754880562365392
-7.49461312487313
-11.829367687749494
-11.68792400846746
-11.572669152405778
-10.203849668150692
-14.332317839707901
-10.18825229594608
-20.1505573159764
-11.618241658446117
-11.322303905909637
-11.760105757647892
-14.922449120211288
-14.280063208302764
-14.977448753165426
-14.185542892733885
-14.121460394009713
-7.386558024629525
-8.365985528677994
-6.540511320010034
-11.136914429348108
-10.765904038235643
-9.506964509262126
-7.13952004707425
-10.250561846806432
-7.755346104510842
-11.498644225135092
-9.882034860419301
-10.33373262551335
-12.762559030302388
-13.71108073827286
-7.097051062691513
-10.655197123736762
-8.668668937196731
-14.218020325341707
-12.858658840449015
-8.541577756443537
-8.428941696483824
-9.511581484440068
-14.458330930760825
-10.322517170344147
-9.558175511285574
-13.318976932638783
-10.764015313745427
-7.27749923146865
-13.100508073520897
-11.28508560255484
-12.691959034260348
-11.19539443264431
-9.077896046265522
-18.34664246359392
-6.89009130727516
-8.407381174749183
-11.561380760838283
-11.076888936485883
-7.497865217981069
-10.17603210586423
-6.066649424813142
-13.30856963236921
-7.889737281424548
-14.5074122482058
-20.725492815861138
-12.073482524348128
-8.775085094698252
-9.969895336967733
-20.402816097334494
-11.287827226635537
-6.273508878690094
-10.034540837550303
-11.370303510221888
-10.469608430903817
-7.488615523394814
-7.516512366374397
-8.871241675607124
-12.267941843931801
-7.860316014503215
-9.498139720927963
-12.717839525409262
-10.074596347399348
-9.854390457801653
-10.019730093922327
-9.701297840978334
-11.299160679529162
-10.069510717322347
-11.929498535107415
-8.184544074711313
-7.761615292088146
-7.423714374035073
-7.5603231165987275
-7.416066824028079
-9.702003484808571
-8.927600982358195
-5.961359563827921
-7.227242590730445
-9.097137204671816
-9.064412003893198
-8.345213497039989
-5.940484420601801
-7.328301442659752
-20.001908826476708
-8.517828887290715
-7.570917516496006
-15.578856447899284
-8.250441549745014
-14.034098849197793
-11.209277581881164
-9.189094591512777
-13.441652591902443
-9.697574860410105
-11.611225374218924
-9.688639456806259
-10.700098730073645
-7.682607329512401
-11.776887510165544
-10.113200331041874
-12.81666987323237
-9.696871076556551
-9.64780512608354
-10.340922837377159
-7.5734419179564965
-16.961684668291092
-10.373188167399778
-7.777429906335599
-8.512245010203657
-8.806736082596261
-11.774881941291982
-11.595703076996378
-9.486374657026328
-6.993764737763552
-8.947032200829494
-8.451443223706743
-7.351746138941006
-9.769474309669445
-13.856506554271556
-9.51202833594307
-8.338125501714702
-14.796424492622965
-10.42642243428781
-9.2322471840229
-12.224943483094167
-7.901582974680286
-12.106985149087272
-12.219395504949986
-12.537809271315531
-9.390889899326558
-7.57801220278558
-6.498822883456629
-7.67891045627351
-11.018901030821747
-12.973229801561166
-11.668832629883488
-8.172238983937707
-9.002852087968254
-13.881242361988123
-9.151590552316597
-9.488834416342447
-7.071352649931225
-11.42783477114437
-6.279436579388362
-9.016275828648528
-8.579591001623788
-12.266774103961493
-10.866772356374968
-9.276751555558887
-9.557432796304049
-7.076216696448442
-15.108194838994823
-9.405748921703934
-7.669054760192156
-11.19334048199352
-10.004553794109722
-9.56611430544477
-8.76137909257843
-6.069744071466121
-7.079373806054968
-11.877051698093515
-19.81745631553478
-9.012830717770518
-13.532877043170242
-9.856146236852167
-10.680750436170133
-10.622495908072164
-10.202021645634655
-12.203812984649742
-8.70130178652967
-13.817287526048268
-13.891785772835151
-8.483526244778936
-6.916999066087971
-7.48044670348586
-17.44535219919975
-7.443893362100178
-6.437425769505999
-11.636568049105213
-10.447283581950694
-9.953582107360416
-10.49531813159819
-8.951385693485973
-8.965623834242724
-12.062520005406427
-10.974067916803294
-8.071407945057212
-9.915090975474655
-10.700868112874518
-13.47203325060812
-6.732162977339328
-7.653927965673241
-12.77418050044715
-10.561719317084398
-10.50318375156575
-10.24142486132083
-9.243224523945434
-11.082237368932168
-6.852151999258812
-12.385241157760033
-12.254828124528004
-6.385434108382959
-16.52157924614296
-16.56812372244493
-12.76523997508891
-10.533180063255138
-8.419166119866262
-11.917342026814975
-9.519273146663805
-10.074172378355543
-14.569959844044792
-12.941131782112299
-6.605993151043755
-10.062387912477236
-10.069550699300981
-10.082916473735684
-17.397454737383256
-7.809376927773944
-8.355497442803701
-8.10736755255285
-6.5781195557913374
-11.092116679919096
-8.298267180416742
-8.824901889711311
-12.656950014916779
-7.519906812189004
-11.965170309184948
-10.94259043800824
-10.601703939028118
-10.081406429529881
-11.391827708786442
-16.59160282291976
-12.354268238526462
-10.60743836250727
-7.812880862075738
-9.726879147089635
-9.010346414062424
-9.399994570530637
-12.942310338500741
-9.55084226135827
-8.19987319195302
-13.645167473622166
-12.949258466166798
-10.08232633260003
-13.264698672056305
-10.283033856509482
-10.93359216151377
-11.353227596835518
-9.15698727902101
-10.44834571573771
-8.143471571795757
-6.4203696159275925
-15.522950425728467
-6.965631434221171
-8.000051513101667
-8.800806746123126
-13.910472586699754
-7.208356839555377
-12.555552433236656
-8.16839234651742
-8.262556117056684
-9.454335797190629
-8.2789863278297
-14.950489924264733
-14.920941422017073
-12.538238035933157
-8.7259670682136
-15.683980346099574
-9.25821429255268
-10.403786594528125
-13.2332573772872
-11.518123932996593
-11.757471884749707
-13.614134577446181
-6.53022535208784
-14.518923984992352
-7.4760854432211605
-11.768674564979136
-8.753132292004478
-9.76326899391393
-11.120181217532101
-11.963278496070439
-8.744879279545106
-7.23052774775076
-8.69086112516632
-9.898606930167723
-10.61950232041683
-11.878553509113003
-7.995642833430382
-8.211930715858383
-9.730805557291376
-11.808313404287865
-8.006980223545252
-16.618262256636797
-9.87099837395583
-10.678276723383783
-8.632114752859566
-6.165581541779271
-15.585336490304696
-12.3795608754161
-10.319502793175579
-8.595231934277553
-10.035414712336774
-9.280528463388736
-8.697295124237776
-12.114837150266807
-7.708985631070309
-9.760675388770807
-10.59815290997705
-10.795828812820572
-8.647569059009935
-13.76041277285678
-11.968674181418972
-11.033757311088962
-6.120758044375773
-7.730003239369811
-10.374031556550005
-9.101708080891822
-7.429258628497941
-8.759164656964842
-12.477279627576305
-10.786312926572355
-14.59498449481366
-11.126830368890232
-12.109695755887296
-11.849074030300184
-7.005349210165763
-10.01011143144668
-11.982581542870605
-12.207219967089651
-7.881595156161775
-13.669507650791642
-21.088992537470876
-17.982972067308232
-12.672547045925233
-9.253179463896485
-11.009024474859018
-7.724931793630553
-8.24954541729314
-7.902932947619688
-10.037586664728494
-19.161769664766116
-8.019105796350534
-6.480790279546
-8.469358890796013
-8.208617347593899
-12.86540121460869
-8.973960386424674
-10.502049954937632
-11.325490842436077
-10.401360395077086
-8.17167245661134
-14.39832440145912
-6.614137683628511
-6.959830167170571
-7.142281634621488
-12.472062992057273
-13.766628921898072
-10.775490268802738
-12.775991204884935
-11.382455181411977
-11.306724206583548
-7.095821817433028
-12.9919054992646
-9.335550295982317
-10.742736289480458
-12.293370838004876
-10.87586360129272
-12.481947735518403
-10.125548637746281
-14.623212049852572
-8.043478937781334
-9.80596072535128
-10.587195873558283
-8.688787043981625
-9.429517048871057
-9.079352143591798
-8.831242850294911
-6.461850855316966
-15.169408465968282
-11.76209378156105
-6.99605644773029
-8.67699350213796
-11.638746921287721
-13.716179452290262
-12.849830182054696
-5.942204248556569
-9.304550637711884
-12.624939257574018
-10.981467672987678
-10.609456618567794
-6.303682133466638
-8.00859167694031
-9.287690508463582
-8.545979314148013
-14.19803870610452
-11.653510075212393
-7.523060177884746
-10.29526307645501
-8.729583816536946
-10.846029076010069
-10.59128266380303
-8.574815005389915
-9.61243026600303
-12.35513157312151
-6.918146391696752
-9.038161281680765
-9.99304425150343
-8.412931579713621
-7.1391721744756165
-16.914606578045923
-8.126024286629997
-8.99276094784201
-9.788182741211848
-10.948323597276367
-10.68668989758884
-10.640295539909195
-11.178846195115106
-8.747986572048488
-10.016169078018926
-9.66539241962008
-9.163621648601975
-10.115140915542092
-8.60776417291097
-17.537255926378023
-14.364945486027711
-8.935831534311209
-8.566488012576526
-7.4740091075394375
-11.343589982299942
-7.837881191161944
-9.729519879400105
-14.034091195620785
-7.83313005618422
-12.454301606761847
-11.534780403551185
-7.877603251221971
-11.94726401015189
-10.88992931685679
-9.27734612904934
-10.978309438739412
-8.189359311780755
-11.761678454468338
-13.307661130384915
-9.5486688022362
-11.394882362710975
-12.215051456134411
-11.089694035921227
-9.454449629060903
-12.680407938200553
-8.591899000773463
-9.800742956253249
-11.916874634754787
-12.12820559748581
-9.974756811209254
-9.951214686033584
-11.30841220901776
-12.791284953562615
-7.5523260345831575
-11.264484741332463
-13.564236948730859
-8.493911209478973
-11.336373916051894
-5.420263962558714
-12.129657124060275
-8.386941695652807
-15.245652587886072
-11.052010601675399
-15.894183509801296
-9.497647161290464
-11.278562826499432
-12.944387869661394
-9.372710185272803
-8.182697495776095
-7.490591831403582
-8.50162686376624
-6.828582278626719
-21.914264019785197
-11.832558874530319
-12.5808836425498
-13.396438684823794
-15.259376514294601
-8.705125466861185
-14.03359590441593
-10.387407652442397
-12.094634256245369
-9.014800738550315
-8.800855386552326
-6.431991658520652
-12.34824423239968
-12.05267118841098
-9.97132025356964
-11.618186307368207
-15.646940388842207
-10.523558855179262
-6.5775235897882744
-13.28034439489377
-16.897570456989776
-8.40551571971558
-9.232654392254318
-7.902895677561914
-8.22446854384913
-11.166223751179071
-10.249037462774773
-8.548735624921575
-16.18740945448014
-10.974576823539204
-6.3383327148032
-8.207242254126758
-8.783952393648532
-10.70922702104051
-15.818867115309978
-9.072606467189077
-6.636621193384314
-10.766020337869682
-13.26892203949593
-12.668255760967286
-11.618390294894324
-7.656202306724892
-8.85223250157604
-12.278532398475466
-7.176761353512749
-11.490382686907575
-12.052677108363431
-7.2640353197327325
-12.287652453722675
-10.580466870002912
-9.57477211265665
-7.704167381858623
-11.89114683136133
-8.01389771574889
-12.766465132954275
-9.621647480624345
-11.054592591308015
-8.81714020189446
-7.885967503502265
-9.271979548830183
-11.30093696401374
-12.823190730394437
-9.944512341593231
-9.942552332643272
-9.200332901697639
-10.395513872463434
-10.111574759993323
-8.314628242070567
-11.629408572087552
-7.993103858719956
-5.864307286448602
-13.007111950367579
-13.804618056517366
-7.609318920634735
-14.75668294161802
-7.907135096940798
-10.747576216565662
-7.464799539559683
-12.93145255264
-12.749123157457031
-9.684084940588702
-10.12492427132286
-9.664868756332671
-12.12855945081075
-8.19194009381878
-8.178935938085283
-6.969634035589795
-7.620757865395605
-19.25248772038055
-12.300624106683284
-9.097555091839215
-8.213014144586769
-9.342898842012913
-7.55318770172542
-8.38291266317371
-8.456861520610747
-11.30566639665907
-9.84170589307182
-10.979079613128798
-11.677839103901103
-12.135985180379667
-8.119937744642266
-7.525349760116022
-7.783914752214256
-8.638933071046473
-12.371382959032653
-12.316755479597338
-9.947249645482513
-13.535454974668044
-12.16462526074522
-14.868985273233132
-10.41444928844196
-11.588485573222851
-8.291693258015915
-11.470847078152165
-8.943371332863848
-8.408494783705736
-9.857389244750097
-6.597096555327613
-11.74152304693029
-9.161905730934267
-15.718593722406446
-9.527884163322978
-8.94223311031939
-14.677852985448505
-8.175702209630764
-9.978011958712314
-9.87270315863453
-10.754388177941665
-13.133767170605262
-11.723655829545883
-9.199332468906066
-9.316560062503964
-9.475710179354648
-12.4712878959898
-10.994309735530114
-11.3833392605644
-8.566236168060774
-9.375718058417199
-12.358648138048588
-9.878656115906566
-10.500986962014268
-16.33288064177951
-12.06093665962503
-13.250426347037612
-8.688551547242483
-9.69607043616705
-10.021748811701551
-15.913058362989867
-7.2567710418130185
-11.181056699312876
-12.377432742146345
-9.001660300361321
-7.0261645405468345
-20.47643496198853
-15.684875411693268
-11.999271917865126
-13.57579940091407
-10.97578398056149
-11.962297757277138
-9.07343145746054
-18.26936048616835
-7.594985066386403
-9.423148452894964
-17.69997740459767
-6.017795502437642
-11.168338027678608
-14.375929413381368
-11.17457779939317
-6.255168553866745
-8.377794306194646
-10.216386920960423
-7.969000798907702
-8.291694230133064
-9.95469218619982
-10.470394176120562
-11.616086630782766
-10.053555212720688
-10.745999051914357
-10.579064863928451
-12.628217705268728
-13.359981621879717
-5.643515073132972
-9.613049606687737
-10.560941397675803
-13.553704977255952
-11.369630563940108
-11.796315801692524
-12.355811502615767
-10.4655323379063
-12.601039521550886
-9.220338144744723
-19.931377527315515
-15.255680795992735
-12.911377399622806
-12.831593673317984
-12.451658027029975
-6.518520127549642
-7.035054844346784
-7.483758934477814
-10.01451979391362
-7.108372046210073
-7.313264289078061
-8.329199227662812
-12.099534074980362
-12.02764683178271
-14.706210761200209
-11.097670075982238
-13.261791581804243
-8.829191122841948
-9.884500994801252
-8.047373267064968
-11.49239682086557
-8.335642420740898
-12.166876552808198
-8.85623851921021
-9.829621485125667
-9.3060857338775
-11.078057903159351
-8.833171638068967
-6.230506980780355
-9.20339545964033
-7.908102874947506
-6.581792836836011
-5.305889817489816
-13.999055646933929
-5.669098794074055
-7.507944385440358
-10.201065372903127
-7.38116230110287
-10.412269239239121
-9.686319818555514
-8.972433314191893
-11.193825092260369
-8.610919306610002
-10.052994687843414
-8.316924453512277
-11.436139619910051
-9.341565462817966
-14.785353166488507
-8.175096798543908
-11.600788715867957
-11.8304234739931
-5.735706716334216
-13.97178459171523
-8.415043301354354
-8.598308144416222
-9.482469862782182
-9.055546799379988
-8.739042023466258
-9.664385494010391
-11.534278493060112
-6.39699273174248
-13.195879537106377
-12.162974365769388
-11.156695992993944
-8.087402350923233
-10.599153713104748
-6.923893740907759
-11.199357503168649
-16.30419288687685
-14.628032107259044
-10.90588776807232
-7.889373593660751
-10.446658355460091
-12.495053442966494
-7.772093269382182
-9.032482623205246
-8.64575686234101
-8.624702742705635
-10.862613642964838
-6.989820053504027
-12.477143549726158
-8.492540187325197
-13.595535859563595
-10.176447615754244
-9.23985086095362
-7.815644330414432
-7.563158574673056
-16.546531783470567
-9.154533961306406
-10.795369164106551
-9.936351171201963
-8.481020933888297
-14.024328169603963
-7.878031141221569
-8.605815435568106
-10.122967131233692
-8.959992141913744
-7.523771056431887
-12.638197846353611
-6.0982725493610905
-14.26759770266029
-8.73103558452648
-11.20248365248553
-12.992258562900785
-11.492453682178935
-9.305018611552235
-12.710519399270408
-9.468937023158203
-9.501435377273282
-10.908654660484038
-11.40902173219375
-11.982736303550793
-10.677239780015782
-9.117280441429678
-14.891284106788248
-7.732470703313634
-15.343412736611349
-8.909846672566877
-9.223271677081875
-10.048754583304403
-9.591238067740889
-11.790604080453669
-15.77458116599307
-6.852785778922307
-15.777465625180417
-13.481256832475779
-7.661986243197543
-8.781439991603921
-8.030019259697639
-8.755472778161682
-8.241502288874845
-10.515337249697852
-9.92457916575438
-9.708245019841545
-10.496617976076488
-9.445425577024011
-9.262725800711351
-15.120155349033839
-10.065494071927684
-10.394902852440651
-14.269300477741504
-15.77478263811176
-13.515342481161078
-10.44437863779835
-11.893633253311899
-9.353264907299428
-10.692642154359296
-8.42935164948362
-10.481846069034274
-9.426670144864513
-13.310800509843833
-12.869336898267282
-16.894331078659324
-11.24042527109152
-9.231227786297834
-13.228030541129487
-15.08092557830297
-9.536672633466834
-10.051491047474187
-13.246119947858029
-8.677725575047937
-14.256266548996626
-8.169268701407217
-7.3034126744118995
-10.694215577801288
-10.639782603423118
-14.917921075647039
-7.682095165372572
-10.162893505667686
-7.224249604322561
-10.05650672561832
-11.950684852176606
-8.692844433785668
-6.8760580035002885
-8.462050523788532
-7.610551575514662
-11.323113932544047
-7.575839558254993
-7.577262815376749
-7.176283345814144
-11.042132433868247
-10.785709204216548
-9.241663499148409
-6.555091128624315
-7.985915329568155
-5.5757786056042695
-9.589872700489764
-9.644535350430138
-11.616664006808461
-11.719166438214211
-14.562866481315808
-9.286346523281571
-11.894449788150686
-11.748149257929699
-16.65860432209838
-10.976639010132883
-12.388056439517026
-10.500198117545379
-7.0301068329320415
-7.453515025585406
-8.127351922422882
-7.349729195382944
-14.039736537038891
-7.368974728041361
-14.710379482289873
-8.791746348052595
-10.600158392111277
-6.594979887816908
-11.043401657892375
-12.345265102866792
-8.138978542771946
-7.523313647299603
-11.21879691670158
-11.673196151385316
-9.593453207956829
-11.279726156689856
-10.490218576977318
-10.391043386465203
-14.844650579582257
-11.477515711985488
-8.529227720276769
-9.717868144863537
-9.44694547247462
-8.195438905795665
-13.635089225604496
-12.741137719587961
-9.946053495263486
-9.754515243959341
-12.32406850975917
-14.755611878984334
-9.517869852650476
-9.096887760906355
-8.339940334526675
-9.659784730507354
-17.471902264571977
-15.618133376917955
-8.81467833654485
-9.1312188356077
-16.563919746792234
-8.888198810823603
-10.628576923740573
-8.800318484666144
-9.281910456349042
-8.60309770798735
-7.414165553550432
-11.141423509693986
-7.059876134537231
-9.739079632665758
-7.226970038647001
-11.109395902892862
-8.672605502909784
-8.971409374020059
-9.211538554424942
-15.07827069740736
-7.680621800101303
-12.746442238829117
-9.033963375204722
-8.63019383250263
-11.780575866336864
-9.098039283760219
-8.49424700717628
-9.074463906352507
-17.55504095751114
-9.01042131683516
-11.822209800317406
-7.3746475278886185
-8.30435568188905
-9.009467630422954
-15.806872677425988
-9.846677351025932
-8.734409956193346
-8.869087100780654
-9.268869831133074
-10.998390740035195
-11.826356907589108
-7.476958144911317
-13.56509906299233
-10.201539357155683
-9.31372353799565
-8.895059166743186
-10.71205891953913
-11.211413381474019
-12.375172405083026
-10.00958743645468
-15.908993677531475
-9.447543736716323
-14.134057874055442
-13.986225497264277
-11.430058032927622
-10.533654344936094
-8.976134527976198
-9.905168313097564
-8.778935175442573
-10.196649763451617
-14.772646639455084
-8.503581206328988
-7.821605073831004
-11.312731217129652
-12.910122720629762
-11.241730742101751
-9.957978981792868
-10.003628056851454
-9.424584114371887
-7.6682048615039164
-7.777347329695884
-9.392882144066592
-7.621589734572767
-11.99157659761878
-12.161411949125675
-12.843749436811523
-11.213259500305044
-12.917034249262214
-7.351772836142817
-9.452728377925855
-19.27843764762658
-15.978162144186443
-12.624641058573733
-12.760921751163044
-9.814540021146705
-7.769446931644088
-9.92132682690994
-8.850136801297081
-10.951472799858873
-8.241759359228132
-8.807856313573929
-15.637105351438876
-8.566979874443653
-10.204831781523412
-9.128282329304177
-9.83655782046261
-12.031282212146365
-10.635575402805786
-6.199285463795291
-17.30521678607825
-11.02433328013651
-12.27394787373893
-16.50849982887213
-8.458168473452117
-7.643057472968397
-9.343345980240755
-8.080387882004239
-13.101358583594303
-9.752265292042706
-7.279443474222633
-11.183615972586123
-8.268378218606529
-6.438213544296847
-16.333044266225595
-12.900294925791561
-6.873738070422398
-11.10567503764343
-8.209741262900403
-10.43569355870952
-13.344790864572843
-7.298096217542019
-5.790339965799835
-7.134349586344023
-10.189897113011481
-13.738061288732812
-9.233505088718022
-12.339458617328898
-10.004341232201828
-11.531301888904695
-8.274735399456457
-9.232288177326488
-9.016100544957954
-11.177523855591444
-8.767248751154892
-7.861274991730329
-7.240683183347935
-8.337187372136555
-10.426661300691633
-11.778997184543725
-7.698826712185714
-9.972347306570756
-8.073359697966067
-8.215767919189279
-10.00684871462806
-12.045247981898672
-14.19012292856674
-6.786439172261994
-10.54010641875227
-8.031993836895309
-10.056980819484114
-9.5257126359883
-6.630410626378824
-10.561235820680833
-11.553369059325627
-7.083429309708667
-9.803508720281624
-6.854883922394504
-10.816858411971689
-11.712254611446266
-12.192270132663547
-9.081977466477953
-10.947679047096244
-11.548948191714803
-9.255702047311663
-9.447386229655445
-10.41178536131865
-14.618612111628916
-9.74309663492738
-10.455828849870866
-13.496395374015664
-9.287703671755287
-13.717408443156076
-8.757951905405918
-13.911456145102283
-10.343863766158172
-8.402717468414844
-7.329959759884427
-8.620037108282666
-11.57086055703884
-10.806368584857713
-6.949730496710469
-9.4199898852511
-8.62716871894709
-8.57412650056286
-10.791787722336483
-14.269003707263131
-10.52952084197435
-7.123532644655754
-9.53361797353369
-11.301377197885834
-11.498183335892294
-10.068840031519324
-9.098072308483028
-7.559527839815781
-6.87317797272087
-8.742303954941132
-7.470671936987165
-9.994956180791345
-11.906486932733682
-10.319180114940865
-8.774327156607862
-6.443728682546876
-8.313989948850494
-10.936769282465177
-14.155505259899774
-16.70149150178284
-16.21239985953795
-15.841576754149862
-12.652144455894884
-8.933987532078264
-9.604822622118906
-13.291469480481336
-10.218331726708197
-7.860129132128918
-8.902797047550147
-7.870617475073235
-8.527967578343084
-7.751846261867595
-10.260374905474976
-6.69484359823697
-8.400067146305394
-11.220750709360733
-7.503180658266098
-7.634338274337075
-8.030573746282675
-6.589727438921979
-11.839253191648883
-11.198597738562034
-12.127412056467119
-12.179847643703352
-9.082327095547683
-8.27494171425079
-10.664318385227434
-7.216332863448351
-12.444038958288877
-7.811632359921166
-11.091846006363284
-17.235048440120835
-11.426914337342943
-10.426207910284816
-9.175387146277885
-13.008532516707449
-8.299382848865992
-9.528906455044813
-14.411146441463677
-10.02370729914287
-10.804510762173734
-10.185508629681392
-15.999205563678471
-7.8593232799520525
-6.072498002966665
-13.434582977414209
-13.958229947917616
-10.83555329173825
-9.705573247058433
-9.632962280002872
-9.55494482079512
-9.95988159926231
-10.479636168196802
-6.147466481314202
-5.9233997362879505
-10.720421272704298
-13.176126609752734
-16.03404092135615
-7.3402447774846005
-9.782559690660277
-8.558039419742554
-10.561685549344764
-8.652270050712708
-8.728630798551327
-14.484878164374429
-8.677336497262726
-7.626865414461837
-8.660505398205764
-10.209347172420522
-9.353743842971458
-6.2351627452625955
-10.197184636620275
-10.951077075402777
-8.292596636801006
-8.433619931684225
-11.548635450126493
-8.90592961400616
-8.423792212927765
-8.900188511838946
-10.786029034800539
-7.503895863953793
-8.048591349322242
-13.877427369637328
-12.47024892442057
-9.495684592590731
-9.48125057116517
-12.747782004273576
-10.043547407919059
-12.005627455835437
-12.066919294109022
-7.969844341153766
-7.3339490675309715
-16.066821475561696
-10.47927020480064
-10.598946070558076
-9.427107803485434
-12.870803976291253
-14.091515554264946
-13.963150524102682
-10.491731410264261
-11.514809830028767
-10.539418521824851
-11.402908606088252
-9.9158019446549
-11.970433384386066
-11.453948336822414
-15.137814972948744
-11.93575689769705
-10.340774400357429
-15.31620347623288
-10.380410248869142
-12.803064650854203
-13.615554981273414
-13.412086967298823
-13.739819453434645
-9.545998058066688
-13.026267968703495
-11.322310454287008
-10.246617340944312
-15.75943642843575
-10.909783599893144
-9.98803980907357
-9.97973680117093
-11.636001737639791
-8.272930840756507
-10.198676976814845
-6.871352341117472
-7.732218099566495
-9.948819812314271
-9.057874859415309
-10.466091780696214
-12.884959328268549
-10.586020041854624
-10.411800566305935
-9.297287413816923
-8.667967404294174
-16.24849663763613
-7.072064528385646
-11.169705982295548
-8.366687014316703
-14.22485205639434
-7.800935643760558
-9.943129936543158
-7.669959630970064
-8.746519501048821
-9.669467559008291
-12.159861598885556
-9.433893373403047
-13.0014704446413
-7.79733888090203
-10.550478095179052
-15.163972198699454
-8.582882540062585
-11.689213764163403
-8.10267513085416
-10.315200530604761
-8.069044592748968
-5.984096293091583
-8.45475991531864
-9.856400999494253
-17.823048207357875
-9.236867125734495
-11.661629016695056
-9.379114014646602
-8.602672741476248
-9.595868323106297
-15.771390418472768
-9.72360528942222
-6.134196521062421
-8.156931708481892
-9.404192712660034
-19.65915850829192
-10.626474039795408
-12.553818753346802
-10.67924386692126
-11.63616819542118
-10.847820613680838
-11.775463693817672
-11.067605790048955
-9.556143126577886
-6.946207212668632
-8.671875015893534
-10.827781270331066
-9.18053680650909
-11.40602084376115
-6.390846713614421
-12.663215520216461
-13.049511103443525
-9.644730403161894
-7.264223025782764
-10.216474640951235
-12.267987383120497
-9.050897858576933
-11.71420105010479
-11.876948535654195
-8.2402001087593
-12.134906082717453
-12.316323768700215
-8.356889241766785
-8.832202252760876
-11.184327690983263
-12.010518306280652
-9.013613863950667
-9.001307450397746
-8.100749444250166
-11.711603435028119
-10.597203245999355
-9.852316957488005
-11.781582179358171
-9.250833111799484
-14.442249129475568
-7.243300852027968
-10.335423301159635
-8.57470653814627
-11.484732213540934
-10.338181220278871
-8.834249917927288
-10.664494112961222
-14.536475720502082
-10.091797655669762
-7.788991722913737
-9.827765934656233
-13.022938010260148
-10.714223351271412
-11.489915655430137
-9.133572507674703
-19.185495154092806
-7.530866807241522
-6.496362902787932
-12.829950274281158
-10.113326858271733
-13.614539916455564
-8.882092256518703
-8.815924066438608
-9.333855934529554
-7.928383787041113
-9.46926619107578
-5.718683125510923
-13.666608303697688
-12.680148218562884
-12.89103357190531
-11.430058075504046
-11.73623364049479
-16.531640985185696
-6.6102887522587865
-8.63812419211829
-7.9897861440340545
-10.770311446455043
-7.432261293951672
-9.959656774551847
-9.06202302915335
-16.287629857556077
-8.497931945430299
-14.412828209533057
-15.992865283612293
-9.884068811759995
-10.852197605094789
-10.527517934677208
-14.715218347596933
-6.0304717471672635
-7.991169943963892
-9.574278719117029
-11.63521017238101
-9.305232820911133
-13.30636801760222
-7.043228377924739
-12.863889575245196
-9.758185706676416
-11.027943815716997
-7.774823667545423
-7.660994821254449
-6.641490369383687
-8.778427161068977
-17.50377151155226
-8.632283785480592
-12.329217381528663
-15.244836088500183
-11.776878029171549
-6.707480676032516
-10.83613046336099
-14.925299557380518
-11.774769565060566
-13.940104554820245
-9.453667655244399
-7.014632385105606
-13.442717179949177
-12.131628947008778
-8.331599001006898
-8.917683846135162
-6.186487549234563
-10.254177785411905
-10.411395442919806
-10.995459037533303
-8.909151468438381
-7.451505306250262
-12.233587225683994
-14.454681825859764
-9.444427530169477
-13.44112902885525
-9.629701849166452
-7.414604695867794
-10.33078210350902
-11.27227053755533
-7.859556656892226
-15.330597835284427
-10.058708764652344
-8.170301676439259
-9.78129457209006
-7.458960297316297
-10.639964639511167
-12.711331173066519
-10.556758926284687
-9.416588408960928
-11.858826413329345
-9.159964770733234
-9.971608931242448
-10.32943532733097
-9.522645334211608
-10.486203306030616
-8.858265036518604
-8.42783403248686
-7.403207631064184
-15.462001007951676
-7.993781380283158
-9.697173598112041
-10.456688498406079
-9.87326380779314
-7.458467760293849
-10.443286473501294
-8.531431957450748
-10.541778769364527
-10.246291421852032
-11.441916573454865
-13.04343461456032
-14.139918707559058
-8.928009523267853
-8.21372273826812
-10.546260323091829
-12.985707402089576
-10.964569338200649
-7.63025835612316
-13.090856178886247
-17.030439115970733
-6.330050136298572
-10.977322946096969
-8.257800415431193
-8.838688119296943
-8.928984466824744
-9.18573201375878
-7.983764829120449
-9.629756214793625
-7.61290802006048
-9.986008079673443
-6.545372725569252
-15.108319835618266
-7.777678377365901
-12.400825446933878
-10.758074731584468
-10.9575492849093
-12.075261929642089
-9.551765144805636
-6.2580187730657615
-11.73761774321947
-10.1326324531371
-11.305472715367042
-8.816071612093532
-12.47113095402717
-9.278266952137951
-10.700856330315684
-15.255888015939824
-8.729129033790588
-12.089922031779087
-8.950263407924972
-13.409316729866863
-13.772592682961537
-10.356841962934595
-8.867295040957298
-10.963698758287556
-7.951314648198785
-7.6543995002217375
-11.769584793008791
-11.68638840793284
-12.7286566433868
-9.372902423818354
-16.31380621088702
-10.336412409292839
-13.39134770478929
-8.621444892777555
-8.23298191959596
-6.84352569142427
-9.524662043710507
-14.164391256280235
-14.03127883577564
-9.232313146203627
-8.044420160762442
-11.524700233572934
-10.345051251497312
-12.703450354997997
-8.581677051484817
-10.16153606635483
-10.241417816809289
-11.026220565669918
-10.588390496955146
-8.211298282760517
-8.687988128799157
-6.256861842008813
-13.926826616142709
-10.309412868937493
-8.939812694270374
-15.857935770245055
-8.594357848878252
-8.98104303707233
-10.012745948758539
-9.72840169939753
-16.401686641614592
-7.140848426451917
-10.555270724264307
-7.230051136868169
-11.116432379733268
-13.796593901533276
-8.788840330884655
-11.944974226070755
-6.366284105029362
-8.528857462309965
-13.069219799054054
-10.353911478484257
-15.108052367660095
-10.675442556938627
-7.742994093381764
-12.723681896720466
-14.186308376932516
-10.330277045744058
-12.4198291424831
-13.478700867114046
-8.765302058705268
-11.126303594247908
-8.13868880523005
-15.411550492272074
-9.35706553967082
-12.472398692301816
-10.24410665662277
-10.594245408605724
-7.910572331851072
-11.164228089447274
-8.10552376993484
-8.653356487712312
-12.654552292925516
-10.710535159836233
-12.216202979918915
-12.067745655151313
-10.481595242575748
-13.964991457232719
-10.07003610026264
-11.36800567388977
-8.027520166008864
-12.636471019316826
-9.928762025211888
-9.805709297349937
-8.1849522976533
-8.426402795262675
-10.4223284663632
-8.281878457754086
-10.811964704456528
-11.51311797611764
-7.6131244492493195
-13.579087989873354
-11.02473401808223
-8.38052517485838
-9.584782376032846
-9.499833563706991
-6.700158716546461
-9.574407449866689
-6.2317725942209385
-6.393302283793504
-9.458175883067758
-8.741668725290614
-11.380049133918172
-12.320462705157713
-9.17978542277615
-10.150558150581283
-9.900595310294047
-8.8947735139677
-11.310351015346244
-12.14629426908698
-14.80158005164198
-8.877074565394528
-11.80202698333281
-8.546982435237634
-7.159350099312602
-8.093303562267788
-8.70658920626833
-9.645740643862116
-13.829695540943757
-10.154507431782568
-14.045985277664842
-9.806534606875827
-6.698111730769843
-10.87973159724755
-8.704914512372662
-12.721346110149861
-8.285231874816612
-9.277997101925767
-9.178220623973337
-6.305820888877478
-11.092444929181479
-9.877051328313113
-10.757603171734017
-7.7718331156016385
-9.480670580369623
-7.498332934930823
-11.7883912931958
-9.090213422773097
-10.944923263927542
-6.6201475160402286
-9.01011930391117
-16.830122533721166
-10.975723649303358
-7.530250566354103
-14.904977537110874
-7.795672776991254
-12.16677514561362
-15.950232768868279
-9.732514745738497
-10.60327623236542
-11.898737072520287
-10.268873745397004
-9.930011135034754
-16.579876440524753
-13.460544142147393
-10.174883300356205
-13.749805447090619
-13.562625558546758
-9.982230454775157
-11.048825932240415
-11.278223423493788
-9.836990685987093
-12.01999431847031
-13.57996091151667
-15.029014540652295
-12.921447441713791
-10.813334284043483
-11.7485824264327
-17.07201272471351
-6.423151285060877
-17.13921977892638
-14.362644636074132
-10.848490784660456
-10.73478270536356
-7.4021147343126
-10.923420652416143
-10.111603244135605
-7.181529014270064
-10.13455283563532
-11.052053799221877
-9.529291910019298
-8.100916075764472
-10.063592698036516
-7.266527186200329
-17.087101373764956
-14.571782644015896
-9.726244413198417
-9.874212516945947
-18.13039241389526
-12.232289075246756
-9.10935444687822
-8.579340896355436
-6.876812016642948
-8.935479102282526
-7.436764863011106
-11.658733762083887
-10.311270986148665
-8.475714778052238
-10.787003648811574
-11.20889402492971
-8.70308864655398
-9.909381381512116
-9.203001730635387
-8.063550008545997
-7.528546853685017
-10.372316416104688
-9.55912635570342
-7.819535257337935
-10.1714616968822
-10.79651376274616
-9.209543293160985
-7.801442264320848
-12.227684483828696
-12.919717819359915
-9.804068971322499
-13.138746143850993
-15.602394590181401
-9.918603637886838
-10.055927640145981
-10.602899950119522
-6.785771831305421
-10.315788130958616
-7.582568210776669
-6.7182654412601925
-8.241105475870002
-11.474650966979203
-14.04328798141088
-6.152752083499525
-8.476499998289006
-26.485392118406047
-8.17728770633465
-9.552288730552382
-10.993228425518318
-9.312286974337189
-9.379846113485481
-12.36219074942877
-12.941892203951038
-25.525749736536675
-8.060697021355457
-15.202654010679572
-11.260902751154477
-6.962411349794941
-6.0339667016666025
-9.3584426207945
-9.731931127858779
-14.093749210970586
-9.995527523777538
-11.456983867157266
-8.371607502046286
-21.705352884499312
-6.940542106341511
-12.528179808449712
-9.553251616286605
-7.777109147376092
-9.722751465198535
-10.078775859146226
-10.376661689505868
-14.146736277229135
-15.172572774255288
-10.253766141112594
-6.6997629514385935
-8.009795459165648
-10.363894948276101
-9.004993717446768
-7.832007376073013
-8.727943673654439
-14.831228830183907
-10.598705533793064
-12.251445411426571
-9.832240171567685
-7.940205258750423
-9.55401342997274
-9.437587219764461
-10.897406024091932
-9.168748407770273
-10.510546832756694
-12.52073296952635
-16.895979266314203
-14.802903055486222
-7.729509127570531
-11.770108469463755
-10.707454891200356
-16.874129211905775
-12.492112117661868
-17.058260648489416
-10.089247760020156
-6.326410597696304
-8.898088260331521
-8.191849052145793
-10.254478965607946
-11.020107721829193
-9.568436306873354
-8.857129951029407
-16.02410379495216
-6.278076450737932
-11.166087926144916
-9.306045236317626
-9.858004691452185
-12.900696252164156
-19.390906897813398
-13.409052890089802
-8.986263955555804
-7.3688364111080515
-13.625253002289588
-17.820816358145944
-10.819014628790201
-9.783301349269268
-6.989612541932365
-6.998271807809382
-7.160296749071069
-7.39821128767101
-8.624381893826737
-13.244597386649913
-9.56602888118065
-12.07109082462637
-13.07738458860113
-10.589489484669924
-9.716519028765452
-10.156213487135684
-8.076387868125124
-12.545566567578192
-8.372501242442793
-10.990943968434236
-7.0425140035872325
-10.019303573878803
-10.217310237501449
-11.224646721791906
-10.351740262139586
-11.075764744867758
-13.89262817135749
-7.927586587423014
-9.821993204353243
-9.138833024523178
-9.266248081110428
-9.513131039014175
-10.690779222396417
-6.207976840312305
-10.780144358636406
-11.412806296823245
-8.029159884547935
-14.075273431504359
-7.461488777030978
-11.256507660741006
-11.41163198167424
-6.943668212446448
-9.274350227788885
-10.742194829895729
-11.214201078090372
-11.70352171094354
-9.595395884352783
-8.23409508757029
-12.675075293497374
-13.68256011721525
-6.878030262213751
-7.934698381957381
-8.66601846176732
-12.40336801256074
-8.140612404917261
-9.121475396138601
-15.612189272613184
-10.658602379349091
-8.985716031408321
-14.694908360635372
-8.979791054681348
-11.078887384683108
-11.0664076120019
-15.085063136326703
-16.190400359456582
-11.588546082907051
-9.372411935752385
-7.707975379078639
-12.297180661218352
-15.85568987168674
-9.362373330353371
-9.263205558688528
-10.165529707807815
-7.773356392008497
-9.834755500696703
-10.761200366736809
-7.860278780525004
-11.656169640217842
-10.80488995412904
-10.60470087846365
-14.647919669059604
-10.248450829287947
-10.985535505701433
-7.483311489444868
-10.856056387211881
-11.350005554093464
-8.747558950967026
-9.798889403409564
-8.86290419647373
-8.549969902308654
-7.448663770062942
-9.793682788048184
-10.864886811348201
-7.925337532670457
-7.895858580681182
-16.591030479738194
-15.914606107519399
-8.15600770425607
-14.95238090560658
-8.561830068067302
-10.549461808540968
-7.726014583224844
-10.72840636197373
-8.90319220625535
-10.36113965055809
-9.285047566468817
-7.33710816077409
-7.952856807646124
-7.27434609342443
-8.387402455286052
-10.163294698058628
-10.29090209261172
-11.086319794071429
-6.305596217102157
-13.166713333278143
-9.81691598061092
-11.545399940303508
-10.805128915377326
-7.972016266059953
-8.306956570286726
-10.752859814943315
-11.940108488347294
-10.243121513499904
-10.506910491163387
-7.6525668786490115
-12.021706859073728
-8.067681191874067
-11.530138447556977
-12.060695992708606
-8.24066727430593
-10.45167294881869
-8.9489797673164
-9.185221999331015
-10.051610529510574
-11.576761447457773
-13.449636699758626
-14.613497268609152
-10.40917699202464
-6.865615590172402
-8.641744200332866
-11.059356740320137
-8.929797021811636
-8.781569097247482
-8.563862606778535
-11.859822780324377
-8.109809139237612
-8.557503934213079
-15.197648117075168
-8.007254840350155
-12.628751076170502
-10.633377873249646
-8.996281589940908
-16.20153739101041
-9.586786520380153
-10.155058393936924
-8.106356641561295
-10.416207099313585
-9.736209594285826
-12.900087502476675
-11.515582199780017
-9.133005362877109
-10.867939975504507
-12.782928494122563
-12.590682877128634
-13.56488745595787
-12.536199551910666
-7.625945771920341
-9.35234504097898
-8.712182235355241
-8.937334588673062
-9.484115008956717
-7.153416271555229
-7.917078600916584
-11.052526899038314
-7.903866020438172
-10.738953985079393
-9.74139988366232
-10.854269471524294
-6.874000172788194
-10.413994890844114
-13.176669059655385
-7.489945498454636
-10.077178739002742
-8.208777132479984
-16.98290465164726
-11.514884943316611
-9.38178661197986
-10.227527978086691
-6.544734102905834
-9.832564082198669
-7.163140247671858
-10.26983099111588
-7.546862862025911
-13.33762273672398
-6.006658062363457
-10.003601223880004
-11.99802077255134
-9.781666780816119
-12.087474469104492
-10.531735536473727
-8.94802967341704
-12.136339350082288
-8.669568314268643
-7.173704314809878
-12.181721772290647
-12.846834865564784
-10.69745209464023
-8.803674911230717
-11.247183179658238
-10.524812080046004
-9.5042747182413
-13.699744797414542
-8.417696155776747
-9.050277580122103
-10.053017064165994
-11.442920798815841
-6.818327537417718
-9.528693261312087
-7.186715636991668
-16.03382395278456
-9.59017711740381
-7.8278971830818636
-11.526499924146519
-12.55796754894816
-8.181540372946607
-12.035133432673298
-7.8275380358751505
-9.372412343397032
-7.597671337217038
-19.778486813978034
-9.450022120562512
-8.110166295632673
-6.523612451202633
-11.17652278299706
-8.184778761714407
-10.184861327083244
-12.60443525488551
-8.361557310534137
-7.530120327785855
-7.98040634228511
-9.153254340689362
-9.837172445772227
-11.966935509106703
-12.88622599946587
-12.182531842877856
-11.52124985619513
-16.53103722736034
-8.040067302195487
-5.916195129753379
-7.268036182068579
-12.261019864811596
-17.66029582255893
-10.529953321938903
-8.012977378285223
-12.850662254287887
-13.176697622462132
-7.234911265718139
-11.851809839128066
-9.325499601546744
-7.399691483567879
-12.130118606860847
-9.610705107725689
-13.578194454245793
-9.602406116476677
-13.746808810207263
-7.650335346218409
-8.712636958915606
-11.629846047467842
-7.33779542610221
-11.043683148774248
-10.792083264179064
-12.700824091221184
-12.596281209640185
-11.742448042123696
-8.871311573468743
-10.572529256125312
-8.509663892321466
-9.831885483061177
-10.509641429821288
-9.855202048538787
-12.596049998753832
-12.570210503031285
-10.61916211201164
-8.328519711212975
-9.64802689779346
-8.591252851970246
-10.449260636681561
-6.715967346608337
-8.335803568860767
-12.200306409651894
-8.954914339824642
-11.884449216862906
-14.808844838971178
-7.799358042172055
-10.907090866642559
-8.03260092631678
-8.157368124385554
-10.097789498514004
-8.451029118754732
-6.554083240135078
-9.247581020780254
-9.622883139534245
-10.078202271813339
-10.698254066105353
-6.819247161195534
-7.5663341442414245
-20.04391673602174
-7.06036365011507
-9.658787109335835
-10.28440986525453
-11.623664685090255
-10.742734536263706
-6.595414828574744
-12.38269257021767
-8.93212631065766
-10.673586334032223
-9.597592433121182
-10.394299171923146
-9.835670444437097
-12.13893431686797
-12.537781237876716
-9.248616325735878
-11.954827967079442
-12.996369656485536
-10.134308896876833
-12.774230977668969
-9.92398491781932
-6.715920241361654
-9.502618041334214
-8.934199287490603
-17.30021668665444
-7.966931861507951
-10.140949451379742
-9.03187517833605
-8.033251947728267
-12.29254368865463
-6.8753920328538625
-8.114836886863946
-8.085476810709112
-9.832731395768727
-8.08626353440569
-9.542386176418665
-8.686676314765485
-9.376139019576561
-11.034033596437649
-12.644247090889122
-9.74042170876837
-10.376346948943366
-16.950534308833465
-11.258643783717364
-9.051757711472954
-10.38951132895607
-10.042812425172887
-8.889733842934712
-16.291078974314694
-13.018204639256197
-13.652377161248923
-9.962046920921951
-11.271154799886608
-8.880183674017456
-10.234704470021716
-14.259888035547002
-10.143419005140073
-18.861307764400188
-17.10406629010784
-12.162949746049469
-8.27340806093856
-23.09158444195985
-10.460252063767893
-10.532010492322266
-17.248673020688493
-11.879121134362727
-12.869809939878575
-7.874663711758782
-8.970824125938128
-12.666132562471338
-13.267005777803492
-6.194155682839943
-8.035451785323772
-11.108301161406091
-7.964911230957864
-8.31709463126531
-9.95188333248262
-12.285454672328582
-10.284575261875862
-6.775630542784335
-10.900935716532507
-9.913747248640458
-13.507895224598828
-13.211563908618421
-6.211871260324208
-10.84906357791619
-8.98379474531947
-10.566517744344775
-16.8639796522171
-11.592083068897185
-7.9313536249996055
-6.2747291932837195
-9.559196231183876
-13.109369031828827
-12.105835825444952
-12.81919291285488
-13.526072337237377
-6.5538894625798045
-9.42182738885713
-11.317020535104321
-7.951329492149802
-14.064153307451045
-6.399131092533731
-9.65493668377696
-12.118794929369999
-9.246756965785623
-7.251402606256434
-8.736294430723344
-9.996450303047935
-10.68159716428963
-11.133850773083484
-9.369687184934852
-7.600613012349959
-11.176335100511249
-9.69648442313613
-9.148107963501669
-7.432993139433807
-6.381387854209007
-12.229225496424746
-7.327827626124899
-8.477482083944382
-8.079301391968118
-10.287110961567993
-6.840384778518633
-8.11627817938452
-8.050992670620518
-9.225133552610162
-12.45297967590057
-8.088411819243031
-12.717868278207487
-6.81519105450462
-14.129090296699088
-13.566331743310627
-16.429764483632656
-9.977993976956661
-15.825759897338504
-8.83631335681165
-8.406178887822938
-8.998618078210624
-7.682942419734048
-8.13568897812492
-15.06201775039252
-8.487002462759632
-9.801094744667969
-8.121242191302843
-8.393005250511953
-12.77680312916541
-9.56356272628036
-15.329916638609173
-11.167387889592971
-7.784574329681473
-12.628596665173887
-6.286065067995692
-11.021072728170273
-8.850318112805033
-14.04383404416361
-10.229391527107673
-7.7877870822356
-11.564893382885764
-13.358340241363845
-7.594396701947423
-7.845305765686238
-13.589550701034474
-8.406325297886728
-11.646544149272376
-12.435720697843765
-7.206798073685911
-11.439410680581467
-10.523120549211697
-9.479240884902106
-15.585348457049747
-15.562395930330432
-5.837046515023658
-9.102954914136935
-9.761236915019985
-10.527784825729398
-11.76258460167852
-7.508547530500328
-7.543707944038347
-8.677742759062596
-12.764808398210583
-8.117609220271857
-12.096988695136929
-10.808220360713209
-6.667009770552395
-6.227345519582497
-8.665674881277416
-10.161384289348959
-6.865348009091416
-8.919477445543745
-8.187841352557657
-12.617231124074952
-9.791795314756358
-11.396584950490723
-18.53331967593817
-6.7084381467368015
-8.430721120230341
-6.925981731439216
-7.318336702172478
-7.411382871342312
-9.225537759814564
-8.848622552123492
-6.210314997908571
-7.114950835019523
-15.466850908820444
-9.903778234551595
-11.935372368674491
-14.563909334841101
-13.985415405963746
-7.120592719130239
-12.19310447332041
-15.049589942001102
-13.958896148956672
-6.897811061642519
-9.8442493674082
-11.660126045417382
-8.742665899617243
-13.543784816710986
-9.569059617692835
-9.590387650725472
-19.35617796867235
-8.26719811300613
-12.986824432779397
-15.013611764201189
-8.101684293411408
-6.994960937716726
-7.930075871002363
-9.605010884768754
-6.683422779019299
-10.755047184256759
-10.170698705710123
-8.384063496531365
-7.976249985141099
-9.873325036585369
-9.635939095980124
-13.629959138100403
-11.704255922779478
-14.43576643215294
-13.170832667321895
-11.909586407758848
-11.689873506692358
-9.642182231253162
-11.875130407161668
-9.47387161066066
-12.063244680826255
-9.663981239740806
-11.623359521320566
-9.134522455363223
-7.542490305216897
-7.375451137689405
-16.760070890899183
-7.378579904363869
-10.149426793188882
-17.418766219892117
-15.366427917537845
-10.823711033708463
-9.848178085652288
-8.73107947679507
-11.034794106798786
-7.2020794902491305
-10.274129110718874
-10.25204212721758
-8.374944880848494
-14.40914657423965
-8.92581793616065
-9.293503199515953
-8.280321711179745
-16.779077071019724
-18.531398432060467
-9.1614088144588
-9.671904648098673
-7.759029619027345
-11.122007849248705
-9.890079916942684
-9.705179300743485
-11.999138895300115
-11.018295118365874
-11.784264598956037
-11.303665995002993
-8.79282900764728
-8.305941813149271
-8.467714868000602
-12.202842724771065
-9.997830262795379
-9.591314658643524
-7.360821817214279
-15.28670253038057
-12.41338684700355
-13.694049582492452
-9.930102526819887
-8.30046526535692
-10.406674231045077
-7.743771040180316
-13.132258142193894
-10.069784048473526
-9.4556698880897
-8.350207687015468
-6.384719166739015
-10.490602726219187
-12.326357567759779
-6.678110098196774
-8.542672027753671
-8.269535734137195
-17.796526301557467
-8.325903050638122
-14.365962773867782
-7.357577257732145
-9.415383091181528
-11.367402252816364
-14.139290932755904
-16.018482814978046
-13.896267021663094
-6.861583302840328
-9.419384975022629
-16.32685213691759
-14.39926035600759
-7.975072856339503
-7.377329611293276
-10.044712106799292
-12.845209702960656
-10.091097950527097
-6.895639278677869
-10.157139753972798
-7.7619679378904625
-7.658915138961747
-9.034021076330447
-11.272210500106846
-6.369299561600492
-17.053124990431176
-7.076924299716848
-14.732235461925184
-9.066509221611197
-16.543028222509633
-8.29429666850512
-8.924943860219974
-11.113185103275574
-9.492521555419662
-10.754780189999135
-8.719635647554107
-7.432050601951847
-14.878430529266245
-9.259132549814087
-12.905703406458835
-8.723429234732055
-7.423408662832405
-7.7131748249817
-10.890449048038215
-7.3544087945691015
-11.897158813716258
-6.900368203887663
-8.389391040966196
-7.194624628313334
-10.619470589660128
-6.881394490935872
-8.618500059307689
-8.65772892402728
-9.51352884934667
-9.983926044058741
-10.404404448732143
-8.836423095385303
-8.214775211352002
-15.631875154670986
-9.417989210784553
-10.923227494979926
-6.374044040704476
-13.480645795563875
-10.765250404197756
-10.547042581663762
-7.626442552991836
-11.619254541112822
-8.604678305791666
-8.188658208837566
-8.900762312875022
-9.382741302132047
-11.514004437987232
-8.756726880073478
-9.262879479784603
-9.144238645978723
-8.443891360698753
-10.648756871718353
-10.213944911594846
-8.758836402026647
-7.488515249862239
-10.254862355760126
-8.343759119806885
-8.809786836593604
-9.155568060046702
-7.313920046101248
-9.581151268367398
-7.359356018022667
-11.709936715517912
-9.182978031709276
-7.364178444931619
-7.4485327710990985
-8.459650893526803
-8.279099008235484
-15.656908008864056
-10.392596688872842
-7.761503243258251
-8.877427920892366
-14.366543800011145
-6.60290340507614
-18.150039725454867
-8.062635836092552
-10.687226438140344
-9.193228106968599
-7.191369268498155
-10.172624416464716
-9.865902873576141
-8.379653637670302
-7.457473582484699
-8.515569507186246
-14.797804707736244
-21.440044950202548
-10.828371074471129
-8.04368206429274
-7.526173091974566
-12.49906017315485
-12.975047010573071
-15.32356778394218
-14.432459852157384
-12.395568226178872
-11.077282533538368
-17.646978318253506
-6.515474259082349
-9.54228645448167
-13.19108719294353
-17.994094199995303
-8.496475410587847
-7.48016979660906
-12.904142323620752
-7.27805348802471
-9.047524073165642
-9.610183931372227
-18.530208642876545
-10.056168348193328
-9.767804682150151
-7.179887494162493
-12.217472433213889
-12.293323425589291
-11.390672254921958
-10.311181321336745
-13.430389539370188
-16.77755408012022
-16.81226655428721
-8.34450311216277
-13.069175934408543
-7.483817106387069
-8.229590074650421
-9.365004500628752
-10.174476400678447
-14.77363567614983
-10.931389959044905
-10.012516050982335
-8.90157793949958
-10.372374960516458
-12.331785839822594
-11.107080877025624
-8.975052443079774
-9.01196424871419
-10.584134861875736
-10.16853663493248
-11.79403393003234
-6.408381013492335
-11.575851691913908
-9.888812093018988
-8.58783143901563
-9.495842306822514
-7.794439085181978
-11.138842793886036
-12.10473846165605
-7.665483387973756
-10.290818249832627
-11.63598629651122
-12.22133787601715
-8.736516392638903
-9.142569600770088
-9.065296317664433
-15.856350259367536
-9.59699016179041
-9.317617762069442
-13.33608429905705
-9.709166311760674
-9.573549608201747
-9.663676778469807
-9.45843979119861
-9.424536810395393
-9.465728918781192
-8.100302918129128
-6.509277686189246
-12.877238816482699
-14.639669006704281
-9.979836531446407
-10.485405002621391
-9.250720311159307
-12.148526860139766
-11.055270064849294
-6.8754729318194965
-14.602019420651366
-7.852755275396851
-6.216038182454849
-13.058024450792987
-6.922820081353002
-12.42399985190355
-6.734951798799962
-15.434950363812455
-6.757596669139513
-9.479477476413976
-11.05165738899499
-7.098156386267171
-7.981351652469934
-6.809695167841704
-14.101378633960204
-12.78720412247454
-6.507825300868847
-8.853138491152315
-20.054442983387307
-10.849436792725221
-14.129624170592122
-7.272422982544019
-7.66526628722906
-11.631579316256992
-12.794475572403156
-10.613975547665078
-14.113060308871512
-14.391364717054705
-9.877064499502714
-15.46417882265583
-10.211502633201713
-11.37417457068
-9.194766114167109
-11.681189589970385
-9.504325131217469
-6.697769254838511
-10.636647744076225
-11.331014665038868
-7.123603284742513
-11.939091011031808
-10.844902860300268
-11.935073866739037
-9.350107797598245
-8.27386093098035
-15.64865108549021
-8.490562907423437
-14.022211512037359
-13.316860575919211
-8.346931427963108
-12.255640672743066
-12.48773598690857
-14.13098166004686
-13.848174211305304
-9.294247575436195
-12.408669850007598
-13.11640324523295
-13.19549885297425
-12.51569567419163
-11.321169664176047
-10.259901833449312
-12.410033132675053
-15.61138219710815
-9.932390290009627
-8.175359205116624
-11.13043076239863
-10.63473614052317
-9.496557526307688
-5.970118626557506
-7.250570491634587
-9.694052977376934
-6.755344710022755
-12.693667086619596
-8.138135044359082
-12.06979453102188
-8.542257003745943
-9.955982675259438
-10.42519837813472
-8.104131115501495
-10.964786700236864
-8.039356879138799
-7.319190745800755
-10.449713341812735
-10.801041801119032
-8.554622930075645
-8.802886239301557
-14.90382884875573
-9.729785653677574
-11.80069758683308
-8.40623699990384
-8.580733673873262
-11.21302391533056
-12.297953037857047
-6.0815727244152855
-14.849924615564962
-6.235957908191115
-8.769760336925195
-14.805023264714906
-11.583106429753673
-8.452341413068817
-6.886550079858429
-11.748565499104036
-9.041026813450445
-9.169233772426878
-14.359362730907208
-7.946442918552238
-8.591267203477269
-11.61717065856614
-11.186417478607892
-11.471160427842616
-6.975380220021091
-10.061752900107386
-8.24412691192719
-10.818980903325345
-10.885086593843859
-9.459033964034948
-17.180563734809898
-9.127707238338377
-9.82863613454437
-12.870349134352352
-11.428962065419677
-9.460232381337544
-8.533703427906557
-14.786458726066346
-9.748135948083787
-9.515058320900652
-13.260735985686155
-15.090468603623027
-12.909990242598823
-12.05567424458382
-10.854790232682731
-8.137719990143662
-13.97406215036106
-9.292227368469332
-10.404013460955188
-9.752967892168813
-12.596920194684836
-8.072952268981036
-9.817078382029758
-8.751192791869574
-13.66822449015689
-11.249690075043173
-6.744191931531942
-12.10438536305451
-11.148940036834968
-7.518594416834935
-15.62196375075643
-10.78494123929051
-14.494663486271595
-14.867959865620943
-17.206780254945876
-9.149658200699252
-7.905142443262023
-9.688332445397915
-10.56401102454565
-8.471380323600789
-11.14534730757852
-9.968909102204272
-9.864868467419395
-12.455298140506809
-10.873245836923008
-11.275733518882433
-7.528673668714404
-13.35944613191649
-11.61285933669179
-10.94890275325242
-11.470872724645595
-9.826143840395543
-9.68978171599394
-9.109295407015834
-8.614317068641878
-10.05661423269601
-11.178605208754135
-12.849119268425666
-8.924484682600283
-6.680462277082248
-11.70698009349374
-7.5015630480338515
-9.413411924701029
-13.303276618840766
-9.521959916295138
-14.89664165460354
-9.945175477294708
-9.600280371403532
-8.7536263623211
-16.27823233631186
-6.45288933776748
-6.955883856305768
-9.703205545330785
-10.625691220599222
-9.60168314276317
-11.690925295735678
-10.654628756098456
-8.610203937972077
-11.6469832769664
-8.222072321595068
-10.892375671524778
-9.21315674749092
-8.459540068839004
-11.385268483836605
-13.020438613387704
-9.253208726069873
-12.5043380244744
-6.362343918321312
-8.015378167708988
-11.5101573801647
-10.386597054416022
-7.581646873282801
-11.710945816916249
-11.34353405516507
-7.936720665385149
-10.226795002850826
-8.284772022222779
-11.375945459152854
-6.994370291358044
-14.775561518710166
-13.0931066279614
-7.831865206088518
-10.346420698871695
-10.82452809473246
-14.112997638677747
-12.852264684522318
-9.565646993375115
-7.111369391097667
-11.665298318808217
-10.575126554490808
-14.08935899712721
-6.1034722159200685
-9.679476099163287
-11.724329798664549
-9.052643125825579
-11.899695211185415
-10.681902522188757
-9.852543972629784
-15.558030342219693
-6.365469412249128
-15.661375640965197
-8.871895360714003
-10.389716061659422
-14.672772833855495
-13.656137595632602
-13.639606375909889
-8.386281666834806
-14.684649899598952
-8.542485581694962
-8.52132740575273
-6.214949411497559
-9.101158209205556
-9.58162415374821
-10.146610069966885
-6.820197521459887
-11.639827123807713
-7.13300499526308
-8.51361073883036
-13.40273386944456
-7.823508711251553
-8.167336093876175
-14.372298714410345
-10.242495947413031
-6.71031165458003
-7.923051278446199
-13.13839653993571
-15.331277797216249
-10.299678905197243
-6.530522352477912
-7.521373323496555
-7.954964670317155
-10.3009140878707
-8.172754639821031
-8.16560935715401
-11.643734764962238
-12.801919111520801
-8.391423998162264
-8.289516500206112
-12.678482056530482
-9.325801078489421
-7.679561599280684
-7.203603869243722
-10.80952653122349
-8.953837016337742
-8.121617818049833
-12.569917995587716
-6.497868277440913
-9.871337327780974
-7.946117460314186
-9.10446584041201
-9.66203262082319
-9.99536779474179
-7.82525694088758
-9.759196845892765
-15.351952660591644
-8.89567037590629
-15.763996954214488
-9.192261942927914
-13.185177490881044
-11.741406497506595
-10.136560478748772
-7.536849710683292
-10.988794473862411
-11.330450703776117
-8.669810081395562
-6.975772496581987
-13.719191629408316
-11.317584389908939
-8.710624253557011
-9.890773987152627
-9.79244995862261
-12.2174642873636
-7.838692520334283
-10.263767670161196
-13.540317096709229
-8.478015750349565
-10.04350508291038
-10.230993004304851
-14.979016638766385
-9.04257423694932
-8.038572657875937
-11.72425275464574
-7.357449043485107
-8.127300988977169
-30.931279070881057
-16.00535106584317
-12.162294089819644
-8.074279858486701
-8.177018410181525
-12.185826032772313
-7.753226282517529
-15.631159899562478
-11.30469466944851
-7.354470825104323
-10.120566358866869
-16.484654952878834
-9.289777380251966
-18.392710284267984
-11.444841739489222
-11.958221574734582
-14.695943850950124
-10.175580356721147
-7.8475632719288
-11.958693647544694
-10.311910789622056
-7.852606237614298
-12.102798043813596
-14.929159627249216
-9.760566089568426
-15.222309151193077
-11.736637515807816
-15.106438644820525
-7.399047349967319
-9.85921189548064
-21.84648109497316
-9.520230316040502
-10.576110621387603
-13.95611012806248
-11.243471229481555
-8.27596021421024
-7.37484891996089
-7.69869234336078
-11.145324759646892
-10.061106665732732
-8.167566551950554
-9.762514241726306
-9.850122295692673
-10.31831195690249
-11.592040032482437
-9.0428018876363
-9.868016068902682
-6.9684142974208365
-9.541829232982524
-15.872240576511853
-9.57328879011427
-6.912432806650337
-11.027223132401618
-12.247357780421051
-12.313699922588635
-8.615104792095748
-12.397200621803718
-16.427351229966387
-15.309788822825265
-8.933609342650122
-10.808409358768444
-8.573220788231412
-11.352401914148846
-12.36329272913036
-17.623133386031668
-9.89643260745274
-7.841771133468049
-11.238614427547871
-12.723242329913957
-10.979924868970667
-8.943655434235001
-9.475863685409553
-9.280406046021652
-7.91445488883738
-10.637050307467765
-11.909334897838944
-8.196510001667933
-13.168248178562754
-8.940269148492671
-10.789669519792183
-7.428938614960878
-8.008613990199361
-13.44924815871283
-9.980666304229548
-10.582927111977874
-13.834084296800999
-8.175025894870716
-9.45005852740981
-13.142554997757903
-12.671937237830155
-9.732078141768875
-8.585784433767827
-10.849235565090375
-13.366902760353382
-11.755313464932089
-9.885232888276132
-6.1325381371773
-14.145413809617327
-9.090390257318832
-9.084068382071209
-10.19784866978166
-11.923591160273418
-8.810385689184598
-9.347212377416632
-11.522221450042899
-8.715903301671087
-17.570375452150635
-10.033247893230929
-14.893239386162383
-9.710923965595104
-9.889929505470493
-9.66825456934938
-11.329994488885845
-7.608226172272536
-13.347320985149128
-9.58783373993872
-7.946977088023498
-6.751350347169038
-14.917878584899611
-8.480084505339526
-16.132966012562168
-8.188287401071142
-8.942896425093688
-9.35645472920021
-7.098862646119163
-7.137719649642266
-8.415202830650728
-9.077678963918348
-14.88714382663542
-12.767662508834158
-10.432377122423999
-7.351160468404092
-11.858966588988531
-10.735314136639508
-7.9289130524088485
-7.926790166834882
-9.592615574495479
-9.257974861440548
-9.15976451179992
-13.608163353309621
-9.242675456908945
-12.74896117039985
-11.140095897561121
-6.601751265955799
-7.455934668383339
-12.927959292337283
-8.73464600077256
-10.038925081103246
-12.586945380561364
-7.326456378630641
-11.988326866344156
-8.076875358375982
-11.666709077605457
-11.64362925633496
-6.953614356235028
-10.19999708460008
-8.86281656988377
-8.327453692028966
-11.698967512772311
-16.502627631659344
-11.335927587730945
-9.164104657622735
-8.70019997390422
-10.879116476409921
-9.427938293141683
-10.54559731303767
-8.973356788726129
-11.19740923766714
-10.061087537321223
-7.831912402114761
-8.699787784910306
-11.534309870909507
-8.947386813802128
-10.498924513665202
-17.876372144512498
-6.43005191658995
-7.760784219013599
-19.429086558286038
-8.580284397391052
-10.14147034318189
-10.485303918608729
-8.455096973137865
-12.4170519305995
-8.458117275340166
-9.498479047794186
-7.413442656876912
-9.956316833688135
-9.074664524858608
-9.378324830861194
-10.032693054872446
-7.302867805119516
-7.466245676286833
-9.509841988566336
-8.155983865696033
-12.143161163005376
-10.704971240190266
-11.487734882004007
-8.502947953889445
-10.551455157559364
-12.083888747859008
-13.42177425703292
-15.260797029287641
-8.545300125854155
-9.982131616198323
-13.00679251837304
-15.894522952382689
-8.483822129036621
-11.378265982753536
-6.944027040978744
-7.425457497792268
-11.53365837144535
-9.366198775032236
-15.038560051404984
-13.159848851624549
-8.698789007625939
-8.362763460502908
-17.703868571520903
-9.316498282007142
-9.435579285593185
-9.082124148123425
-9.938394806593701
-13.022351868751658
-10.246024648339674
-12.081811892688748
-16.67175547563492
-9.787554534829141
-12.92878960577497
-12.79246774828456
-10.450834786692557
-14.71658559621487
-9.945513752901784
-14.316017749947676
-13.734008864533466
-8.58942147619087
-10.441878495274917
-16.38923406431579
-9.857877414022338
-8.275375509444524
-8.482057683389899
-7.266750186825794
-10.96464964231138
-15.18242196340076
-8.093030799157729
-9.468396717920896
-9.195094195543268
-11.578155449866964
-8.84944524012084
-10.92707671595839
-10.658613567938632
-12.428224434715888
-9.40153688954798
-7.776493503028487
-11.258889160271684
-11.65620744528322
-8.229200293862956
-11.440789233716648
-8.916481973691775
-8.585179044763422
-8.01843740945118
-8.607393339072697
-9.988492174400083
-9.211587078936196
-8.417117923007217
-6.659057209252682
-8.27883230829754
-11.743676014013865
-8.966862316291223
-14.145980908789959
-7.388830242943506
-13.035370984384022
-12.31634750429775
-11.927493034226053
-6.668437552513383
-13.133115664073888
-6.322792083100265
-7.447740855525895
-12.745011347140691
-11.798795433748039
-7.6430491002596845
-13.612049471661548
-6.752433716274904
-8.314576375356525
-10.210256768283982
-10.457425291129404
-16.90153897484011
-11.06246924496008
-9.723264800922529
-11.349920800052182
-9.59894641667118
-11.015512689875898
-18.044270130368538
-15.402443860511463
-9.568528752223935
-7.942417329610389
-8.970925591582963
-8.067775756881929
-9.302679794750212
-17.037583236874625
-10.724472376043487
-11.566341853807351
-12.125526106940095
-11.031386913924418
-12.200351363118054
-10.915625888747247
-10.217958178249694
-14.896604930442331
-8.561815461804782
-7.236983997839972
-9.406162841788081
-10.509535668704865
-11.51810933787547
-8.964407293696187
-8.761433561310795
-7.32938398214804
-14.103330822683432
-15.095715495864345
-8.017821670192552
-8.444592068911437
-7.681568754087143
-16.29317194851478
-8.654440480763007
-10.829357834875283
-11.43277058031433
-11.480973569889974
-9.841900854238952
-8.71612729505264
-13.90433653312256
-8.818222542441486
-7.648709446546209
-9.88807626516466
-12.648098796505948
-14.890542383455152
-11.041905316458818
-9.960222649444209
-9.435449435778809
-7.280078866361495
-9.536965287605769
-10.156668032653553
-10.132291470115268
-8.101030515231534
-14.044875483738165
-15.483139148516836
-7.953555063238077
-9.118153348260611
-8.732178369255593
-11.144488056892062
-7.350732178451649
-11.46687121946376
-6.584905391460346
-10.293288143659675
-6.4002073471500465
-6.3947320068374545
-8.90933347793674
-10.660142937673465
-11.590684532295207
-8.973796960662007
-9.060404230021234
-8.039566668053661
-8.883080515286938
-8.371839533671762
-15.711533702751288
-7.2999198831005945
-11.232821069383235
-8.248672167554922
-9.320426268984395
-11.014510548988227
-11.112040187217898
-10.192275333539413
-8.402458153078623
-12.56968940735901
-13.90108420624404
-6.706109155593104
-8.17828409834591
-12.091499558387005
-7.678317483869637
-8.617015127905253
-10.09374808820857
-9.153571847427804
-7.049612023094071
-10.68109540855391
-12.288857804410208
-7.59019592002782
-6.884247853431492
-14.964935919799176
-9.755253848201923
-9.644663217137884
-11.81324772811656
-10.600374135319385
-8.534834522504642
-17.487647395841094
-10.293377436826667
-10.731703092801423
-9.205316526747128
-9.964976364654348
-8.57138901760539
-6.5132905438248825
-7.183635887389582
-11.931818002271351
-12.411668759113162
-9.206742699613939
-8.299964479099321
-8.379389890152634
-6.445956646545104
-8.094079987749383
-20.40428668356543
-8.569242281099868
-14.850697608252972
-11.447604126696312
-10.474332150186537
-13.119064601390694
-9.604053146033309
-9.271753552266416
-9.765243661392349
-10.161359529834462
-8.170856976731779
-11.003633716121984
-13.102492069031909
-13.246623498864375
-14.259208337227872
-13.242627493883374
-12.0757694166173
-7.188622878930842
-9.685981399484717
-7.297122568385379
-8.81777003608298
-16.501165196287854
-15.074135126870768
-12.731129799747013
-6.359776331791798
-9.543127978469837
-8.677287165205616
-6.120884670650614
-8.650194111776512
-12.709289306794723
-11.768900735250478
-9.194879763513299
-9.123670017320713
-18.53212980236742
-11.225535126219393
-8.813587543868586
-16.29736111275649
-10.880956380118409
-8.167070280012368
-16.482138773340473
-8.479563486061952
-10.288026060063029
-7.8269773869760915
-6.676345617774755
-5.808504880239555
-11.411167153337127
-15.785411645123816
-7.141108717675911
-12.950845981757341
-10.654462114428215
-9.94249870943077
-9.940703473751904
-11.609744378428816
-15.441336181565408
-9.339557194683083
-7.82705348924058
-9.365302433152197
-9.229933992309189
-8.220918144560052
-10.656443746312426
-9.02973838673925
-9.763770457196113
-10.539400270896724
-11.611838090421127
-10.376457221688968
-17.747293909716905
-12.09501664093679
-10.621239373963109
-10.054810968222313
-9.372012309118093
-15.867802280874821
-11.298959192368002
-12.431268368814365
-10.387578588000672
-9.112859110923683
-11.737747882313247
-11.548515759363637
-11.088892556279733
-7.537760717142427
-7.269038972759073
-10.688184805493504
-13.13959705213927
-9.853783358011784
-17.911442179872772
-12.962723137169577
-8.3803238948788
-7.814130868674101
-9.782461471093612
-9.909212366326985
-9.740824683353788
-12.602819907097212
-11.11254692522147
-8.565120775735362
-6.614010890172074
-12.512599006553373
-9.319863432366686
-7.111577428896972
-9.018819798655256
-11.011926818106941
-7.428411300277528
-9.231783951419262
-11.397685700182873
-8.75369973306203
-11.967750749896563
-11.349436541904742
-11.690610904981593
-9.919343355124417
-7.932637283519785
-14.292605404735829
-14.647237325745847
-9.142683936244714
-7.501549238491431
-8.950003646041925
-16.817112678753475
-11.540994016206326
-9.182236540585501
-13.13201329332797
-14.191120854181854
-9.028067238630992
-12.06987059162503
-12.997618498793534
-11.703238630277733
-14.017183017466103
-8.747836472345957
-10.180894294908514
-7.966461725100853
-11.93245512772959
-15.015732018251452
-14.524323337550477
-10.05317459794158
-8.533614158974014
-9.030432390228965
-13.630488917508679
-12.1048595212008
-8.724877628330697
-9.282255171215615
-13.318354542499554
-12.2225309849555
-9.903844918028668
-11.723334975057956
-9.598100895439737
-8.490127615358077
-10.840379143023183
-11.356660688661316
-8.723940897068026
-11.0104268431953
-13.093014850818419
-9.280103885461273
-9.420435302335818
-20.13944673412809
-12.448651866212911
-15.992345586214112
-11.299610100364873
-11.387914796917139
-10.461514799945212
-18.60277455859822
-8.678817613922591
-13.002132693411523
-6.592521615316706
-8.474292293207114
-12.244855796088663
-12.256674454153467
-14.334357046231556
-9.126482332095566
-13.463177460737654
-9.983404116696807
-11.785630656090243
-8.605176720502998
-10.619614130350028
-10.026978183493233
-12.39837122484234
-9.832891164328156
-9.407871556541464
-6.44291481347925
-19.218651791526916
-10.093804749657748
-6.5267574455392285
-9.630209715786398
-13.15335038005226
-8.711489783219271
-11.275532113095606
-9.687417607434535
-12.762355611102556
-12.395242218499655
-10.571805229066694
-9.001258889245012
-7.31114481801784
-10.699293074320734
-7.8565683376909075
-10.32641222500589
-8.011930983717413
-14.154627655816732
-9.805399983245538
-9.632258093798287
-18.495838032310164
-11.806416295827633
-11.35802320205308
-7.435902429541811
-8.846567610349807
-8.567012614920113
-12.204719480264044
-17.1791092119431
-11.791160591846085
-8.85000534888437
-10.475709059111608
-9.019568528844777
-8.729647513603165
-8.042264699025445
-6.985784032683095
-9.16531554347178
-9.77699005927379
-10.92874543842785
-9.493700073494745
-8.930791788071586
-14.703122294350607
-7.693086429558941
-9.4147652519885
-9.52205494938968
-12.145978082438791
-10.80157479451525
-8.477937993629384
-8.235494367474477
-13.98840719194106
-15.402903872829981
-11.478960211885703
-6.867057243687907
-16.232528578681286
-10.717655053882108
-17.47017716736449
-6.373307757669551
-7.361858787394933
-10.021727704006416
-8.467950277306294
-11.919949680141814
-14.520749827140852
-13.992336121535276
-11.361611170765443
-12.7721178728526
-9.184684348709027
-9.638321546361821
-12.65958290606587
-8.454466871220605
-17.733905844820256
-12.846045719033919
-9.575794401263476
-12.067732304993825
-8.99028719931128
-14.19579160207419
-9.209773471835993
-7.13472150280167
-14.284323794133838
-10.941214007618095
-9.111815712248363
-9.814964466350315
-14.454976147872772
-10.423012332395189
-10.598895484673587
-8.234470148817076
-9.356775600334187
-11.423382727788505
-8.233733945440576
-10.911817198267837
-11.425780832460584
-8.793364370142228
-7.780205097153934
-24.425523457346863
-10.135131861233523
-8.195035715714225
-9.471584578353196
-7.063071118456395
-12.285414567329651
-11.774063846401432
-9.818853250529825
-8.927721100629645
-10.617862081931078
-10.498436674129065
-6.5654504444901205
-8.082355052535382
-9.567101921227811
-14.349857064587516
-6.757480568622104
-9.196131126702955
-20.819161283989935
-6.458013639321778
-9.214613781501848
-14.049062392648084
-6.286300430769232
-13.181417367799432
-14.737666903851334
-9.760908252513515
-14.773593532853859
-11.856290808987257
-15.500305241599676
-7.134454647342447
-9.804720495700296
-10.418025127564576
-13.516222009094154
-6.77500488075674
-10.007346812439772
-9.407721237984168
-9.71888798243762
-12.296882355758529
-7.385573007785264
-9.346750948830783
-6.667322440622814
-9.732479333594577
-10.499530142442493
-8.472522326542865
-7.490544228817149
-16.641841171374956
-9.2897683150022
-11.700599540376274
-11.097919768534066
-7.8701130271448845
-9.395890821249214
-7.342307204618617
-14.905265498841917
-12.55589035474222
-11.307511552829876
-14.560474092649494
-12.003134559997317
-11.65875458673735
-9.31232454622815
-8.278189152114868
-14.685549626526564
-8.600164604440145
-12.374669140819154
-8.769848383600316
-9.600150674913412
-10.65934353951967
-6.220599155752035
-9.248495971392558
-6.7295913791542095
-8.727357852795764
-12.070465262153423
-8.435113395165725
-8.488994327419666
-9.539720310895639
-14.969830275655088
-15.932334135943558
-11.209130836063283
-14.574012747030809
-7.656299669603556
-11.547752320271949
-16.078014956888715
-7.255610525612233
-18.253220909115093
-9.38441874423702
-8.819685081954997
-7.1965612662693275
-11.881675980788883
-7.834778486725562
-14.223610874269346
-10.086478386232214
-8.23980174144016
-8.82510685253414
-9.423221808172217
-8.41335736782909
-10.168069487144086
-11.137266807577696
-7.232187566047
-8.37077417381031
-14.162521933259454
-10.356598762451467
-10.401708187078796
-7.364678207039874
-8.491616819624495
-7.889857150615781
-8.840828634063993
-11.783384668334932
-11.044630117460663
-9.284018831559512
-9.863896275224215
-7.6528421524669366
-12.429990235561952
-8.354276174364788
-12.782218700223398
-13.139082408752158
-6.940748472332569
-10.871669370396463
-8.697030680729524
-12.207664118540777
-8.731852500371145
-10.393370080746001
-9.28459262042839
-13.15330801887417
-10.339519912672857
-10.866537118243455
-16.06765714493074
-14.238380447040077
-8.470798661104757
-7.074688231458478
-11.422182352807543
-13.92551903484932
-12.032852234796673
-10.324156049240681
-9.942220037974884
-7.785419050343957
-11.302825919177083
-10.881366740909534
-12.183636580395682
-9.677910626733928
-13.821237237616714
-13.459373107040754
-5.489757924817347
-23.29344820247918
-13.849262427611528
-11.663715040239142
-7.601352321515384
-7.267282146249145
-9.99972485496471
-10.969881456695939
-19.892173477132413
-12.490862390030989
-9.668729495301912
-8.825700904922778
-12.25053756782489
-11.0863884723554
-9.417217432645542
-12.51727848848095
-10.764826215711764
-11.918750313531124
-9.28110538508243
-8.782292089723319
-8.354054091516284
-17.332002916352412
-11.778138104420972
-7.503336569098876
-7.01570098296887
-8.950138731254443
-16.76752548816995
-9.407804356451337
-8.084098182137796
-7.167789323317739
-19.446903778037512
-7.850758142963637
-9.148672877062424
-9.463145685620656
-6.830289666085679
-6.314008091925354
-12.725574658196367
-9.52593815961301
-11.038481202004958
-9.090090502004644
-12.476328983916531
-10.063182161730547
-8.972416651314298
-13.22774237519831
-8.27237433981442
-9.681127109593135
-7.1156462627934705
-9.79470359670238
-7.49023835932175
-12.194483922432594
-7.055436156454084
-8.44793236800685
-10.593600706070129
-9.084341521460324
-10.792873448074152
-7.2996905001492935
-16.281200861782988
-6.56926746034158
-6.313691706403687
-12.059955120856602
-13.171062232018008
-10.609557330681966
-8.01633030137886
-9.851900422301322
-10.97196586523912
-7.201792124885468
-8.104922576175941
-11.083823963234638
-11.312270438242248
-8.51324367811582
-10.88806908392092
-8.702959905927566
-7.7308259099196235
-11.235431308194915
-13.380422116261828
-8.861835248239776
-9.289954235494138
-7.032076396152087
-8.667027986720052
-8.822222318238284
-9.470336602217099
-16.500904050439626
-8.386436725347055
-23.790543870146124
-8.47318179642829
-10.860933793204797
-10.973541283643234
-6.471849346729474
-9.232143072306908
-9.693057449717598
-17.13588342908844
-6.0874263672117594
-6.541895162263743
-13.181976630347835
-9.628030126119095
-11.48138872940353
-9.85513196153742
-11.668668788480824
-9.461482972891938
-11.609931381731956
-9.501007690727317
-10.941747755514104
-11.187107599159512
-13.402920558197643
-8.806496311153333
-12.123605719983159
-10.711718057963301
-13.630385681258609
-14.639956581677051
-6.902575510220541
-7.290566931421625
-12.247347894429248
-8.830629985336445
-10.22019499537759
-9.915628420191704
-12.546144559897126
-7.445785945202425
-9.21062130659296
-12.292175960652834
-5.580866817417858
-15.891275977772958
-7.8244944605518265
-8.520391411927635
-9.251743680322468
-9.333543047746838
-8.983033839023342
-15.418139575662831
-10.527841183867995
-9.362431892909788
-11.305279686827753
-9.57152583999015
-9.426696092665757
-8.907125379798636
-8.62508779554179
-10.817152955880545
-13.238676022263078
-12.2816820765853
-10.968803964512464
-11.289229005047908
-9.900916333153257
-7.343608448495762
-7.995040066109655
-10.017579989932575
-13.981255462227097
-9.723737025259485
-11.619056102331577
-9.582698590395953
-20.18502801604994
-8.658684555425125
-9.978743875072132
-13.029381233221883
-8.734558288818624
-12.134936454646596
-12.207149887278083
-8.263085403342636
-11.458031529396736
-13.294856317200123
-9.532731053534356
-10.592646153056638
-6.0791007552498515
-6.087739271454599
-11.858875372545045
-10.895261433592998
-10.034257894879817
-9.76488747104313
-8.604161746313787
-11.614965196737751
-7.362128702610039
-10.465111479674873
-11.566629630551226
-12.064499551119853
-11.662180405968908
-8.712628126973893
-11.934314229955435
-6.006719940651999
-10.88037147319081
-10.489055932049551
-7.034755004853476
-9.541523645634966
-14.439553511435681
-7.285973345730259
-8.283263378358068
-10.2874718399629
-13.32837334697436
-15.546016787804211
-9.064104751382489
-8.058998459630264
-17.163560487154722
-6.531335160075447
-7.783568149072386
-9.672328756257784
-9.003948824216486
-10.027043663667381
-12.632342887732573
-7.001288180904392
-12.21202686704732
-9.48143243488809
-11.378397140251852
-13.463317241406825
-19.869790518277558
-10.369769494938776
-10.831744090963157
-9.37251955546513
-7.963862337940419
-13.38448158606774
-7.759411140732327
-10.294784337524568
-9.73077629993456
-15.158380305205355
-21.24653791189852
-10.353136560832109
-8.417644869291248
-8.854197565555038
-11.263488424192321
-11.477914349134377
-6.549042124040932
-12.417864500356835
-17.78404907682493
-10.89620875512621
-10.24414384593104
-9.242928755682298
-11.91466851099215
-13.698064496901704
-9.10942994801973
-14.181176779450608
-17.63183308079827
-8.44373937288709
-9.077120983189358
-9.278327224193898
-11.426875989959894
-9.733127344717325
-12.82145954519549
-13.094609384579377
-11.258044482339189
-7.433373859844249
-8.069399896573584
-8.038883125988406
-9.055278214424039
-14.323288433296891
-17.70620081760783
-11.532027166564522
-9.648496522022464
-8.13498344839099
-18.983296953270084
-10.663534691193616
-10.54141518992841
-6.893189116980529
-9.076324864923162
-10.427160001687518
-8.759341657686003
-9.041956203226537
-13.507824633537037
-15.53592558819304
-16.24496043955136
-13.880272645202691
-7.654698310295592
-13.350901330042767
-12.6083890865881
-9.047565250557897
-17.948965747577166
-9.602465352039212
-9.80414999162121
-10.083463020110655
-11.821702128515904
-8.31980637499107
-7.032048829972308
-8.15194476583191
-9.838166541347865
-8.558067221225896
-14.130305128629361
-7.2925357512702895
-9.873505604013927
-10.98619410922481
-14.371560340828276
-10.447662317162434
-9.641498420643224
-10.03099687086654
-8.463252489123802
-11.374658928112282
-7.978624716556264
-12.564641456378286
-11.870374938928368
-19.001003119749164
-11.159982851486744
-9.328012433397333
-9.519057857860936
-7.557230858172786
-11.165366540009948
-9.720330259959253
-10.755264019820949
-14.495117765100044
-11.737249027601315
-8.482247577629304
-6.498252422313934
-10.476545009127701
-11.480320864876328
-16.241215637486885
-10.933988749646872
-11.036347514915002
-8.41071735949194
-8.943019618861012
-8.201672648196345
-13.124087928041279
-9.98211264447694
-15.90862566102336
-13.315644546216726
-7.965245965016529
-11.145162920871389
-8.267055539559182
-9.130794976612577
-14.051275572420785
-9.534192049267025
-14.655195832719091
-11.694564475066048
-15.783558882682017
-12.141556205036409
-10.330551107130981
-11.58284431275324
-9.976797569548074
-14.616471356684471
-10.326521103128982
-9.574240994143246
-8.85623237895118
-9.646763018068503
-7.706748070885791
-12.250418673166699
-10.584763247126222
-8.034421128662585
-12.517900440979625
-8.415165948309339
-9.060938550133296
-8.292583042780429
-8.789297277145291
-9.604042483298354
-11.188030513641305
-8.30197549063099
-14.55779038989625
-10.707244250034766
-7.224199776571659
-9.530976542978667
-8.881606045257605
-9.596426297926806
-11.827195561985954
-10.532343438788743
-13.64050211732582
-11.540888116511946
-9.138967766292778
-6.685050301949326
-9.805168893568677
-7.763760462574495
-13.781130839182605
-8.19973070514507
-12.101545191025096
-8.674961951854096
-10.128406423842549
-13.792652788981918
-10.262684581416599
-9.632767587642217
-6.9682554046671905
-11.703379024814367
-9.092104634314767
-8.442969467181406
-12.656198210845778
-14.799263388844055
-6.849672387271763
-9.297696506378724
-9.83898182004231
-7.896772428564583
-16.52677315477813
-11.02561906612149
-10.335115159764632
-8.460730985868281
-11.459563482240114
-9.320721136242188
-8.598397946801564
-9.001412705290395
-6.467422499960279
-6.868373210532452
-8.763375448324721
-7.530222257810968
-9.352459069320947
-9.567614703349141
-13.508101412324777
-7.566242885073619
-13.437280333035105
-9.985024460074275
-9.361056975607054
-14.64910878175872
-12.085633122974373
-11.700364975848869
-7.0184974160663485
-10.315934250273848
-15.474630767533387
-15.832511155618565
-6.14300468631722
-9.087393628360353
-7.632683452763933
-6.664866454314331
-7.496230733170112
-15.008160887326364
-8.31312342368792
-10.830750779121827
-14.712538768141972
-13.476130528138599
-10.850095924607164
-9.29952913976124
-9.850728634495837
-11.186802545583587
-11.692115705051243
-8.705601728103474
-9.096879786409238
-11.986820992647665
-7.527231891685659
-12.717961799312532
-6.046655502757053
-10.81259843245531
-11.228408384508
-7.909394584914612
-10.69218354021034
-13.764810203260692
-11.616879414474583
-10.959518925243993
-13.354774785872173
-7.6667234312459565
-14.11622026433063
-8.247259345880252
-6.287562290675531
-10.126807007827095
-10.737981913508987
-9.430493776779928
-7.036718980779342
-11.52858688860682
-7.6219999752268
-6.995820879067128
-7.8014553051160425
-9.529141617092103
-12.538606727169734
-8.387965581517761
-10.88609807251636
-19.334265580453884
-10.383074771784708
-6.8837101398547125
-6.6993066390959
-7.829701032337113
-18.83176616287304
-10.194102643141465
-7.158155157265916
-6.847559522653126
-10.569133183256993
-15.757402044192625
-15.013679819043265
-16.310119436911265
-8.467402841316254
-6.968962177455531
-7.671050084598077
-10.22107468628371
-8.238256033315306
-15.28617429753352
-18.16648051643081
-10.425772175384912
-10.695252169968144
-8.79821309551442
-8.625613533849767
-9.196791211500704
-12.556982610091206
-14.704124849368322
-11.470347098736925
-15.595943908227142
-9.55911508917521
-8.026045107430448
-13.576949335940354
-7.552871391876306
-8.088250922456753
-11.478629904092744
-10.803525166111188
-8.66379653952609
-7.834901218864408
-6.955656422660918
-11.652847652654435
-10.303064177531455
-12.304155452862252
-11.453018667640467
-11.709968882313154
-10.875654274636025
-10.84675440319675
-8.61786050252215
-7.229782982250398
-9.770215967775853
-8.89559103806787
-11.013035819465665
-9.622263892753848
-10.16214799039432
-8.263636145737374
-7.923205665865428
-13.927613841472343
-10.660770143472018
-8.984918838079944
-13.448885743328269
-9.634861059233952
-11.135842386268797
-7.432206601245614
-14.001474687671836
-7.420672930622205
-10.521892232536807
-9.333825807437076
-9.38656128570951
-8.104596149936663
-9.4531586963259
-13.707845079305107
-8.83703445572686
-7.298223578425371
-10.803789037499763
-6.024974836458562
-9.601285597559684
-12.611054926590628
-12.807190406267864
-9.549179010057655
-8.41761756368469
-15.636636917866602
-14.099642129286924
-7.873916759826122
-7.774109747694571
-9.472568862111764
-9.899446179497481
-11.241670938591964
-11.759397827979202
-7.86567785959629
-16.82646670483695
-9.777550329968102
-5.766474267785098
-8.708186449177305
-15.893471485220175
-9.641632242574454
-11.890060083825349
-9.608479978931438
-8.215505401511708
-19.54388711603583
-7.5641340282727745
-9.62794149427321
-9.322137745137425
-10.025588804710432
-10.456599154632908
-9.053743803228063
-8.864583041649492
-8.66512848926437
-6.786854579269413
-10.831760138360602
-10.54460360358736
-10.49687813887865
-10.901035479580326
-7.470451736123556
-9.862614599226296
-6.512816185616361
-12.061457369878937
-12.968583092455917
-7.7366112681335455
-10.879063551489283
-15.067320633364766
-10.378816530190461
-8.137704478302163
-12.556129291525599
-9.495191548076308
-14.420203918129337
-8.691330391131292
-9.042902010721466
-10.025697288638012
-9.021608208496762
-9.501798431905568
-12.20833607865867
-13.084273949647988
-8.538867645376028
-18.003103174429903
-15.057015779561024
-9.51402280189729
-17.619319721226148
-13.446174003792601
-11.974316722130693
-12.989827557003808
-6.834565426479979
-5.871966225068571
-9.207116363313572
-20.048644254820903
-10.036477874131377
-14.695833686030937
-8.049850957757368
-18.694816839676612
-10.16713080743831
-9.391168760858541
-10.086042239910023
-8.81333493127603
-7.405864764844118
-9.814188614632826
-11.092243189441836
-9.975955153404655
-17.2055599017211
-8.909014695985991
-9.429468788645979
-9.536916416858032
-13.075385735119786
-11.895113331622742
-10.124070034200113
-8.245619550402907
-9.736069028657584
-10.533899147355923
-13.952136868175215
-8.08851835148373
-9.305345985224669
-12.724040836500455
-16.987735524922797
-11.0356728432819
-8.47246883206299
-8.987970505889214
-11.756740332837186
-12.482786861455331
-8.494895467671142
-9.095194718312653
-10.261352377554399
-8.467585410129645
-10.312097479067653
-10.882786781846187
-9.201335853659856
-11.463711965693292
-7.39393780583957
-11.78945936709545
-8.2084833956965
-7.245066632412086
-6.819138010328465
-11.86489113207938
-12.101693042670975
-7.432223322562704
-8.988007961224673
-9.929153797188823
-13.12703546156352
-7.6700587872574015
-6.8415120185297384
-9.307661785092877
-8.961161575182878
-20.196053219830226
-7.808743609364806
-9.789357272521901
-9.571767366895438
-7.960156202258441
-10.844850683183926
-8.808587348637941
-7.202817015276849
-8.808913832968132
-6.897164998548411
-10.95136721680556
-8.66020709990423
-9.973902937087544
-9.84847048428304
-7.517840278030965
-11.4881425937757
-9.250693881475513
-11.738564146828018
-10.791155667378828
-8.917610026753872
-10.169117417587813
-12.171157864073981
-8.982022663528758
-9.830144606874924
-12.29647144489926
-5.624349501573316
-9.906488993329646
-10.755670759954496
-8.385917020695171
-8.840708406617335
-13.418333240929286
-10.771511445751726
-13.142969793335743
-8.81091546679282
-8.118671459850601
-9.509360440749903
-10.27896571193506
-6.302063959052885
-10.231526093934596
-7.648365101973675
-11.078562841810003
-7.61496188689138
-13.363459339201485
-15.604278409568689
-15.442485937804701
-7.558276351555394
-8.802033130496792
-8.676232913718325
-8.639231827541984
-17.37281281978371
-5.634596083077807
-10.402632569376099
-14.297903141492585
-7.409411790933268
-11.17108524097339
-10.095300971094733
-12.951052557256029
-10.391820808637263
-16.678087627602256
-9.482940668248451
-8.512930304546796
-10.020595787439067
-8.46820996744289
-7.627969442349401
-9.887488295669382
-9.622734191687089
-9.941961259580225
-10.580665431782688
-8.235678573280627
-6.684291330127937
-10.152936717315827
-10.751211220859641
-8.87067723503205
-7.403733298924455
-9.356330362542636
-8.659112180872999
-7.601179059398396
-13.817923952344927
-15.697216924870109
-12.33389351916541
-6.438531300924819
-7.55365750866077
-7.882099897364089
-12.262150140927401
-9.194355216203904
-18.890978662469603
-8.293686248077023
-12.495139217631268
-11.211562469280812
-11.37390314799116
-13.052088704080102
-7.489079952105652
-7.549475293658747
-8.268457864118567
-9.300237502407228
-6.792705153471283
-11.698579685968086
-9.926179330645509
-11.160383615733588
-12.304316140352535
-15.411390890998335
-9.21842866110417
-7.34645102914238
-13.760569984873154
-8.414001435164623
-10.35987990139738
-15.015080947895397
-11.635010873475157
-11.867271202791603
-10.804921631606938
-8.267474049595958
-15.314119179747777
-17.331584160699244
-6.774226159851074
-11.73491640299656
-11.867483515348296
-9.347637062652836
-17.40250013421561
-10.867708147180089
-14.18932568710805
-6.648111436236621
-7.662623903306833
-13.128650696837399
-7.714867989132189
-15.056735103809546
-9.603597441363371
-16.77319353303993
-6.26197249300249
-8.027858224332896
-7.510590003501494
-15.00603216651218
-10.971689219590077
-6.220887484706009
-13.789278122527138
-13.20832617169603
-10.485540293826524
-11.863236556375382
-11.733741439165609
-7.535861814176157
-13.775689318832647
-9.941383475796663
-11.440101148188607
-9.480905096238132
-9.825948329497123
-9.08988675050902
-9.42737211197733
-11.60442823306354
-15.803544349946048
-6.419189040776659
-17.634337113504944
-11.615891744606216
-11.80791769494114
-8.322477072601922
-12.09758276125898
-7.406940065231499
-7.422113873469408
-9.148479988162757
-7.481303950157041
-6.255819156705391
-8.884746052265596
-11.71101798742124
-11.55116495251226
-7.374754471339421
-6.999742523042533
-6.364810353818755
-9.28342830438872
-11.548203170140765
-8.32771982374546
-6.398174862615931
-11.943346219786072
-6.215980755971992
-10.949251767170509
-8.907336345728766
-7.440187278265253
-9.689788291137415
-8.89860551193577
-12.111134818093875
-19.6892975562486
-8.67381503111494
-8.38884615389045
-10.279628490279832
-11.35529177427396
-16.27432850462739
-14.89252082049111
-8.889040805134501
-8.619002645340506
-7.977800429377287
-11.926786229872317
-12.679372287906856
-9.586417884275036
-7.729055616950349
-11.366519374673903
-7.8401314376252165
-14.392926523475303
-14.274830784252607
-7.665640415749382
-12.164235496693728
-14.31818048608233
-16.539594546020194
-7.506141995024105
-9.352716545117921
-9.174758339788747
-8.725523480889954
-6.74528673376244
-13.966416840293357
-9.79437079357658
-7.613592500145494
-9.630218657347882
-8.01975778064526
-10.079677905685111
-8.515568733640373
-10.85550799409658
-11.245693059935842
-10.312729837708469
-8.258122876299598
-15.130901702546874
-15.3458076781651
-11.69130794503388
-7.03385921557741
-10.618231323414644
-7.502319101583509
-11.327111937651324
-8.374052085331591
-9.454142908442883
-9.271382793063117
-7.360889770294816
-9.199088035277288
-17.966685509470228
-8.631635945095232
-8.002996410395976
-10.321528519299608
-8.384172988195761
-7.324521203678042
-8.986448602260046
-13.454357461261326
-7.569716032903761
-12.881478307153067
-8.960345010333546
-13.0816795063552
-10.966149473832328
-13.426600248910262
-10.374417781545135
-14.63711999920418
-6.568410718815623
-12.59132923872187
-11.58871548131917
-9.173793218205349
-10.435760068627571
-11.314030841352922
-12.680913145707253
-10.533994980087128
-10.34371749258341
-20.128368351402543
-6.269365962704757
-12.466837881780389
-16.67549133651223
-7.776804306228273
-12.445386821893567
-6.381719845280839
-7.234543124926371
-10.865144662230843
-10.97125758215292
-9.095314236969056
-7.988899139318571
-11.486967688279618
-10.716159089766643
-11.73837232610217
-13.645673504349087
-12.216655860535267
-9.863323882601534
-7.8232581012968225
-10.393240808370791
-8.449302815366062
-10.736063653134552
-9.603228303084581
-16.80547786219284
-10.763234909902977
-10.712684253361886
-8.295501802871133
-10.85898520228033
-15.252506174132627
-10.7731318271775
-10.93248785301159
-8.273151920058215
-7.297861576398175
-11.552850733195902
-8.589294478488622
-7.366900612299761
-9.953398292035324
-12.43767366214132
-12.395881762447926
-13.62637406612735
-14.724078292016488
-7.387694637773938
-8.139755358517501
-14.553708280344221
-8.84641264564404
-12.951103945234674
-9.794575620446203
-8.506228512989242
-15.945949992289663
-9.189667165018433
-8.990304848970963
-13.260413998427167
-11.530624244547253
-10.775274137070676
-10.283495815812042
-14.627998363492447
-11.94413626764505
-6.909240510455273
-13.717421154083695
-12.291599441390145
-8.825842061333057
-10.44547710300757
-10.676921037655063
-9.532223795363521
-7.33773285646808
-10.84175044673052
-10.643019733234027
-7.285800423119666
-11.23145981880088
-11.856139562115526
-13.660185731956595
-10.132256518931772
-12.170099485021117
-10.7120278569439
-6.512287680259847
-12.7026583927027
-17.77396777579247
-9.155766901324892
-7.38053057431427
-7.707606445678598
-15.635017328630333
-10.610523347959221
-15.092037886108047
-8.165670447490477
-9.855608006826746
-10.536640834955023
-11.993319063999934
-10.76714846893172
-11.528375681406585
-12.704898560620359
-10.53601439767114
-12.002825853222683
-9.728648952350886
-11.511269483325842
-11.026701496546986
-9.259562686846174
-9.024894342478033
-12.490552932273326
-12.031930383360741
-7.043791771233129
-7.5628915504712655
-8.048740690464468
-12.919076981148072
-14.65255393558593
-10.029824547782674
-12.465281298092917
-13.35127228450254
-11.122423723938581
-5.438293098474428
-9.077343124468383
-9.265860200120223
-7.04900307343887
-7.522416108227619
-9.584913485531672
-10.177861484825277
-9.400474869397982
-15.534797658381102
-10.044441488687742
-10.208840567804337
-14.712798996729767
-10.61438363795135
-10.036448276561504
-20.105845051689816
-9.52684710508939
-6.385420595469931
-7.8735092659905215
-16.575406945143133
-13.21358713040704
-9.417076910950327
-14.071092106295586
-8.890221814858087
-8.83589989960599
-7.322148223687571
-10.968471619312945
-11.605485617690915
-8.116346341528205
-6.687955385836913
-8.836685452053278
-15.50932638218934
-11.176253971517983
-14.382909503998132
-6.224756163628543
-11.22217653094781
-8.603724284741975
-11.612032435888013
-13.240074216519362
-10.377503481051551
-14.198309044870241
-10.601741517732789
-13.747389224797516
-8.561056112924785
-14.794375539630591
-10.416754117397822
-8.76805143223306
-12.0459857633365
-11.944335850505373
-11.702737521449057
-7.746591508698306
-9.1167153059809
-8.037711638333079
-10.639588876438438
-7.589932783791608
-10.408020406249904
-9.409427746192177
-10.088496833229371
-8.174647246614246
-5.949819812505298
-9.485648804361347
-10.536723029380243
-7.603223953222532
-8.987055461385873
-9.112631044925601
-10.4147114402828
-9.26092408373619
-11.170571801704847
-14.89627860161806
-8.809732349519795
-12.668888831243198
-9.324402178801144
-17.770846635931175
-9.521376176159565
-12.414079655427035
-9.643369669987063
-9.825080514772916
-13.628448895574364
-17.520575964209147
-11.518873224600267
-7.668272335812339
-18.44361974658461
-9.360482936761173
-12.353246438834827
-12.464002310715129
-7.941046131483996
-7.429598641207181
-7.065753984253634
-13.969625391553263
-7.905367768456487
-9.103646423828684
-7.428207580036559
-12.627440005431916
-9.45577280038353
-5.577934023282894
-14.514017083756599
-8.84178008033461
-6.1074897854903965
-6.879991899516196
-8.387830073971214
-8.322645359047874
-9.068959688759193
-13.761406625717592
-7.47238925782637
-8.01273903045761
-8.013748692001572
-15.880866373954154
-14.621042170579972
-15.72496715324525
-9.934471592142824
-7.457712217957502
-7.292750082151693
-8.377934222194162
-9.680263949374094
-10.932208397300467
-7.260980739995219
-13.67287835679499
-12.875757125239737
-6.684760410209457
-7.624166486682179
-18.20622623117317
-9.242790067522826
-7.101513117829868
-14.056073119133588
-11.492700773355464
-6.209190337305697
-7.107793850460734
-8.336310675554852
-9.62646887398553
-7.68987811447183
-6.933461980408183
-6.129646544709908
-8.322504847795164
-9.812012281159658
-9.941862853747775
-8.052998876536826
-10.611538295021955
-9.306595074899608
-13.992943670067998
-8.143633204475417
-11.152603424229603
-8.749352921872573
-20.061672625583245
-11.842429115338735
-7.756733206217701
-11.679399295780875
-12.583003212055988
-13.339571603240273
-10.310512873611934
-9.678001679615075
-11.527373752006406
-12.18362195598447
-10.608761897642694
-12.714843256532527
-11.181286654675784
-8.924814998900947
-8.523462666061892
-7.404352411017146
-12.978083885371705
-10.204034264551378
-12.021061431596534
-6.405602140013793
-7.811450646373547
-12.016247544422145
-8.91941325633152
-13.78985769467262
-17.72878981660939
-10.01613206010475
-7.789384380477896
-8.987984450297267
-9.262427918436806
-11.052608413063982
-14.141939505420108
-16.383611906703866
-8.104910542181813
-9.323112841762397
-9.872134346174528
-11.87215844576602
-13.921651136808348
-11.412212602515732
-10.042059967305839
-8.694241362644439
-14.597570139197192
-10.091811632112844
-10.323177716785935
-11.80817366864894
-9.21275056986789
-6.860988131920814
-17.160983351897443
-9.685420826315674
-10.778241231560699
-11.964856120361762
-12.058567182837022
-10.429878298453753
-15.700144449262435
-9.60716180720716
-18.187361591715614
-9.592754544367656
-9.392680006729375
-7.342506879117776
-6.883998230935784
-9.302926891369433
-7.872120306977253
-7.027256176934545
-11.020105940732002
-7.012976267201263
-11.388335117088953
-15.429832228431591
-12.249962831398143
-8.935894963658967
-12.11657471214967
-12.848266093548219
-8.166004853722209
-15.329675211370065
-8.895702977564843
-10.039123163405264
-12.434613618015497
-5.8198747543919085
-10.329351275949508
-12.69566274540219
-9.539279698085291
-13.812726130304403
-9.747050418988911
-10.003054816222013
-7.553237304468375
-6.625991732333183
-12.690094946392438
-10.698452402192872
-10.680315598751603
-7.172211721214246
-18.83171388975819
-9.043265910032634
-10.814316360540555
-7.97338821968023
-9.313765334754434
-11.190322908618459
-12.119577112507939
-13.452765180665676
-11.199417036587366
-8.929875489932638
-11.943095306544224
-8.843955137225661
-10.833586446794897
-12.049637095501172
-11.77658350894697
-10.345167084054863
-7.453027714408297
-9.266643016759422
-18.40318352410089
-7.7581470489591995
-14.87379374026472
-16.110755203334396
-12.950758952889087
-6.948282081500236
-8.213053913725853
-19.87762591527365
-8.931373643263266
-10.132319069229695
-11.205509089711459
-9.668877220448312
-8.397985443694214
-9.16484287204865
-12.155876947688565
-11.473910035920106
-5.678643360833687
-10.016133549859763
-7.4917015479304325
-8.815998879218174
-6.840797979207572
-11.184861570895992
-11.777088013997508
-11.395590091875164
-15.677078432872268
-8.621922341022175
-9.66253142991469
-13.519922422380105
-7.516270092532403
-7.0143598729878125
-9.244949063193163
-11.447953983860863
-7.015245282462631
-10.952723407956283
-9.589090293127047
-9.10971508156579
-11.207817561958313
-12.739364023190795
-9.338012690781577
-8.004203129234632
-8.988631250337768
-9.591314829058643
-15.17200958118247
-7.045204752965132
-14.445628043139514
-14.001824258180687
-11.358130947123849
-10.411040017685094
-9.988783404055091
-10.879231271868909
-6.718288628080866
-7.617244005193251
-11.240716123002262
-7.978042038780772
-11.687894427710084
-10.516151042672924
-12.783647334499264
-11.482889619154735
-7.614428436795367
-9.323738478118775
-9.297144843121847
-9.942792683966752
-9.851670608702472
-7.9781467847909
-8.379155443736067
-9.304356648254263
-7.8489277315768415
-10.767807946313129
-12.679173548272233
-7.567217250888906
-7.4503091278983415
-10.980612253163436
-10.389220912408877
-9.80835557497332
-10.431705437120636
-10.177059205382996
-17.12732141272262
-11.528009726445196
-18.529563628972117
-12.477584145407745
-11.07298431833563
-11.27898601783552
-14.0632736756815
-9.597509688344864
-9.348875474830946
-7.3864548358937965
-12.77968642899234
-6.023919236209671
-13.395898946464206
-7.272192165894979
-7.954885529923911
-14.09049575045814
-8.62474266093977
-9.159028721408298
-10.097537664470664
-8.953976240283724
-11.804335776594426
-8.980417606178722
-16.37457127400263
-7.449071604795818
-9.608798391831318
-9.168999376105818
-7.386020601684071
-16.960017192605225
-12.04138724791536
-8.688126871528148
-13.141741585779648
-11.271796879304942
-8.451948448178587
-7.605969411427125
-12.2289801044864
-8.745671370681102
-10.676486346055178
-8.079205547699196
-9.643969659413985
-8.071524828410789
-5.621464888430084
-15.060947797577741
-8.933355998001007
-11.08143813168472
-14.686857299257884
-9.842131086219304
-10.459512485032004
-11.434833554856446
-7.72924059754845
-11.984517886840637
-10.002415352447855
-13.539410442158184
-12.855180310861089
-8.36297645476173
-14.73675303236051
-11.170680844638929
-11.086077806379611
-6.637934116120183
-11.839629536464129
-11.19260554978643
-6.3210792019991695
-7.1565502451538165
-7.731302397334017
-9.80273348612794
-6.775765735146695
-5.6573186158310715
-13.80373898312574
-16.762608091320626
-9.604785408904187
-11.593499171856458
-15.832881146033992
-8.86041520405214
-7.247067912560769
-11.408838390297648
-7.03391685937409
-9.253113775260841
-7.272521587349196
-7.644767675107347
-7.44826196766865
-6.226160023260156
-13.209342479300233
-10.546741954350237
-10.919257878979725
-12.86250720885375
-15.657029845127076
-11.913904868779554
-9.320161192898667
-7.750561072117273
-11.896823745517585
-10.962831742895125
-8.796360061833246
-13.019197921512593
-9.12757517331871
-6.05165590495347
-12.070583412276354
-13.323485485026652
-7.06342522697137
-9.515723199395227
-14.373919486461004
-9.74799872979965
-12.097483538592329
-7.813521732810686
-12.90440026027099
-7.574944996267038
-15.179699995698638
-6.62954373547865
-13.329580344719535
-13.69524406154484
-6.593375867302869
-9.47587334905985
-14.114677073462097
-15.446431995678179
-9.358117628386397
-11.935663691579736
-12.239206829314986
-7.6852839844704075
-7.355768631757544
-10.751775615410084
-9.46058166211776
-20.95318956026606
-8.5072832145332
-8.395792781122136
-10.319684761130786
-8.676677387317044
-9.653600405561512
-8.326816889828537
-11.618707452651062
-7.273900548257301
-9.191601258426175
-12.397823140074282
-7.342749148489456
-6.655416097199356
-9.216336327567578
-9.491471395812058
-7.324829024032153
-10.39346919019478
-8.588306561960966
-12.527241665858984
-10.406386068648398
-9.515712664499937
-15.065235642570158
-12.086363782036198
-8.223051328656222
-13.435465252038739
-8.043886785110473
-10.897075636320391
-7.83108338233295
-14.039678317261904
-13.502306943341523
-7.447804588721073
-8.637953715618202
-14.666404087658227
-11.062946855540064
-7.432372689017252
-6.376997055760195
-8.739490103949208
-12.072690397301141
-7.564445801982421
-6.623060606471519
-8.487845627851454
-8.702690148673755
-10.027672271814751
-12.678188402359636
-9.681751312275022
-11.106412405026367
-8.29899119735858
-7.711514608690615
-12.659582257455531
-6.5224993092064905
-9.092215469479674
-8.873273378719452
-10.253854642045352
-8.107095171965682
-5.605848076854327
-11.654207876861525
-10.915403364267334
-14.759108888504175
-6.567797712793689
-7.0320190858778515
-9.24630118243144
-8.049775474291499
-8.650641821143232
-8.93983526003334
-9.696163613944595
-7.955276811579243
-14.912615839461953
-10.232158731003118
-12.488696378337744
-10.120100993688018
-7.08479215681183
-8.060421109601371
-11.078775420065387
-20.376886759492738
-11.336782457674866
-14.5686612526661
-11.523358137211318
-12.088456236336938
-7.307750205476848
-7.882710022745385
-10.074070960074108
-8.744671744221558
-12.461258264780065
-17.348810389561105
-7.270592342930649
-9.57009892810217
-7.353899440956866
-9.900322191054974
-8.339817440828238
-12.228787341204674
-14.835265672454444
-10.245640504782973
-7.697487633133953
-7.50717180856532
-9.163611328878687
-8.878104747765093
-12.90170889910138
-9.695873378614323
-8.89559187548792
-14.211124326487692
-9.194489098207118
-9.811119584524787
-11.878714299301723
-8.537136950716835
-12.802234162949436
-7.9124788251082006
-9.977477271173033
-17.439298731648304
-8.42530920681015
-10.021484488147319
-8.646382854403978
-10.592626411482517
-7.96374453433853
-7.401332542359464
-9.047734427834678
-8.247761368199264
-13.93564648943866
-8.75234788823663
-8.497819938549773
-11.436280658336894
-13.986739737295864
-12.657535570442828
-16.926096198300886
-9.21928207165283
-9.497019317401964
-8.62204730553999
-5.74597325374056
-8.744195252866994
-10.2044103237912
-10.527647971868223
-11.473535989082324
-8.878782500081925
-11.51410069533121
-8.228603013633963
-12.404788400277017
-7.691873236839216
-9.883228576861573
-10.402496307784904
-10.626596670541364
-10.577742351135488
-13.237657060810392
-13.641823673083648
-6.941842558017756
-11.646049019483879
-11.648309568425383
-8.151870672335074
-11.242020076824893
-6.982370459655706
-10.248988025256159
-11.57052554582647
-7.429085322257632
-9.012867856605885
-11.127376539900641
-9.275281690534412
-14.547224134918123
-9.310399428886504
-15.127127971293618
-12.271022005135837
-9.262144210006394
-9.550662409975311
-7.937092835539248
-7.810617922980367
-5.916033034790671
-7.960856538746555
-11.6046827316541
-15.449472768563814
-8.742031629727814
-10.803701738998745
-11.10767103491673
-8.781320598156489
-11.896118344491189
-10.06073321177108
-8.843379777866595
-12.653447380897942
-7.967092652239536
-10.462258914536934
-5.9324480939555375
-11.79976896324734
-17.357055652816825
-10.906580340964474
-6.905190686632427
-9.538315079590078
-8.408272466165517
-12.158548323740362
-12.60312330273404
-9.452446619950212
-7.2530890476269825
-11.297928351997816
-9.206725471743301
-9.660365912073763
-6.048498920990607
-10.095092583316106
-15.92821222373178
-7.174121215673596
-10.863059118378427
-11.0143412002389
-6.8772572592307215
-12.47093218847253
-13.299527386972946
-12.663508801769071
-10.485622858376175
-12.944496825106377
-11.379886895760974
-9.036329593897259
-8.163048145749155
-15.530433198109035
-13.819870663049866
-8.951322273020729
-7.805678259856387
-10.305886620817112
-13.026462808140815
-9.144154531182295
-8.211217916722479
-11.614161529377148
-9.518204518413912
-10.366615402327533
-12.406856711463282
-7.650391689469841
-12.907964458300881
-7.433498374021778
-10.584364117821647
-10.002251814130359
-15.510039895170564
-15.894002926531998
-14.48614199976257
-12.945163402971914
-16.099601276451306
-10.732147993521943
-8.246679687006656
-7.986404244204401
-7.37430765581467
-14.473841354867018
-13.880371290233107
-9.702325463118113
-12.113503941460886
-7.331417311534201
-7.632259495320684
-7.624622327650376
-7.2376465799575795
-9.494831970565668
-13.573018740614813
-10.682629754416293
-12.055242050183423
-7.082230823170851
-15.203165411239672
-6.879305270421955
-7.923483296115305
-7.057069113968556
-9.891722080243262
-10.132674232794649
-7.608319094848296
-9.64937340484168
-8.032961933923279
-7.683175004759062
-14.93657965578755
-8.06954827776076
-9.333706277713762
-6.81306146832657
-9.861853955396152
-7.303354967193568
-7.921821583258646
-7.235836729647836
-11.298208098165071
-11.036175594592665
-11.127016146262513
-6.4332508653173734
-7.868696444303856
-8.649113243340807
-12.330748444854649
-9.646714336972286
-7.727019851608749
-7.970218493994087
-13.819369533707626
-9.359965075983617
-12.570536049536429
-7.433587463780787
-10.089903141043882
-17.326085211951767
-7.1921909739550784
-9.22871636679366
-14.735013615420613
-10.658180871776295
-9.275006888500824
-10.124577363364317
-7.850553915092402
-8.044644103870635
-8.243299166707653
-11.306843601358247
-16.951378973948312
-11.758647390064164
-12.753120462143135
-13.66742381428205
-9.871700482447501
-7.046211636711126
-8.406627021147987
-10.473930000139847
-12.583281263616144
-7.491278067920887
-8.533728907826498
-19.75709896076918
-8.621506071014723
-8.439484410720064
-8.68793617887052
-9.00244014376716
-10.20934125857217
-8.137470856205788
-8.832194172378697
-9.912157057358163
-11.804697156903272
-11.649462980684309
-14.06387901064693
-10.27843370096097
-8.989850538968755
-6.589367626991565
-11.62381740372589
-10.245416797465126
-18.02214557310386
-14.185924211724299
-11.529889029523122
-8.357331667637808
-13.29586003432853
-10.542980013216601
-9.455565673574606
-13.077744898825056
-14.24649856258254
-8.47352147069051
-5.4952183329584825
-13.58172027461071
-6.845629887754395
-10.803261005314285
-8.437115422055026
-11.815771223235696
-7.733546793871925
-11.865919587228285
-14.212974945344216
-9.119451668552006
-9.75161106261603
-11.755720225880816
-18.118638843384442
-7.082901202021424
-6.892471605929059
-12.810868466308674
-6.95306144796313
-9.524780940457191
-10.965101525840403
-8.941895108779656
-11.548142265455065
-16.945790887631965
-11.87483123334466
-9.317337310547654
-8.495280883534122
-18.00898146045859
-12.811489175428878
-12.639817907396653
-8.977743298340595
-9.682566978028136
-12.532089324308993
-14.068922326779708
-8.075426117563714
-6.71641639112901
-8.779858229773097
-10.023200631742503
-13.521620534616417
-11.530753397812475
-11.417826589633384
-17.62914952151672
-8.003596389600178
-12.957305353233675
-7.409468416756213
-7.9258952110750425
-8.792633137104982
-7.363678085055391
-11.758487718474369
-9.370067509898142
-10.626247718365862
-8.123347336178089
-12.00075408678033
-10.425451437577882
-7.937777490833944
-8.361845076294822
-11.698818864518364
-9.785402998819665
-11.074722550895183
-11.108399650173517
-11.062836250899009
-11.902222760545666
-8.198164161401365
-10.572450145938875
-10.603130933315613
-8.550871666904703
-8.189871429961817
-10.275419688114185
-18.47728646212033
-12.710558963729657
-11.648417416732295
-8.223316210858659
-15.906735596735745
-12.161457588675074
-10.302485843591455
-10.8568790646957
-9.134340192005
-8.721227668690036
-11.389926036199403
-13.63436854994254
-9.922814290329496
-12.41786339142823
-11.201244811925223
-11.284940717012418
-9.903771931203579
-9.458900037054457
-10.27897215585823
-8.059624953059155
-9.367463198195457
-9.987282682169308
-10.515624308077063
-8.188903882892035
-9.937211042265655
-9.64089360640348
-7.563470467421947
-7.3995506675528295
-9.253894625197413
-13.786373389281467
-9.398349356431757
-6.275732677408523
-10.020553663970542
-10.513893887816737
-9.896960291036267
-9.455184255258928
-6.926523860199094
-11.335809014921013
-7.952354209843126
-8.496497098249304
-10.546771383805014
-15.602135454112634
-8.56217494438807
-13.070729425376502
-7.622935301656624
-7.271847860283294
-8.160251351492283
-9.460875690179124
-12.818187648035504
-12.812333138887082
-6.3371813059818916
-7.020596582434199
-14.073573870755181
-15.37190869363094
-10.722003339834844
-8.88062311635855
-5.87438310481495
-10.420382340867366
-10.307383043322336
-7.343312485137152
-8.751869767652556
-8.786382905329157
-9.355871415410878
-10.86500803282241
-9.348330003763538
-9.90471160167316
-5.975186229364488
-7.975662588789723
-7.804714098947397
-12.443201321922926
-10.397525313996129
-10.592944487028193
-10.447878462141265
-8.60220244581724
-6.7598435078396575
-7.176633242368588
-11.493379937584505
-12.323568252863632
-9.49290924801565
-13.02887674311786
-8.72661363960566
-13.797254978931804
-8.364517642888469
-7.655069102452568
-5.92146450452003
-7.951875665152921
-8.960076965777606
-8.364644851809524
-8.244143347965531
-16.294930978312596
-7.424805472639605
-14.346782262124778
-11.174631999236356
-10.02059354103425
-11.168689044094137
-7.470804047984282
-10.468071582519375
-11.96352726567693
-7.076076617497536
-15.29392070535511
-11.558735532252625
-8.197600828940605
-8.431502427272145
-8.951753197779537
-12.667354019678985
-11.391666263951388
-6.816103078560866
-14.555524349511137
-7.838519061794159
-9.290059477548393
-7.703760127126791
-8.761378589926768
-8.61173322439478
-7.98563450689087
-11.102436828383718
-15.039130935417448
-12.755857666778773
-11.504707825505479
-8.460552964007626
-11.460357962532001
-11.135373482889378
-7.814167795679628
-8.031351410690267
-9.053348247627154
-9.185529283553642
-9.9431687929216
-7.760054065734184
-10.352064724613255
-15.466025934746416
-11.611198678554976
-14.284130770142294
-6.9143519959401525
-9.294348409827638
-10.680219099060018
-9.95654679819311
-9.139131840272704
-11.517808449822665
-9.880911056152515
-10.173165135526533
-13.08135947468432
-7.770443218239996
-11.475157106727378
-9.590430605128626
-8.611173904358374
-10.497939739981739
-9.048227076320572
-7.469465568753301
-15.000427579512925
-11.114001362282512
-10.045143848883201
-9.666452361058267
-10.50947618497691
-9.90988660135004
-8.932739817378646
-11.4993309458373
-8.64665683321441
-10.448198351901853
-15.43176418197707
-7.712023828704299
-8.504212575545514
-9.48292032935822
-13.899467707883396
-12.458060574978106
-7.183884379336458
-7.529357718355885
-10.718673310445757
-10.451551275273637
-13.706317545437036
-11.566470319354421
-9.502633269502313
-14.222810649864007
-10.582798966829946
-10.607799878762812
-10.501456506802405
-12.043575112635038
-10.998983067181102
-10.703877649709984
-11.808615379538749
-6.814260192312542
-10.233935239736642
-10.708640174157603
-9.194644105648479
-16.83756937107663
-9.81137357646786
-9.444221542933988
-11.826858326116556
-10.039596480387141
-9.1442353273799
-17.008453200367097
-12.631878915867441
-12.702814928854565
-11.723360146440527
-10.286428642191886
-13.812470242190535
-9.602687576802566
-10.270632366285767
-7.508700349677397
-11.109507684024516
-7.5582968669903225
-7.4472428144174785
-10.916327038939242
-6.815102883498948
-8.706506754557934
-12.044841934180145
-8.794502865964558
-10.510316790950958
-17.127532218464975
-8.365968978916484
-10.28068295058234
-7.52945102405264
-12.069339890531614
-8.03463761712858
-7.815218279171183
-13.805133907697881
-11.242625778766971
-7.295296561176934
-11.532380443758099
-6.9169225737875975
-8.883545667141684
-9.809803061466354
-11.423116232991303
-9.822870029865785
-8.391223902138353
-7.9110210922466875
-13.08266174801207
-7.566365997298894
-11.078355193331236
-8.69283505402855
-7.698660426326864
-12.134184676082954
-10.327081623576536
-11.83591020772319
-6.00809182158118
-14.24966304623565
-6.770452097742381
-11.172696009699672
-8.200261320790702
-15.70275080182931
-10.059296497970443
-8.915839046369733
-8.61043145698431
-12.831538996981584
-10.461425456982326
-12.289587293559073
-9.00561979031757
-10.916185556687683
-8.072342495047392
-14.988698347091049
-8.085907513827472
-9.824899316430455
-12.139301144593132
-16.009182588718176
-20.46488560901339
-11.243337250458714
-9.079845007346277
-11.439252556765934
-14.68532817078781
-7.072914762224464
-8.89433067147211
-10.536200852401059
-14.21578620578535
-9.218477949408248
-12.760130641784505
-9.53661388849094
-5.82444071017856
-8.962304351259522
-9.221800242556435
-12.288073517468314
-7.619443726148685
-6.465951273266329
-11.782250016864777
-9.94627980472384
-8.179414158500979
-8.716838936713511
-12.321706320127097
-10.330911154180082
-15.762554654847456
-9.517306296083916
-9.429944371999609
-11.389624132850368
-8.607079563711814
-9.162590657735254
-10.869347040647284
-8.874802064480525
-8.975548249090957
-13.064916676995015
-14.327043325188539
-11.742234993293199
-10.780320679783735
-7.54566601397749
-7.8514373237489705
-6.81197826422354
-11.781325335343888
-10.005389876463916
-8.31422822767282
-11.166709814424712
-12.161575675152612
-10.353644611028225
-8.080276409004135
-6.788519650326389
-10.02868956713376
-9.006342543234771
-9.436932603494723
-10.991660830257302
-11.73108027477634
-9.796662708233614
-9.995788266150967
-12.76735970027914
-8.887316256548344
-7.2830065370806025
-14.098539826277777
-8.529423928846104
-9.532145428390612
-11.626205451906598
-12.95656162823132
-8.071230200016174
-7.76930776714484
-7.321064965511407
-14.955892477850252
-10.425857282817672
-9.741975245247355
-7.169593722721206
-14.941585310808536
-8.684358946278758
-15.37277583080749
-13.73733447709589
-9.659832751322915
-13.275830250980459
-12.160800181890835
-9.57294807338574
-8.063740549779432
-6.621706767469497
-17.347394904564595
-8.028913361816887
-10.863908178561351
-11.439495024220331
-6.592480589542204
-9.26544735573509
-18.10509021233834
-18.305355573094136
-9.655031491257397
-6.101142860636123
-8.209590787153608
-8.390107060785873
-9.47663881742827
-12.299288752581148
-9.213884275295442
-11.592739985482803
-7.341084485776117
-9.724601007906633
-11.483784510497633
-13.419722705805691
-6.407200279547987
-8.0308885009401
-9.289093533377322
-8.695442810153903
-6.7638359679702145
-5.433018983696456
-11.530659044556327
-11.783162018789202
-8.167399260786743
-6.337923625400451
-7.9544851857798315
-9.69380564410248
-11.709829244196328
-8.227476494642394
-14.383485062713461
-12.17708919354348
-9.468400673971933
-8.513283165716098
-8.8800234895849
-10.991299473705249
-18.330000813084798
-9.205746793457507
-13.162701533641185
-7.75190557190688
-10.241385134767373
-10.791753736003386
-12.535882899446438
-8.677289838686
-15.770259476517976
-15.710410611068477
-7.212335269739869
-8.13686139148085
-8.767814514749425
-7.68287753896326
-15.953589243488809
-9.650117717814952
-6.9050360417976675
-8.502467390790999
-10.617420771497764
-9.087322063772636
-11.435529469294067
-10.862429945447138
-12.160632506027234
-11.259581703083432
-9.921827746697229
-8.415865246029126
-8.994339603238204
-14.122981941398267
-9.697050792571293
-17.57041831825054
-9.25944605301284
-11.205752617886148
-8.095295045274133
-8.162312936213382
-12.58338668783356
-11.966876289673957
-8.07426807571323
-10.173879990190445
-8.58384361494509
-10.36043856696941
-14.388809432249143
-10.128698573939559
-10.644621696319888
-13.56265133555841
-9.725809099268936
-9.268904769391893
-9.55496259984787
-8.37665497360494
-10.520842884175122
-12.942278374060068
-9.474498879441597
-10.931833727610625
-10.747382658990416
-16.279506125652862
-12.090862182469023
-8.630377851189692
-15.6269074091519
-13.441008033645703
-13.82633609030318
-9.712598007140066
-9.511634718618675
-8.986552161229312
-8.542533019171263
-8.503163559133926
-10.773751663159587
-9.949481449889246
-8.239722977113312
-10.306084656199369
-8.141616371875163
-9.958252439751758
-12.026187907369659
-7.611896262892454
-5.968066818877941
-12.443645120777667
-6.570041365018876
-8.343691712859721
-10.929711061927662
-11.576049348257174
-10.719448194445672
-9.259129028012698
-8.369947901961302
-9.931661776642484
-9.27884663704441
-7.8546511548441424
-12.04270955619353
-9.944217631434842
-10.419464559232381
-14.679020717520606
-9.766924991257223
-13.745899700980635
-14.112700295003023
-10.091278203417708
-12.908236425443777
-9.544886971398833
-7.282527973895923
-12.29736346427633
-13.289722136149486
-12.519693485512247
-10.523109065584379
-7.488924401961614
-6.309442959838509
-10.569065402218419
-8.85375919761499
-14.839978579157712
-14.158559772817023
-9.88023058278193
-13.167790519930138
-12.469836060438814
-9.580622637702222
-6.1422007456641685
-10.979256919600989
-11.367199997457858
-6.99373871175488
-9.829051821437846
-9.996878700227391
-9.07223845012858
-10.105470513198547
-12.722197979478016
-15.428383955307424
-17.142692269028807
-9.620971928631644
-7.987407703107743
-8.704621494268663
-11.550375238484845
-11.121535163596324
-11.05773899321067
-11.805840538605388
-10.03519425221167
-8.23236272594517
-16.709059427533532
-9.434105210144343
-10.861834640229311
-17.80559613934291
-10.05824178788771
-9.647588350589569
-9.232094510950429
-14.184949853771347
-8.691187644722904
-8.739475646646103
-12.604837644407406
-10.995538345486251
-9.122938073512575
-8.010152583929044
-12.34633430426568
-7.80000429066287
-12.409039173072497
-8.533056165222385
-11.624530465262941
-11.604335191371213
-8.26307276774451
-11.558033158570966
-10.782162751171072
-11.08809338861114
-14.420580894706326
-13.215761334312335
-10.497173120108826
-11.091233435556754
-10.563133607422289
-12.042322178197924
-8.543402391025822
-8.951009964126802
-11.22492486563188
-8.621173853399814
-15.877958709216113
-9.06958411858161
-11.523796232189541
-10.63400202988845
-17.772551857520835
-8.175749745811956
-8.846516674340418
-7.850926789275182
-8.884555120218304
-9.633607406435367
-14.254679848255108
-10.605692550530128
-19.91904861256196
-8.577433464154
-8.215705474064547
-7.89561489698829
-12.933947420749629
-10.027679822476472
-9.942991117224802
-7.361732411266114
-9.419290289544955
-11.334224093444384
-10.866068789253637
-12.697253623946928
-12.47456465197491
-9.207778873674856
-9.505642432733277
-11.43410380795117
-7.76215582596956
-8.926055029177304
-11.473373732531154
-12.073210715808253
-12.343831945067766
-13.157785263940845
-9.99171713181361
-10.499204395154909
-10.740343183357753
-12.106305604068496
-8.71121469202882
-7.2248004646869095
-10.366731426583717
-10.219570184500139
-6.628127339067165
-9.199046369846142
-8.372084804359883
-10.548428336809664
-12.675433535047574
-9.152158231106611
-8.279576930837354
-14.156481552474611
-6.983827835507394
-11.495059563167704
-9.241145370244933
-11.267091245930835
-16.78941600454368
-13.31340071233165
-11.091497514584033
-12.354886323413984
-7.511619181995063
-9.314770617862331
-6.7682866763546725
-10.523600428708423
-5.362435142502379
-10.291626481733037
-10.41540647649981
-13.736024615283169
-15.075696730561905
-7.987871557710577
-6.850947328395208
-8.59750477950544
-8.65387796088735
-7.346391722361479
-8.63329396848723
-8.770253510499101
-9.53297062323989
-12.009095145026983
-12.503306106984994
-11.010589118772076
-7.237476349607249
-11.222219829591223
-12.117784269694244
-7.808989689722653
-11.683691365864707
-7.320246200698199
-11.733592603219316
-10.885464208052744
-11.525691842770609
-12.68641205417865
-9.281500976677236
-11.209264806913907
-8.85918137872359
-7.974777834581852
-11.243382450645404
-16.3654260513833
-10.317170149081415
-10.478154435824989
-9.000873663218236
-13.10476293653094
-6.267638152869141
-6.305360023260254
-15.197739563706186
-7.9962381043255
-9.645592845298763
-8.686951281706914
-8.224811718832388
-14.127042004561586
-12.760881619977942
-8.403174576927915
-12.47923386484473
-14.942313704768583
-11.675548473519934
-11.049760415664517
-7.830750341669375
-5.591879535155377
-9.775998001864984
-6.1129836593142794
-9.904416332560256
-9.107563395887059
-12.685993417255258
-14.072861099602484
-13.34234099601554
-15.533169319655114
-8.592718647566
-9.602094825216186
-7.539412494495661
-10.031209436780129
-9.846101551361697
-8.145669140459564
-11.945262373760613
-11.717611553333917
-10.36660122175511
-5.368646341119987
-12.770289585701876
-9.165652930630767
-13.497590203166775
-9.88615777633001
-8.674181428805106
-11.101256649265723
-7.991857141820807
-15.62377430448143
-9.925413654251965
-12.190207287902771
-8.966772485116964
-10.597748732834141
-9.395878134943569
-12.115751666115575
-7.196510679995445
-11.183990773714951
-11.066657261492631
-10.104692919355331
-11.639153253702922
-9.361487185900428
-7.792361374304753
-8.590348696479664
-10.45789475892358
-7.2933262117955335
-10.188194956818432
-8.715464096427473
-6.98041183710019
-9.56168611094386
-7.115100626709131
-14.050612007022922
-7.745572167478835
-10.03245068513691
-8.572847177962505
-10.605679138517072
-13.048192030075416
-9.536621806219676
-9.291999949936065
-7.200871768998606
-8.624203707882106
-11.659188900568392
-12.47436362704317
-10.671128142910545
-8.30447715958684
-9.151466966179017
-11.815997978840201
-11.381262112796087
-11.63058421076809
-12.78888263256243
-10.374186802155807
-9.523902371043112
-8.68158641955817
-13.640507153791035
-8.522549124215502
-11.783738258618566
-16.491871342834546
-11.511937516412598
-9.666876251934577
-11.421302900540311
-12.709808622748874
-10.500487937720413
-11.939224810100853
-10.386976615462286
-12.150171908809561
-8.909486888584066
-6.846431412250544
-14.636197146459837
-10.636514102494157
-8.437268705606936
-9.654360198149352
-10.964811247025
-11.300299913724226
-5.904927174019979
-7.446929719261477
-9.722925599486718
-8.393398321287712
-8.455894727817116
-9.255363648789702
-7.635746536765897
-7.835424459733539
-9.840024047479652
-6.353240278266823
-8.119571111379942
-9.424319341832218
-12.0934077350682
-8.246688688409082
-9.417951889320474
-9.901585572835733
-7.601548698915195
-9.3802064163627
-8.53803719951813
-10.145508206419919
-12.938973129668373
-9.900035810368498
-9.301024873016468
-13.980705694550158
-12.006612876750443
-12.902573214265063
-7.174609609733763
-7.151839042208391
-6.182578256469821
-8.366610123284342
-8.638790917626743
-7.611919956136264
-7.609590193558848
-6.617651687088186
-10.99140662013101
-8.98211132377208
-15.352840393357644
-9.970369696557876
-14.369718046099521
-11.020644379785077
-10.265358367456955
-7.243167024414424
-10.323780173892414
-16.25533141516538
-7.232472892354707
-10.28858599259975
-8.715147150954827
-11.660722885073028
-10.807160045303155
-8.74644567620005
-7.82627105027069
-9.2096379460547
-11.509163184407608
-11.393893717403056
-10.760304225097244
-6.1196076094630945
-6.109007206324862
-7.9479714771440655
-12.5471171858917
-9.149948987336998
-8.424253361094241
-13.690319795460205
-7.567097110875807
-8.027840009969575
-9.420716440258259
-7.900166805067408
-10.963688975597284
-9.38985147433708
-10.108459120047899
-12.64090859852101
-8.652802905519076
-12.082915311780454
-13.316743820219475
-12.804309033795747
-9.963641565094163
-10.326498846380375
-11.598920157085558
-9.214492399186618
-11.783333319170696
-8.843834460333873
-9.139263577254171
-9.732814209447323
-11.772316847394055
-13.833996978356604
-16.429966494985642
-13.14855619901643
-17.261503878719445
-7.649915594080682
-7.451118219977461
-11.485615497762035
-8.242294809644429
-8.205970426815648
-13.199566866158651
-9.6017497174667
-12.457377406369483
-8.459350339569115
-6.967208912690749
-7.932795985886208
-9.759025185095478
-7.16103825437229
-9.423615695908705
-9.674300607764515
-11.855339211357082
-9.26623098811888
-9.611515085946914
-7.7179766445202915
-9.66847607677106
-8.529146915131445
-10.405104642661485
-8.64503908828228
-17.11321742708976
-11.534589917632534
-7.580974317897958
-14.474416641541515
-7.398331946596635
-11.073140394421431
-9.090750361557049
-15.437648846821705
-14.171404406268698
-10.24447783621315
-13.252070563379643
-9.602950652082468
-16.523080661337048
-14.209715104054785
-12.278570878470665
-7.07115646931429
-14.04283376215176
-14.105195464257136
-8.786688735757178
-10.342551793440963
-7.941448131384102
-16.24299970942751
-9.097924499543415
-13.243337832541146
-17.985289683530553
-8.208818567929184
-7.686835836987992
-12.611028140069426
-7.994575807141806
-9.842880669845405
-11.78053448837174
-19.38278056073548
-10.009929774276255
-7.761063622611511
-11.613362671372023
-17.782287102981268
-11.455337976874992
-11.18820413913223
-11.94737530553707
-7.504668310453752
-9.742980394281753
-10.09875350169898
-15.806139435892737
-16.090289131643384
-8.89054328164496
-10.410035821267474
-8.209523010877982
-8.767774680382136
-11.050861716777105
-9.886262086251778
-7.767922853257902
-7.322752071528402
-11.428445691438872
-12.18562898071978
-7.954361197964995
-9.809288509358952
-9.055561958659789
-9.8931979720035
-9.666272863030867
-8.785682316014189
-9.414254142253649
-9.171682815389017
-10.305254937938459
-12.92371245571676
-12.945504520385503
-12.799177457464832
-8.187888921497516
-6.766773972076222
-10.176703354788813
-15.773400594427105
-18.2279323956167
-14.561600819941646
-8.357855640901699
-11.115671049966076
-9.521721071706798
-9.798020882024819
-8.21300739471717
-12.912921832420448
-12.487361005776373
-6.554971209233033
-7.854780719748506
-16.35505977731455
-15.846019824081859
-12.299150841055964
-10.243479772089062
-10.598263091187237
-20.819428104971735
-10.88837346484678
-18.00597488147853
-15.252765052454889
-8.717793777883637
-8.828543553522191
-7.848488349375196
-12.050120976800457
-12.249641468964915
-14.629098234202822
-6.627870507146991
-7.492275929643788
-13.863279639936028
-11.62166261142391
-7.318865901290446
-12.933880943656575
-10.556351751179625
-14.578419912882836
-7.519317000844667
-9.693977855275596
-11.065614437951979
-10.34097052971987
-17.4302879713627
-6.355844653971212
-8.642244098720285
-7.029857549757613
-9.20454570178336
-11.047604316573247
-12.371293754913353
-11.774648698649589
-6.372851671035755
-11.177114605649262
-16.93681993142132
-14.742365652593723
-19.878238600837797
-15.632669187180333
-8.320334851671115
-15.75986311079005
-10.525216293827754
-9.88930317089624
-10.071919690798053
-12.750193600931693
-11.068813253445049
-8.05436051334542
-7.434144417929715
-8.759411281197387
-12.29331541887889
-7.874601335720057
-7.64959252541604
-14.122101195883943
-11.731375759261802
-6.282937129318525
-10.947979823834746
-8.927097124616033
-11.197354532333199
-11.42262307790037
-8.152390815374467
-7.999962415476949
-6.04390272023509
-10.559084144006
-8.457102994889874
-10.123940021414365
-9.473296880533322
-12.35220062812453
-9.657591820293154
-10.034882821637304
-8.954462287492458
-7.984416426013648
-7.760461028445048
-10.8562185129664
-10.397990074727389
-9.109220334958442
-11.614156036933428
-10.673666973137697
-10.447502629222367
-10.83968168968559
-8.108553131248414
-8.052630450628396
-20.920311733812657
-10.46214293355689
-11.59385272622605
-15.053618610232432
-8.25535027290286
-11.72088762768526
-14.432306168612095
-10.488285329045123
-9.197799504106362
-11.153344924027174
-7.067027038366092
-6.31957127693562
-12.005508541593288
-13.89696519869058
-7.745163836182475
-7.451423242686077
-15.604740353285026
-9.906139533321781
-8.061057391440578
-9.514091413986192
-10.931854560649667
-9.864429685937491
-9.248724966330549
-7.585615632460147
-12.125873315499907
-9.642222467776392
-7.606101671925398
-9.15976336447879
-11.12693356652018
-10.410467546704583
-15.706016546031934
-10.804335931017532
-11.76279640558146
-10.109815597256993
-7.148266385509763
-11.885050146099339
-7.2785796251911625
-9.221932239743472
-6.78158318615437
-9.821247477394285
-11.943449487782797
-8.020989185656473
-11.674154147747414
-11.232211828792728
-6.86032470600521
-12.595906718931207
-12.917748460438146
-17.9744370738226
-10.768245990132042
-8.000291642597027
-9.470925089686414
-12.485497780084534
-10.08466908929495
-8.16380961301046
-8.98305950642609
-10.298189134558177
-10.84883110326856
-11.117133141441403
-8.903952983962567
-9.675525676379015
-10.721625931112161
-10.80868121497262
-7.970772559864147
-9.840271477275948
-15.065371417932548
-8.494169988579307
-8.243413269593743
-14.557127502810411
-12.796161047159055
-8.942934096118451
-8.211727560957804
-12.9743751546719
-10.045735719428977
-11.747428548794
-11.548579989278519
-10.321248405098613
-14.842875470774139
-11.368323139581808
-14.31330194452563
-9.366302610990369
-7.758659138134595
-8.046489177100133
-10.02029517575277
-12.163486559997121
-13.684446175317978
-10.051592590669767
-7.276684567014559
-16.55530814351716
-6.120140259095531
-11.610644481087258
-8.239074096748098
-6.799193699173513
-11.960460324218047
-11.295990364025663
-15.265768921232258
-10.90689064865373
-11.824323862864306
-9.165221207780748
-7.362481481264066
-19.389237483710865
-7.299219602490366
-8.629677409870547
-14.024133679581675
-11.935495646731283
-8.494885443132956
-14.393736670435166
-10.928766109806444
-11.4925236954981
-12.316165464940369
-8.558865581104396
-11.9786348818894
-7.829611944033846
-8.867649207297305
-8.17418345782409
-12.76498652214394
-7.954295362063337
-17.045318716359255
-9.430036663204172
-12.815080608465417
-12.496508851601245
-10.495367390220755
-12.979881612364371
-14.117589741845245
-11.962101517475809
-7.984443446088799
-8.64126229557145
-7.741839000880243
-8.051461135998373
-8.075254478446627
-15.1334140035251
-10.739921359926468
-10.251628200000416
-7.943052583206857
-8.159261881931979
-7.70887388671328
-9.225033521550268
-6.807834052931846
-11.813107390244964
-6.726723089596486
-9.012257427827326
-14.357584863413905
-8.644000105456865
-9.837297402559331
-12.564429738944575
-15.687944853302218
-9.493661698334083
-10.366134648837875
-16.019173429422626
-11.5361523966504
-14.050002511845454
-7.434409542190198
-8.456253146647231
-15.742312154820784
-10.020042027636794
-10.661960770522274
-12.794866384489788
-8.126400050225326
-11.577733444814477
-14.2413464553153
-7.510284990294785
-8.821092337010258
-9.704467131833692
-7.203917655000028
-7.978060197254624
-6.488179927995309
-11.537067655575541
-6.191536398230685
-18.452012471202035
-11.082483756629571
-12.541492443804094
-7.728164449865388
-13.780680554249983
-10.697643930019943
-9.247979741162952
-9.26120947939271
-12.644611491160001
-6.513214513800281
-10.798120043325614
-13.852582910141999
-15.135557625589543
-11.834837811162522
-9.930420485132895
-7.814238457816715
-7.237816424020683
-10.254405251141035
-6.946141498052702
-9.191429937624326
-9.66230536326531
-6.297324608074873
-9.439250836643973
-13.078569922050654
-10.235101798098944
-13.016670870957253
-11.365756400230673
-11.498484901276166
-9.783596055293934
-5.629947260209374
-16.025987288883623
-11.072929650885186
-9.176641139696489
-6.956588738205401
-12.00033010628742
-10.335322446405621
-11.397110858696719
-10.593522031513984
-7.688717204502588
-10.311076601676682
-9.745064138413651
-10.392560308103764
-8.641559870592191
-10.24630900604282
-13.89447482349795
-9.267696871550042
-8.45300446612999
-9.938831986813751
-7.18476611999839
-9.554542222782866
-6.600253568678317
-7.645101202699166
-12.07733348394775
-11.338840413663592
-11.170942769158415
-12.24258844177054
-8.88189664570872
-15.453515114856032
-14.31040592781291
-9.699218104386013
-8.251241388001741
-8.80759030311692
-7.8399944343455115
-9.404308552120787
-10.794503661296933
-9.369515601038596
-11.58607031070632
-9.023383241677362
-9.314510593812402
-7.1879872390627915
-7.676467223548428
-8.715308315697298
-8.020968526078287
-8.318307921853796
-14.998874621094942
-10.469475323672105
-14.779734267976364
-7.61782917924409
-8.28816526053663
-11.552466614865379
-9.994050286005496
-13.093614063990167
-9.129212404507655
-12.765492978079626
-8.0738910772355
-11.39428631250011
-8.338769747072536
-14.327648605269125
-8.535742044619505
-13.60559463531911
-9.829152985042173
-12.808508698709424
-12.387806489319281
-12.445150277398099
-8.54980366581658
-7.786295520143663
-9.043972398610615
-7.413233574764608
-7.95628643001688
-11.509322038376839
-10.0290278223362
-9.254157065552677
-8.00504154621701
-8.280710875794039
-6.520929490871147
-12.535454018308993
-10.077563918826256
-6.480606929204268
-13.997444380214615
-7.595486932510305
-12.594958417775706
-8.893426974880969
-10.102016552585946
-6.758642469503432
-8.19181910805275
-7.084051525730623
-9.824646591456702
-12.072184484567577
-11.359535346833459
-8.099692443319148
-10.480069285908804
-12.214914845278388
-17.342171676127467
-11.180170634646231
-17.382601834844237
-10.683925456841354
-16.809782669088882
-12.277104360893976
-8.264986349037931
-17.411706097848448
-8.037395361204489
-9.691394196278754
-12.33855215049075
-11.369110373081798
-9.945587909555075
-7.4888671103155415
-9.52791774862944
-15.014723090902855
-8.289502023331888
-8.975188237592025
-6.32619980805623
-11.259726886112995
-8.188480693369783
-9.086564818668418
-9.812796860946857
-9.03462654240604
-11.913184559481005
-10.05371721139836
-12.112080696389137
-9.852630022407167
-11.73553201203867
-12.437491284658634
-7.466422106802814
-9.923175860268088
-12.47974188319161
-10.571783211424565
-12.1209370172836
-12.00303813778786
-7.4376209207683015
-8.51785923917343
-7.531580061445805
-13.61407278209469
-8.069627031488958
-11.358554832979895
-8.73757047327981
-8.417207516186297
-10.842219538439428
-7.816434167264712
-12.676000918711985
-13.71962758763648
-8.199083935745149
-7.1501617776295
-9.112869162897212
-8.40077648642359
-9.572161883795294
-7.8246870567880356
-13.15551600570246
-9.234463926745757
-10.932314889265296
-6.57773204623323
-7.651394088949276
-6.702392233240088
-5.731320756001677
-10.820781779712583
-7.450817682354601
-7.5018072038014685
-11.872559021616084
-9.568250438646956
-12.709835935719688
-13.279122600545177
-8.99557709330619
-8.979865587521562
-16.060633980517558
-6.589147418595324
-9.933436338421027
-7.178056436631598
-9.023194931844726
-9.197586437105072
-11.021629877494142
-8.629553134685574
-9.831269341361553
-7.520367314364227
-11.130028963951668
-10.20447432575411
-12.467552366447327
-7.692546689925112
-9.957639314596223
-7.803032299899727
-11.85908305982976
-12.294932134319426
-10.25899197979863
-11.80821596969909
-14.026824790459518
-8.657491712620569
-10.680265847446007
-7.576216448335643
-10.562170467496504
-12.3453862670482
-13.076543052155978
-8.831527297699223
-8.178604638610322
-7.085295193518478
-12.731846789410332
-8.635614389804585
-10.220200062586624
-13.055731308013726
-6.925503547475788
-9.62602766586047
-6.930250366311811
-12.506736295009087
-9.661025039627278
-11.60688292601907
-8.696782283853441
-7.798518255725024
-12.11887429275702
-6.662372883128968
-10.97107586486782
-9.351979087484171
-9.554465804770404
-9.148500635419529
-10.318723450000098
-10.657240637939143
-15.152022388154002
-10.237473237633758
-15.16442370201413
-7.626008932359782
-7.552947607206513
-11.587636554713061
-9.955971210320643
-10.694811464197246
-7.936768076294931
-10.082591131079965
-9.584757432684935
-9.82604075374743
-7.841466567311031
-12.154423578679642
-8.622069206544541
-10.537991782798324
-9.33873396335428
-12.345370952681872
-10.332284450619749
-8.516896335592032
-14.358096659276713
-16.52596146213806
-9.281049959285998
-10.073205783948472
-12.353715762827656
-9.212280205434668
-12.056716268431641
-12.218019253229533
-8.958912640283469
-12.694195408805932
-8.127982028491576
-7.761881656054504
-9.598281826119484
-10.328254821938106
-7.861951312268658
-12.691062047042378
-11.015578741428968
-12.182069728293488
-15.503195483180034
-15.686799871197339
-9.851008956786055
-6.33309982497656
-9.729298702546595
-9.553025609526443
-6.5609231422684005
-7.985852506394383
-10.849090143582053
-11.575014868313179
-7.389132787049652
-7.551735540557756
-10.479545033169174
-6.168524691450379
-10.704434692247112
-11.804062290857864
-9.031535599302147
-10.244340104938892
-9.72370841352535
-16.53536865884348
-10.594499691025005
-9.162863554507599
-10.651597171273504
-6.818159567896105
-8.444235902195464
-9.241273603932825
-9.804817674255279
-7.5099176632936295
-10.7338859431708
-8.30363013970056
-10.197137497027482
-12.460490359395283
-13.865902807058465
-15.224671488267717
-7.066093500146979
-7.098994195416318
-9.87153998133029
-7.934462191765621
-7.0544185492842795
-15.494784573978299
-11.694130308169143
-10.765323136484406
-14.46852711393065
-9.93638293882114
-7.275215882923564
-9.020675643864731
-8.470190905525243
-12.016720725966545
-10.468044190564878
-8.497480880014729
-8.21348510676133
-6.878571856551698
-9.21165787961824
-11.862573376718036
-11.571018450150289
-18.81071142754778
-7.638653429775912
-10.058170603292677
-12.07328222036635
-10.33150422564564
-11.542846553413794
-12.008191613049734
-9.523378372157993
-7.542834500330962
-14.478707751496483
-10.554921163707771
-8.722016215057739
-8.859965816965847
-14.906697374282889
-7.794225720978322
-9.583555007488197
-14.319686831070891
-10.457134057198491
-16.93782256849658
-8.651142847056438
-6.905999791876624
-8.277382995960755
-9.808418032232915
-10.803709899415532
-10.104959825450166
-13.415096952308843
-12.464402460029106
-7.3253435555119655
-10.51426410527189
-9.936801844914136
-10.324751431839127
-15.185588357428005
-8.802309379471625
-8.51613608060699
-7.674311744650436
-11.86300795935484
-12.8002756362137
-14.019449672153307
-9.730440885995122
-9.789637604676154
-7.656507180152672
-7.341151174239373
-13.807395668680966
-9.806039318442945
-8.538456948426797
-15.468810709755253
-11.599402143320631
-6.2813649586564875
-8.943890472296136
-12.74990135840147
-8.73141261796165
-10.56721272629945
-8.983012353164714
-15.607761143112509
-8.845511080345718
-8.948312326836012
-5.9236898534393205
-11.516476482008253
-10.48100320944988
-11.717711288675925
-11.870023521715952
-8.088445180340958
-9.762100019414852
-9.680894610702008
-7.14924615158321
-9.526962696931507
-8.903518764055253
-10.166353445946381
-7.843087599331083
-9.928764128811386
-16.651036030001816
-13.266961934955754
-11.028685357042562
-9.577694928320717
-7.904656004542093
-9.037563168198092
-8.557554812235717
-8.294009394530358
-9.46119572424524
-9.79099186041464
-10.815599021705106
-11.105669937181624
-9.721128468534616
-10.00008990321309
-10.739842346306155
-12.725061427735495
-15.012655404475291
-7.595687437576328
-11.394969155443986
-14.022653198558492
-7.050200720797898
-12.188965303971063
-9.558470115867372
-11.002700237085424
-10.012581157570283
-13.778547891735322
-10.828016557816774
-8.703530294761096
-8.607549382441292
-7.960000000633601
-10.873245793481708
-11.899988739241767
-9.261464094892832
-9.041095791810696
-7.379126280045742
-10.070070933547637
-11.501557032499797
-10.88869496110554
-9.238035415075377
-11.35766468573773
-6.648562493600905
-12.144235538021237
-8.684594930321323
-8.405770961072408
-10.953576824441901
-11.292400101321428
-11.916096184022308
-8.01434162193114
-15.972455087445663
-9.82427110060121
-8.707934584553666
-7.151839042208391
-11.22209973746547
-11.40955754423378
-13.355163159489972
-6.326446653594719
-11.987762211600984
-17.170945902673267
-8.654678042613671
-10.638820225057005
-8.570347994541054
-9.075166657017624
-12.83434590990648
-11.548920468431966
-8.796947384924218
-17.97222657767038
-8.5337843236202
-7.698074588034678
-10.944083866646153
-15.812764091589592
-8.49523433441806
-11.201697177649757
-8.009165769017752
-11.13825516209491
-9.041769731695876
-7.37407245028559
-13.131743895051663
-11.179368768995944
-11.838775325736906
-13.135305003902172
-10.668925557555083
-9.165771962762696
-10.122785501852208
-10.88537189266623
-11.783916502902805
-7.835449326134405
-6.835421839595916
-10.473181393233217
-9.929803382242136
-8.973795804885981
-7.356524107644958
-8.609437079432738
-9.553540245994144
-15.886742756827259
-7.656395903902428
-9.160207138416094
-9.986377216429643
-12.21456841971818
-14.402385569549569
-7.717387153058524
-11.420518400098997
-8.205187865509247
-11.4516724095702
-6.079474689845593
-12.464261360107015
-11.22211992161095
-9.683811412176107
-11.88114760316129
-8.077896506583384
-7.986046298912324
-15.461767773523809
-10.949698262187548
-8.611406150094181
-8.254418605099529
-7.777685504706041
-9.459441270646634
-20.993486281570327
-9.129706122915582
-12.27425053381113
-7.766847508376647
-11.217401885430139
-8.209626033345016
-10.071592164094259
-26.47683793353493
-7.314773871496312
-10.450315100924827
-12.390140962795769
-6.58135958442204
-9.019942476225017
-6.937228650836453
-10.202593933970585
-14.684447596257842
-10.560884412467999
-15.626823153989331
-10.090050513885535
-12.530727185085334
-9.682713553281065
-9.571181466682763
-8.458565999328913
-9.044000887211412
-12.533015667602767
-8.891519522613004
-8.304072530687902
-11.909560169723699
-13.179653974618041
-10.318775420188848
-8.03071305985939
-10.533261420487698
-10.852286694026901
-13.984598598416234
-7.630314818237494
-10.14715893974813
-11.366187193753287
-10.96949835726408
-9.113878196334769
-5.927271998242675
-12.427820130275382
-9.157410285572123
-7.388582949423318
-10.319417141561656
-8.47801652632369
-11.148840821098197
-12.83901866875454
-8.130168028576781
-10.131960687540717
-10.652472028816256
-8.370660619044331
-11.131609229825909
-9.997401025839203
-14.42840143774184
-13.31450194336875
-7.914300023763024
-11.44190873015863
-7.649095497183712
-11.802474718948151
-7.737960576179557
-6.870002338818129
-7.572203480484811
-6.324290606514153
-17.85401975437995
-9.768640056063399
-10.35656208919029
-9.923854444334552
-8.780116454459101
-6.747964423568735
-9.307677798369953
-12.88778725577565
-6.917787811469831
-7.292087230973357
-9.282560852941462
-8.881927287649527
-13.62958749440724
-9.315826904182746
-8.513896499915933
-7.983322170113578
-13.495248160753635
-8.244221762363807
-9.632132444109443
-12.662066854675766
-6.23905327266217
-6.883970488161494
-9.48022857226158
-14.891596744842113
-6.6883877675822365
-7.758742140303504
-11.596592984002433
-11.9564381275745
-14.673632058555867
-7.4659793017283596
-14.889050054614565
-6.590538635694168
-12.359036489262532
-11.97164765822624
-10.500885260191383
-7.778497340739295
-11.28224554305449
-7.879982916515663
-9.44697324008819
-8.178318421673016
-9.318287575472196
-16.609993875932037
-11.999100186812488
-10.728888127473834
-8.854221124839047
-14.450966205244642
-11.403728371970267
-6.999433636694515
-8.3834596862442
-12.811227503600291
-10.452134119802952
-9.720101258011166
-8.420690978714411
-8.410804168929772
-11.132506193931155
-16.312662332554815
-8.50465162775543
-5.960797684144261
-7.484319453751248
-9.163974015742067
-7.685559813735598
-9.785311030178168
-11.31290316278133
-10.363024495128396
-11.674119618563532
-9.488802044712427
-8.66767192123521
-10.517496085451533
-7.51602883661235
-9.552150838605087
-10.79108705329772
-14.998203799747593
-10.16093284564926
-7.870513831821301
-12.164124517292567
-10.579865208811041
-9.015904145253971
-10.099761845466798
-8.617941529034585
-13.11632543346251
-10.38208492595963
-10.186806764598074
-11.427574193594612
-8.809708804137344
-13.444251133408692
-10.111063729511008
-8.566381947170036
-12.136636315316506
-12.452802704689985
-8.50904579352919
-6.507454876594503
-16.31713725877099
-9.58960687751819
-7.125120085178213
-15.394277911421549
-9.610870022599022
-10.027731224417458
-12.165704707610004
-11.590472080408974
-10.217577682378625
-13.608356017789681
-9.022969385788246
-11.447201480430328
-7.861047105931596
-8.489934984741975
-6.472745577165217
-5.901887035307817
-9.123866393542542
-6.405712609647561
-6.6644454277700165
-7.283195837765341
-13.772558371738548
-10.685897525912896
-12.148497901071243
-10.416185150741239
-15.014993188143281
-11.099895773130742
-9.871013154070871
-11.904239921540789
-8.586315456420143
-8.831245557292357
-9.903875094713019
-11.673812075036372
-9.91044759762706
-15.448001943050068
-8.196019021621568
-10.858754119859073
-11.36007858861112
-9.732711196285681
-12.055012233440138
-10.251891952121236
-11.293491888374387
-15.384561720528696
-15.051865178489628
-11.239763647141249
-10.25775240356333
-6.199026814241824
-7.505497896787033
-8.965258976765627
-6.061327143150941
-9.995512459788047
-9.720196808501997
-7.297607319558926
-5.787176608070501
-11.073663040471926
-6.967208860989548
-10.911988314118274
-11.789999392408529
-13.667384144849741
-10.704406507578312
-9.421418461004631
-9.321841566906944
-11.238331000934291
-8.012448367407101
-6.87968841233231
-7.234697292641459
-11.432778809277865
-9.723753232045663
-12.522985351458669
-10.55456161753651
-9.43435243497171
-8.372482457402898
-10.084537156890184
-10.797688589203194
-8.764622046511102
-15.431671763081104
-6.988777092916854
-7.274987071239651
-14.692262261958755
-10.096828662715417
-7.966616186773044
-7.2072815727577835
-12.569539949725046
-8.507038387248917
-8.800215188433269
-8.975458361174868
-8.872814791969006
-8.085090529518027
-8.2830263458831
-7.960686134692349
-8.822910765545934
-9.537576954376773
-10.390193725454138
-15.627275407777558
-15.428891667257888
-13.08128165306847
-12.449735390963042
-8.993575325251427
-8.561287663153688
-8.304766154758441
-9.04731187726285
-8.577758467551979
-8.295563650148711
-10.622889216432975
-8.738223575303838
-10.191981043410252
-6.665176692009951
-12.785136546082624
-11.183154664702482
-12.032769650324106
-13.10076268593507
-9.50671922679683
-14.809075368403015
-9.652020897104048
-8.73733971570297
-12.320372508147885
-13.509852918705533
-10.483772661347405
-7.848384395122068
-7.206437559411967
-7.020422286283054
-11.324867196484165
-16.11807589934177
-8.800936204636297
-7.780863901834796
-6.261823195583961
-9.194294085159461
-10.999540227976215
-9.949756359335572
-7.212199015768319
-8.945923719206052
-12.604038539826115
-7.108995626908344
-9.377569165714284
-8.486094693261974
-8.084273786963168
-7.051836911834373
-12.40908160363338
-9.098382809039926
-7.584191001880495
-11.024621984502073
-12.61774098767498
-12.057994102509712
-13.386596190490847
-9.250676421375132
-18.48677850856419
-8.837133840291159
-8.31574171377202
-14.729513201964217
-6.869630954937047
-11.691376581509116
-8.479922412622063
-11.51301706875292
-9.9937728148926
-7.1776977797447445
-7.2766196476970535
-8.875819399434436
-11.532712784108218
-7.942686923410973
-14.14436270337427
-9.871699959352773
-10.838760857772856
-13.517213728113948
-9.97759746418612
-10.84875160317096
-8.290298764979783
-9.342463205964222
-8.074449570793726
-9.065147456826184
-8.760661884229775
-7.729693367254657
-10.370612932613863
-9.97059396188738
-8.404871394486356
-8.653772011122504
-10.093250075749301
-9.007416420478503
-10.942608672109191
-9.810684869290874
-8.695206635914577
-10.186518310728081
-17.668273673735115
-11.632475595908073
-6.839369795161233
-6.360563351561896
-8.572047395776123
-12.021485289174946
-12.538862777348891
-11.609514322144346
-11.198267448586794
-6.903555550815301
-9.337681833533171
-7.880471827367577
-11.823355925908066
-8.648581887886595
-7.566040439949532
-10.204845821670277
-9.341451321723115
-14.10870755209456
-8.74394516533194
-8.23789794043648
-12.590258884767135
-10.012331437634302
-8.536483949028739
-14.650599466110643
-8.412020790710526
-11.750146769155885
-11.879919280644769
-12.53578929036843
-9.843205263958799
-13.12993658057573
-12.199754782487247
-8.547026160809652
-13.102312296113002
-7.0186928913298345
-9.601949742789225
-9.905811770800248
-7.499997146107188
-8.373167594199755
-8.980565672764984
-10.190137372732535
-12.666149964326669
-14.819142416416103
-10.873232078154578
-10.386087953000898
-8.200548929422304
-6.890548541408329
-11.668478976107897
-6.73328344811594
-9.736451679948942
-11.363165925798956
-12.15853973869696
-8.412140867846679
-10.48039565793302
-10.373462395746987
-9.761678638935749
-5.897743507413225
-15.883230396488754
-12.938706645847715
-7.576803148350569
-13.784488569713153
-11.731528648561891
-6.4334858420784755
-7.155674441707843
-13.324006876264534
-16.75241561470942
-10.652337386385772
-12.747999254043597
-7.435056905642564
-12.776707002153058
-10.93812929181734
-7.422679277205102
-13.077994995525405
-9.967129734194689
-9.945410199130412
-12.976481714970776
-12.93999999665545
-8.907760115126223
-13.1557624785453
-10.557109631695182
-10.860257533080837
-10.800659369822677
-8.27565968018395
-11.206724507881823
-9.552511907847407
-13.545452772543237
-9.067429848842067
-7.794944559352489
-8.134409929960984
-8.847699715393984
-7.712834539485455
-12.764633857139717
-10.907443369847975
-7.378575432418714
-14.548699934912722
-11.170075750180715
-13.732969635061686
-8.586805799951886
-7.409518875060901
-10.803551098541545
-11.988811875962643
-8.900151783028239
-11.8241616811803
-6.081521952470398
-8.043226047313617
-12.154799709411188
-11.04379814194981
-10.059295708600718
-10.244917042883484
-10.275646746285549
-15.557515880936228
-9.843083517528738
-12.076512364631444
-8.578669384489693
-7.654477194849985
-12.346034314460043
-10.592382386864958
-13.258662010388182
-11.101953548540973
-6.7516205317857585
-11.925944642417234
-7.117458069535161
-7.566302413121637
-13.812637253940327
-14.137752229348667
-12.886700970337026
-18.569080695164967
-8.891252544823683
-11.101567110686782
-12.260109497161807
-9.631954298283341
-12.243805536980876
-11.31306942669814
-9.060518970411964
-7.25948105993861
-9.33543761506799
-9.81899865431898
-10.998315215054978
-7.325294078868223
-8.923370942826992
-6.905190686632427
-10.356162473724776
-7.877624384622648
-7.9249132794277495
-13.82896032461185
-11.104290759988592
-7.029751535260962
-11.759676600977459
-8.162210456958567
-8.910571081180482
-11.35989702063578
-9.979778330565408
-11.32931621478368
-11.525948578150002
-10.690715265032596
-14.024244621937997
-11.16983326006129
-9.916233251826453
-9.55366887313601
-10.76656339014455
-7.878390392345123
-7.166743466161519
-9.928112371125271
-11.108325156174075
-10.486780759384724
-10.516470717093002
-10.830494963915593
-11.226598378678222
-9.360722952680309
-7.0933978859025055
-9.262270757869361
-11.354903027443076
-7.863932577877387
-15.22767062923204
-15.420490563270949
-7.579880066343998
-11.091476656516988
-7.644098601638396
-8.09180129918813
-10.797117127013042
-8.98965946665969
-17.98515057265355
-10.258102322269066
-15.846391143621082
-8.512661500215025
-11.656427825951702
-11.24414691683916
-12.246761465395863
-10.431259817507973
-10.326403366817907
-9.57180211490045
-11.200076413364455
-13.397752826993873
-9.653597493275395
-11.112358895609205
-7.110311375519276
-12.126450512522112
-9.087253349782614
-12.424666838264962
-10.44637311949966
-15.196405937030566
-10.794905984841233
-10.60993668248313
-7.527938844771051
-10.269624371118562
-11.955059716189425
-8.955191378939283
-13.416524788928621
-8.148695195884134
-15.89620993003887
-9.381899048210574
-13.178109056114216
-8.114718934346095
-13.639012713608885
-9.954411712350174
-9.277617141204594
-8.917755650964915
-15.513115744722722
-10.36277352834176
-8.206986779541007
-8.343032835664392
-13.798274140578368
-9.042242264316858
-8.252319525215905
-12.175153902840018
-10.463271799011006
-9.079016708559445
-11.259610452376927
-9.06272691237996
-10.041889871437162
-6.980720302346638
-15.720924995982243
-8.85578242885713
-10.608869264006987
-6.585727668363769
-11.715686031030383
-8.336804830867038
-11.556795486273588
-5.985172335975379
-9.634631159201442
-17.933138253429735
-8.714308373747295
-12.687865173715178
-11.272872420189845
-10.949225916894823
-6.660126260656011
-9.492591806390553
-11.010330717028827
-10.018358837232656
-7.227227481190327
-13.265669768519379
-7.169581576295633
-15.061743389791657
-10.531077482991796
-14.298199898280306
-10.266499893952846
-11.110705430261579
-9.047073337285438
-9.579168314515535
-10.08685858462163
-7.273786814799217
-11.208974728302804
-9.002576705765673
-9.386943326954297
-8.439255039091108
-8.564294798909831
-7.876615238027243
-7.389063843091409
-11.393877194195195
-10.570604728004422
-8.594939175578277
-8.394913143735822
-8.022866011605313
-13.875865035127873
-8.311314328541627
-12.912406348354395
-12.084973014577804
-8.48065381769364
-7.000675707936617
-14.920346749038362
-8.591973292493803
-13.41402823128067
-9.575552567855489
-9.762688840795219
-11.990938117763516
-7.9183442580937005
-9.545490722450443
-11.616972192903091
-11.673739959128655
-7.281798633096305
-10.031894511442458
-7.821935758280969
-11.4127720542198
-9.500159156024568
-8.655002868099015
-8.477989195821655
-8.981386746958039
-8.59198226187403
-8.583241220324537
-12.905996230598166
-8.67413693126079
-8.12233723161611
-10.413193899421634
-10.223402818780407
-8.78488040863416
-10.058614458036608
-11.149090301588426
-9.807420821379731
-15.336474335907926
-10.159875457960966
-8.715805831164996
-6.560379835911831
-6.591250939938891
-10.20008716876166
-9.731790108137934
-7.399592543693952
-8.01260515466133
-6.594092610054185
-7.4063145639640355
-9.4634856499221
-5.830767100076632
-7.239253923917987
-16.642457043777732
-5.679799214156346
-12.915301485615558
-6.738232649631904
-6.892040594659967
-11.350493186307475
-7.013197856992441
-8.102747050660863
-9.131029146534566
-13.991854675679425
-11.254204124469105
-7.801049187235923
-11.47406451392639
-6.88324640952153
-9.641296564357773
-8.7768243445572
-8.64463920228607
-10.890452158715508
-11.662269276742295
-7.561285412721194
-10.365118652660943
-7.759627402764705
-15.35353194992959
-10.927890419246728
-10.556857168329305
-8.616055359827108
-10.471101082277897
-10.098809543086391
-8.085363136639419
-11.023674932688126
-13.066790645341253
-7.474637434626241
-10.269369541087517
-11.363421324568582
-9.582073031793866
-9.514275702864788
-9.470128009863483
-6.717007976180566
-9.373333943566276
-13.78152596288054
-10.938209083490868
-12.4588530693733
-8.70104002100136
-8.572089898267375
-9.187252764526976
-6.254060369131945
-9.558751127318354
-12.603895195931829
-10.553472863956841
-9.479221263132564
-8.010086089664766
-7.3847234565563955
-17.285186331729005
-11.058954570819227
-10.17934232068472
-9.76433698797784
-10.34604019654
-14.799043758704842
-8.074656196314269
-10.63358139166785
-10.170989054079373
-9.801923953828918
-9.921359909787974
-6.043100032901161
-10.262078394249626
-10.18503293959516
-9.467210655767905
-8.83867102913886
-9.568466676490708
-8.9418059760087
-17.134724428213275
-10.220301115548326
-15.698762830500183
-10.841645595183905
-8.852510987411536
-9.605714367692501
-6.483030740481794
-11.017625552933701
-19.533122514319242
-9.642502758110084
-8.022059872423535
-13.27165402079878
-9.2279705182355
-9.377904807984358
-8.186110126068217
-10.146032533959634
-8.662702234027556
-11.295196794905571
-9.41629944105662
-10.039921175463066
-7.951175526291514
-11.067486602144218
-7.260440955403753
-8.06168580219033
-13.64877819162106
-8.253374528690603
-9.846139024067424
-9.397915966816848
-12.500787061862075
-9.991251998787705
-12.266262054479975
-9.368480184158345
-7.6177812477000595
-10.680889532934879
-14.869315787721645
-10.026824583388546
-10.582121170980324
-10.420375380971644
-13.223188692737661
-8.743419512933494
-9.602045345048381
-8.380863790269084
-12.453936729135702
-13.296274513486656
-10.306135307860322
-7.704022936538443
-5.728889957061749
-10.501622372815985
-10.223060628669556
-16.546568647760083
-12.772376266256503
-11.906859833920803
-7.748976269433652
-6.390041511628675
-10.164411689976397
-8.689610115757
-10.917452293309674
-20.39491640080203
-12.605300159994467
-8.611820997797347
-17.13843682734962
-9.009064318675314
-9.863979266065675
-6.901354418588182
-7.906614317115162
-9.515883076566391
-12.545032006876037
-16.76193441996195
-6.7781288005616
-8.93578629365438
-11.89133191893976
-10.184298441692535
-7.247296260224804
-11.499677490673273
-10.27366731716264
-13.678969387794268
-9.25562426868239
-12.826999853726889
-13.120701750857535
-8.04724843012335
-13.419679620315064
-8.082002804315367
-12.457233727281878
-8.2334159491624
-10.508084645994403
-7.587837788430733
-9.6363871468992
-7.953617501215212
-10.1976686767098
-15.678572145734325
-10.924454265983815
-7.746447154354236
-7.624541034102528
-8.249274697935734
-12.485820565010632
-8.583042205931532
-10.897233296167792
-9.108432970870224
-11.326918028413553
-13.411573854471524
-10.571328612359506
-7.949401103585242
-12.398798664010627
-10.162515930751628
-6.2843973829338955
-13.457984983587858
-9.187746542676308
-11.095136084298312
-10.788783080235271
-10.938229562368557
-10.131115607718664
-9.47424245567644
-8.96745465427443
-7.975769188902551
-6.511601710701863
-10.716970537852882
-9.851568376884913
-7.754530434435158
-7.798023953138691
-16.012672446923414
-9.537457414033925
-9.77384065508237
-7.005522567863627
-14.51222370759932
-6.169517637428564
-8.216957199513766
-8.034727342437119
-11.680391064386347
-12.340618028701632
-8.450970006284097
-12.500651904574344
-11.284477216838509
-10.621362042043824
-9.072739399798992
-11.668626628935474
-13.420956620277352
-18.957480664491136
-9.718744090679271
-11.588271286731585
-6.667902963547808
-6.149347558831703
-8.27329908628499
-14.66733627276218
-9.341614100193159
-9.31469214866812
-11.900689139639246
-18.877265097297887
-9.326834057334452
-11.62661707205521
-11.804210593623024
-13.784815372954062
-12.55041738630039
-9.434855082642057
-8.746837716672685
-12.036943380752149
-7.387953125841075
-7.907437940915405
-10.698458240827279
-8.430107498248685
-8.343351520923225
-7.561806002420946
-7.639923896762178
-18.145886722806495
-6.556948458948482
-8.639068609879606
-10.076493593729927
-11.368753676050835
-10.678198182604794
-11.32315537812599
-8.334333629398614
-12.769568891757435
-10.657899636464684
-15.362328283826269
-9.454261025910371
-12.881163641578922
-9.190397082087067
-14.173208630691107
-18.290935474090386
-25.446177363261768
-9.429511316482772
-17.328953819984296
-9.488461167619628
-7.8448585051758934
-9.136603535848183
-10.639536982158331
-17.211093863812632
-9.68744136261163
-8.119438818855132
-11.293963939745325
-7.821460409179745
-11.601649571029423
-8.076046603978321
-13.673338134499529
-7.827374550611608
-9.929225113307727
-12.883828358891023
-9.771490102771498
-8.489128560887428
-8.219798553748243
-8.237722624709926
-7.390326210653355
-13.052741503145123
-8.105235336163302
-8.778158253941502
-6.832044389120307
-11.264087215596806
-8.632789932061083
-7.343208055430501
-13.877212954400663
-9.633282896836128
-8.536832729891918
-16.95798834357784
-9.774312554967718
-13.687896813354893
-13.53957728585564
-6.170528532167741
-11.321882554727914
-7.131070174593226
-15.661107125109625
-7.001288641638395
-9.934492728601752
-10.210720688625747
-9.39754207812086
-10.766216922834262
-8.30257678892389
-15.74659230746358
-9.172881047165383
-9.545334963500398
-6.480421660059286
-13.998141494972176
-13.35648017350294
-11.562126924871833
-13.551961009907831
-10.047436686574194
-11.020276538739818
-7.500036040351562
-14.010611859873968
-7.867565960901612
-10.773462004121763
-10.65677043927772
-9.785361694043008
-7.555953006465966
-9.704728978984937
-10.249405796226903
-10.584304310064239
-10.713761127130955
-11.663444274678223
-6.596842328551133
-9.93464035153759
-12.266181238403066
-8.401355286543694
-11.719462196845237
-9.311871700663227
-10.29982951067823
-7.583326297292494
-11.768963057207142
-10.043213238608077
-9.602193093661729
-13.742346745814181
-6.784354076906618
-10.959906343296735
-12.713999132755754
-12.365449262114202
-9.732575355950047
-8.63910989401969
-8.595115788512071
-10.698038927244479
-8.365735364632117
-10.454333964007997
-11.72244867744857
-14.014756722353843
-9.851816106003486
-8.054725602266064
-9.181561608772626
-6.902861326921091
-13.263107008520077
-12.418560495541398
-7.058960905341693
-15.662711497380528
-7.997021027856753
-7.254399596083835
-12.306824927299687
-13.322416818219967
-8.27271987509436
-9.732912632521058
-7.565713179365624
-8.678614254510293
-8.884803525793258
-15.601392281068936
-14.19126945145897
-12.732574081129838
-13.536408430772326
-7.167045628278401
-12.002408672131486
-12.79906474583134
-10.19082380766111
-9.446226903964234
-10.682791054153434
-10.125044900099946
-12.646720801953544
-9.462851027128133
-11.098667315877886
-10.787019082607479
-11.877704145156422
-10.47116069738799
-16.249027730221236
-19.764742886036018
-8.372389702503801
-10.551951377120117
-14.161094564223152
-8.338090835851032
-7.744527826513758
-21.520352900602703
-8.620869909827599
-9.663626419584936
-8.165953918205672
-6.242399161488503
-11.942780084056487
-12.171664201413808
-19.04171333982257
-7.4245634327282755
-6.158171357831025
-7.8649406893801554
-11.121092052342751
-12.905622579117486
-6.729690651065285
-9.870543295517988
-12.438164908398806
-9.333742786497545
-9.016893585192113
-9.677182824932721
-8.572369694637963
-9.037047414626512
-8.663073007976159
-10.035626700467686
-6.7818989606365365
-13.0559979117373
-7.447631504232607
-9.427796323389988
-15.121243189435257
-9.80049264060169
-8.895897804829527
-10.059938966621248
-6.876380071737524
-11.15178505497404
-11.68453646510461
-10.074720036981931
-7.661168790916602
-7.1014681885005375
-7.2093305996134935
-7.818029896375362
-12.250904463595406
-13.528272961947774
-8.508384763088365
-10.561564997181188
-7.576506252266875
-8.51748133165229
-8.88063367725335
-10.078324596592823
-10.532246310639213
-14.298906960863132
-12.993324907797879
-12.90700976595948
-8.219049475211797
-8.230038157969519
-7.397958942786916
-8.550280806405699
-10.144232453646051
-10.732616777190831
-9.54624095448561
-11.88700768895066
-8.848811407392157
-9.933359794746789
-9.344736648732287
-10.278817014650063
-16.010688096079495
-8.262507075841885
-10.14206609180366
-8.613692169004356
-12.425402859221743
-14.874761427067586
-9.900508122112587
-7.802615720902529
-8.613297178708523
-7.436796994083583
-10.163795061907976
-13.061845749345487
-9.833136674278778
-8.161456957804434
-7.2578725488662785
-7.80340092110523
-11.187040970818385
-7.498682470061968
-9.68589779825456
-14.61114122673409
-11.30667062761993
-11.562145782498547
-14.884552277126181
-9.493704991221145
-7.333752674459959
-10.842544044589856
-9.327718287052198
-8.102477759749675
-7.961445475118089
-11.868831282181171
-7.505278519747981
-10.694927377982854
-11.544742693152525
-9.866921522245603
-9.333350736080073
-10.270836523682977
-9.006070960751847
-9.276012708229047
-8.832910643946255
-7.18128349338005
-8.717417347770338
-14.872492904879648
-6.323704191196056
-10.78581411609292
-11.11125730968744
-8.265957546248133
-18.231109868438026
-11.415851353064154
-12.358509363503538
-15.189871023433428
-11.92929495024082
-10.452829769450632
-11.390709457937366
-12.559602845518636
-8.834670398841606
-15.88252748821664
-11.743195859363047
-12.120933899711519
-6.776068984200856
-9.24295512020033
-8.0089833845071
-9.350041100040501
-10.245039494335686
-7.077713885895932
-8.793690818069852
-7.482095085621317
-8.094672206850873
-16.120399582215136
-8.150419536080825
-9.210641854892224
-11.4510242511139
-15.261030926455671
-9.633849977518432
-8.093008311370198
-11.636494933212417
-7.801648926620194
-11.746701682596173
-14.05094556235057
-7.8121655696972585
-8.376225816485793
-12.058741603814898
-10.748459208666773
-7.008029442799998
-7.137228618922603
-8.955299278226232
-8.08762218084268
-9.63364397355795
-7.284147762494815
-10.690338127592062
-11.11563223176949
-7.169157923876114
-15.744007555024337
-7.962474651455592
-11.00693384973229
-7.641688943321749
-11.454389729429623
-7.089008240870597
-11.657539149274463
-8.869606441055273
-10.02544083848765
-9.10805281866218
-9.258632034230672
-8.972397806872312
-8.548309830364692
-7.743840640204348
-11.356786019211496
-7.0604678557012015
-10.463073635869469
-6.895207328229036
-8.816566285081596
-10.705809412571679
-8.262518653076441
-12.07434444372186
-19.079455089749537
-12.145411081596647
-13.499958703011599
-7.065653336593767
-12.54307242977985
-7.531135186814328
-7.151736365066847
-9.680415569551968
-9.133664833012197
-10.701333439968415
-11.522601946844647
-10.005657102513807
-6.818937888138481
-9.766531656325073
-12.448970632449091
-11.421621822900699
-13.937337316396853
-16.22648494811949
-7.432735219960856
-13.205427282402965
-9.33229596835695
-14.24027385731914
-8.435636984837444
-7.304654681016107
-11.607482985238466
-11.132945977721109
-8.000485292217602
-10.0631464856089
-9.083551507583403
-11.591296487200523
-10.720112878063308
-9.157060177332035
-9.136946913288051
-8.647375265794551
-9.358152882213641
-10.528096645903139
-18.55421014319666
-8.668708773489987
-10.345070645604988
-8.240173752433016
-13.005865353744623
-8.129550765115251
-6.524707285220694
-10.824336766451854
-14.780790550566353
-6.697976162777602
-7.825918463440582
-14.720732606733666
-10.847230125934885
-9.111487712088108
-16.791761465760118
-7.109084034336784
-7.561257553801416
-10.424029551630824
-13.367963409300323
-15.92058925787075
-7.883274201443202
-8.316119150396126
-16.22088711885139
-8.292608049744572
-12.70954074744395
-8.178504588258814
-10.477090539716105
-8.597877219295087
-15.445243244501052
-10.135193487551247
-10.05221837407599
-6.5285195045783295
-10.356747404529708
-10.08984748491259
-13.009275452061164
-10.333876827302426
-8.714942480951581
-10.75154718621944
-9.29751509843053
-12.104999407118177
-10.272881774242139
-7.263887398245658
-6.808050955194497
-8.330868252753731
-8.853752703421053
-12.379015625567327
-9.414494667538504
-10.620163258486853
-10.3788848711247
-8.348776813679194
-10.227422944438185
-6.371045977123743
-11.29621742979773
-8.054458489170806
-13.06498119785564
-8.002280729363367
-11.141466533167002
-13.261293796906305
-17.51810904277062
-8.202829977572906
-16.51330140321378
-10.110368359782818
-12.179758707420296
-11.354506359454575
-6.882070391136649
-10.330251472757439
-8.804256593738897
-9.274161721613776
-10.76819533193428
-15.00804875804976
-9.178267541629507
-10.95345391747364
-8.345750938497723
-11.949954259409118
-7.468293080434156
-11.682299636247704
-8.840612313400687
-7.750496760473632
-9.144539048107953
-14.544770968002707
-13.715052639392287
-9.923067162137261
-6.320562283333649
-6.500539438726609
-13.262284592795588
-8.698128602604433
-12.8202321797206
-7.55542189254683
-11.46804086574824
-9.840220015108322
-12.19096309431929
-9.28945566056821
-12.949945156636938
-13.597281792226836
-16.82443444382864
-9.60834592305225
-8.614211920561242
-9.49853316499728
-13.142422205899564
-9.830992953363578
-8.73326903547233
-13.996248033211335
-10.190791010451635
-7.885196555781176
-8.269176152793746
-7.997502336144355
-10.147310068927734
-6.701843416973637
-10.601710784068045
-9.31367253734672
-9.929204595246087
-20.38855545642661
-7.837203879997867
-15.295823016159618
-18.602911165042098
-6.781253891613346
-8.294695347198587
-7.103387368810035
-11.211436845214312
-9.202966611939997
-14.929543181457117
-13.124484656986725
-9.037165583511833
-9.203601955016126
-12.84086858158059
-8.323972296294007
-7.339472487276691
-12.86688734925984
-10.749719920041425
-7.732675401009292
-9.72095965564477
-8.595001672541382
-7.283724551962639
-9.51578050913561
-12.487984184680723
-7.412896487478837
-12.769081024249894
-9.037268368248032
-8.02578517566063
-10.83340788497622
-7.869064792562133
-10.888246706785676
-8.79765790711095
-8.375597059722983
-7.328446172165046
-9.058264640786184
-12.000763976594198
-12.770416674357945
-10.839358428064731
-8.647071966177993
-9.393041881123434
-9.276226145713563
-10.887846123335605
-8.09645096766149
-16.682392412505486
-14.4986175716142
-8.844874808832724
-10.480747973886478
-10.261508318650241
-10.266286164720054
-8.041583293801134
-13.82169753100098
-7.938338223686538
-6.5980296679771255
-10.13589855379749
-10.638998280744007
-9.623552819025788
-7.719827783352424
-12.756732643616418
-12.590207109313592
-7.4167444331385814
-11.526835047874922
-13.172878590683093
-11.577887130294751
-12.036219538611379
-9.962686148178825
-9.508171550064754
-13.767242515831558
-15.789899643753893
-11.49503673786611
-7.196314302748424
-8.470692340984723
-8.166069281096952
-10.696859845746397
-7.272888135629268
-11.10104767525131
-7.344309836232648
-8.678913303365269
-12.07537959970045
-9.540303268602402
-7.151071515154179
-11.191400913978667
-8.51078457702267
-13.535109021842116
-10.306014802706878
-11.003926725302815
-6.9202987679876315
-9.222714330857398
-7.0092604612751
-7.690714555563877
-9.370709090975245
-7.9549293384154405
-12.033521915071995
-8.433152844392096
-9.891948781186493
-9.829649633429268
-6.979362755720657
-15.44147418164213
-9.824469218118177
-9.068207495080832
-8.35628635214573
-12.073509322372256
-12.867339997751985
-9.620445297457664
-9.556320754285478
-7.433037982242099
-9.670471689988249
-9.012434149507682
-7.550553976075939
-21.601882300039005
-13.237296459480875
-8.237608844801585
-10.90402706486147
-10.045148090741614
-7.6322889668003775
-12.535282463482568
-9.088090304514058
-7.33577516040783
-7.875987298925011
-7.018159262307798
-6.8382990766298315
-10.570577758278487
-7.809662533472768
-6.907175677710776
-6.8190874689363
-8.356436400307306
-15.239344760975483
-11.624669071850498
-9.100711143649228
-7.250407469389911
-9.31021372193163
-9.337237841572747
-7.537540121802186
-10.14490767755648
-7.205105147330169
-11.686811915787676
-11.335935599475274
-9.414750001738135
-9.583235630149302
-13.65753706326179
-7.7883914787268
-6.768703801230462
-10.83610814337581
-5.905028622444943
-12.473235682468296
-7.877248785092474
-9.034240333362668
-9.703279941082913
-10.756242948570177
-12.34934154169138
-13.092134289392245
-9.78577933068755
-14.943483092498907
-8.138445758525815
-9.354066090730347
-12.10251111126514
-14.86340505341219
-13.567917926504233
-11.179596769664672
-9.687746678005224
-9.769243597630608
-9.525292302103194
-8.227759061665752
-10.16776197118322
-9.849854466525887
-6.287897013050149
-9.620829743796644
-7.735847559187524
-11.864788091952915
-11.51294809333773
-10.359933745976385
-11.20076797023704
-15.947129293906679
-9.577637932044356
-12.916735317410883
-8.505273263973743
-11.604263843991571
-10.01512288929944
-8.598505268109221
-10.977212998287486
-12.327224843445814
-9.051662141586096
-11.050973732862026
-8.976885363189163
-13.10340404714394
-6.380178379464304
-12.566860343940853
-8.231010314600077
-7.600627969602823
-6.645125169789529
-9.364445146542721
-11.675083506795179
-10.813771935419034
-7.968917347467729
-11.802111931737429
-10.091354935013532
-19.560366493122157
-8.803116613758847
-8.57060070250842
-14.752987031312133
-10.946034415572962
-8.342307314416969
-9.20935265198501
-9.049944267247124
-9.030586864499249
-8.721882967928087
-8.808174378297014
-9.36898069712033
-9.755290064066292
-8.745219918762139
-11.860459846671978
-9.54699283574368
-10.924831828351735
-12.310044276664586
-9.836508484396578
-11.917839995539547
-8.981341136686893
-9.95015856791011
-9.479968595891357
-9.751949183318269
-9.043025914628329
-12.244654878923797
-8.197588298188998
-8.620279502742683
-10.092275153805906
-10.411613022155617
-16.395909720428936
-7.395841443062692
-14.639083200107878
-8.72754501384639
-14.528274186554002
-13.514338453092941
-11.44237510249119
-12.098899647333921
-9.291138683087297
-8.336043572626632
-12.970825712132179
-11.343585553829802
-11.131159947644141
-11.819359224314455
-8.816928826943444
-11.515953713859911
-9.442301377225697
-7.171936663874533
-10.664946925519228
-7.540939040927473
-11.809221100943764
-6.622296376053672
-10.723155009470767
-15.66851701022231
-8.574446240021679
-9.139078475575955
-8.117512232973029
-10.520108825909713
-10.222721752730754
-13.034307045753957
-9.97310822059943
-9.41812132748501
-11.801206682728107
-12.977199355173068
-11.602562388651563
-7.015940564504789
-12.006698983510075
-11.391374599025204
-12.175138319141503
-7.608740831031101
-12.526660444284209
-13.320646420329139
-7.9983839644977195
-16.54439545545546
-12.352657559203342
-15.04253417269656
-11.319654398667668
-10.003956685293009
-9.301396553604441
-7.708561657059782
-8.372211381282854
-8.356135357136548
-10.75531121174566
-6.915682579714774
-11.05195032246384
-10.964674896378892
-9.395388234758904
-9.356610723888634
-10.751408633495336
-7.367343275749961
-8.595440199779755
-7.745167271185081
-10.449918099363929
-13.764379790533376
-8.73605711263676
-9.179983783142493
-9.674227993358548
-8.158951680388014
-8.346391174429113
-9.949209754652305
-7.884627685006204
-7.363170677167881
-9.944001631005479
-7.997685008513589
-8.68788967949472
-15.05747910294291
-9.070641878560215
-10.8180127534029
-8.384528981133235
-8.752336695518649
-13.768360119888408
-7.201497239409082
-10.905914442634181
-11.34407899158887
-8.494248250609353
-9.768055921513858
-8.964007781010995
-14.382013768109571
-11.252286191455946
-10.425883841320207
-7.574508563116641
-7.7582176074431795
-7.038330538441336
-18.262115218045153
-12.781717980590049
-9.712181880797102
-13.616527765061857
-6.753274218542119
-12.106473793527796
-15.605112445891733
-9.418822326226246
-12.997801555960736
-21.13948652386208
-13.798485299864542
-13.772279425068062
-6.643406474631201
-10.173779059358521
-9.33244555051864
-13.863283596164013
-7.549277243496568
-8.761578574347206
-9.971697889337475
-11.981636992849632
-6.494528539213774
-7.908566190180406
-11.385627381249206
-11.018800020578833
-12.34462049744709
-8.988627422830572
-8.178543638198091
-16.266043865273044
-16.116803659499087
-9.33548551854357
-11.69038184947836
-9.4687366126206
-11.338870447316802
-9.565304599785549
-9.143549710410985
-9.599772879188823
-13.966814324356168
-10.590896912654111
-10.290530368288401
-9.293394646952688
-9.130549158123156
-7.225054983862673
-11.650894847285809
-9.52262369448629
-10.553620652020216
-9.374423157039883
-8.89029229847965
-12.188297889713521
-11.109280358315823
-8.92360109157901
-7.9241164359641685
-9.143284710822982
-7.393170234610372
-9.262241166233343
-8.832982614999905
-8.413848969666242
-11.45383168266047
-9.441817593828228
-15.44243484947211
-8.843804299748285
-7.823064240878052
-7.170677272636497
-11.952156805852624
-10.602371614125705
-7.818810070209168
-10.180931711877966
-9.965301264672261
-12.547643484871086
-8.845314116607906
-11.905227138998999
-9.379970824215379
-7.115026569433879
-9.592795182511177
-12.643128980573563
-10.428260220558998
-17.25742082484339
-12.701900334252135
-9.003541546441516
-18.128239655025542
-11.728046851088711
-8.739041793137593
-10.61901210378422
-5.908630289840052
-15.479309313406569
-13.774901656419733
-8.651013883687996
-7.701058888361309
-9.846688863884834
-7.198934913363079
-8.44812701874881
-11.07204119294837
-6.772941290836035
-10.664652831896491
-9.687954227634714
-12.085692680632679
-11.579157352253699
-10.812751964249953
-12.89082017192102
-13.23390586191578
-10.37341377478694
-11.495222802875515
-10.599002399526384
-16.4247174783874
-11.411443798987415
-9.66530250233891
-10.494993910605231
-8.27829117352538
-10.64353520652155
-11.87042463665809
-10.371915617672277
-9.786930282066319
-13.374422211144894
-8.901120110047644
-7.356036871882377
-7.615463383384903
-10.73020994816421
-10.946723135213484
-10.108472230105566
-9.432300498733786
-8.511523952741404
-7.935003686099544
-13.265305671660585
-15.21882288537126
-13.886580584549696
-9.740034757626916
-8.329470786173037
-11.218033335540401
-7.515815262276403
-9.234512229463725
-13.996531779345448
-11.768233145799508
-11.39662766810055
-11.09941556165539
-12.102048031549492
-7.3367078448629925
-9.098258328566654
-14.567317599725522
-13.230158941348371
-18.322436950703683
-7.041419490137686
-9.177659924791845
-12.790074973684188
-6.451699807783427
-6.9513659884517915
-6.307078134115421
-9.814746104085224
-14.137789363179387
-10.201401217617532
-10.032140658638362
-8.834621640999268
-9.821069235884917
-12.065431990445486
-9.316012735450332
-11.922744918174114
-14.778758983299511
-10.815217433723172
-17.947145889701705
-9.468589227901731
-6.940992782050471
-11.47814621003482
-12.747864781161521
-11.229267098324357
-20.954786257446774
-9.812428338149699
-13.290324599020318
-7.610673193024591
-9.121150478524656
-11.567060994698446
-10.762442436768671
-14.076118660284877
-9.65312631113495
-15.030631944167704
-12.751883068175914
-12.139103835415229
-10.066562421502423
-11.462020873298977
-10.502527759852109
-9.894107589915308
-16.704607700077986
-13.055415133149085
-7.509034407337445
-15.115724238958235
-8.877631801442652
-12.161954341228954
-13.132614597798582
-18.25301398130255
-7.463917560930893
-11.790453923185831
-9.622576848412312
-5.636479499311727
-9.18182106882166
-11.98389870691695
-15.364088191169913
-8.084543618100682
-14.058308552509367
-8.65031233879444
-9.921898833109084
-12.796718205988993
-10.322567673762173
-6.297404531630885
-7.125837475004287
-9.096535979959015
-11.260620829105806
-8.586913305475846
-11.626024266536401
-9.8221825019213
-14.282490962602992
-17.326322559831596
-8.264387444217942
-8.057684953848314
-10.956135301074083
-8.039627632294716
-6.712651628276679
-13.133737335723772
-10.25641940021279
-7.524776756639259
-8.247934564223247
-11.30532749654425
-8.121561488332725
-9.574569732879315
-8.631138072255384
-12.637255382086137
-9.20021599163809
-7.266010440854167
-9.257219455231468
-10.639896774512003
-15.452310775984307
-14.359421996110598
-10.46982470989899
-11.897863689329112
-12.7117164205786
-7.846268181157485
-10.942968304444378
-8.119684091744096
-11.604086059166633
-15.601612442079372
-10.130296250769254
-16.095575669951923
-9.533945114574713
-14.67378687013662
-13.666837054220151
-10.945859501689245
-11.86852417836887
-9.307522966561228
-10.356450528383702
-11.650578336458551
-15.316548656195842
-13.204613834708205
-9.543993223624163
-11.24927271471271
-11.814524421117998
-8.831624722076132
-8.550818284956629
-9.285656483668683
-12.076106175078015
-6.963531286258349
-9.956217196277677
-14.585525069169265
-9.407172247956584
-9.519899042405504
-11.27611057385997
-8.080271669182267
-7.113306795902326
-9.582138716544577
-7.690677285865389
-11.822488513905151
-14.330663312447824
-13.07261846557156
-16.10673063938709
-16.55648915620596
-9.857642687266386
-6.492117964699574
-9.058348871137877
-9.137510005457369
-8.94331126188102
-7.368569417118276
-9.411798574230485
-10.329554990388766
-10.315184525543316
-7.512826332063588
-9.4694722911035
-7.5491834690809
-6.439724813265865
-10.329958127293496
-18.345487316877694
-12.149490757238043
-8.750517642377801
-8.855438849920217
-10.849108173046783
-11.141004288438348
-6.997241807730234
-10.919800770344104
-8.49313341913766
-11.019476978950774
-9.927950706573897
-17.878378232353448
-6.85987198079571
-7.42528743574694
-7.797164045743879
-8.620341108240211
-8.462717354197151
-6.775293988761618
-8.54447321755678
-9.369986498639268
-6.3241279253631735
-11.031754615936135
-9.095394442364753
-21.686671793688905
-11.002141924682187
-11.924807990429706
-12.33671916506107
-8.41994598009969
-11.92889507637721
-10.359905448355633
-10.194139307782928
-8.111833492199224
-8.079040471587467
-9.710184393674691
-8.495437738131855
-11.575089048864305
-11.743492460453568
-7.702442154626166
-7.856371607985048
-12.343212685499761
-12.845950626997022
-10.115726489043539
-17.027816254219964
-7.446594676507946
-11.209475195799822
-10.48228827835184
-8.801987370237407
-12.572134138728423
-6.7583727645327265
-10.446375177591733
-7.709129638932346
-13.756363591968187
-8.064181673136835
-9.3514050835595
-9.40239054407193
-11.964348569442233
-13.01971822597845
-13.691439262955718
-8.482362967160242
-11.730756785411925
-7.806972090426446
-9.267452472705052
-7.779754981336081
-21.488424652598795
-9.992087889363738
-9.671844317334704
-9.829133058296785
-9.19718680108212
-11.808669438411894
-11.483916166372124
-11.335896045495554
-8.811685006637154
-8.585447705461823
-8.26044583970823
-15.571326847536042
-8.500536569671377
-7.029553543572577
-8.426127396270552
-6.677585000303213
-9.923403351620331
-7.0791098591967
-11.983509340614631
-15.177850333763187
-12.885818223054175
-9.343513803877535
-9.244003487666948
-6.5548394876953635
-8.300504307049732
-8.573153903418916
-8.404859590738617
-12.47109085745214
-7.333691080235688
-9.05817271874606
-15.011389041945087
-7.562569704318995
-7.445882552355411
-11.113407739488952
-10.89405681744977
-9.480659129748641
-10.013313740847895
-9.011841214334115
-12.413593330047064
-9.035298790834878
-8.608325473873917
-8.741949464179854
-8.079108757755362
-11.621043887999557
-8.441675815427457
-10.21079236635327
-13.104759149043655
-6.588125336095055
-10.235192455925327
-8.016643010862783
-7.597433829417293
-12.416599782674131
-10.184449411414727
-11.880991466489686
-10.8565300414581
-8.151893881096184
-13.779610347812334
-7.477090233386709
-10.439944188346766
-17.773818236935828
-7.470508767185412
-12.33837698391374
-14.602177710555951
-12.55574351286193
-12.106821497519121
-12.04696131558942
-5.756706752099493
-7.045951747903615
-7.489543231823629
-9.768718522551467
-10.590601719324455
-12.121254088506802
-8.896412895528105
-14.143301347980444
-8.696504371692415
-16.874192324435917
-10.373427005611948
-7.671569706991128
-7.124228531896453
-10.6998521740639
-11.888987885768596
-10.824298583329748
-9.126399348268428
-9.266158669853194
-10.726143650430721
-7.320210434627263
-9.487107954401626
-6.005306402000829
-7.676522549422473
-16.12333929003029
-8.131259446197587
-12.705882011434378
-8.727205907618977
-13.663884532987296
-11.827199002143185
-8.282020630750278
-9.72700362377446
-6.826922189663468
-15.862595522223652
-13.69468956280347
-10.467500994557055
-13.110608193427202
-12.438267274092087
-8.81109754601446
-9.729576695704129
-7.771601218854425
-9.377709185046639
-17.168867976071688
-8.776396042199012
-9.050941998122623
-12.997284666642049
-8.731995699271307
-9.73130155791989
-6.89153491939339
-12.743873355842668
-7.903855047568461
-10.034121722200382
-9.105872613149119
-7.163009325303872
-9.870814459759433
-10.149818782018475
-12.192485999335384
-11.536187818234684
-9.772662367098084
-11.994417979034537
-15.468332784927862
-12.79014911902949
-9.639839190927553
-10.256955696935812
-10.57566051136325
-14.682212640945531
-16.531190352434113
-8.951051675642951
-6.005654734138353
-10.594811293566408
-12.480568464836978
-9.539990232868236
-8.6808690006603
-10.488577127819122
-14.091897639365905
-9.838918325131123
-11.027283060502379
-8.171059149698328
-12.327337010835965
-10.613140923539934
-11.281902712266389
-12.199732498640307
-6.524291942484521
-9.688960178614193
-10.728825033784386
-12.548595599710874
-7.467777858497421
-11.64376103545192
-11.358627185317193
-8.894352633137366
-10.896047112266357
-11.687373588292292
-10.857119274867904
-7.70251778282123
-15.283425489463147
-8.965191494558661
-14.915467921325988
-8.542438418306597
-5.923915355462968
-10.087630026908279
-9.991188605495473
-7.8203062048936145
-14.096504071647551
-11.657231382504573
-11.036785295135061
-7.8705807989365875
-10.039608912548196
-9.657511152121597
-8.608721329863625
-8.003463427931635
-9.766638962857709
-9.906549571366652
-9.183685333154793
-9.010413944779325
-8.66980925655424
-15.260222670796042
-7.641558857213229
-12.10923760983477
-10.448820309810612
-8.903445164772291
-12.59962608064182
-9.782639349630415
-12.664256226464245
-7.979672313893364
-9.121810825376464
-10.294192135820644
-15.658367961246222
-10.14166008938667
-11.11253977481434
-10.253555184807578
-6.794601148638064
-6.95274547907017
-17.033920862257165
-16.93687992627187
-12.52605592434693
-16.98186985040794
-8.668264109108598
-11.017062110061971
-9.15088611146477
-9.144230439882685
-6.579805778704114
-8.987499273591544
-11.209456681485104
-11.28830187018384
-10.399334935012394
-10.655831615790111
-7.669598271740611
-6.630586006834297
-9.441752315064901
-6.715064376559496
-7.875442426812487
-10.961988464133157
-13.382526357132429
-15.233207664422585
-6.256857357211153
-9.32772235598311
-10.671829857166102
-7.200013537647579
-10.475715690765071
-7.798983469720049
-12.502721674448894
-11.143767688219553
-10.14382291548685
-10.168098364493133
-10.976685129904299
-6.371679488107459
-14.015514775907453
-8.512880530127177
-15.095806164279706
-8.975026726502225
-7.453569271582675
-9.543853473834917
-14.447460856404659
-9.107615772031156
-8.421244870228062
-10.572808568814635
-8.109895200202402
-11.277457645202933
-11.82658061648951
-5.827351940044965
-7.563508528311105
-8.269030927301522
-12.655066058662458
-8.495362778250627
-10.338343806581694
-11.462238133292699
-10.982270425336614
-7.791290813697926
-7.904531367903762
-14.178488314056034
-9.257007223773437
-10.2248010253325
-9.000570986663448
-8.27824329578355
-14.318465216515486
-9.42868390935128
-10.251944831802259
-7.38172474649057
-15.36113226437566
-8.921488274742215
-10.763219220291163
-7.2884097553152
-8.664548855518527
-8.741567337726284
-7.288117107968364
-11.137795861989025
-6.5161375893606195
-18.7210941596452
-13.538686740584067
-7.558903076387304
-6.460142951250149
-8.619892323510582
-11.353100051689388
-13.48165490877634
-7.101008334742333
-7.7715577911093
-11.256969350774648
-15.479918008405036
-12.671357345375094
-6.391509272621946
-9.231788356546462
-8.632741390670608
-9.513058647009588
-9.519152200995567
-11.065232537181833
-9.23761494333034
-8.256266740660564
-7.8387556483231835
-9.621779372874828
-14.051351894837273
-6.631235925271309
-8.16563575774842
-9.425074351278306
-20.34847239802963
-7.748378941917279
-16.271206210344033
-11.046226712501054
-8.935602696367429
-17.92184124662904
-12.96092568079949
-8.625022322153377
-9.113084789178894
-8.633803314519051
-8.90468806119405
-9.29475246185975
-10.396267354032235
-7.290684332668319
-22.777095138079073
-7.148222347358197
-9.37954293128414
-12.824507487324341
-8.259764103169495
-12.854345755983045
-9.559006521733016
-12.802789496587508
-10.403726946562923
-15.023549532483894
-10.279081301507992
-11.195512286976042
-8.56179964287954
-9.386075601780846
-10.721415776598
-8.654309586577742
-8.189239618675456
-8.008822461152334
-8.088263104345266
-8.623927514394353
-11.078395281933801
-11.915306891931216
-8.113436317787619
-7.843789368616184
-10.99398746334696
-11.243579566841227
-7.143913279445997
-11.104242467109382
-9.118809174328419
-7.266621671252564
-7.304601684415054
-6.186487549234563
-12.995728577948015
-8.361532858565848
-8.029460502471201
-9.921191413838882
-8.108443728544707
-9.35024973241897
-10.883785656823141
-5.909039555586373
-12.241058374317507
-9.492641342108207
-9.145068021821869
-11.196224130657797
-9.300509162336471
-11.39250047571923
-12.243137139463625
-9.802611738187375
-11.408631853129343
-7.661002465633851
-10.113690165247663
-9.05876281283817
-10.10170940684882
-12.20584062467601
-8.987488058624585
-8.916486367798978
-7.648991246196096
-11.438165115180798
-7.335768190495641
-13.283350586139646
-20.564334924169692
-8.178673260414358
-6.506953737967737
-9.845649268728177
-8.981943707872707
-6.252645020117839
-7.0422470189750195
-9.770299849319848
-9.948194063195395
-11.328366442716003
-7.764064622113499
-8.693958828669171
-11.41505196991027
-13.428017613556856
-10.498355674656533
-8.416090879642987
-14.403904285825869
-11.075843663447642
-7.713609482880829
-15.01214634098425
-10.818967494929845
-11.313319238020677
-8.908605909617899
-6.7594175318785155
-10.187576050249348
-9.327945909733609
-9.968610277124302
-7.995318360715155
-10.036416789715496
-7.956483470751217
-6.792715169618671
-7.821635973799052
-10.599818845247619
-7.167735845257463
-10.898118258448406
-7.496483438398065
-14.50713329392812
-13.940026037597786
-8.505967592339076
-8.14018073030477
-9.11267364076068
-9.490370423121513
-15.871790492568463
-13.681130155581304
-12.333766331610764
-6.326167761460043
-8.06984106589875
-16.543772585069487
-7.721438920315478
-14.106713949740648
-10.108295840417432
-18.90465187483573
-10.944008719074107
-6.529395994041541
-10.316802280707138
-8.166213704358203
-10.899318393492004
-15.2359136561733
-10.72071957243128
-9.306425699311013
-10.609884766691357
-14.71053799347625
-8.803347760750574
-10.845497455734085
-10.520698692571111
-8.917243691466789
-14.337116128305551
-7.445003353335101
-9.910349837238709
-12.25660401355453
-8.269878405295175
-9.864088581028303
-7.2933940253747025
-21.75624930423254
-7.89294352801248
-13.848192699172985
-6.64840100992326
-8.116780078525407
-11.418967675231865
-8.938622418826252
-8.731976698380732
-8.43691381266708
-10.185584831443892
-14.40239757311088
-6.55214744738089
-9.540733713459263
-13.189928753746134
-10.864650280632553
-14.769121802845044
-9.246910019862646
-8.581156157447781
-9.538798808358676
-15.212410217938729
-11.338191662968754
-12.054911658289024
-10.514830455517352
-9.094105510612746
-12.165076779805787
-13.123257855617629
-7.839332337356209
-9.558075322482724
-7.575985311991847
-12.42660260753294
-11.400928776984895
-10.72987555035903
-9.794017139563595
-10.225594710500559
-10.274627686636864
-10.562655646668135
-10.098888408583244
-9.260909001893598
-9.270344649616732
-9.364397061768132
-10.300284459730896
-9.395734019727957
-11.429841944366865
-13.769044725944656
-12.636950764424492
-11.650090118264236
-10.511595141618512
-10.943220959619994
-11.59271652829439
-9.802967900996762
-10.22448486983446
-8.511230908895373
-8.10441418235938
-6.922904668335384
-7.689928173010419
-9.601201152667516
-5.90965062079371
-10.47625237452218
-9.845737561086015
-9.074554715528741
-12.31851845440045
-6.691781378969164
-16.500019976675272
-11.470330192909694
-10.82358660375044
-7.245665102138983
-15.765798047316286
-14.502041351991236
-7.713001060833497
-11.603832600041818
-10.441424402294956
-6.429819223278463
-8.51856051293625
-12.72458334295291
-8.128951664524708
-9.55708946985581
-8.15797101137591
-8.978525292935823
-7.3135582254140505
-10.240301409387195
-6.22591403192541
-10.856938342009235
-11.37141778962376
-12.12026187684939
-8.69645769557095
-17.705568379965587
-8.152469442772254
-9.331987307758016
-6.7745528229592225
-13.737152876758055
-13.004182596288711
-10.538467755442221
-8.56080185260486
-10.054912317417529
-7.866572213044525
-9.803871583427377
-6.839885735790724
-12.920909362334324
-10.927480090694887
-11.206854124428112
-10.204449626320589
-6.442116704859821
-14.858558832782922
-7.620769938083164
-13.579207563362647
-11.351872151612689
-13.133512768567458
-12.149720655884577
-10.870518929772722
-15.044200405172349
-11.973180272295744
-8.5432274132404
-10.907113255424463
-12.277350285706596
-11.237875313304043
-8.343250351951088
-7.945012583769387
-12.605768901056715
-9.829579980624384
-7.935747539971282
-8.288047425547301
-10.131101001748876
-7.478232361676717
-12.73248987637926
-15.886850290517861
-8.983703524037809
-8.744150585677243
-10.134511849792833
-9.354216760912829
-8.392247953113198
-13.92737479616826
-8.487413273047302
-7.466776633372505
-12.153791175816501
-11.064474612641183
-11.85003262714838
-9.637217230451956
-8.608908099284621
-15.048884236668526
-14.46410153077952
-9.01296871773366
-11.125538944400313
-8.86567709220859
-16.965906363809772
-8.17738447090369
-13.233610212895393
-15.041535431071184
-14.760234360146093
-9.646228903090105
-5.589340784213858
-11.111609725903984
-12.501960088307424
-18.834729791841113
-14.400938128397092
-7.1404587303287785
-13.374197099282648
-8.9841852238165
-10.119199113764623
-11.546715954503721
-10.03402397641195
-13.550317027171555
-10.54765173507134
-8.137487073504483
-9.354288909631862
-19.473456379542196
-9.265955060357308
-15.677152502926877
-7.98590397901046
-7.256400726313956
-10.040482828584627
-5.409635663812916
-19.617602710230038
-10.48434722945483
-11.02610551020902
-20.308925697957395
-8.66106028413005
-8.671147417871785
-15.266035231748655
-10.223647394306987
-15.720051891547406
-9.024316844288558
-16.780637495305147
-9.473972140973212
-10.073628692663181
-8.9185735534157
-12.491425829668882
-7.516715496922911
-8.103618142714511
-15.174210275558695
-7.871842062545786
-7.308741988877506
-10.634542592596079
-8.363513939864342
-11.65143845844242
-9.540196664960979
-13.693372733550051
-11.833277346284092
-16.99795409866546
-6.240119379074494
-15.851574296965252
-6.741446558885513
-12.580265752571067
-9.838339370969747
-9.923592524535284
-8.80683350807768
-8.84614383713564
-10.662003868280966
-7.642199920904769
-8.190727125954151
-9.750587229705271
-15.062699012218529
-14.008889953648483
-7.002716765694841
-9.41827606026785
-10.890478408996861
-8.341566298290921
-7.1408308490709835
-8.97712822877861
-14.534471227915109
-9.24011150453617
-12.42206981093786
-7.595957667879139
-11.898739788461683
-9.958880003323388
-13.788018291571099
-11.207100415699953
-10.413819663740972
-14.824943208029122
-14.15621513860589
-8.54165375718266
-8.565335068534313
-7.829357927496852
-9.335895279724975
-8.865634498746887
-8.777926072511404
-8.025790155586883
-10.603025742506109
-10.28405885195243
-8.097641073485265
-10.395535392901602
-10.079879963687231
-10.046793569904443
-8.857112647460317
-8.147041619288965
-7.728789048720631
-7.479323488529979
-13.017036505215067
-7.98322545311879
-8.03455189943354
-7.160743884814871
-9.983328640831665
-11.14685602435374
-10.042488508862304
-9.242295672193789
-8.506641561152025
-6.781312238137376
-10.775096490495692
-7.426739028039105
-10.831207871088846
-10.628374167573847
-10.50789572862789
-15.582845214684696
-10.140285320798037
-12.042139388441264
-10.116047608059432
-6.979965966534582
-14.547172502827987
-13.810453142685333
-7.941574696214555
-9.474956581408437
-8.651133787992235
-7.886836976308381
-5.702025149621742
-10.596733842342601
-6.74148908499686
-9.382977854609711
-13.142520391389848
-7.174656600682135
-6.096320993256814
-10.23576803943828
-12.121700117413605
-15.172959509296826
-13.302592035192726
-10.476753557169804
-15.12737177060987
-9.449242439813007
-9.907067735187931
-9.440791679372754
-9.797320391283645
-11.711240618980646
-11.781135177849594
-9.775210644136846
-7.851184455042542
-17.2589338899168
-5.970352563303071
-11.968526640247568
-7.390500225034077
-8.798592833902374
-14.48894711204132
-13.738306077769916
-7.180222759456341
-17.759129391157742
-14.928043522466051
-12.248450165475854
-15.094756341950884
-7.845318902486017
-9.998271279614888
-13.386385936049505
-10.933018001460633
-9.141679435062006
-9.763697467613405
-9.714604099829346
-12.09485419273518
-7.498305094757407
-7.008125742209476
-11.68040189821436
-12.145298495641919
-12.630530596074301
-7.789807278953977
-9.829238143541962
-8.890225496930952
-9.908471782210185
-11.07285934534764
-10.038661383322319
-8.158925821793725
-9.74732562297999
-7.29080790092103
-12.191944234325016
-12.941543563606377
-8.608663477310452
-11.340304117274794
-11.82109720504512
-7.974216019290779
-10.32908490342481
-8.338595670388633
-9.397221201049385
-10.845455921487268
-8.91013422702339
-5.907202533746777
-11.391851757212876
-10.446914544370232
-10.49427576320979
-10.351348657458484
-15.11936146781466
-9.400719465355365
-15.954817121334422
-9.210796553793614
-14.251846885119653
-9.045042185258708
-11.115260004939604
-14.412026090577486
-7.851851859001427
-8.095562180135696
-12.300924473029177
-12.701277597833872
-8.237438818099765
-10.850236245088139
-6.775839658684896
-12.452161186135564
-7.310142767641832
-12.373028499514838
-11.759204769495518
-9.090096589353262
-10.95319238684343
-20.003787193350284
-9.21920553727539
-10.924472593876002
-8.324772448159383
-8.803617053476058
-15.200760531963542
-8.953949934211446
-8.677207801141497
-16.448023823465796
-11.417312128437086
-8.587097913129082
-6.745012084195918
-12.614121244057019
-11.938851222356188
-9.580760376094858
-9.575456561740797
-10.95863226468337
-13.309672562571508
-11.360196834888708
-10.692732408689327
-12.93783919979784
-7.4137854761539
-13.414571381822988
-10.636932120058088
-10.175409720903659
-12.523298995346078
-11.677908298456341
-8.38134556949988
-7.631246791926575
-10.20554415766774
-9.64773010651942
-8.295978965442625
-13.78600376113626
-12.197367720458468
-12.911524630746761
-14.825262537905505
-8.700411302456214
-10.029565526618246
-16.589997167196522
-10.612953281175772
-9.326252706963805
-7.458945871285927
-9.889557167481959
-11.77152314094113
-11.61539137372886
-12.315605506126563
-11.645453155181428
-7.464935228384489
-14.2867706453416
-10.391467020589685
-13.677366307058682
-10.852077990705917
-23.294193251389956
-11.221084864412116
-16.4553177100142
-7.27751018487105
-6.163382547375664
-8.677266564356474
-7.541543629697214
-7.146089398007389
-6.492754879972803
-6.551053529435354
-12.688422079973737
-7.578453039689063
-18.36624724544355
-7.774916521246918
-11.413333733628036
-11.326259764876585
-8.449128770579561
-9.875442403159898
-15.990010951663374
-11.410642082727882
-11.737872765470431
-14.245934212530885
-9.488919361219846
-8.358859389191824
-7.874112686878486
-7.638947240571828
-8.023124037147214
-10.509485039352791
-16.513292184959536
-8.445914632113746
-15.637815713442034
-7.62009426578016
-17.516824824155623
-7.724518214341202
-7.423827423638368
-14.537076956733541
-9.247667363997724
-10.087309610915673
-9.307797763699016
-11.092388131071248
-8.854391026158027
-11.366292668269477
-11.685963945795303
-9.098177243676387
-8.893527052836058
-7.583662725487608
-10.143100090391032
-8.902493203615284
-12.280222022535927
-11.28798857225138
-10.969827015957359
-8.529259081899525
-11.833220678455369
-13.796551120380613
-13.112652203319442
-9.327383706243047
-16.920215589464263
-13.412811955469365
-15.255376413344697
-9.349587244641581
-6.634381681153762
-10.558963591025357
-14.642496425371442
-9.697419358594587
-8.771614105700511
-9.787339685044959
-11.82523662037937
-7.798271808915023
-10.405849574225902
-10.61262814454695
-10.85581297454118
-11.437163313435565
-8.527455722099353
-11.378107659100985
-10.43863555873072
-8.746779960436575
-9.487057203960868
-8.109932652504769
-11.580146343108401
-11.86069513780218
-8.321843254245673
-13.90029839284391
-12.812640970665655
-10.452121037733374
-13.387476297131194
-9.267031360388751
-7.5412336351019
-10.784683531574402
-8.060727781449877
-9.374487596759067
-8.211771170400418
-6.878212166344741
-9.3802052401497
-8.76450789902587
-12.1351046530965
-7.97708770297576
-14.13064800359828
-8.01052572205478
-11.879131668019262
-12.02655426117135
-8.872779055915112
-7.4718048473436305
-6.0351184271960525
-12.115088592334727
-10.44028400081237
-9.211207364424727
-8.523822292160217
-8.709868035691906
-14.82011312213315
-7.625830887158296
-13.121899855191584
-8.46221064495792
-7.5496196173146535
-7.792428719573687
-10.07308543049093
-11.233894677944711
-14.863750133816792
-14.241785211568818
-13.675156081705271
-6.9769924598666115
-12.273437943275995
-10.01818869408109
-12.837489301905258
-10.01168575533464
-9.682515985488141
-16.58417376452987
-8.428962782633578
-9.537930889143635
-11.84415516101137
-10.985280206940532
-12.87188369692431
-8.522212443658796
-10.342997985016446
-8.72433765821735
-10.407573353614625
-12.070409038496173
-13.724112258441698
-7.994406864943768
-8.44156391321037
-9.179283206282328
-10.472925648380162
-7.050245580597622
-13.676132099495856
-12.765641338686526
-7.432751525705691
-6.40951773197679
-9.741887206571535
-10.644389775013591
-10.58147901961051
-12.667035401268157
-10.235400288410586
-15.96641480306186
-10.34902465849268
-5.978109323036546
-9.140663739156874
-7.216666521414597
-9.001722689926416
-7.920621652690833
-9.009089996846761
-6.754169070092988
-11.307674999225533
-10.007927063885786
-11.264429864078112
-11.136358485011277
-8.085662876969016
-8.543105392852025
-8.224619533132804
-11.966017059880024
-15.235023128191036
-12.676561301930287
-9.304766380830864
-14.45311255274515
-12.349918643843493
-7.409615308708983
-8.005786068588671
-14.49913331244298
-9.798073189290893
-16.406574556902925
-6.977308879564806
-8.975733745836845
-12.945201398764743
-11.661645228057102
-11.643897864861586
-7.359534951004248
-9.99044069659076
-9.100695303074088
-8.146208954043333
-12.168002720443283
-11.401171627464125
-19.505094560587214
-10.682651664953413
-9.366144226689297
-15.45793743535367
-16.854668739782117
-9.812858305001875
-10.723757520347691
-8.445918709404598
-8.446351758813572
-10.576397808482756
-7.898159146830998
-9.819855474406033
-8.663619073848727
-10.361673741648513
-7.632319137980846
-6.964712174138969
-10.401530631015875
-6.7554841874026845
-7.704752197913024
-8.02677352108374
-9.793698964219253
-8.457602745042914
-12.899732728430696
-9.408655484199567
-7.633172189955914
-10.917517697615672
-10.623390718976678
-7.715297805189032
-9.30845982185253
-18.39306778680139
-9.487493046508467
-8.90249599917126
-9.417290800781895
-12.354073248820109
-8.944154402834705
-14.73649982068998
-10.579009627827698
-9.386972703372503
-17.610123567757864
-11.810006259813774
-13.519280290838223
-10.331116001173765
-11.743239611412257
-9.609090017643066
-9.391049433849263
-12.528924247800196
-9.173158492100164
-12.05219323717693
-11.398583096951663
-8.74558965974175
-9.005508739747068
-10.363109791323094
-11.093289626118178
-9.220673935420868
-9.262758082686272
-12.814436862961697
-10.238086710960847
-11.040882469567228
-8.670433146544559
-8.944617257281246
-9.34729797533249
-12.497229770480477
-7.740507379204698
-10.283056423984814
-10.72658532811267
-9.173852836959984
-7.849957667570261
-12.068403874860385
-9.640134590006884
-7.933354261805416
-10.767355973757802
-11.108087895529193
-6.231095315260663
-8.412806482315029
-9.487960807751666
-9.66028385571784
-10.666371913119171
-10.120934378214512
-7.722123901501269
-7.512238582399361
-8.284167928180143
-8.415528379483533
-9.432393872399695
-7.257029453327469
-9.682961874268637
-6.688101200576153
-8.780551969320872
-7.310862216569586
-10.999047745029317
-11.048767743199862
-12.886093113736516
-9.176519479677163
-7.344345442014197
-8.957864684869069
-8.832322215983886
-12.24428234015166
-6.706333721294713
-11.174870430695321
-5.926582935448875
-11.715123560961942
-9.577026822633467
-11.622585617910124
-13.361747766411074
-7.29282292671601
-9.578595160894476
-13.704199855845696
-12.242495204519944
-8.396371491443963
-11.900519874216004
-13.290464852092821
-6.012484567787936
-6.388238984634852
-9.347881905858124
-12.499127282789079
-11.626496636617295
-15.871578753875287
-6.50983704486833
-9.362024828708519
-12.973686299313957
-10.617165969996877
-7.64716766588777
-16.283826686488673
-12.794019202484478
-14.987286604831851
-9.742789645105134
-7.695896396279067
-12.343202568446376
-10.326331009216812
-13.020700305278803
-8.706802049954216
-8.97955596199573
-10.03708493092203
-9.86960008756548
-9.95896614619883
-9.603181199763963
-17.571907594277523
-8.923578642714396
-11.524393930179539
-19.751290205094428
-10.580594407319607
-8.864668505204925
-17.408337075166852
-8.332176049162612
-11.835518301604283
-7.878738551986848
-7.715768427430953
-6.269638900157
-7.092825422550616
-7.48574304421338
-12.47003184511146
-6.997719877453026
-14.177395267884366
-9.03850222051462
-14.261242625518236
-14.057669072116791
-10.140486543794509
-9.484241991136553
-10.02473762297497
-6.685744251591723
-8.901957816432192
-15.971483390843655
-9.0285468005948
-11.019668106784499
-7.920443283509893
-10.061269437168258
-11.982204744417805
-11.611514939698685
-12.873221103149696
-11.01214040446223
-8.546779736381156
-11.625768265284604
-15.08956017272837
-17.21945651158694
-10.774292675103235
-19.03100355395957
-14.95304272103141
-12.105494247630423
-11.081526003787294
-10.430934045819827
-7.124585006298661
-9.48842604559679
-10.833097149166237
-10.936163447021572
-8.925779520979717
-15.09065618928355
-9.203502779840782
-9.791349059424604
-8.98793621442566
-12.285599151285513
-10.02199154763067
-15.762843651354036
-10.834083023242574
-8.035225022752346
-7.3141034328831225
-10.89573443204118
-11.99043904632971
-6.954437158791108
-9.653792350133806
-12.429833475344878
-10.992950923093021
-11.74162182386024
-12.81037473139642
-10.31035207748307
-13.59930220218317
-6.777079394237082
-9.978501961773468
-11.486872652394293
-11.620985068918538
-7.653897380056775
-12.470480241918242
-7.206776719204987
-9.113733343615133
-6.912641051645022
-14.023489310804951
-7.740882163135304
-10.03289600500205
-10.847915582999038
-9.631825011477703
-11.488905101765678
-14.069701309933055
-15.782364134791075
-7.340388867373331
-11.046968958818013
-9.402481977427431
-8.074001100131175
-8.603596885522222
-11.296165702494738
-7.447900000840937
-7.0449122028587325
-10.130213922404169
-9.003206297611776
-7.0375835789695875
-8.848047857885685
-14.536446612635535
-13.693243594491118
-16.678294187460054
-8.528735505801388
-10.29764330044126
-8.247410735324372
-8.399183790208738
-10.861008290430615
-6.932127880262787
-9.804574007631272
-8.151294560628445
-6.881973794352095
-9.595230603174674
-21.763610309748433
-10.00022437342205
-9.013190990833719
-8.686825486192774
-10.482877040707665
-7.62932950476878
-6.972955432370858
-10.709734095781561
-13.76161375007482
-10.01721761091725
-9.442850742091109
-14.006805790771427
-11.291353736493207
-10.430780429621658
-10.059347399337423
-9.213562781835474
-10.705352755578392
-13.943560164703833
-12.775453322329232
-7.245425479184836
-8.162179827921843
-8.775291970826432
-9.935268233734215
-8.750002190004667
-12.317386280255729
-6.705829666802693
-9.50241320758531
-8.174191922527147
-16.854283817227547
-11.771269822461974
-15.517202879047517
-18.2406629511528
-9.43237698714114
-9.262103446977804
-11.339765474750292
-13.270403599847937
-8.579003124524927
-10.45797016981056
-9.90393405761916
-9.055599559761063
-10.545475135273259
-11.742303269588021
-14.036980269121853
-7.599076543632462
-8.742575200189783
-9.939939031226457
-13.938993010411473
-8.284029298993229
-10.4975647346794
-18.047849028427482
-10.363178571079388
-9.955278415708504
-9.419490402425339
-8.47629858581666
-9.74925755798294
-11.25754218150466
-9.960177071465246
-8.318785710104933
-8.842417606460375
-8.684813643493571
-10.951879710521451
-9.992165568572103
-10.474522652122797
-7.414971333372562
-11.187587822728949
-10.006177894293597
-8.887565240588794
-16.88304483847292
-10.969306769697338
-8.672595042958037
-10.628439191942771
-9.072182841642118
-8.370959483836328
-8.443011826814582
-10.914767439305823
-8.459637981798842
-12.313201042967842
-8.424072943745546
-7.422412477122189
-8.118347534469427
-8.504510491016521
-8.811551738950346
-7.915060034277095
-6.855697954614643
-12.041019241042436
-10.699607565226948
-9.642254561485371
-7.8908737218275915
-13.584317329523033
-9.88163592804758
-10.842863394362654
-8.584947874949544
-14.535434463814225
-12.663980979968505
-7.370835145384561
-12.124809698232394
-17.3395988088209
-9.762687069039055
-11.482280740506196
-8.409210445021305
-8.41159797469001
-9.953055502511914
-6.682514186583399
-10.607304420607969
-6.3376630649730314
-10.823082191109414
-13.129854335204897
-10.735541185231106
-10.510087604806174
-10.118202575346691
-10.641124061467247
-8.401744236807822
-8.771873062102495
-11.888786940866396
-9.248211803522135
-7.926643363587217
-8.214623928485139
-5.869869359899303
-11.09541161432893
-6.605009734926188
-6.490549916778431
-7.806998063217904
-12.216041149454423
-17.22816809369642
-14.765970063332787
-9.933796901667371
-9.500260041417558
-10.715172676809948
-7.396208250296187
-11.395062180340139
-10.784240539893283
-7.966888157397083
-20.407726873717213
-10.330590974680705
-6.753877504771393
-9.025998462705717
-6.248305730905962
-13.040542319983427
-11.77543382861879
-11.397994537018498
-7.007632867755532
-11.818184782173704
-10.035373079990416
-17.683154548692873
-7.272601063951737
-7.810015447516828
-9.166912964971504
-8.99887253678337
-8.216094850444394
-9.789494842418172
-9.60555258831614
-10.034614352764386
-8.130559685324675
-11.296392192032588
-10.92615927493577
-7.508561938683962
-13.04541168435757
-13.299860658589182
-8.388493178645
-8.905234616046611
-10.987632066165444
-9.552444254177233
-14.7881318417537
-6.761661622645977
-22.414683713642663
-8.681304505919995
-15.387493296377315
-10.042839334780028
-10.939848175239053
-8.206595240746479
-14.099494713804662
-8.499387186731669
-7.052148009673145
-16.017219672743817
-13.128147941073266
-8.231738232678369
-6.3434163090847875
-11.257216134831936
-15.602205572809329
-7.85677572354752
-9.058658652030825
-7.645039928819249
-9.283724594225651
-12.831327164966979
-7.3683497337321
-9.399956912562402
-6.996812628265571
-11.690691430202412
-10.36131594862354
-8.438026565978955
-10.949171630678391
-9.092712926240894
-7.4443077165577245
-8.374949747434759
-12.137862360171964
-7.011846378120913
-7.414668704985446
-10.133432044852517
-8.451784557807375
-9.343944058852436
-9.29675724657972
-8.39934104073663
-12.62443974707051
-9.21507354142745
-9.195289570545455
-7.013611087193787
-9.694060071711247
-9.773262856604717
-6.806557076576839
-11.335884191356591
-10.393491479309175
-11.672912603483956
-11.181985365871906
-15.065710587111623
-9.778635094444928
-9.148839320232101
-7.870298540876939
-9.138891203340975
-15.488314533036595
-9.736376019010885
-9.61159910716353
-11.477113327915259
-8.438611013241733
-9.673878372949831
-7.975776102301191
-8.07731168105307
-13.738113963182721
-15.116341012297935
-12.318629136996403
-13.38195527886817
-11.210329527289256
-10.517491846390172
-5.677204387479765
-15.030338127325926
-16.450171639853632
-7.4617335011528505
-14.12408112020749
-8.840070662411444
-9.478376957266176
-9.598549435692378
-8.61904735197149
-10.54363205386647
-11.114048252494124
-10.093882818107748
-15.636960952538528
-7.216831550050658
-8.519390215068599
-10.93134565461095
-10.693807710139069
-6.835833287340511
-9.683565788704206
-8.168342709150094
-8.86894500082736
-13.340150638696972
-10.866861721668114
-11.34047353917431
-10.401763761175085
-8.754085284122052
-8.926215739417248
-15.491931409540229
-6.742312909731126
-9.70616380602067
-9.712580286693278
-12.700151562165187
-7.520719412970064
-14.785631775070128
-9.600933671858554
-6.224767044243566
-19.93789197797377
-8.953968094533472
-8.598182847188793
-7.883647884769876
-10.940035232810013
-11.16109632715199
-9.402262764607743
-11.108212698364158
-7.9677291497083855
-7.509199092351653
-20.22356931017434
-15.27845397832446
-6.7592311632631334
-8.620584010663816
-8.23804056862975
-11.61469705006773
-7.645804666019042
-18.09647071214542
-9.540526549749826
-6.029242293457907
-19.80506098248306
-11.13148241029492
-18.49348281444927
-14.029916472983071
-10.346215891620215
-8.921747782062901
-6.662508074730926
-7.577660029489382
-12.536715184300473
-8.416509425745433
-10.902920490439282
-8.073830173353691
-11.549395541504193
-8.522599537556735
-8.146065418223376
-10.1388437419022
-6.488293313542056
-8.031540264565484
-9.378118841599486
-10.191851280642446
-7.586721436439202
-12.69724791134535
-6.913387699782125
-14.596423486233398
-12.430145840408336
-12.061126396738988
-6.012458077793696
-8.906105374089032
-17.266465065707195
-16.96823426419729
-12.608195611020154
-7.684946742135357
-10.638685147082153
-12.49655660013671
-7.344346160436339
-10.839782238221366
-8.972554697363323
-6.756645514676431
-8.684493625874316
-10.495219781550698
-9.534112330918985
-7.665404351038913
-9.456567812161264
-11.454476941702083
-7.008607329795672
-8.091993099850294
-12.815467624042165
-7.442218262166639
-8.27473985029967
-10.790827680589594
-9.896855724382966
-12.072602838695062
-11.445241705524701
-16.463460985354384
-10.16636701781613
-10.095339451097235
-9.728485367148412
-10.305176882727828
-11.490205295002221
-10.924593810250672
-10.39359747914191
-10.59294506340016
-8.436046214798576
-9.227178101473736
-10.368517961107717
-7.213433082329086
-11.034985584023884
-8.017014690498078
-9.962822802501611
-9.021820948882832
-9.445345021190596
-9.62292085700642
-12.495936281227431
-9.870915445639502
-8.733637680699566
-10.69999800206761
-7.335911530751059
-9.949528186824725
-7.183070871354838
-12.279954363252035
-12.004172468632019
-12.359514000950991
-12.810917470712175
-7.321270601797529
-11.770281910159998
-9.42081403088292
-10.346901868658945
-9.336447078588225
-10.043104329857307
-9.816043013244395
-10.647380527972167
-9.782162769631928
-8.251852470996242
-9.886766730718394
-7.331518372047431
-11.492120698740107
-7.728937528970764
-7.022040318123106
-10.826881580262754
-12.447792239042045
-15.137643629458017
-12.563529897065385
-10.618298776791965
-9.013623345746785
-14.83960017808879
-10.415698220490999
-7.415674183555837
-10.67406714438239
-8.284353274357535
-11.857472878267858
-9.752273443784242
-14.234845682102014
-13.173577220745988
-6.356711480102071
-15.603416529672293
-8.31359967811102
-13.899059782273547
-8.837125410208134
-11.694577085314389
-9.952454603728288
-14.45242921429736
-7.846579496117005
-10.56056495539318
-9.402879518350321
-10.955184588259801
-10.177574926122512
-14.494993467936794
-8.297919296869791
-7.65547553754604
-9.236648107739583
-8.14347462407329
-9.400176727641027
-8.63452845215598
-8.60126320239067
-10.446375768088945
-15.01255530651362
-9.584387716660666
-8.924416732755338
-10.78620711887865
-10.987689065463645
-8.644855539568313
-13.020758072484199
-10.681661615256504
-9.130648802913056
-9.644447214690516
-17.470501216216967
-9.188140605209249
-19.322948043670465
-15.99282712320508
-12.616636494997264
-7.784044757499187
-8.379089266236269
-8.283749006429902
-11.637756551719155
-9.158322192309754
-11.166396358832866
-13.310310557853812
-11.48564546629417
-8.59160797804769
-10.082185052142043
-11.816406256619274
-8.399296120261175
-11.023482406590293
-7.421528263785886
-9.491991751172607
-7.524207329742213
-6.432606675858594
-12.366946361528173
-13.644212101237228
-11.54750057747848
-6.285145757872955
-8.04671036518509
-10.671191525374324
-8.04681564506727
-14.561291873330854
-12.511301649558824
-12.867594422286777
-7.4705709086987255
-11.514154375745314
-8.26311422570874
-16.081016135476364
-8.450530955162566
-7.325237829866457
-9.554200825957103
-10.808762223384695
-9.308774092629582
-14.876700509871883
-16.691816186835272
-6.348318718292994
-9.898469595208185
-8.825971649123131
-8.300045040497483
-6.615432013328151
-9.47365693117888
-8.357178316033991
-7.67646075680872
-17.27172197994492
-12.06993232405632
-7.966337036182054
-11.568689773470231
-11.848528826620283
-8.087719673469115
-12.026375485504152
-9.292858802357937
-11.848159061440093
-9.762485879162442
-11.845702266351354
-13.91486178739564
-9.751102775655905
-8.01613610113272
-15.56241543327818
-9.018223678478826
-8.790870744731361
-8.558753097897531
-10.011915874838714
-8.77771526899196
-16.07356685478637
-11.247256057122542
-7.552810926324012
-8.82046662342589
-10.230038182399774
-10.188630683650953
-9.941187223681347
-8.499884998210316
-6.213911151882493
-9.63209661846269
-10.124832104382042
-10.705443389816965
-7.771766552155688
-6.396237193501236
-11.33925804403798
-11.435908766464795
-11.192485030220336
-10.930882302634036
-6.310229490593336
-11.033154002617124
-10.851943925659562
-11.431484732144009
-14.416532100136436
-11.444398593006891
-12.87705695093183
-8.907549776817872
-9.120701460253159
-10.131086666629628
-11.498243155769591
-8.029958288944167
-11.62752004370408
-9.360558737582862
-7.641707817537779
-8.304357414621169
-7.988975188762759
-14.21822802521313
-12.19761700311653
-8.18945792928233
-9.57602810249745
-10.74446751022403
-12.919256067125144
-12.607719454195424
-6.49735947183769
-10.388233375983427
-14.115679698793889
-10.571083801521551
-9.626132902633877
-9.328861401366337
-10.628117606227923
-8.09222356074549
-6.6263880677143066
-10.634530045258625
-11.958656613110236
-9.88455407194444
-10.816397809493267
-8.05235594708416
-15.987703699746731
-6.923740234444807
-8.915676818511633
-8.472105541713285
-12.644159107596167
-13.958116617231548
-9.530130166767789
-9.784055396809602
-9.09930718518589
-5.934913561642833
-8.84477967718061
-10.121081441432993
-12.004549492249263
-9.311059892949428
-14.924388063226056
-14.96974131744878
-9.257045806036363
-5.95998298870682
-8.105576889338082
-15.03863981686644
-11.593554437946041
-11.122796936881427
-7.4215411381072505
-7.196486376281449
-10.428264436045389
-11.269844461173804
-14.921696049567196
-7.849338664378295
-10.032806525857804
-12.944530594182666
-5.946824612607551
-8.184399675969829
-7.036741837539583
-7.565932730438183
-10.690582279843962
-15.072642938110615
-17.51778921146682
-11.02532002180214
-8.107107800565545
-9.24037619515623
-21.773419954056997
-7.703515046891487
-16.810781527751942
-9.097404868962073
-7.52767203412441
-10.039466975323885
-8.162786725761904
-6.724946055984817
-16.538549059781566
-15.912100230826116
-8.257958645252609
-8.3524813095305
-7.621296511058157
-8.354128637924022
-7.738947758617734
-12.179971855447567
-9.038372258409105
-13.920504432240692
-11.951682315644176
-10.529137274506253
-10.921248422915856
-17.291184085739914
-11.047660582610813
-6.979240250490984
-14.317765437887996
-10.18930431247004
-6.750044056696209
-13.256429915788312
-7.8568429380002405
-11.533103040245436
-10.08646248011491
-10.854073165207476
-9.498549261348096
-9.719608405233036
-10.118504291882239
-8.333558846875977
-18.08228625829186
-7.2630476058136555
-13.672944311574945
-9.920965768782617
-9.365632867834067
-10.7876958272503
-11.129146329733867
-7.108031223294255
-9.43183668090539
-10.572607436927639
-20.486508999946683
-9.332711861650406
-10.222628731318633
-13.39694576767145
-10.059479160432366
-12.145671953012785
-14.630278923895066
-10.317676684591806
-6.888669890260557
-15.446598364042163
-7.086226453421371
-8.523485797203803
-15.986870061856761
-7.338960408980398
-9.876056024534382
-8.2339153873633
-6.541153056034519
-15.054447464576294
-9.837212304032219
-10.06410014435199
-8.293350041014406
-8.572493247499118
-12.032790737044849
-15.854977867151954
-6.467738828878489
-6.589086957554291
-7.833860822894774
-9.043914369253423
-8.33832475645136
-7.7445708607968715
-7.570791823729121
-13.136062353998462
-10.495851751227471
-9.664618030756044
-15.26187045543722
-9.68641592552179
-11.25534490229327
-13.786827437982659
-7.743377541413624
-6.9305785238430895
-10.730530921641146
-9.597795189504183
-12.838704066425422
-10.29703853454266
-8.133030760122637
-10.039635383666056
-6.021584134976119
-8.664614460766167
-8.055244160487371
-8.25889800477867
-10.349093839312609
-8.07727029122798
-10.112133044520327
-12.68901359423689
-10.14958980243736
-8.175808227543163
-9.83557848012506
-8.15890866321215
-8.364213460189
-11.231559112287911
-10.8970791459901
-8.042293287357806
-7.298064701633562
-5.483150276028308
-6.953943421652043
-15.811853514688437
-7.736081636394227
-11.687344637400685
-7.3772822202636545
-10.82872248211983
-14.713761484246868
-9.539861057978813
-13.860981638738513
-13.174609343597796
-12.070484067306694
-7.773250580727609
-8.193852158199716
-8.63726708958145
-6.915498475373728
-8.581211734870474
-12.681181127746031
-6.772713481241518
-10.268898778143186
-13.23114110689121
-10.527681430600103
-9.054311973861681
-17.4806094735653
-6.883885765536114
-12.454114620274309
-6.81267113425414
-8.235206749287125
-7.982190947804506
-12.192807120577799
-8.934479644546247
-11.848793727413678
-7.627966399861552
-10.696935357016464
-10.322357547016846
-10.268035168691759
-6.968912875040068
-9.41551166179762
-9.055366348663703
-9.11901623109872
-11.316279390261768
-9.5332485311591
-9.847557924300157
-15.228209755609061
-15.449820317252724
-14.544729903018471
-7.390552387631359
-9.971532695748802
-6.759285799870621
-9.333685504748175
-8.546640485142955
-12.225841480440653
-9.498404944110154
-12.259965545421755
-6.816303541398121
-12.35074000127579
-10.142799478845335
-7.511584073423616
-9.406360165673835
-8.314145365945407
-8.306342829974348
-9.622401884590715
-13.512940174437054
-13.417366994918238
-8.119928509873386
-11.996587935046954
-8.195171038968802
-10.046971936617238
-9.395276036935934
-9.268826113341621
-12.606635404218876
-10.72155208200857
-11.232428834018142
-10.347663793337842
-6.476135524967035
-14.396116153761284
-13.877066483582244
-7.352986634090269
-11.083362928305087
-14.788214023577066
-12.23155704812019
-18.688950850658493
-9.358019338907983
-7.749791034092669
-11.995880627664663
-12.768770943980558
-10.153423352423024
-9.708834623502542
-9.66940198101465
-8.998439881437232
-11.09650098268244
-12.64195943369645
-6.072024446659812
-9.71724403023507
-9.029621940949275
-13.531562288550704
-7.408576097013477
-11.898510975852835
-9.470843348821548
-11.101911384572707
-10.997935306151806
-7.99847003592944
-7.556549276830808
-13.68576755232144
-11.738033717636027
-8.66719350948392
-10.492789625129985
-11.415459435963912
-10.069350125912878
-10.20546933103858
-8.837672285007667
-8.590862842269017
-9.584276506148973
-13.591476708340295
-8.567067219275064
-10.606615075863761
-11.48224492594729
-14.36726140326605
-7.193138525723912
-9.705305326383614
-8.473880709500653
-12.84658910247008
-13.874899340457196
-8.994108521852398
-10.932082371156536
-10.983250960732818
-12.393662963954624
-6.457394364021113
-10.175692807301093
-9.5384024483942
-10.745626941268815
-8.76353935769749
-8.369994746537717
-12.49221764310149
-7.564485372618524
-11.716035821454621
-11.649473194020873
-7.765292716680154
-9.72915778575468
-10.313938468646725
-12.51175558696614
-10.015701730270838
-11.280661424486926
-9.309435803386867
-13.872833379659353
-6.729612392052661
-8.969053648895175
-8.843122423552622
-14.597686613737784
-13.396667818763097
-9.453772484446684
-9.995248824023642
-13.675299298811854
-15.519675514033283
-14.056583243648475
-8.717027501252335
-16.996803705362893
-6.995468490989661
-17.916638709301008
-10.253289982065985
-12.978947474232275
-8.77545888418567
-6.487715938919855
-8.486317227466609
-8.673544510643335
-12.862486440085814
-13.780280168072041
-8.246399867467632
-10.900386594862443
-9.188265164021553
-8.592359264084028
-7.561169426001389
-7.505964018690005
-10.817679700686982
-9.819916598291014
-13.57378217626485
-7.946279421588558
-10.1858838444079
-9.207319472977586
-8.297993674029607
-11.079888564271483
-10.032686950444157
-8.108478955493435
-9.271119292820782
-5.97297457985225
-15.753497889889564
-10.097716986581005
-7.661968568988622
-14.412524186137729
-13.384534454306884
-10.875326979357714
-9.430216127531788
-16.526418028805523
-12.684769846844315
-9.661600653089252
-8.776425635834203
-11.582988810013779
-17.36046223360181
-9.884530589866298
-6.866239808775312
-14.308245989637358
-9.808267934760872
-14.553905430624571
-7.39492937030991
-12.680111091020192
-11.895150155774866
-11.572189526828543
-12.053662495163044
-8.18167808649897
-7.938827518719884
-9.26742763856017
-13.766970291014761
-6.468876369022272
-10.984828981291047
-9.120370911399277
-7.89567467624242
-7.085006017670682
-10.596258364339166
-8.829848769052434
-8.236156827852652
-7.184012047505586
-9.87662614466497
-12.512345302159414
-7.451050074267295
-9.926918998753022
-6.479988206287305
-10.070708953984543
-10.901597244752255
-12.010414346168314
-12.352498850036428
-6.5747574714043795
-10.969226624651855
-11.045769138970398
-7.781486459068388
-13.449444619690397
-10.784113516532567
-7.48641311643952
-8.497419643261818
-8.120256070700307
-8.016028371455016
-6.821887214378574
-7.990622575558268
-8.507689470062342
-11.83071130985621
-10.196519198638805
-18.04583544874283
-9.473417707810516
-16.06252618305669
-14.607186336345125
-8.748224754744873
-8.360478398410828
-13.621811388930514
-10.155189769910757
-5.912192310574645
-18.337274934759392
-7.421554406690125
-13.411783860127091
-8.918905509421716
-12.131821184948715
-10.961725622353008
-8.91924830697861
-10.884043718203463
-7.885290275635187
-13.699584071850536
-11.438992900667346
-6.884881385756869
-10.87989772277174
-7.84898176455527
-11.077855008408084
-11.824034222867716
-9.362054307480586
-13.130202387799052
-11.800772945762445
-12.461856005769272
-7.8213529005750875
-7.311051906789087
-6.101545012835742
-12.114691629690737
-8.809669773950226
-14.648096958983206
-10.28829166071952
-10.4185865152696
-9.613080946902555
-14.348650470707826
-12.476755886987338
-13.361694141301326
-11.932477612164758
-10.681082808182223
-10.072653683071646
-8.96143221292096
-11.634628324066862
-7.073545059031181
-13.269770590102858
-10.374392887026058
-9.138934643720047
-13.334621172298453
-13.181400675372034
-10.120931944873742
-8.407410497720432
-7.978289612102301
-16.037544681529898
-7.286539433115049
-8.353006054426327
-10.42579535102885
-9.853880666579123
-11.62897558960719
-8.640046883822246
-9.645681313045616
-9.334919568409669
-10.732973038350071
-9.79821707297349
-6.957853100059909
-9.337382877729427
-9.577759851913804
-10.324964594538084
-12.739482295500359
-12.012366282645633
-8.643237882101845
-8.216442272201125
-10.239556490988774
-8.067056355849742
-12.893550663470037
-10.364360391668406
-10.21121640394891
-6.468023414082772
-11.596161098709402
-6.909517088345918
-7.397701077058898
-7.4933164289338245
-17.055349888379943
-12.954328245998418
-11.936209205238178
-8.787265965175818
-13.128994440191411
-11.798305040585236
-10.973832453861448
-9.065392338545555
-12.05309193421665
-9.328912422883514
-8.939819267484205
-9.90289605212626
-9.418629902901039
-6.358902081044172
-7.792783779659526
-9.385230423506648
-9.756589110778451
-13.066647938269343
-10.21249844195568
-6.6919231193979805
-8.67986838101303
-9.773193117139739
-7.150961192477295
-15.362414108493365
-11.630903839929086
-14.742228355695579
-8.320679100785615
-8.357938267381261
-10.856071041527208
-8.909396971564046
-8.15066168628474
-7.58187725829101
-12.812665485103455
-11.307453639155408
-9.845469994721427
-6.885106771664567
-9.262522353096289
-13.684197737561933
-10.176942081858705
-9.117813055203518
-11.542170182438337
-12.975400788368962
-10.449988263156602
-13.377782844296254
-9.703995439694058
-8.131360170735093
-13.70450424152208
-7.673343559540919
-13.00232821106861
-12.676018199892528
-9.958875063721996
-10.602008349755613
-9.34440876506851
-8.643740085141904
-10.54723964802712
-10.321558761865074
-6.75833282780661
-10.7632038369375
-7.053635366289172
-10.409898132680144
-19.3117898265702
-7.122945280300751
-10.249607487053153
-7.800750838937397
-8.278730751553484
-11.87898434622481
-16.978418647524926
-11.168153358774305
-9.256957893395379
-9.042153713801593
-7.398211171595738
-13.422141223799777
-8.837505563045264
-19.56737511672882
-9.07299023126975
-9.94299843210913
-10.564850486623865
-10.429163671458715
-10.742386309809424
-12.126203340332195
-11.887819628304321
-9.139065870815225
-10.720491574831202
-8.126126904725744
-9.06536221526993
-13.042951095597326
-7.996061472663275
-7.106383064262727
-10.279815072031385
-12.412092746275505
-10.026278359288801
-10.135306637102657
-8.882321798751791
-13.454858843331722
-8.88283659002769
-15.98776592693503
-8.85805869895905
-10.017132975836487
-8.523798463648667
-8.437468925561033
-11.262727393149818
-14.210341182171799
-10.525929069449953
-9.063983258197243
-11.491346270752924
-14.190154513000037
-6.78446406527799
-11.578655725248192
-7.671658661346304
-8.579395169245364
-13.88165709048162
-8.404745700801396
-12.071866748959504
-8.749057505823787
-8.844680594678772
-9.629517670649893
-17.68501920971009
-14.036100030614968
-11.033567588071989
-10.33669913305743
-12.21841745892873
-14.011199115841517
-14.784006515252685
-6.121625542633388
-10.201762555797256
-12.637789884548432
-8.87384686610372
-9.258268088058955
-8.316998705343092
-9.123950611557461
-13.4384912511846
-9.863113120524538
-7.386231250446298
-7.5419499131627985
-9.679725149628831
-8.738631911926472
-7.447860413999406
-7.703676042533108
-11.420557067099793
-17.37689480347282
-10.666839854455008
-7.707994471449286
-11.670882567381003
-11.786481796184916
-8.72574654704258
-9.742317890853569
-11.44562179000179
-9.37154629558005
-8.016463504851394
-10.555576441125693
-8.537356748308124
-10.106604317467355
-10.74336443582414
-12.111323986811554
-11.573022601976705
-8.356837682761167
-8.112677592346595
-14.226943635703089
-10.157901061995782
-7.853149350197322
-6.675477493860388
-12.47415551142771
-8.370736809803962
-8.695086269729432
-10.289905805118885
-10.381419347880277
-11.572642087283198
-8.200169006871707
-7.79095769120474
-8.570033401048418
-10.89486498341286
-7.862469927684125
-10.79900056641586
-9.430321757743297
-11.741304556319914
-15.353025902456752
-11.3394723512075
-9.119988142887314
-11.678024707086037
-11.432167396274028
-10.458463999557834
-6.026573866762036
-12.481826380420646
-12.179979899841033
-13.848052459849432
-10.031132094846805
-13.02809456609075
-10.392768549389162
-8.662187765869895
-8.055218807871713
-9.268101461351534
-8.17912477394097
-8.485634805755888
-8.51764127556322
-8.438721851882239
-10.019349109813115
-15.231421746325706
-18.255489458292665
-7.818927666208882
-10.52592678864315
-8.511884694663573
-9.346638411485985
-13.564359754150363
-9.562915281306841
-12.128807241399718
-8.435875893957983
-12.351890252294192
-24.43618871053361
-12.516910936932875
-9.43050345508063
-10.0097771299964
-7.279740124325949
-11.895870891385304
-10.627190088412757
-12.56516002375418
-8.146182554365783
-12.41190769546964
-7.763881426589934
-12.937193517702681
-11.451273609414955
-8.80823959547599
-10.859539077308703
-6.827410044965056
-6.124904812951679
-7.399679960925731
-6.690565543161672
-16.191843421414887
-10.947752523235804
-11.218464003092768
-10.62572425124356
-7.8913289111058695
-12.82254956143589
-10.94429101089475
-6.323222981067461
-11.43912490532861
-12.039855051286137
-9.583241414969322
-12.12546824900583
-8.796576525425335
-13.480186966142087
-11.634195097881028
-8.845808818985528
-11.65646797541935
-14.205480413916716
-10.028902377968217
-11.166807929498129
-13.550935883784096
-9.534071151658356
-11.040708178098187
-8.242461869512654
-11.804422784075141
-9.700268184415386
-10.98137684822814
-8.83228420392012
-6.717853822193311
-16.153955065956772
-12.645771099555946
-8.921328501083746
-8.784323491179007
-6.454053502217587
-8.625301872596324
-9.935559521905049
-10.257608337126118
-9.578383643111318
-10.090312930144435
-7.604061761202784
-12.721833298061874
-10.807530322792319
-7.607587119420223
-8.011308488478575
-12.194049225017935
-13.831328022020354
-15.425466512336827
-10.875739891573586
-6.9001108836575975
-9.69955286512626
-10.649352356715369
-10.598664894968099
-8.433614735208925
-9.32546401613324
-20.957156557591908
-10.4687467440932
-9.547613137200083
-7.315342564386739
-7.94869914836029
-8.875361967175987
-11.15306830128672
-11.197467656287843
-14.151695469783673
-20.561102169638037
-15.218337791933854
-8.965339284708456
-11.54364902131683
-9.483924920157477
-9.247723104472449
-7.383981382102164
-7.9888899250807395
-9.53236052756633
-9.260829454941483
-7.965031737174234
-8.351943684762674
-8.149819727743509
-9.732052986972885
-9.415311588583542
-13.579046994918405
-9.595876191804694
-13.399046434352053
-6.158286931249589
-8.462570391806796
-11.548549759192447
-9.350393048243088
-9.09108830585381
-7.826851584822132
-7.2451006193445355
-9.368968667065088
-11.46046680137558
-9.725439522867148
-12.054998133450455
-13.480029872407945
-7.330346942747979
-13.35063772963166
-7.069502585122952
-7.178115562700421
-6.984889028150637
-12.725634132047048
-10.84917310093721
-10.545646650341169
-9.523627997366887
-13.72041738821947
-12.406698122878465
-7.684398019103734
-8.72238522181183
-11.498479057896423
-10.168987808189305
-10.340857163525325
-13.18885524152965
-9.755945616968445
-8.801810074576277
-9.082769706862981
-8.4670408829966
-8.21785952680064
-9.58712822373264
-8.599547086792036
-8.841047050620325
-15.643598896326397
-10.389437941852457
-11.129697121368437
-7.862342564539898
-8.880855268165327
-11.98020135745948
-16.068053996826297
-9.872899638015467
-13.827995418377064
-17.15094407248492
-8.149692798216474
-12.848678188617182
-12.35458171310789
-11.475166867902253
-11.622953466709536
-10.43207667503666
-15.079036969041896
-6.912573724057213
-12.799150834291495
-11.427070542053361
-15.138763620424225
-13.821643712449408
-10.900949146194861
-10.856939838526351
-11.947327733166205
-7.72239836519853
-8.729589561593505
-17.17125652796735
-6.911573145113312
-6.841170814021244
-12.01700631857468
-16.15252763636366
-11.274056112470864
-6.490034031362965
-8.667402109675544
-8.583239780573637
-14.362005433495625
-15.171008490390738
-7.9852304066519935
-13.035337857283533
-10.873117950018743
-7.547161142052767
-9.845604238127809
-5.7662346564981055
-10.777052706894395
-8.803018601775696
-8.25142240909977
-13.582853756793222
-7.8227372047634205
-9.031991427527212
-10.971031940685835
-9.669721802591754
-10.561692557429394
-11.807045802141353
-9.033957251356485
-9.005303728496001
-11.207048062376332
-9.862265105935021
-18.968485350343084
-10.209735631646135
-9.373402878333252
-14.682000506434074
-8.822631749013805
-8.898720058333739
-14.578686718875613
-13.916068890576685
-9.839272569929717
-13.901247992298531
-7.079787839550113
-9.710518428796737
-16.58239130319221
-10.689850941296136
-14.929763018887622
-7.601678131885293
-7.92854710960478
-6.68927640345918
-11.500193006239806
-8.301581494524214
-11.18958771346252
-7.885283539351524
-10.479382346278994
-20.317036367025413
-11.54327810362177
-10.398567692027427
-19.264531151936886
-9.248910606672604
-7.577242222970054
-12.679746240813559
-10.037588654626868
-8.794585829761699
-8.680014628102024
-10.637701697137764
-12.233711420666108
-8.986682048062862
-15.99657455520412
-8.863789346412586
-11.500670524465457
-10.83356920935191
-10.531563291138037
-14.582506701700442
-11.710442844106188
-12.495455037530128
-13.819907955956857
-8.167996755005449
-20.10476433560757
-15.057776173899537
-8.979715161555848
-7.693436634849485
-6.814830648550143
-10.24607534306181
-16.800437641676947
-8.223352960733223
-10.902179468467004
-10.022457774343382
-6.376997055760195
-9.386576573777218
-8.880631364939056
-9.21958685461157
-8.815670324952803
-15.444482696727219
-10.968641694354087
-14.31769439774459
-14.275873110390766
-6.429345587984318
-9.525115180780181
-7.607818070221324
-12.405048036184011
-10.991442541689391
-11.244669998727556
-11.154556799140726
-8.194672482264233
-8.056268196829567
-11.286265582912579
-10.46560029770798
-8.670553262861546
-14.538351673600111
-8.302824529795442
-12.049730893707434
-11.529031239528392
-12.105256374030658
-9.533785256951484
-10.359422774316661
-10.966626400626176
-9.665324981600802
-11.945261691780642
-8.010523013067388
-9.200045047571432
-10.902480162584725
-7.624158699761714
-7.203442063755288
-10.899855149615364
-12.062749301631733
-8.052632596995101
-9.611817247374155
-11.058277106577071
-7.713933643931139
-9.046961520886747
-8.772110168495068
-8.1032252476634
-12.327096165092154
-11.424232256738515
-10.489224282982372
-9.108191215460838
-12.215437706621668
-17.404951475573302
-12.341610606941318
-12.452189876232287
-10.193902300070642
-9.38900886679239
-7.476930986289404
-9.227004424814343
-11.460366881395874
-11.004533165876497
-9.555771687939783
-7.418575256226379
-8.040226445574874
-6.460032914435154
-9.158967000997954
-7.966537638933296
-10.147997786994713
-10.306706103393882
-10.810998608315918
-8.89534938939493
-9.871432061520403
-9.820726545944556
-14.609924005025075
-8.89912970774109
-13.42920634264563
-9.460823923436775
-8.446863771130936
-10.769570333550178
-9.716454478753805
-11.775100780540951
-10.84974606857647
-10.138917776829869
-9.637752093503886
-13.116543566707934
-9.955628641081224
-11.510813333517735
-12.118999936443789
-11.13955698865474
-15.653068211837171
-11.87935532751402
-8.136694769509159
-7.778797623205417
-12.911832620701462
-8.562121337429845
-8.468633399302462
-14.162363681550023
-11.955031221740724
-8.712806216555803
-8.315919466856927
-7.8630914531035545
-9.60078359962413
-12.350999334154173
-8.499028422531667
-8.775634222893956
-13.367460160433717
-8.381710034525526
-19.980955714033
-9.009053352021793
-12.24462352903433
-11.292926740393934
-10.674541582044487
-7.936029344256529
-12.331576775887532
-9.839085640155744
-12.402296838608773
-9.688952709575227
-10.010288204064691
-8.921050372918515
-13.089950476670426
-8.180386993873373
-7.1617768114297595
-9.249205953185033
-9.585835379628517
-15.476349268086594
-8.2451081360882
-7.599493709357998
-18.80656875856118
-10.306099413704167
-10.464952644382775
-11.026031985057235
-7.463747118904241
-8.903441173064305
-9.129749274855557
-10.792484638339582
-17.83731303158487
-8.177938276836445
-9.223013487147679
-10.242690811844897
-9.637958858437223
-16.37906584337574
-10.80912808145202
-6.339309555960073
-8.830948704889366
-9.798581398771486
-9.179195238001892
-8.228758243204256
-17.492473912599934
-11.085388753309225
-21.727065292636155
-9.395678524845634
-8.85769670942019
-7.442150605180164
-11.788970003722092
-12.117542022445141
-13.174674863932324
-9.69924972692282
-7.6919266688537435
-9.402394732532985
-14.393604901412344
-9.308265774742209
-9.919632871177578
-8.51683709202608
-14.030282798788296
-11.539086557823856
-10.283628802546508
-7.633101579966402
-14.065444013409532
-7.079360778691041
-9.088746101117529
-16.588135919907845
-11.612104389073497
-10.247314174769572
-13.413091435520158
-11.536819908816398
-7.373012684348709
-17.77594069868087
-9.018290281577137
-15.340181531749087
-12.392689630111967
-11.477368599652799
-8.972369406927195
-7.473535886369324
-11.289774564832824
-9.363955413623668
-11.33841883465977
-9.684043785187821
-9.700004692182333
-15.148634211913285
-10.090899885393746
-8.504337298054834
-12.428217232394157
-7.557423629209638
-17.620850732344934
-7.266806503235002
-8.305640075241893
-12.037456475259058
-8.264286526182264
-8.230605829165489
-19.10644289096992
-7.021415829885332
-6.627293899216939
-14.362471056867417
-11.232010213387767
-11.802628059872065
-11.409760826217656
-7.9026457668419265
-10.3032628420336
-7.773815402089726
-9.056650526493415
-12.53645674076275
-10.17230585547684
-9.258621930082949
-10.191116397863242
-12.557682964759389
-16.58223449369415
-12.814553303835824
-10.89507527728064
-11.216585742780639
-9.422240462315072
-7.346832988956339
-7.323302428304038
-7.862092101034608
-9.70629396466499
-7.453458181146456
-8.88877459145724
-10.369019331639231
-11.093939244648787
-8.978362961092976
-7.115851090054861
-12.286983898798884
-8.490005124545977
-10.071540208772243
-9.556807042043554
-6.531635188053972
-10.963177372108287
-11.3469905059824
-9.138534485121994
-7.795282340845107
-9.947318196316152
-10.175418455352046
-9.304505733265133
-14.567425006905921
-8.234388159740165
-13.668580376774585
-13.81553423067258
-7.59496051708581
-12.979498504049527
-20.921020828463682
-12.653241505366166
-9.407902428171743
-8.097609623132831
-8.617453845664816
-13.555381690169632
-14.084171941775976
-8.252347949508268
-10.887170443179892
-12.021518832296403
-11.712233850482667
-13.99676427164589
-7.912338076273548
-19.056308055921193
-10.824510342795309
-14.729038959108554
-10.98908969012783
-10.459576553328011
-14.061507536678029
-13.003454782413334
-13.444098515410031
-9.66174146824947
-10.27957530673869
-10.812049373514034
-11.504277257903528
-8.757859697271615
-10.512083006590732
-9.678691989247163
-8.74746275886465
-11.759729046390635
-13.825531236665807
-12.064199309099765
-10.613371545230116
-10.840422962916533
-10.59485185893142
-8.30831387647618
-6.795541177480514
-6.632238568178112
-8.386231254703311
-17.483991656597993
-6.5909373794930595
-6.566634949143059
-10.086833496972622
-10.173739773660254
-9.812138397149022
-14.005166812169817
-11.243683291824166
-11.696042059478254
-15.501684225398819
-11.668039758370234
-11.98786622966431
-7.346840792050292
-5.364676690188492
-9.908808760829023
-13.819495468788942
-6.252033360233841
-10.922282360492746
-9.745949538619845
-7.421004873287152
-6.954669138017079
-10.262717094971997
-13.362887010441433
-13.187113267812649
-13.418533968268797
-13.70812477400708
-8.500927046599354
-12.763741917062344
-10.500355436834603
-11.641983068383139
-8.293429671839885
-9.681697741655935
-9.445870657071882
-12.920419896949012
-7.726298655095559
-11.877866994959374
-11.192847624219116
-7.184132761580315
-9.379838211990048
-12.108982975914962
-12.425471817260652
-10.634978573370818
-7.560458915756163
-14.478829555390435
-14.867845374493754
-12.255611199681132
-16.06212234194651
-15.261050285962908
-14.253657158097285
-8.698615778247348
-19.53463765291775
-12.898411484991831
-10.364296359886806
-7.768966753124903
-9.949636326135805
-9.135648326711257
-8.083510532201496
-10.089658032776159
-9.034080344915994
-9.32882615820729
-6.934571611599323
-8.582748013252022
-13.159638361694368
-13.555060896808213
-8.69279942861971
-12.88115376951991
-9.89464738013565
-11.242804470513121
-9.949456406932926
-6.290287634171544
-8.62844319601639
-11.349464116963027
-6.923459783027603
-9.953235255574292
-8.817072628502267
-11.815412260831755
-8.664037960276303
-12.504789744611877
-9.8840408000862
-5.76044748970669
-16.064203009130214
-11.841706125180483
-10.50937912653095
-12.652121565904237
-8.536510459635162
-11.201426006180975
-13.859279131981104
-9.854328249273049
-6.2935437078272045
-13.852240448332209
-14.375511828558333
-10.241418554916335
-8.282207350101567
-10.401330682154196
-9.435309588154793
-6.383731078542897
-8.089924527428897
-15.017722741867177
-9.073313544384462
-8.991374815127944
-10.749201848836583
-8.506613325055238
-10.165128587901018
-9.255513129856759
-8.257473831587959
-8.761619189217374
-8.803953605865413
-10.150454399485696
-11.717870854686668
-13.279394460862799
-12.666679672550877
-10.551935593917564
-9.200111220937101
-11.03438648426025
-6.262979699150338
-7.743653415640772
-10.496219568625143
-11.714989800372825
-16.42286462676476
-6.165334327792605
-13.440858736883186
-7.7554187584329854
-10.751998682805658
-11.845607538312178
-9.439044226167061
-11.493448531400361
-11.325081938733215
-9.62737471721457
-8.287267886035004
-12.22267305273806
-6.673239744389615
-13.551285958243854
-7.058896563759805
-13.153689072414675
-7.3392590087428005
-12.69128761341006
-10.687432003561232
-12.814787737949034
-9.931451735008414
-9.064174703343511
-7.834890765039338
-9.629173392282363
-9.896759495356125
-10.002810329639248
-8.046855777132356
-10.520510633014881
-6.3320954702333125
-11.949666938642075
-9.81920043787949
-12.126397859553919
-16.631599065285297
-17.45866454571142
-12.172657045942803
-13.609029772658737
-8.89552225375488
-6.818407034411245
-15.379594023885199
-14.340574448944547
-7.288899804437424
-10.275039739415565
-10.885949376197132
-7.591575518678045
-7.216916841323628
-9.006622766457845
-10.79814441651482
-10.968574225608718
-9.062105447692659
-12.476948725857609
-7.551504249677561
-6.46948131986397
-12.292297574647405
-12.960255632955786
-11.701165633179325
-8.745199968348798
-7.905935654751537
-7.906865069034108
-10.826259817537842
-9.685728848235135
-8.539268792649384
-9.057805937664838
-9.055195971184423
-12.33179734316011
-12.640490457103407
-10.306306457341414
-8.57282212176187
-8.06094260911477
-8.484175342283633
-9.890788305159287
-11.840425090316883
-10.498310111021809
-10.419363108185166
-11.264291376416473
-7.179757812523168
-10.942906585953327
-15.294234477150086
-10.75205590944116
-7.195710843871908
-7.17416155091227
-11.648741793413228
-12.097381664264187
-11.202168758155333
-11.325783695852277
-10.679522761992514
-18.584767477137973
-9.374994407786453
-8.384950347963235
-9.212320116092853
-9.84175334678333
-13.536605794014234
-8.126225102416829
-14.255521555936744
-8.884386656232602
-8.620095568217838
-11.35346354099606
-7.953621451390156
-10.736812959360979
-12.474592964292869
-13.352838441683856
-10.775874663250622
-8.611748509543236
-13.305749318407926
-6.822031397138113
-15.183374039657838
-11.57858508654025
-14.039193656224102
-11.575960520262047
-11.897193411288551
-6.98981498151304
-11.87186230450791
-10.43713242021929
-13.047257462091954
-10.411450733894272
-6.90166555210904
-11.343187441733965
-11.09167131310253
-10.242656958827395
-7.403919331709321
-9.534322472609272
-9.487587410802103
-10.006571895573117
-8.91358245287798
-16.97183746876578
-9.476220935970684
-15.339079745475294
-16.768140156609995
-8.040038308481764
-8.971829104718287
-14.246244011036111
-9.46373631520106
-10.004772355913932
-16.34628416625008
-7.285983255773621
-9.964683623612698
-9.258854822947876
-10.281986242258776
-9.025552290274275
-10.746528943313672
-9.696590276820478
-11.741845486164
-13.081503043536104
-10.99697198423905
-6.545994182261923
-14.500875530591143
-9.079832784482583
-6.245401321177362
-10.724063763987731
-6.777118754690897
-11.674664858851582
-11.113330615154249
-13.559522463449799
-9.681594930897143
-8.467506398771846
-7.215573840869597
-10.134471534949585
-7.641238835593497
-10.434381675420186
-9.323063149845328
-8.911978782202103
-6.910857726985812
-12.12739627583209
-10.996124298630384
-9.74103059876639
-9.606143017399726
-11.475555649698157
-7.051323298142344
-11.051948061891547
-13.343490268436504
-8.653940046177567
-13.977660071195956
-9.82222256322484
-12.31045498315085
-16.772364752358126
-8.98604727154368
-10.072269899671353
-10.52519342903757
-8.974227014508509
-7.942140389576574
-7.10019308399327
-10.061458272570217
-10.560494252118783
-18.35467074993543
-8.14186406945785
-6.9586302111286304
-7.734629373971397
-10.248308463898127
-14.086550062067415
-20.44578195446704
-12.590539498094438
-10.36081802382707
-10.326702288947558
-9.437616056316273
-12.167276432262634
-11.72487662793079
-9.075725919872928
-9.249503259194698
-16.755601350879807
-13.330728534603296
-7.6765279250522
-14.43826551832724
-13.700796860527428
-11.37864284948503
-14.593308262472643
-8.966090722137315
-13.026400413617074
-9.745268881962195
-7.2064340202964186
-8.374213902634404
-9.937468347976608
-8.575752773047036
-6.942856280270758
-13.462447770649781
-10.064269361429458
-12.411793479127084
-8.798614487097867
-9.483472887960517
-7.637526655347184
-11.80897947660906
-7.156533861712241
-7.220050045077166
-10.193153938940748
-7.929953961805324
-8.648195621335633
-7.743239726900694
-7.424642164771866
-9.12609071168799
-9.807310147414743
-10.539444323994994
-9.477916792813973
-7.563979884301331
-9.79704230752705
-12.573431579809652
-10.008516288151172
-12.082437499377711
-6.937354268495977
-8.843960120758126
-10.314570890424172
-13.40776325740179
-12.760838062117491
-8.092575106486137
-9.969859104404641
-20.337073767993594
-12.86125140402818
-9.983113935289108
-11.394286979304287
-8.66100040396553
-12.14037268244
-9.26214480159404
-11.5787550680178
-9.263681785455981
-15.737423031038015
-8.053102454441015
-9.673961303588108
-7.454468294440471
-7.487440023124658
-10.141999044882807
-7.854888095300553
-16.268850014225315
-10.168018069629435
-11.21123855476879
-18.02029583534847
-16.562901030272343
-12.885300320333856
-12.195691597904329
-5.305889817489816
-9.627475978587965
-10.051228025026257
-8.508081324559281
-9.986422080231296
-8.243307244939606
-7.2540300520872165
-12.097167125877602
-10.378252205823324
-12.086832439545203
-9.211830019835196
-8.167114860286608
-9.850217331239458
-7.859836999166305
-9.570792036266115
-11.581566481762469
-9.047615898612882
-18.511168783462466
-8.960736497884517
-11.66732943224906
-10.178780214231919
-8.75624562724424
-10.812838656498295
-9.691279740886559
-11.24450003358511
-12.872009543481912
-16.745023047260304
-8.510466935843422
-8.172858060534088
-8.14156800028759
-8.349608661835994
-12.568863122622275
-8.018392964339947
-7.814763268153597
-10.004723520564605
-9.922876999414786
-6.576992243418873
-11.809413637101107
-11.385169599032425
-8.524140870235726
-7.413915155386275
-7.871305580541316
-13.279181643568123
-8.455937509946166
-9.033409027224602
-13.855950924112598
-11.399958536083654
-15.969512929549898
-12.31283011250921
-13.158839762499877
-8.201812220654782
-16.08665810081143
-8.783947431803682
-6.136341051245558
-12.018078694493786
-10.994504207048424
-12.40813864190121
-11.21409938568857
-8.264626451681133
-7.605809462118834
-10.706297643659273
-11.29269942593038
-12.052105762206287
-7.930061931222631
-9.22360951462179
-6.274034468537656
-8.030629048288029
-9.471269133895996
-8.97324851959085
-10.90535990067382
-13.157513782972387
-7.555995215096019
-6.86669874111217
-8.732924985742997
-10.673660913209588
-7.656778033282963
-9.460748422066072
-12.42589835998385
-11.292997027059121
-7.057200558886088
-10.145202195531127
-8.413318155173602
-12.14201522230613
-12.905000484190952
-7.068042709612822
-8.426710754492202
-10.201021401695233
-12.118112886661349
-9.220528174316756
-7.9178092850287385
-10.85215328330611
-7.627192122772115
-12.240188034520122
-8.206123460891835
-6.881217550088352
-9.33504204789168
-8.417875305229336
-7.664213145173646
-14.4928274821433
-13.67271504878693
-9.092740441341544
-8.689978804514366
-7.142420049906528
-8.885742242743769
-6.420930939466255
-8.764883582434846
-9.416163479307649
-7.676043947212145
-7.167511716497521
-8.961802105723834
-6.175089882521361
-9.825588692668122
-15.072793501844938
-9.864796438307994
-15.411482125676459
-10.179159963696609
-9.215742660779473
-8.905270493291605
-7.230564251473139
-9.35668074116428
-9.93320956205818
-7.573157989367932
-11.612573145896429
-16.477521270891046
-11.239494588436429
-14.423240203388232
-9.759973054847551
-10.519369170862165
-7.620730703862327
-9.369188612929342
-9.352495621206844
-17.165934891983447
-9.294634953433556
-7.418443055181744
-11.08248874880098
-7.049019519731455
-8.329131621728713
-9.921346480507518
-19.060917971505273
-9.93476560251886
-11.40879880000775
-8.048378815439273
-6.716067031892073
-9.930258477061493
-14.3321094847451
-8.028082029801215
-10.034348956604429
-12.598474993983636
-9.430346218350593
-13.938188909127105
-11.391857592531277
-10.98558549385725
-10.731671306909746
-10.587963825354079
-8.70939413041169
-14.18885208399625
-6.7551830193027005
-8.394532235984592
-13.233398076093069
-10.41022530229393
-7.883534256923358
-7.588277253048743
-11.77396807648162
-13.044635232494498
-8.625274687382548
-7.828905647855566
-8.45490054560025
-13.585566186367123
-13.293919793552137
-10.41879477079162
-14.963841395923598
-10.347852640898752
-11.130719644477686
-8.263257368244041
-12.96331940916979
-9.004882229477914
-13.124645627953804
-9.014032640741735
-8.868895967715856
-9.034172214121845
-9.167273472889338
-15.209945378798057
-9.699165648940156
-9.57194238442494
-13.849535398345752
-8.008557983979497
-11.883141756897102
-10.13748306682143
-11.585520800990151
-7.413417734409227
-12.968584482397334
-7.5271213612361185
-9.353915527324856
-9.787346641378173
-12.557449177718759
-14.01665110439359
-11.795047205088236
-6.804124126845638
-8.936336838376704
-7.378113204222568
-7.208356839555377
-13.093346904957173
-9.0833952146866
-6.922993760108921
-12.91642460179839
-20.61552846463509
-8.703567369051028
-9.864619512345836
-8.394412551530564
-8.280831365956281
-9.432574069453896
-8.689769208576957
-13.302455226130496
-11.626558497786796
-7.772408875249198
-10.528328569970803
-11.34296165428487
-9.986001129347104
-7.34423136466583
-7.556423496033124
-9.70276612422589
-9.233116136383025
-10.512507572667516
-15.499337475075997
-10.65455776272012
-7.147887995457567
-11.82883026949127
-16.019752909867954
-11.49932185633951
-10.059388473561391
-19.639113176632325
-8.355864217414164
-9.172510698937662
-8.398476494169847
-8.620644412624292
-8.348568573379756
-8.44065651772019
-9.336886568403342
-10.542246712104811
-7.625131715317313
-13.824584700614654
-16.075134629584344
-10.77942538829098
-9.597363630074657
-11.544925029535728
-15.03432774883155
-12.929882343029492
-10.292204023254502
-9.25346297441641
-8.677981673533695
-9.34321992458115
-8.701108551375555
-7.983786432894095
-11.552467640663243
-9.273219945192782
-7.831308762152092
-6.643031649131461
-19.666533802301203
-13.790224439383586
-20.01618899942365
-9.6797269662149
-8.903266777034155
-12.750730392867617
