cohort,chain,n_ep,sn,sigma_log,p,detected,n_pinned
immrep25_pos,A,20,2.118231084724737,0.3441388302571905,0.00044698534753198816,True,0
immrep25_pos,A,20,1.8229387357493476,0.3333666332280006,0.0024047414885311562,True,0
immrep25_pos,A,20,2.1117440068826814,0.40359787198168406,0.0019204521872813814,True,1
immrep25_pos,A,20,2.340461630128621,0.3706961575530351,0.00027136712524733866,True,1
immrep25_pos,A,20,2.6084709086320688,0.3476125300318467,3.604716129226552e-05,True,0
immrep25_pos,A,20,2.3712003027790725,0.36636370610048496,0.0002058326044667177,True,0
immrep25_pos,A,20,2.370789386895668,0.39792614469801457,0.0004708401600738956,True,0
immrep25_pos,A,20,2.118002199109949,0.3753345632796557,0.0009999345159091438,True,0
immrep25_pos,A,20,1.9775962139061174,0.36537564205048223,0.0018042338117812823,True,1
immrep25_pos,A,20,2.2257652565282386,0.3306266642517958,0.00015589063678561762,True,1
immrep25_pos,A,20,2.0212974371831924,0.39604869840873475,0.002675996949117858,True,0
immrep25_pos,A,20,2.2133484871315705,0.4137462024194908,0.0014205483366292267,True,0
immrep25_pos,A,20,2.534688090501659,0.36512961252677373,8.943861729712674e-05,True,0
immrep25_pos,A,20,2.4597635893421055,0.33839748358780797,5.4958251430991686e-05,True,0
immrep25_pos,A,20,2.1161534485958446,0.3701881492882624,0.0008932293119750897,True,0
immrep25_pos,A,20,2.0196843421805437,0.3452214882517456,0.0008496011644285216,True,1
immrep25_pos,A,20,2.5016264884267225,0.36918340656961746,0.00011795316950802822,True,0
immrep25_pos,A,20,2.1418952737657557,0.3933153832078353,0.0013214887608096455,True,0
immrep25_pos,A,20,2.0090811755938947,0.3247708634341992,0.0005169631530882237,True,0
immrep25_pos,A,20,2.244878960350055,0.3925326760340421,0.0007641804401191788,True,0
immrep25_pos,A,20,2.387873860150812,0.35675253001494717,0.00014291193387523633,True,0
immrep25_pos,A,20,2.56821577389091,0.4207887265015721,0.00034201471244306604,True,0
immrep25_pos,A,20,2.4756401027284842,0.39585158833319956,0.00027610782050239757,True,0
immrep25_pos,A,20,2.2875900530635396,0.3913907274855933,0.0006009665056958392,True,0
immrep25_pos,A,20,1.98480319367813,0.36449999954043355,0.001692441346069046,True,0
immrep25_pos,A,20,1.82334361311444,0.37269847576774,0.0055104031157466446,True,0
immrep25_pos,A,20,2.7864242815089257,0.37358119228393866,3.844427128300562e-05,True,0
immrep25_pos,A,20,2.8393009614500193,0.4018724075519895,7.215524424469918e-05,True,0
immrep25_pos,A,20,2.313606420707051,0.3968410492397535,0.0006024101802114339,True,0
immrep25_pos,A,20,2.2052327454851812,0.34906322831052156,0.0003075253295593205,True,0
immrep25_pos,A,20,2.014126621097236,0.3653790251920194,0.0014456074184708316,True,0
immrep25_pos,A,20,1.7449546409946894,0.3882420002769514,0.011800357465034973,True,1
immrep25_pos,A,20,2.1988901289333476,0.3987941403087848,0.0011104660669234016,True,0
immrep25_pos,A,20,2.5814783686623555,0.3461312968800112,3.897016733124629e-05,True,0
immrep25_pos,A,20,1.9983296432218722,0.3759268744137518,0.002011750649557618,True,1
immrep25_pos,A,20,2.1039767998530925,0.3375600741795427,0.0004045953632547398,True,0
immrep25_pos,A,20,1.8511371870987738,0.3937772896405973,0.006777357879229786,True,1
immrep25_pos,A,20,2.509853126630539,0.38134081392389246,0.00016062512101003857,True,0
immrep25_pos,A,20,2.2331360555749646,0.398972473076705,0.0009388416270798426,True,0
immrep25_pos,A,20,2.165224406330181,0.35443340716309585,0.0004498444254544526,True,0
immrep25_pos,A,20,2.0629098417216665,0.39394846461026006,0.0020431807863101315,True,0
immrep25_pos,A,20,2.0882746101109153,0.39328719899499615,0.0017568679756299914,True,0
immrep25_pos,A,20,2.1776751343770884,0.3680458964202738,0.0006001282770641238,True,2
immrep25_pos,A,20,2.154327138877543,0.439466123521214,0.003060169826753752,True,1
immrep25_pos,A,20,2.4586322089915345,0.38102689720952043,0.00020194312811138733,True,0
immrep25_pos,A,20,1.9741024438283172,0.4008776901756344,0.0038071108047985657,True,0
immrep25_pos,A,20,2.1116247809209656,0.37577521792228313,0.001046999845073113,True,1
immrep25_pos,A,20,1.9708496858352076,0.3314966416844861,0.0008110456510650534,True,0
immrep25_pos,A,20,2.235101251808291,0.3352787199456875,0.00017100064164292627,True,0
immrep25_pos,A,20,2.3017425365112363,0.41295396647565846,0.0009178477780652268,True,0
immrep25_pos,A,20,2.542857471161106,0.37273450620893245,0.00010800609217685024,True,1
immrep25_pos,A,20,2.002595337175811,0.3244014673038903,0.0005344881547713067,True,0
immrep25_pos,A,20,2.2989830267845632,0.426571554411032,0.001236834362926651,True,1
immrep25_pos,A,20,2.1307596926072434,0.38505550784999915,0.0011672236156990334,True,0
immrep25_pos,A,20,2.5737796467254235,0.3457933723074192,3.997636604951915e-05,True,0
immrep25_pos,A,20,1.8617781635784572,0.3530154535259068,0.002874453761088901,True,0
immrep25_pos,A,20,2.1936717694087227,0.34775802489868696,0.00031663966087474785,True,0
immrep25_pos,A,20,2.4270393328867086,0.35393671928772336,0.00010740729192124915,True,0
immrep25_pos,A,20,2.330945858889682,0.37952039707299773,0.00036014322075359883,True,0
immrep25_pos,A,20,2.433783702268199,0.3308614388304901,4.861961673723488e-05,True,0
immrep25_pos,A,20,1.9284901933820215,0.36583007460475137,0.0024688616150094836,True,0
immrep25_pos,A,20,2.586823452329991,0.35999857196860774,5.982659973170301e-05,True,0
immrep25_pos,A,20,2.5363745725696596,0.3749750719786793,0.00011876640079818915,True,0
immrep25_pos,A,20,2.5733672759712785,0.41296954889359283,0.00027753887466508507,True,1
immrep25_pos,A,20,1.8269557895081763,0.33753911566792527,0.0025774441198335852,True,0
immrep25_pos,A,20,2.2138611284378436,0.35333610178713054,0.0003305564576390001,True,1
immrep25_pos,A,20,2.5131456720409324,0.38657869787145566,0.00018267062259723355,True,0
immrep25_pos,A,20,2.2349568629783922,0.3503243369933898,0.00026930709864292834,True,0
immrep25_pos,A,20,2.5399915108996844,0.3762834641581343,0.00012130509797207292,True,0
immrep25_pos,A,20,2.3730620777256135,0.36799390195892917,0.00021349468992291925,True,1
immrep25_pos,A,20,2.115211618287031,0.3718972171461549,0.000935832393738605,True,1
immrep25_pos,A,20,1.9063255432356645,0.37203802787582163,0.003228765939809585,True,0
immrep25_pos,A,20,1.954432598209875,0.3341643617880751,0.0009744409075448474,True,0
immrep25_pos,A,20,2.161335214969222,0.322707848574066,0.00017910668741240372,True,0
immrep25_pos,A,20,1.9791383505128097,0.4118988012528055,0.0045180245853553725,True,2
immrep25_pos,A,20,2.1010024748946186,0.3648023881995635,0.0008537165496968906,True,1
immrep25_pos,A,20,2.538878041741186,0.3428735672145996,4.29098931740742e-05,True,0
immrep25_pos,A,20,2.310644533777849,0.3195755369543149,6.503902617376914e-05,True,0
immrep25_pos,A,20,1.820945102748734,0.42786354980609637,0.013569331811476633,True,1
immrep25_pos,A,20,2.561574332043233,0.35735241879024676,6.190089598634285e-05,True,0
immrep25_pos,A,20,2.5693471443771605,0.3678691185864114,8.27315195567835e-05,True,0
immrep25_pos,A,20,2.4644166060463673,0.3467672468866051,7.082480048990948e-05,True,1
immrep25_pos,A,20,2.210873076233472,0.3680269413432504,0.0004999031995223664,True,1
immrep25_pos,A,20,2.4254473481912227,0.40027008547098114,0.00038708194612085755,True,0
immrep25_pos,A,20,2.5668010470023397,0.39697182616950955,0.0001902013322505492,True,0
immrep25_pos,A,20,2.1523710253222497,0.40943067918875703,0.0017567356941130155,True,0
immrep25_pos,A,20,2.2657249517043034,0.35834378877720696,0.0002854837542625531,True,0
immrep25_pos,A,20,2.603444893797588,0.33674891300860504,2.530131247932945e-05,True,0
immrep25_pos,A,20,2.4973191186766472,0.37643103147708007,0.00014832720838587265,True,0
immrep25_pos,A,20,2.56291133183528,0.3421053077663965,3.7157601738037514e-05,True,0
immrep25_pos,A,20,2.31178368063046,0.3707797690045797,0.00031499488199511483,True,0
immrep25_pos,A,20,2.4085453457906114,0.39554812470473916,0.0003723907689350941,True,1
immrep25_pos,A,20,2.1918386483487646,0.3289978629426453,0.0001815327383596772,True,1
immrep25_pos,A,20,2.373233983167602,0.38690304072679454,0.0003539514209801057,True,1
immrep25_pos,A,20,2.615755741336948,0.39708633766884754,0.0001548222781844196,True,0
immrep25_pos,A,20,2.0397935847287254,0.3413919906970779,0.0006749839076875127,True,0
immrep25_pos,A,20,2.264098111618781,0.38017120509559,0.0005140353131785031,True,0
immrep25_pos,A,20,1.5580817019218869,0.39497951282301264,0.041989674124268274,True,0
immrep25_pos,A,20,1.9602272927543003,0.3803334437559646,0.002762646930329914,True,1
immrep25_pos,A,20,2.225941440692831,0.33937285265685163,0.00020478936373416145,True,0
immrep25_pos,A,20,2.3945876216608646,0.3714423702829662,0.00021115129978396192,True,0
immrep25_pos,A,20,2.2688097123672897,0.40979373031521993,0.0010012157664647482,True,0
immrep25_pos,A,20,2.048120516671422,0.38050494397383555,0.0016670125737330641,True,0
immrep25_pos,A,20,2.0294719349611734,0.3753865982508111,0.0016572814765221523,True,1
immrep25_pos,A,20,2.059141216562214,0.33496541597721635,0.0004987464909837264,True,0
immrep25_pos,A,20,2.489954358188075,0.3825053654521869,0.00018175156728160975,True,0
immrep25_pos,A,20,2.140479509482047,0.33570351820248295,0.00030565205895484665,True,0
immrep25_pos,A,20,2.58541943407807,0.3314394060995404,2.2805558497711514e-05,True,0
immrep25_pos,A,20,2.3454522061197136,0.3691529678883923,0.0002535933305266099,True,0
immrep25_pos,A,20,2.5856843721572647,0.3772368066539636,0.0001014420076795945,True,0
immrep25_pos,A,20,2.3760191245676108,0.3545725896557535,0.00014231030184950146,True,0
immrep25_pos,A,20,2.1469538091890605,0.41610820102465085,0.0020605864933065814,True,0
immrep25_pos,A,20,2.2395348280886704,0.3942332994194553,0.0008165214937861947,True,0
immrep25_pos,A,20,2.676687567002044,0.39623499236708537,0.0001173687066747261,True,0
immrep25_pos,A,20,2.1329317021013043,0.36907248322310077,0.0007905687529231726,True,0
immrep25_pos,A,20,2.409688853687901,0.3496515116083439,0.0001027454056439485,True,0
immrep25_pos,A,20,2.075911233282059,0.3675847091989339,0.0010567171924955915,True,2
immrep25_pos,A,20,2.329155205825703,0.3345227594191188,9.745424653794752e-05,True,1
immrep25_pos,A,20,2.1048277718970563,0.32367465818942376,0.0002649746156270253,True,1
immrep25_pos,A,20,2.121176930728517,0.35774314758618486,0.0006345657047893249,True,0
immrep25_pos,A,20,2.4947606705279375,0.31515049360815,1.9687606751438016e-05,True,0
immrep25_pos,A,20,1.8680802308075786,0.37440857781847037,0.004293109789706037,True,0
immrep25_pos,A,20,2.3188569803905983,0.32696293789694686,8.018676399735196e-05,True,1
immrep25_pos,A,20,2.446328273879617,0.30785213533135614,1.927052055904847e-05,True,0
immrep25_pos,A,20,2.3152943599719205,0.39162830516717956,0.0005273923882867913,True,0
immrep25_pos,A,20,2.254944029287021,0.3431623961992827,0.0001945321894473973,True,0
immrep25_pos,A,20,2.294968396608571,0.3757668668498311,0.00039193446740681906,True,0
immrep25_pos,A,20,2.5715688680072826,0.3879538511915378,0.00014619444579039656,True,0
immrep25_pos,A,20,1.8969441022744835,0.3765297207965037,0.0037440186009164247,True,0
immrep25_pos,A,20,2.7593694663928217,0.33549822427664006,1.1696131025502928e-05,True,0
immrep25_pos,A,20,2.59850238418671,0.3913120435758594,0.00014257060582998466,True,0
immrep25_pos,A,20,2.410931644899806,0.3793322779914185,0.00024199707451805948,True,0
immrep25_pos,A,20,1.85283866574657,0.3431079076330364,0.002444498963923143,True,1
immrep25_pos,A,20,2.2563794006252005,0.3428042038605382,0.00019086314990348203,True,0
immrep25_pos,A,20,1.9114757186772127,0.33514870778015265,0.001342096789356067,True,0
immrep25_pos,A,20,2.057307073692972,0.3825597372984668,0.0016554117733128257,True,0
immrep25_pos,A,20,2.097494319473419,0.404584869301856,0.002109446681020156,True,0
immrep25_pos,A,20,2.352555210511038,0.3905944428388758,0.0004291135144631062,True,0
immrep25_pos,A,20,1.9042606798272939,0.38844176137127345,0.004502394877439477,True,1
immrep25_pos,A,20,2.6757896644850123,0.40842906802857465,0.0001629653651313628,True,1
immrep25_pos,A,20,2.3743979758726255,0.3737331851040551,0.00024859196665590375,True,0
immrep25_pos,A,20,2.430487323184617,0.3793504417056428,0.00022043839803185264,True,0
immrep25_pos,A,20,2.237922154108583,0.40773201764990225,0.0011112479950586098,True,0
immrep25_pos,A,20,2.4225270913048798,0.41039284913672136,0.0004994073545322713,True,1
immrep25_pos,A,20,2.1985571682283904,0.32348678513082735,0.00014572558988208716,True,0
immrep25_pos,A,20,1.8922461974383784,0.39060028634114563,0.005028045152177082,True,2
immrep25_pos,A,20,2.502433196670291,0.34934865553037986,6.367878900594281e-05,True,0
immrep25_pos,A,20,2.501705244117178,0.31285594037952447,1.7344005146441933e-05,True,0
immrep25_pos,A,20,2.086807387325886,0.3556716186748271,0.0007368410442109116,True,0
immrep25_pos,A,20,2.3746323668344136,0.3714265730391008,0.0002330668627911344,True,1
immrep25_pos,A,20,2.199991358901889,0.38938970616604884,0.000893515767082046,True,1
immrep25_pos,A,20,2.0172294160586905,0.34368321628358933,0.0008288451619978453,True,0
immrep25_pos,A,20,2.0840095656481297,0.40269561522486275,0.0021797358212556363,True,0
immrep25_pos,A,20,1.9977774631927798,0.3823183496553004,0.002311887492671172,True,0
immrep25_pos,A,20,2.1845981982500358,0.34451427141273644,0.0003039782897262856,True,0
immrep25_pos,A,20,2.233751369493338,0.41709313742256976,0.0013796766301069018,True,1
immrep25_pos,A,20,2.063882392200646,0.3565481650845447,0.0008647010836553057,True,0
immrep25_pos,A,20,2.3669961150813625,0.34405357905838424,0.00010780468776847498,True,0
immrep25_pos,A,20,2.322646555460561,0.3389869097698786,0.00011679657811290566,True,0
immrep25_pos,A,20,2.396209126879377,0.37597959517003765,0.00023735529208658392,True,0
immrep25_pos,A,20,2.3385599402251174,0.35273447924468404,0.0001639709598993985,True,0
immrep25_pos,A,20,2.335375888027138,0.39107133845538483,0.0004718009799619253,True,0
immrep25_pos,A,20,2.3445970004202366,0.36528316307109776,0.00022868129474216953,True,0
immrep25_pos,A,20,2.137563705693126,0.37666312949447867,0.0009258413009854736,True,0
immrep25_pos,A,20,2.4029181917812186,0.3581609239056647,0.0001380298523974411,True,0
immrep25_pos,A,20,2.3070934425933487,0.3689593216781252,0.00030723426989520924,True,0
immrep25_pos,A,20,2.1722923235989153,0.39418447939891854,0.0011493793539505907,True,0
immrep25_pos,A,20,2.173637567585992,0.38502626969612885,0.0009272475158068129,True,0
immrep25_pos,A,20,2.4761391648166446,0.31365816747969993,2.0541742280926183e-05,True,0
immrep25_pos,A,20,2.481831888444679,0.36250653454704745,0.00010630755108206648,True,0
immrep25_pos,A,20,2.943802227723027,0.3520961145931935,9.863166757438995e-06,True,0
immrep25_pos,A,20,2.244523033865772,0.3746523739162976,0.0004950633300399007,True,1
immrep25_pos,A,20,2.5120637325069697,0.37122393686028676,0.00011921466988769765,True,1
immrep25_pos,A,20,2.216311649995062,0.3863540943280725,0.0007648721583190313,True,0
immrep25_pos,A,20,2.3980736917909935,0.3824437181051455,0.0002797289205918173,True,0
immrep25_pos,A,20,2.2199517566898717,0.4196333603701492,0.0015510010325316122,True,1
immrep25_pos,A,20,1.8887907242397681,0.3921750004185646,0.005279137776440697,True,0
immrep25_pos,A,20,2.2047498660912357,0.33148459669206237,0.00018167269293062297,True,0
immrep25_pos,A,20,2.5177858827825,0.38633733608274523,0.00017771399667366273,True,0
immrep25_pos,A,20,2.310517992473567,0.32619419301208546,8.193878499998753e-05,True,0
immrep25_pos,A,20,2.0656577016704967,0.37009516399783454,0.0011903654952703862,True,3
immrep25_pos,A,20,2.416751910853389,0.3882347524060835,0.00029773257625792494,True,0
immrep25_pos,A,20,2.0004985105338684,0.38469435626641774,0.0023910990665869662,True,1
immrep25_pos,A,20,2.546465804487651,0.36016162748743585,7.262464216392699e-05,True,0
immrep25_pos,A,20,2.442668979841314,0.3321808142919375,4.855846537980535e-05,True,0
immrep25_pos,A,20,2.527304030260934,0.358098559170248,7.458208646429796e-05,True,0
immrep25_pos,A,20,1.9309654593938834,0.36599429157013064,0.00243967306707774,True,0
immrep25_pos,A,20,2.526980452146087,0.3776607540343328,0.0001339180300421976,True,0
immrep25_pos,A,20,2.4421517259651444,0.4000305679092621,0.00035669303752155855,True,0
immrep25_pos,A,20,2.0657210287631083,0.41935794934592296,0.0032887328841997034,True,0
immrep25_pos,A,20,2.42632647403894,0.36222687562515216,0.00013846059036984237,True,0
immrep25_pos,A,20,2.2901431354742434,0.4140582388794572,0.0009923164431527459,True,0
immrep25_pos,A,20,2.336201213153813,0.37129722392535247,0.0002818886235242686,True,0
immrep25_pos,A,20,2.3591283533244476,0.3708236668674903,0.00024776498292369153,True,1
immrep25_pos,A,20,2.0044130381682783,0.38105608403342195,0.002166747878800366,True,0
immrep25_pos,A,20,2.6181869054451927,0.30594506060942156,7.113249723228221e-06,True,0
immrep25_pos,A,20,2.4699474470508114,0.32510576773145194,3.2665864981355286e-05,True,0
immrep25_pos,A,20,2.2334227453788698,0.3653387606169919,0.00041204378490908273,True,0
immrep25_pos,A,20,1.9471085026314243,0.40136654513298925,0.004462456356551316,True,0
immrep25_pos,A,20,2.1924483415547087,0.34712359950071986,0.0003131319413360142,True,0
immrep25_pos,B,20,1.7388389328635834,0.4002597038733562,0.01467330668103357,True,9
immrep25_pos,B,20,1.9238423727779537,0.3722629352018862,0.002911875944102155,True,8
immrep25_pos,B,20,1.9471137034140555,0.4308883383024232,0.0073039805490607386,True,8
immrep25_pos,B,20,1.9756365605185948,0.37426985612811675,0.0022204603407936377,True,4
immrep25_pos,B,20,1.8658398464981765,0.42568950542934963,0.010338943261393861,True,6
immrep25_pos,B,20,1.7816024231184022,0.3793329359840625,0.008097161312047433,True,6
immrep25_pos,B,20,1.911586922032399,0.44473036272035604,0.010708154297306665,True,7
immrep25_pos,B,20,2.031114277888798,0.4042618568023625,0.0029753640393486835,True,9
immrep25_pos,B,20,2.0023504135351775,0.39848774799422787,0.003114347568523722,True,5
immrep25_pos,B,20,1.8996494429742086,0.39909678635400186,0.005603881994879071,True,4
immrep25_pos,B,20,1.967218659722922,0.4532868888554324,0.009195747110247964,True,5
immrep25_pos,B,20,2.3000863358299166,0.4617208924345793,0.002374879814315246,True,8
immrep25_pos,B,20,1.7830365128673713,0.424273266484696,0.015889134885025955,True,5
immrep25_pos,B,20,2.210278235073476,0.43776113955799784,0.0022950419296848233,True,6
immrep25_pos,B,20,1.9216491174722095,0.41814387616274035,0.006827965158849795,True,8
immrep25_pos,B,20,2.2501095547911714,0.42056320638417594,0.0013708375661611303,True,6
immrep25_pos,B,20,1.9247640322864767,0.4506740477400148,0.010890026614408773,True,7
immrep25_pos,B,20,1.7300269936819412,0.3987486751488852,0.015140824258820101,True,7
immrep25_pos,B,20,1.8920922149326962,0.40812928725657527,0.006817639138013491,True,6
immrep25_pos,B,20,1.7736295803544122,0.4263328970570592,0.017194789032446933,True,6
immrep25_pos,B,20,1.9279590585215434,0.43459837978168697,0.008522068667272665,True,5
immrep25_pos,B,20,1.7410468622895963,0.4030091512450804,0.01506366437729274,True,6
immrep25_pos,B,20,1.840846858229245,0.39178986526366005,0.006963751585575625,True,8
immrep25_pos,B,20,2.054538672705944,0.4334776491000422,0.004444750724932914,True,5
immrep25_pos,B,20,2.0776922694350763,0.4349416534745525,0.004070156411455363,True,7
immrep25_pos,B,20,1.825746051863056,0.41736573986559444,0.011389564038824226,True,8
immrep25_pos,B,20,2.3058572228617344,0.4383545279241771,0.0015140319598990787,True,4
immrep25_pos,B,20,2.1061046022588514,0.4585832615364166,0.005218597537203443,True,7
immrep25_pos,B,20,1.9753564227270584,0.39008622093253326,0.0030772051832295365,True,9
immrep25_pos,B,20,1.8780887021649502,0.4115335792977702,0.007789385335055289,True,6
immrep25_pos,B,20,1.6807205497594067,0.38434899012178875,0.01671407656784687,True,8
immrep25_pos,B,20,1.9308549416357925,0.4173876266326696,0.006419967266547656,True,9
immrep25_pos,B,20,2.001665570668074,0.4037756938258402,0.0034550251217886764,True,9
immrep25_pos,B,20,2.006238953649416,0.4389089952242529,0.006149429271193485,True,8
immrep25_pos,B,20,2.0201370138999497,0.45966425625154883,0.00784781174945503,True,5
immrep25_pos,B,20,1.911514213892002,0.40318480629060655,0.005624790798654708,True,6
immrep25_pos,B,20,1.869044067884685,0.40803883467481483,0.007746511983513759,True,7
immrep25_pos,B,20,2.0289136063469284,0.4330529676753966,0.00500689097288091,True,4
immrep25_pos,B,20,1.8924921516932989,0.40324864634285695,0.006269074206134119,True,6
immrep25_pos,B,20,2.0443618469419493,0.4161196442183083,0.003459022574611474,True,7
immrep25_pos,B,20,2.07887402347277,0.4482847353420968,0.0050341058542043154,True,6
immrep25_pos,B,20,1.8840816862224745,0.37927185696415694,0.004272802315359524,True,4
immrep25_pos,B,20,1.7397262310262191,0.3951315294806129,0.0135371480327671,True,6
immrep25_pos,B,20,1.7604161189136944,0.4071735202390109,0.01426036688056286,True,5
immrep25_pos,B,20,2.004076322165391,0.4054566420519942,0.0035185319600056528,True,5
immrep25_pos,B,20,1.5426768099410826,0.3666815091915473,0.03320694605163668,True,4
immrep25_pos,B,20,1.8518612341682519,0.4023644022009043,0.0077911316585806195,True,4
immrep25_pos,B,20,1.94131594991906,0.4255825845921915,0.006928096964535231,True,4
immrep25_pos,B,20,1.7684953833964845,0.40148818903151245,0.01251495349108118,True,9
immrep25_pos,B,20,2.0064681454634274,0.4359409440488462,0.005862017370951812,True,8
immrep25_pos,B,20,1.9145573472214799,0.43396875893597986,0.009043086223088158,True,8
immrep25_pos,B,20,2.208571096791389,0.4472374280217891,0.0027386195500387796,True,7
immrep25_pos,B,20,2.120862528213317,0.4497713053159253,0.0042464447709609976,True,4
immrep25_pos,B,20,2.0609529990238475,0.38544124311784067,0.0017264916929924181,True,6
immrep25_pos,B,20,2.1489417953515746,0.3997862713662331,0.0014640706818464624,True,7
immrep25_pos,B,20,1.855936090645429,0.4231345113871096,0.010504052701204242,True,8
immrep25_pos,B,20,2.052488747700005,0.4203069603836537,0.0035773980334350666,True,8
immrep25_pos,B,20,2.012059576203047,0.3801617415250541,0.0020341172905503193,True,7
immrep25_pos,B,20,1.931261367747395,0.41046744821855097,0.005710066474505807,True,11
immrep25_pos,B,20,1.9399975709437207,0.4258786307115806,0.007008505929033789,True,6
immrep25_pos,B,20,2.1048135634728817,0.4189885534933637,0.0026837254342760796,True,4
immrep25_pos,B,20,1.9172038455560407,0.4190984279676096,0.007100459008377341,True,6
immrep25_pos,B,20,2.024838750103892,0.4198766154743507,0.004088796159733706,True,10
immrep25_pos,B,20,2.3198644923775604,0.4391269734673461,0.001445637540389633,True,7
immrep25_pos,B,20,1.93976647482306,0.4396299976345142,0.00864692281516649,True,4
immrep25_pos,B,20,1.8699225917700544,0.3973740769698233,0.006456124085245734,True,9
immrep25_pos,B,20,1.8429206391505648,0.40070659619452986,0.007985455894027748,True,9
immrep25_pos,B,20,1.7978840163059364,0.4222927284561789,0.014251861345126696,True,7
immrep25_pos,B,20,2.1228293391777795,0.4374043603457629,0.003421547902443368,True,4
immrep25_pos,B,20,1.9250403546919237,0.4278775323173505,0.007815847252608763,True,7
immrep25_pos,B,20,2.0250097970189196,0.40929927103789854,0.003378139677970433,True,5
immrep25_pos,B,20,1.8791192868872422,0.3965292038407602,0.006031817875815688,True,6
immrep25_pos,B,20,2.1297643105851187,0.4142923893191641,0.002166507136937667,True,4
immrep25_pos,B,20,1.9187653476888147,0.4156886604678032,0.006664669135051204,True,8
immrep25_pos,B,20,1.9576127137652437,0.3924506045015692,0.003564296613264484,True,6
immrep25_pos,B,20,2.0655944437557396,0.41468545695473946,0.003021000942170931,True,5
immrep25_pos,B,20,1.9906379726191443,0.39653741167461753,0.0032006110517842387,True,8
immrep25_pos,B,20,1.9465626708629284,0.4202180602850192,0.006184098649438,True,7
immrep25_pos,B,20,1.8895741202595884,0.42541154450645985,0.009072912534610763,True,9
immrep25_pos,B,20,1.7602224238976036,0.42094971909716283,0.017254620273614116,True,5
immrep25_pos,B,20,1.7243216127227632,0.35062474283850303,0.007073755552501758,True,8
immrep25_pos,B,20,1.8813718001666457,0.40613348652586734,0.007005621011009837,True,7
immrep25_pos,B,20,2.217156342988581,0.41144187631371976,0.0013296149529411878,True,5
immrep25_pos,B,20,1.9264071538771517,0.3876370555600172,0.0038937081749893738,True,5
immrep25_pos,B,20,1.866842878331448,0.42191754473779736,0.00972584070653937,True,7
immrep25_pos,B,20,2.1803842132264397,0.4220482479166618,0.001964895061505395,True,6
immrep25_pos,B,20,2.0112175144986426,0.4293942760669378,0.005149920947093721,True,8
immrep25_pos,B,20,1.9263150032021403,0.3757442031474258,0.003081213883837162,True,6
immrep25_pos,B,20,1.7554495580960616,0.41970980756147147,0.017434527754702715,True,9
immrep25_pos,B,20,1.9830210643123596,0.44599836312377,0.007671449333154523,True,5
immrep25_pos,B,20,1.736081932466862,0.4059108331252312,0.016161667473233617,True,8
immrep25_pos,B,20,1.687479333025599,0.4275465948776137,0.028121353548299838,True,8
immrep25_pos,B,20,1.7172500419030867,0.42844512665975776,0.024087830193971912,True,5
immrep25_pos,B,20,2.0530439171142794,0.41867269348253255,0.003464438584790269,True,5
immrep25_pos,B,20,1.7797870054940708,0.35433684978273794,0.005156738498230735,True,7
immrep25_pos,B,20,1.8104625527324096,0.44638519554545497,0.018246637053178222,True,5
immrep25_pos,B,20,2.092743436984834,0.4454919647126889,0.004511904211614993,True,7
immrep25_pos,B,20,1.9931497275887964,0.4557793531972058,0.008421805250324916,True,7
immrep25_pos,B,20,1.8097146474083559,0.4198684705976688,0.012905103553955426,True,5
immrep25_pos,B,20,1.9974052371265978,0.438876183640963,0.006419217151117698,True,8
immrep25_pos,B,20,1.955792455364491,0.3894501281728248,0.003399576293106236,True,7
immrep25_pos,B,20,1.7721148643901345,0.4241732120111706,0.016853488358439684,True,9
immrep25_pos,B,20,1.6464724109367286,0.40961094670302756,0.02886309394761267,True,6
immrep25_pos,B,20,2.140298817216297,0.42652962684726853,0.0025932324186301024,True,4
immrep25_pos,B,20,1.9797806784458645,0.42161104427951995,0.005316405085241778,True,7
immrep25_pos,B,20,1.9055481134128156,0.4272685475549302,0.008575190669085337,True,5
immrep25_pos,B,20,1.9312213137431542,0.41563497755356577,0.006225922128752132,True,10
immrep25_pos,B,20,1.7785616496290049,0.4328706882278298,0.018212917842068056,True,5
immrep25_pos,B,20,2.0139532245110536,0.4244910888187028,0.004679987775184174,True,5
immrep25_pos,B,20,2.2046116215272513,0.41497762485484596,0.0015196556505488222,True,6
immrep25_pos,B,20,1.7743440708204825,0.36363626609552574,0.006404684225671127,True,6
immrep25_pos,B,20,1.842968072376785,0.4312214920687097,0.01263465027263494,True,9
immrep25_pos,B,20,2.0307074531811526,0.445835018043249,0.006082077690639826,True,5
immrep25_pos,B,20,1.73754225147459,0.40768931710169815,0.016423764024645737,True,4
immrep25_pos,B,20,2.2603124760950206,0.4404172817601856,0.0019244113198634725,True,4
immrep25_pos,B,20,2.088958369429907,0.4196989315140824,0.0029436631247529333,True,6
immrep25_pos,B,20,2.1984780171786977,0.41548790134987845,0.001581737780054693,True,5
immrep25_pos,B,20,2.042056259118013,0.43755788282662283,0.00505201723048045,True,5
immrep25_pos,B,20,1.8386909332577646,0.40165770626674074,0.008311363989573245,True,4
immrep25_pos,B,20,1.9185059666020396,0.41190835925654307,0.006272134775756651,True,8
immrep25_pos,B,20,1.9518718259771215,0.4248559045034855,0.006482049990641755,True,9
immrep25_pos,B,20,2.1647888534080346,0.44246691342177835,0.003072225846553832,True,6
immrep25_pos,B,20,2.123656511268431,0.4721683198958703,0.005921796005972745,True,8
immrep25_pos,B,20,2.1660059695174345,0.4399273133823696,0.0029227414877983937,True,6
immrep25_pos,B,20,2.0527421280808107,0.4219984454582914,0.0036817145051949783,True,5
immrep25_pos,B,20,1.8840313800149953,0.4031307057413278,0.0065641993987329,True,8
immrep25_pos,B,20,2.049275154960664,0.43548475410686543,0.004714975848699105,True,5
immrep25_pos,B,20,2.132556892558037,0.4248033381693985,0.0026078945461659917,True,6
immrep25_pos,B,20,2.019484513830527,0.39944785128980675,0.0028884169917128416,True,4
immrep25_pos,B,20,1.6965066383841063,0.4170446681334562,0.023567965423861446,True,5
immrep25_pos,B,20,1.8105212554201515,0.40641208040478516,0.010540922572548265,True,9
immrep25_pos,B,20,1.8916214225894055,0.4544833240617859,0.013470710675892547,True,6
immrep25_pos,B,20,2.1053519347221306,0.38857580052357293,0.0014481738191387083,True,6
immrep25_pos,B,20,1.8687728832955792,0.4154378082276942,0.008720708649904096,True,5
immrep25_pos,B,20,2.016888764371999,0.4157043005082742,0.003958695859949067,True,5
immrep25_pos,B,20,1.9965907022257932,0.4127868694001229,0.004182264920850378,True,6
immrep25_pos,B,20,1.9076556244377831,0.41651000001778354,0.007172209733439072,True,4
immrep25_pos,B,20,2.0647045826841968,0.4112436070109685,0.002845819347116229,True,9
immrep25_pos,B,20,2.1541338983646177,0.4463468666695788,0.0034468607237596615,True,4
immrep25_pos,B,20,1.9986844099247743,0.35861912862300893,0.0013547084440542502,True,4
immrep25_pos,B,20,2.1669564680750444,0.4588104003617873,0.003995812777612745,True,4
immrep25_pos,B,20,2.0163709222710593,0.4037526302185504,0.0031895909750568104,True,7
immrep25_pos,B,20,1.901183706159655,0.4131835268534395,0.0070418865764199055,True,6
immrep25_pos,B,20,1.8648443844595533,0.43861394354718614,0.012475519028062555,True,8
immrep25_pos,B,20,2.0425537787630743,0.4253368410279701,0.004108308875716494,True,6
immrep25_pos,B,20,2.0033136209025604,0.41825389454874085,0.0044429199309681195,True,4
immrep25_pos,B,20,1.8765609972561488,0.4107640720402369,0.0077597529923709285,True,7
immrep25_pos,B,20,2.2188669164279835,0.4222915667527009,0.0016437287715390986,True,5
immrep25_pos,B,20,2.0244223487318385,0.4275255287227886,0.00467140417469008,True,6
immrep25_pos,B,20,1.655578140352621,0.36424233716653615,0.014553465551774206,True,5
immrep25_pos,B,20,1.917958474158408,0.3841008110574441,0.003824034731115245,True,7
immrep25_pos,B,20,1.5744440006372022,0.41166456898774373,0.04540898289755381,True,8
immrep25_pos,B,20,2.119868344084974,0.43062275935535105,0.0030814805645830753,True,5
immrep25_pos,B,20,1.8216519113136045,0.43010426760255444,0.013938407575533263,True,5
immrep25_pos,B,20,1.8050182865797888,0.37744555615188397,0.006753352973851634,True,7
immrep25_pos,B,20,2.252269525671438,0.4394572417546097,0.0019592978113510337,True,6
immrep25_pos,B,20,1.8101492292839667,0.4344483426208826,0.015703950645247444,True,9
immrep25_pos,B,20,2.1549333793862315,0.44360261454724437,0.003277766749589485,True,8
immrep25_pos,B,20,1.9998068638930122,0.44934606618972844,0.0074338403561701755,True,8
immrep25_pos,B,20,2.135274381866409,0.4330648576533184,0.0029897335683898778,True,6
immrep25_pos,B,20,2.0851618719382112,0.44890197951164046,0.004936929315854509,True,5
immrep25_pos,B,20,1.70199677349794,0.3732669840464969,0.012270252414196176,True,8
immrep25_pos,B,20,1.752210966266088,0.42762631412307556,0.019665620186653947,True,5
immrep25_pos,B,20,2.002141628970743,0.44333094600543754,0.006716729524590248,True,6
immrep25_pos,B,20,2.164920246577515,0.4396382821359159,0.002922554434309806,True,9
immrep25_pos,B,20,2.0470129455255295,0.4452608763423145,0.005577239265450512,True,9
immrep25_pos,B,20,1.8505425774467148,0.42307245328745935,0.010805335379130802,True,8
immrep25_pos,B,20,1.9411862027232987,0.4145405029314501,0.00579453104714845,True,5
immrep25_pos,B,20,1.9767417952208128,0.4290478058414155,0.006098114143624316,True,5
immrep25_pos,B,20,2.0094638042312183,0.40759339202038053,0.003555745758518074,True,5
immrep25_pos,B,20,2.176759205883723,0.45358979891470125,0.003514242579189038,True,6
immrep25_pos,B,20,2.1373373341221327,0.43946385723914266,0.0033118309646802523,True,5
immrep25_pos,B,20,1.8093960989181694,0.4116759159700281,0.011482269577473628,True,7
immrep25_pos,B,20,1.8079234226373595,0.3936555690637135,0.008750908515222394,True,5
immrep25_pos,B,20,1.9784946867177813,0.4105300282950335,0.004425751305421878,True,4
immrep25_pos,B,20,1.839628545526572,0.4360595984053537,0.01373664286507362,True,7
immrep25_pos,B,20,2.0436641955537227,0.4154279513834852,0.0034282395794399366,True,7
immrep25_pos,B,20,1.9819703430793403,0.43048354836218894,0.006076025472577936,True,9
immrep25_pos,B,20,2.2008093196302836,0.4134159216347327,0.0014994647033166615,True,6
immrep25_pos,B,20,1.5709493418534437,0.41267245740119624,0.04685105707001139,True,9
immrep25_pos,B,20,2.032490083164282,0.41117650892347696,0.003361931315853588,True,5
immrep25_pos,B,20,1.917285627611905,0.3811200492306815,0.003622999766524776,True,5
immrep25_pos,B,20,1.676277009596684,0.397676275697165,0.020713564125023454,True,8
immrep25_pos,B,20,1.9418374327114487,0.43485614783656773,0.007971164716248404,True,9
immrep25_pos,B,20,1.9213552480599088,0.3862014698338102,0.0039024334132395947,True,7
immrep25_pos,B,20,1.835545010995525,0.4119371880836962,0.00994338439086866,True,8
immrep25_pos,B,20,1.9814217455850374,0.4314103124030527,0.006183521210686843,True,5
immrep25_pos,B,20,2.213082499545606,0.46549874938399843,0.003644651419155576,True,7
immrep25_pos,B,20,2.134424719525084,0.3926340903740248,0.00135431850126204,True,4
immrep25_pos,B,20,2.1417780264946757,0.40688322689921697,0.0017598726392456618,True,6
immrep25_pos,B,20,2.1213362438251586,0.4396318936404523,0.0035798083258737627,True,8
immrep25_pos,B,20,1.8743648193036158,0.38531576577916016,0.0050774216511199665,True,5
immrep25_pos,B,20,2.1109320566198826,0.4612748917391431,0.005321895350773854,True,8
immrep25_pos,B,20,2.18735188208613,0.417084871521218,0.0017236917209919435,True,5
immrep25_pos,B,20,1.7178117609129866,0.410832141306619,0.01923632604414255,True,5
immrep25_pos,B,20,1.880059360362904,0.3898051685134705,0.005325826769485299,True,6
immrep25_pos,B,20,1.7455513183221076,0.3684888598306403,0.008475964590984915,True,4
immrep25_pos,B,20,2.007326255049823,0.4270789545457359,0.0050548629347566395,True,9
immrep25_pos,B,20,1.939428801164346,0.42916907977876184,0.007399444719970898,True,7
immrep25_pos,B,20,1.9151376171797239,0.4120197537195799,0.00640058745810745,True,7
vdjdb_hq,A,20,2.596805466442085,0.5940816980366502,0.0056401785808168755,True,1
vdjdb_hq,A,20,4.343864654639285,0.45788973871667044,5.528756275887827e-06,True,1
vdjdb_hq,A,20,2.325205705440374,0.4919676854056345,0.003509265994458169,True,0
vdjdb_hq,A,20,3.0765946117127405,0.5634070162924845,0.0010213907702460395,True,3
vdjdb_hq,A,20,3.091379035180817,0.51898179425971,0.00045976864391239285,True,0
vdjdb_hq,A,20,2.630629326495148,0.4245792741375617,0.0002910266982977721,True,0
vdjdb_hq,A,20,3.359059060789043,0.5976352427796776,0.0008833413979003177,True,0
vdjdb_hq,A,20,3.0251286551776637,0.40485137160218515,3.9926723217487406e-05,True,1
vdjdb_hq,A,20,2.6800643103429667,0.6188020148682756,0.005971244098296277,True,0
vdjdb_hq,A,20,3.76746220346532,0.5010811620113274,5.805157608489977e-05,True,0
vdjdb_hq,A,20,2.7445223697303107,0.5273521787022298,0.0014574574483088372,True,1
vdjdb_hq,A,20,2.995939740080841,0.4430078602119504,0.00012154213599456704,True,1
vdjdb_hq,A,20,4.218141199360722,0.4654798284508255,8.867445589170737e-06,True,0
vdjdb_hq,A,20,2.127405724239306,0.4208410348874898,0.0024841500807730923,True,1
vdjdb_hq,A,20,2.3699246225977726,0.40509975814469745,0.0005604620678286238,True,3
vdjdb_hq,A,20,4.63121646809209,0.4590386054560126,3.2527489114768616e-06,True,1
vdjdb_hq,A,20,3.6242453169725435,0.45929669395731665,2.9711640495553015e-05,True,0
vdjdb_hq,A,20,3.703340112611926,0.4181889376373196,7.570733188591771e-06,True,1
vdjdb_hq,A,20,3.224212424966085,0.5438221565009632,0.0005067764214457652,True,0
vdjdb_hq,A,20,3.4393858864005273,0.5862927808945628,0.0006207320662482185,True,1
vdjdb_hq,A,20,3.4333949754189304,0.49510741277265524,0.00011401645458150475,True,0
vdjdb_hq,A,20,3.4239671455979965,0.512056521324091,0.00016745042497276242,True,0
vdjdb_hq,A,20,3.1150666472346606,0.5292491933425655,0.000519960162531306,True,0
vdjdb_hq,A,20,3.117227952840572,0.4482540768391665,9.375890164966175e-05,True,1
vdjdb_hq,A,20,2.9083111387015914,0.4593020734571664,0.00023731324977149435,True,2
vdjdb_hq,A,20,2.8421578503411484,0.5443960862818166,0.0014301348282291604,True,0
vdjdb_hq,A,20,3.4112976888100075,0.4938018575569137,0.00011729112502952527,True,0
vdjdb_hq,A,20,4.086363349744279,0.499823637220254,2.8140844857260582e-05,True,0
vdjdb_hq,A,20,3.9710469714535237,0.45430562737493113,1.1215545543950533e-05,True,0
vdjdb_hq,A,20,3.045553517907432,0.5627531106542363,0.0010950549306659853,True,0
vdjdb_hq,A,20,3.2791356916496195,0.5135391955410143,0.00024997687285197934,True,2
vdjdb_hq,A,20,2.9020685265009187,0.42380455139828865,0.00010337577203987216,True,0
vdjdb_hq,A,20,3.169619757432087,0.5019542209289332,0.00026624642707542053,True,2
vdjdb_hq,A,20,3.854413962095941,0.5387268672982011,0.00010774166530681005,True,0
vdjdb_hq,A,20,2.5794199605456694,0.44765266611204724,0.000594372719716861,True,0
vdjdb_hq,A,20,2.6442620338864957,0.37095245279470357,6.487285039130478e-05,True,1
vdjdb_hq,A,20,2.9592108161020576,0.4963498708262815,0.0004376617009827726,True,1
vdjdb_hq,A,20,2.9872402189690517,0.5631936653606122,0.0012838320984693565,True,2
vdjdb_hq,A,20,3.636406404417809,0.5764147128370545,0.00034479629668739,True,0
vdjdb_hq,A,20,2.6331836849294032,0.4771440241608936,0.0008766344323373112,True,1
vdjdb_hq,A,20,3.610791447597657,0.5486853090272823,0.00022148826540622658,True,1
vdjdb_hq,A,20,2.3375619023925016,0.4669464309042414,0.002228532824874701,True,0
vdjdb_hq,A,20,2.8305093643388246,0.6463131865779466,0.005554784827541527,True,2
vdjdb_hq,A,20,3.346528046668302,0.5453059018589425,0.00038437748131336756,True,2
vdjdb_hq,A,20,3.071703267554972,0.5102411317115461,0.0004120615837918542,True,0
vdjdb_hq,A,20,2.9324943273238575,0.5882952407993614,0.0021291708836575474,True,0
vdjdb_hq,A,20,2.9438665283468364,0.5194402065859627,0.0007038343576843049,True,1
vdjdb_hq,A,20,3.2810774786961243,0.5616220913393724,0.0005973668452453498,True,0
vdjdb_hq,A,20,3.541261693439218,0.46392603911627234,4.1425295040236116e-05,True,1
vdjdb_hq,A,20,2.4583159068866474,0.5276195339205176,0.003672597709210597,True,0
vdjdb_hq,A,20,4.412647934898219,0.4454653057500699,3.3422429043010988e-06,True,0
vdjdb_hq,A,20,3.9359709759894876,0.535937710808085,8.58870286229895e-05,True,2
vdjdb_hq,A,20,3.5792356831238297,0.555875743405598,0.00027133803085327136,True,0
vdjdb_hq,A,20,3.0399112400238453,0.5768066444711754,0.001375450228864967,True,0
vdjdb_hq,A,20,3.464203520969495,0.49550480206132697,0.00010631849280542001,True,1
vdjdb_hq,A,20,3.969929264624064,0.6197981783187791,0.00036875035898435206,True,1
vdjdb_hq,A,20,2.406791206300738,0.42504845317724194,0.0007432751681338084,True,0
vdjdb_hq,A,20,2.903627701503883,0.546136348899557,0.0012352309472950802,True,1
vdjdb_hq,A,20,3.703808122992184,0.3739203701288106,1.7090387696678097e-06,True,1
vdjdb_hq,A,20,2.7822629677224104,0.4770402699564359,0.0005243169165156918,True,0
vdjdb_hq,A,20,2.5436980481150337,0.5895050782332634,0.00621929335648358,True,1
vdjdb_hq,A,20,3.0804401321525825,0.5206550288725245,0.0004887487690480515,True,2
vdjdb_hq,A,20,2.941628074705925,0.499784896085482,0.0004931513667144674,True,1
vdjdb_hq,A,20,2.4889927007801824,0.5695172451184707,0.005768009176086386,True,0
vdjdb_hq,A,20,3.8346254107586772,0.5324410338880177,9.879535611570753e-05,True,1
vdjdb_hq,A,20,3.103292302304156,0.4543668153737443,0.00011355935305656964,True,0
vdjdb_hq,A,20,2.762536697879153,0.48035219446884503,0.0005978485857393371,True,2
vdjdb_hq,A,20,4.221191907404251,0.4864772888467833,1.5339152647847687e-05,True,1
vdjdb_hq,A,20,2.6902757183864274,0.4839727762303289,0.0008176872121483036,True,1
vdjdb_hq,A,20,2.318719594542718,0.40716328709962574,0.00074589120341856,True,0
vdjdb_hq,A,20,3.2390034697528867,0.5520918394882729,0.0005635490923257324,True,2
vdjdb_hq,A,20,3.847048954331589,0.5568257107897064,0.00015611828012106768,True,1
vdjdb_hq,A,20,4.020078846206441,0.5952174951679879,0.00022397775954748682,True,2
vdjdb_hq,A,20,2.582501558767655,0.5954093657257892,0.005963194559778074,True,0
vdjdb_hq,A,20,4.0615041097096904,0.4509867259237557,8.320282597816287e-06,True,0
vdjdb_hq,A,20,3.136906966097832,0.4953947327632491,0.000255334347132391,True,1
vdjdb_hq,A,20,3.352002324830634,0.5255888661201494,0.00026263336863101603,True,3
vdjdb_hq,A,20,3.887494965787565,0.5190674498314174,6.6450831742789e-05,True,0
vdjdb_hq,A,20,3.5309948628285204,0.5460865638477105,0.0002525474298466078,True,0
vdjdb_hq,A,20,2.4049810042254784,0.5516856705453895,0.00603588157172234,True,0
vdjdb_hq,A,20,2.540567364985158,0.4057540097343895,0.00026663154659543024,True,1
vdjdb_hq,A,20,2.5942476167833646,0.5589196870429846,0.0036593882639804325,True,0
vdjdb_hq,A,20,2.482755149567845,0.5075605352126783,0.0025077953391857387,True,0
vdjdb_hq,A,20,3.266560261191073,0.4800901034295601,0.0001276259997036811,True,0
vdjdb_hq,A,20,2.737874381877237,0.478439705294322,0.0006257550435375192,True,0
vdjdb_hq,A,20,2.2913849934647423,0.497697197873754,0.004351121786956544,True,3
vdjdb_hq,A,20,3.347187188639623,0.5816522311710736,0.0007087864265498786,True,2
vdjdb_hq,A,20,2.3404733068362513,0.49882996613603503,0.003673996594948182,True,2
vdjdb_hq,A,20,3.848549879706416,0.5822324525944531,0.0002476024080124228,True,0
vdjdb_hq,A,20,3.3388162412359152,0.5376021633053687,0.0003404325714178253,True,0
vdjdb_hq,A,20,3.978260381260632,0.4624978070596436,1.3799408244711153e-05,True,4
vdjdb_hq,A,20,3.661620013102052,0.5004474132784347,7.317735775808639e-05,True,0
vdjdb_hq,A,20,3.333606339038185,0.46444752088004165,7.350942959393019e-05,True,0
vdjdb_hq,A,20,2.8969767641000104,0.40508006872453795,6.362885376543367e-05,True,0
vdjdb_hq,A,20,3.5329469648656686,0.4878808916198896,7.527420766246841e-05,True,0
vdjdb_hq,A,20,2.403261275871734,0.5923338427343079,0.00969524083540372,True,1
vdjdb_hq,A,20,2.9572122500570472,0.56660905054697,0.0014633549588946053,True,0
vdjdb_hq,A,20,3.9401409858961456,0.5667128449356127,0.0001561339130678391,True,1
vdjdb_hq,A,20,2.181405266723812,0.444531404525887,0.002951904328295285,True,1
vdjdb_hq,A,20,2.072122961910686,0.4579294558053694,0.006026449900082578,True,1
vdjdb_hq,A,20,2.6063810781466192,0.45581867589473185,0.0006355654027716276,True,0
vdjdb_hq,A,20,1.9168514362534446,0.42245449105278715,0.007501487920029743,True,4
vdjdb_hq,A,20,2.9953047012269964,0.5390768604581637,0.0008539774528985631,True,0
vdjdb_hq,A,20,2.475687327008988,0.37413647106929243,0.00015384855870182278,True,1
vdjdb_hq,A,20,2.905215200058326,0.39302404559871273,4.3614365894626676e-05,True,0
vdjdb_hq,A,20,3.0715171761440105,0.4119167205542408,4.1664612083422256e-05,True,3
vdjdb_hq,A,20,3.383071934640513,0.5376619828183085,0.00030585184227868294,True,2
vdjdb_hq,A,20,3.779719895853804,0.4611320560116001,2.1181934869288393e-05,True,0
vdjdb_hq,A,20,2.82881050958915,0.5539735873734604,0.0017198075288866572,True,2
vdjdb_hq,A,20,2.744380119173549,0.4583232611187353,0.00040608807060487116,True,1
vdjdb_hq,A,20,2.218872101073794,0.49930927451110624,0.005892705191466891,True,2
vdjdb_hq,A,20,2.4413096190265144,0.38795319252191196,0.00026346167553528346,True,2
vdjdb_hq,A,20,3.224300597999323,0.49108856001490125,0.00018259252354289171,True,2
vdjdb_hq,A,20,3.4459417925310523,0.4910566503184185,0.0001009250746198141,True,2
vdjdb_hq,A,20,3.813665873813201,0.5059673419957889,5.842120799305363e-05,True,1
vdjdb_hq,A,20,2.672834754239645,0.41712895150791895,0.0002056011646767927,True,0
vdjdb_hq,A,20,2.931595340587054,0.5657705860537281,0.0015469148566648121,True,1
vdjdb_hq,A,20,2.3021812205459598,0.43296233120726524,0.0013853798603012965,True,0
vdjdb_hq,A,20,2.359772079058419,0.45354922538695497,0.001602940751896908,True,1
vdjdb_hq,A,20,2.9040460183717625,0.49028478549075377,0.00046020766910324153,True,1
vdjdb_hq,A,20,2.987893196476387,0.4574582499474656,0.0001756731792904054,True,3
vdjdb_hq,A,20,3.0158110028228635,0.43933358809598533,0.00010398669768978068,True,1
vdjdb_hq,A,20,2.228069778969348,0.5438807015296298,0.010000897169010618,True,1
vdjdb_hq,A,20,4.71166961750039,0.4367449819497298,1.420309535010579e-06,True,0
vdjdb_hq,A,20,3.35058170046104,0.533979185614245,0.0003091634330960315,True,0
vdjdb_hq,A,20,3.086889572440666,0.472487215734326,0.00018125310168647473,True,0
vdjdb_hq,A,20,3.0134276712336754,0.43824044126086403,0.00010198444029532933,True,1
vdjdb_hq,A,20,2.631416802935311,0.377275733346727,8.297849434932014e-05,True,0
vdjdb_hq,A,20,2.7473615296293006,0.46113592467459874,0.0004265051015980901,True,1
vdjdb_hq,A,20,3.855828587632955,0.46989709648149036,2.2221744588609732e-05,True,0
vdjdb_hq,A,20,3.1459552499051067,0.5218595697281243,0.00041793498698196985,True,1
vdjdb_hq,A,20,3.4829412676037226,0.5538406765386453,0.0003249186564944061,True,2
vdjdb_hq,A,20,2.928381911968183,0.47279653362731544,0.00029822277322253933,True,1
vdjdb_hq,A,20,3.1332105658227234,0.5130893907404128,0.00036657956300771766,True,1
vdjdb_hq,A,20,2.7108130937500188,0.4933863205147826,0.00090794601656204,True,0
vdjdb_hq,A,20,2.5262504698809396,0.48478489829950117,0.0014758996470019767,True,0
vdjdb_hq,A,20,3.2402377601790056,0.5142381727842137,0.0002807844362927241,True,0
vdjdb_hq,A,20,2.5813003727862394,0.5266344301992926,0.0024100744018314534,True,1
vdjdb_hq,A,20,2.956490273240981,0.4415174434889143,0.0001336107299813614,True,0
vdjdb_hq,A,20,3.983284692419882,0.43275742881449125,5.851916940149813e-06,True,0
vdjdb_hq,A,20,3.2727558641740933,0.4386916522533824,4.5708949931659344e-05,True,1
vdjdb_hq,A,20,4.232781988382874,0.5094247112791842,2.629136250511205e-05,True,1
vdjdb_hq,A,20,2.1605553604023804,0.4496876147635389,0.0035410548241830587,True,1
vdjdb_hq,A,20,2.0730270346053064,0.4058806535692217,0.0024588656577749007,True,0
vdjdb_hq,A,20,3.17407724471853,0.46026269396650016,0.00010541222629189921,True,0
vdjdb_hq,A,20,3.666981402433659,0.5556183342565303,0.0002228640572228104,True,1
vdjdb_hq,A,20,4.162772780729111,0.54303475522307,6.34926700617576e-05,True,1
vdjdb_hq,A,20,3.2514360385709606,0.6141962943352898,0.0014239235329378168,True,1
vdjdb_hq,A,20,3.727152189462008,0.4733179894866968,3.289185543693979e-05,True,1
vdjdb_hq,A,20,3.907201552726695,0.569117634787825,0.00017421111156414623,True,0
vdjdb_hq,A,20,2.69677121399698,0.46968570234653256,0.0006065474485832103,True,1
vdjdb_hq,A,20,2.638720917183034,0.38156061127058777,9.111468846039833e-05,True,0
vdjdb_hq,A,20,2.3830700217990324,0.4803086202799679,0.002333596549611193,True,0
vdjdb_hq,A,20,2.752375051455698,0.4411995169079098,0.00027031962496361605,True,0
vdjdb_hq,A,20,2.4518630494050915,0.6032819544444249,0.009437475114190009,True,1
vdjdb_hq,A,20,3.4609342119212787,0.5144198861945293,0.00016038231581209646,True,0
vdjdb_hq,A,20,2.8009143634398996,0.49394754811819397,0.0006838222036121989,True,1
vdjdb_hq,A,20,3.2487083529854037,0.5746021507159337,0.0007971659649714291,True,1
vdjdb_hq,A,20,3.721473676548925,0.5404934872011459,0.00014830745409605682,True,1
vdjdb_hq,A,20,3.4088164488509465,0.5549858860553079,0.00039368466334511256,True,0
vdjdb_hq,A,20,2.7226943429011823,0.4205017409001153,0.0001841647033368647,True,1
vdjdb_hq,A,20,2.9587634874173983,0.49100057511919204,0.000394408782286784,True,0
vdjdb_hq,A,20,3.4935658469788953,0.5092690178961382,0.00013294906306290073,True,1
vdjdb_hq,A,20,4.875314483456738,0.4475475836084014,1.473178390979274e-06,True,2
vdjdb_hq,A,20,3.926345342568195,0.5310813483481556,7.916935039508765e-05,True,1
vdjdb_hq,A,20,3.556392126459333,0.5405021456419883,0.0002144450769163251,True,0
vdjdb_hq,A,20,2.4221586006729456,0.5572498012695121,0.006117645470738868,True,3
vdjdb_hq,A,20,2.583180218060409,0.5419023316367918,0.002995151614594215,True,2
vdjdb_hq,A,20,2.9880703066128294,0.5723342404464594,0.0014698775008185347,True,1
vdjdb_hq,A,20,1.6977970305975616,0.3703799575342733,0.012042763589055438,True,0
vdjdb_hq,A,20,3.5061057953365657,0.5989697947355666,0.0006561654836524903,True,0
vdjdb_hq,A,20,3.661974861413235,0.5930694257375275,0.0004322378177575637,True,0
vdjdb_hq,A,20,2.682610336918221,0.4530192337121347,0.000452542411155436,True,1
vdjdb_hq,A,20,2.442188745105246,0.49255208929542743,0.0022846234885616533,True,0
vdjdb_hq,A,20,3.06075000009999,0.46110280689497757,0.00015177787373495127,True,2
vdjdb_hq,A,20,2.613062848169004,0.35679052426975405,4.782351624094674e-05,True,1
vdjdb_hq,A,20,2.8086158711381253,0.4995097767974197,0.0007397517405388813,True,4
vdjdb_hq,A,20,3.693287385484648,0.5481105590359696,0.0001827901890565943,True,0
vdjdb_hq,A,20,2.66248255902825,0.5685857207224401,0.0034017429842311117,True,1
vdjdb_hq,A,20,2.5674755781554235,0.4554795256787784,0.0007307288710807093,True,0
vdjdb_hq,A,20,3.2577360280135976,0.46837916964959553,0.00010001885680686696,True,1
vdjdb_hq,A,20,3.5614797438886727,0.5259855744471721,0.0001594171451004303,True,1
vdjdb_hq,A,20,2.687105427633381,0.5400510770878699,0.0021146305912749424,True,0
vdjdb_hq,A,20,3.0988847597548133,0.5010742681867114,0.0003190837465612691,True,1
vdjdb_hq,A,20,2.838251157539447,0.45998130202802984,0.00030440975327316846,True,0
vdjdb_hq,A,20,2.8322623540068332,0.46367376264575144,0.0003364000370241555,True,1
vdjdb_hq,A,20,2.8633908614370442,0.5318528425814739,0.0010998572508803285,True,1
vdjdb_hq,A,20,2.8508963778345753,0.5199828336918675,0.00093445297869781,True,0
vdjdb_hq,A,20,2.9174790956494823,0.5489551287362239,0.001242661017168165,True,1
vdjdb_hq,A,20,2.91376679964675,0.5634297079731646,0.0015670984688700039,True,1
vdjdb_hq,A,20,3.7898664351093077,0.37107326070615676,1.2093260790716523e-06,True,2
vdjdb_hq,A,20,4.988825099782392,0.4114041027139284,3.645419772886427e-07,True,0
vdjdb_hq,A,20,3.5093001467465115,0.6271224134811548,0.0009893884143712048,True,1
vdjdb_hq,A,20,1.9022740688782809,0.426062076889227,0.008566499680926307,True,0
vdjdb_hq,A,20,1.8345841664927702,0.3725854539243631,0.00511873593042355,True,0
vdjdb_hq,A,20,2.355435114158798,0.501120810529658,0.0035956518784818047,True,1
vdjdb_hq,A,20,3.557419402120508,0.5135330160892659,0.00012457958901810403,True,1
vdjdb_hq,A,20,1.9295345351971007,0.44803745702990594,0.010258487908219002,True,2
vdjdb_hq,A,20,3.401994296281448,0.580101134153365,0.0006107787665262487,True,1
vdjdb_hq,A,20,2.4135455124875427,0.46560691709291036,0.001607415956756427,True,0
vdjdb_hq,B,20,2.3449050217943146,0.4151964149829809,0.0007898840242602183,True,5
vdjdb_hq,B,20,4.082768274245382,0.552320096858006,8.951839216821724e-05,True,3
vdjdb_hq,B,20,3.366114476470653,0.506737277538734,0.00017373630681886078,True,4
vdjdb_hq,B,20,4.48833135935011,0.4655053290255516,5.1430612056446985e-06,True,4
vdjdb_hq,B,20,2.964135731725872,0.42356605914709455,8.268001186434971e-05,True,3
vdjdb_hq,B,20,3.3773633833529777,0.4458894713059796,4.0726110020568274e-05,True,1
vdjdb_hq,B,20,3.0168108271144876,0.4660124029270002,0.00019456641611258782,True,6
vdjdb_hq,B,20,3.5056904353134555,0.4725904033234328,5.6277491316558737e-05,True,3
vdjdb_hq,B,20,4.8637607983756235,0.5028786274503132,7.1253983922668794e-06,True,1
vdjdb_hq,B,20,3.3800426171362288,0.46113954461649953,5.9583189082962356e-05,True,7
vdjdb_hq,B,20,2.8735978413186603,0.4549154441945936,0.00024151429623171604,True,5
vdjdb_hq,B,20,3.3551383023623615,0.4839626676145312,0.0001092776009505768,True,5
vdjdb_hq,B,20,2.807567076929286,0.566290083603528,0.002184515365158585,True,1
vdjdb_hq,B,20,2.56856776600155,0.46036585351425635,0.0008022555699626475,True,4
vdjdb_hq,B,20,2.0698991042279533,0.3524087971794934,0.0007498196560374152,True,8
vdjdb_hq,B,20,2.853965399226015,0.43747522025389973,0.00017226132696505624,True,6
vdjdb_hq,B,20,2.3299536043315343,0.4736708485364539,0.00257399250217479,True,7
vdjdb_hq,B,20,2.905253783513115,0.4334362317153912,0.00013046878839829544,True,4
vdjdb_hq,B,20,4.424116052440191,0.5165439081501112,2.159343837242702e-05,True,6
vdjdb_hq,B,20,4.378365681537854,0.4810329990561206,9.729446975633863e-06,True,2
vdjdb_hq,B,20,2.685598402873387,0.37587364304341525,6.29549610038278e-05,True,4
vdjdb_hq,B,20,3.5737697216097466,0.43769966675962696,1.8956741367294082e-05,True,5
vdjdb_hq,B,20,3.5442993898448196,0.5080090825592043,0.00011436294594547385,True,4
vdjdb_hq,B,20,3.2407331074056906,0.6245244920983302,0.0016775401145627596,True,5
vdjdb_hq,B,20,4.657693209111112,0.4377697473887929,1.6258810879688247e-06,True,1
vdjdb_hq,B,20,4.812213989798845,0.5658238955535194,3.329518595880382e-05,True,2
vdjdb_hq,B,20,5.920978541771782,0.44628751171796305,2.7282308227701295e-07,True,2
vdjdb_hq,B,20,2.270260888655972,0.4339039214718574,0.0016273510904552325,True,3
vdjdb_hq,B,20,3.4925650870770433,0.47237477006822687,5.793358283557648e-05,True,6
vdjdb_hq,B,20,2.761536616943977,0.476718369658129,0.0005584732138167773,True,6
vdjdb_hq,B,20,3.376195749398297,0.5841004259828732,0.0006899623017119372,True,9
vdjdb_hq,B,20,2.616015215496995,0.4193659711331765,0.0002723415608851969,True,8
vdjdb_hq,B,20,2.6319440037432353,0.5206083732659482,0.0018643861635394758,True,6
vdjdb_hq,B,20,5.896072410880454,0.4273890638739421,1.4911922208765966e-07,True,3
vdjdb_hq,B,20,2.6458772739531753,0.4094821719120116,0.0001889098645822808,True,4
vdjdb_hq,B,20,3.1747078326348297,0.4787282532458404,0.00016065012918403164,True,5
vdjdb_hq,B,20,4.571816174393757,0.49757790499587534,1.0359936392272409e-05,True,3
vdjdb_hq,B,20,3.485551138979635,0.45519752795972757,3.844869546598616e-05,True,6
vdjdb_hq,B,20,2.677001614091081,0.4380811996101523,0.00033274104347670493,True,6
vdjdb_hq,B,20,3.412276064756648,0.5057731438472233,0.0001513223912943576,True,5
vdjdb_hq,B,20,3.66611859587024,0.5682666573477011,0.0002808556403715304,True,4
vdjdb_hq,B,20,2.6966374029014077,0.5115250922584285,0.0013056644172344258,True,9
vdjdb_hq,B,20,2.7312062522210145,0.4577080440793872,0.0004198939309932198,True,6
vdjdb_hq,B,20,2.6443784679032656,0.5086844175354451,0.0014757390035401523,True,7
vdjdb_hq,B,20,2.5889004684756394,0.4946359354877466,0.0014028978474422413,True,6
vdjdb_hq,B,20,4.122526508084605,0.48923707903818175,2.015374988309537e-05,True,2
vdjdb_hq,B,20,2.5020672304434983,0.3843065559986801,0.00018059807373830362,True,5
vdjdb_hq,B,20,2.7643805452352432,0.4365077034390644,0.0002320419081815992,True,3
vdjdb_hq,B,20,4.078832679420681,0.5311823990173595,5.817947708496569e-05,True,5
vdjdb_hq,B,20,4.65366314961442,0.4876981922573092,6.9136822181262994e-06,True,3
vdjdb_hq,B,20,2.8520825702858383,0.45318404434197695,0.000249871681124944,True,4
vdjdb_hq,B,20,2.8843068426786824,0.49763854163746374,0.0005638686333820394,True,3
vdjdb_hq,B,20,4.251383719795567,0.5418375987378237,5.237007919141735e-05,True,2
vdjdb_hq,B,20,3.3823447659245462,0.4922048284328611,0.000122127665582125,True,5
vdjdb_hq,B,20,2.881919109034011,0.4440533198405325,0.00018282992560041735,True,6
vdjdb_hq,B,20,2.871282956869217,0.4615833256813777,0.0002821535082752256,True,5
vdjdb_hq,B,20,3.555492606455843,0.4008392616048374,6.59032144320971e-06,True,1
vdjdb_hq,B,20,3.861020136923389,0.5226569102933468,7.600497434887572e-05,True,4
vdjdb_hq,B,20,2.5549579490748764,0.4717620405690374,0.0010504519254159962,True,4
vdjdb_hq,B,20,3.9675800781072015,0.5027115859534985,3.8712125585949346e-05,True,3
vdjdb_hq,B,20,3.1132040992920587,0.5465555039568347,0.0007063184771889866,True,5
vdjdb_hq,B,20,3.7331065288638112,0.4500540598220778,1.7646771661275016e-05,True,3
vdjdb_hq,B,20,2.889685686386985,0.5172431561534779,0.0007936970055080612,True,5
vdjdb_hq,B,20,3.0074795519845003,0.4475940958986329,0.00013079477115672994,True,7
vdjdb_hq,B,20,3.532565745340867,0.4569926017210169,3.5520902474306486e-05,True,3
vdjdb_hq,B,20,2.6475466023085072,0.46010327168905046,0.0005960124974401696,True,4
vdjdb_hq,B,20,3.492509623531121,0.4622302433593438,4.51308162099384e-05,True,4
vdjdb_hq,B,20,3.5814890470426164,0.466753062453797,4.0083658030775033e-05,True,4
vdjdb_hq,B,20,3.2830193276919033,0.4496824070930336,5.8938645355707734e-05,True,5
vdjdb_hq,B,20,3.0185586477301167,0.5038825681947525,0.0004248090544893004,True,5
vdjdb_hq,B,20,2.9648064548606285,0.432490974941408,0.00010384464050361574,True,7
vdjdb_hq,B,20,2.6866212298072196,0.3906156360203864,9.637019025905862e-05,True,5
vdjdb_hq,B,20,3.115530712700266,0.5357701139108672,0.0005831016563053449,True,4
vdjdb_hq,B,20,3.4488811464878757,0.48766394827189713,9.280459002991552e-05,True,3
vdjdb_hq,B,20,4.4849965359672765,0.47679210587271614,7.065590938470055e-06,True,4
vdjdb_hq,B,20,4.638489424743087,0.5520223985091105,3.289797248712719e-05,True,0
vdjdb_hq,B,20,3.630197924086874,0.46332864715413435,3.2468448147200686e-05,True,3
vdjdb_hq,B,20,3.01808554043773,0.45092443608461447,0.00013685881477660535,True,6
vdjdb_hq,B,20,3.302962131360014,0.5441209159823445,0.0004185770647654703,True,4
vdjdb_hq,B,20,2.357749902398499,0.47980435823771966,0.0025526646886730613,True,8
vdjdb_hq,B,20,3.012631467281635,0.4871080675574284,0.0003096848266651813,True,5
vdjdb_hq,B,20,3.5153460787000173,0.5129040531722835,0.00013606177403393456,True,8
vdjdb_hq,B,20,1.940540601063497,0.3474463067100846,0.0014991617321703824,True,10
vdjdb_hq,B,20,2.8840029751456746,0.5087422108798278,0.0006935229631424175,True,7
vdjdb_hq,B,20,3.3023881567780844,0.4479940129618495,5.335673052237528e-05,True,6
vdjdb_hq,B,20,3.6330383638362713,0.5210278881836532,0.00012198253712440563,True,4
vdjdb_hq,B,20,3.646840754458628,0.4820270282267494,4.947691350284926e-05,True,3
vdjdb_hq,B,20,2.4934410988230105,0.457564718043202,0.001011898936739886,True,8
vdjdb_hq,B,20,5.561977477900923,0.47210082055577374,1.0193738037231411e-06,True,0
vdjdb_hq,B,20,2.7432124374091957,0.49745035786655667,0.0008787357419812334,True,5
vdjdb_hq,B,20,4.381989426497485,0.5051956638071773,1.781311961210599e-05,True,6
vdjdb_hq,B,20,4.108476173639688,0.5254665524325203,4.8440020837881385e-05,True,5
vdjdb_hq,B,20,4.8481517382390376,0.4654438863474223,2.6393690947912795e-06,True,3
vdjdb_hq,B,20,3.2726732243824728,0.42256580552373463,2.9433034987574684e-05,True,5
vdjdb_hq,B,20,5.85162474944782,0.46508727015405665,5.458496443981721e-07,True,3
vdjdb_hq,B,20,2.623473379683187,0.5535906656835805,0.0031161402049981702,True,6
vdjdb_hq,B,20,3.1293717830433403,0.4903749836290096,0.00023511505982132776,True,7
vdjdb_hq,B,20,3.8250976024111445,0.4009923310293787,3.1697310226412272e-06,True,4
vdjdb_hq,B,20,4.365515286585563,0.4933543119765406,1.3710377055029176e-05,True,3
vdjdb_hq,B,20,4.253646088529613,0.5974533852485798,0.00015365651047503806,True,5
vdjdb_hq,B,20,2.4121509263288394,0.41687464295601684,0.0006064862811311013,True,4
vdjdb_hq,B,20,2.8502206373086074,0.4522185287093321,0.00024605340759339186,True,3
vdjdb_hq,B,20,2.4314246536099193,0.4718318442206648,0.001675119143621943,True,8
vdjdb_hq,B,20,2.2419574334883663,0.44923579098370214,0.002447593185616893,True,10
vdjdb_hq,B,20,3.6635967320480463,0.5179830586154218,0.00010667853843559636,True,1
vdjdb_hq,B,20,3.078176542832586,0.45168473642024765,0.00011515159935839168,True,3
vdjdb_hq,B,20,3.1346802813416876,0.4860986338934519,0.00021158235092320676,True,5
vdjdb_hq,B,20,3.145831277316964,0.4804134581700779,0.00018124418561316343,True,4
vdjdb_hq,B,20,2.10656146211031,0.5372486597088914,0.014390256784550628,True,5
vdjdb_hq,B,20,2.801877020812478,0.45313525543266187,0.00029671365622170473,True,4
vdjdb_hq,B,20,3.0007454615049944,0.49126314414858324,0.00034923495209242126,True,5
vdjdb_hq,B,20,2.641631156017779,0.4653531359073078,0.0006768584518051302,True,5
vdjdb_hq,B,20,4.367405661383011,0.41624083180852367,1.4621647311603993e-06,True,3
vdjdb_hq,B,20,3.604277805335396,0.5050865258483705,9.293233719469435e-05,True,3
vdjdb_hq,B,20,2.6066371626775915,0.4850944632475409,0.0011146081645496042,True,4
vdjdb_hq,B,20,2.8805118191436265,0.5038019197408673,0.0006402703773656811,True,5
vdjdb_hq,B,20,2.6884950528624927,0.47942463262206075,0.0007548681075141349,True,6
vdjdb_hq,B,20,2.050660643731147,0.41503503311372686,0.003283134143415419,True,8
vdjdb_hq,B,20,2.770036109042108,0.5166525926740234,0.0011293204181508163,True,6
vdjdb_hq,B,20,2.974185871206012,0.5008447124663438,0.00045654596308893525,True,3
vdjdb_hq,B,20,2.8688439730462396,0.5047515487970222,0.0006752498240801865,True,5
vdjdb_hq,B,20,3.760004659875278,0.520488732667886,9.048006771877468e-05,True,2
vdjdb_hq,B,20,3.435478202893358,0.4135834733727104,1.3889987786308405e-05,True,2
vdjdb_hq,B,20,2.8649310871501705,0.43445699458502035,0.00015404739726631317,True,1
vdjdb_hq,B,20,2.5156906155590453,0.40792272865303403,0.0003130253119807973,True,3
vdjdb_hq,B,20,2.220400673442876,0.44779449993537457,0.0026238826536038665,True,7
vdjdb_hq,B,20,3.005142161324962,0.45347830226614244,0.00015153998117649646,True,6
vdjdb_hq,B,20,3.534525396670321,0.4390565103583541,2.18888857784655e-05,True,5
vdjdb_hq,B,20,3.1219088088140587,0.4556804496722636,0.00011065461809904142,True,2
vdjdb_hq,B,20,2.4659973549355563,0.4909428002437313,0.0020396314271003304,True,8
vdjdb_hq,B,20,2.8965814408680277,0.5279110321881679,0.0009350463733433251,True,7
vdjdb_hq,B,20,4.021954792509301,0.47589471791864346,1.781953103166906e-05,True,2
vdjdb_hq,B,20,3.356628985239317,0.5192167279868023,0.00022919500262879767,True,5
vdjdb_hq,B,20,3.681973687274314,0.4423523587431205,1.624220073586028e-05,True,2
vdjdb_hq,B,20,4.2209412552800245,0.41929181633091817,2.2265926799937346e-06,True,2
vdjdb_hq,B,20,3.3772329761665443,0.4595500394704385,5.773045501909508e-05,True,5
vdjdb_hq,B,20,3.9736484564599994,0.45095952957707774,1.015517961579614e-05,True,1
vdjdb_hq,B,20,3.7965486125398753,0.5445319680307381,0.00013668216601375768,True,4
vdjdb_hq,B,20,4.39244513843866,0.5515333566729107,4.9687368348790394e-05,True,4
vdjdb_hq,B,20,2.8142550211689144,0.4900884173981056,0.0006090311289854539,True,5
vdjdb_hq,B,20,5.945360309346311,0.4140560228418446,8.635924900207064e-08,True,2
vdjdb_hq,B,20,2.8558203879597697,0.569993275926119,0.002017176575026189,True,8
vdjdb_hq,B,20,2.026852763694005,0.428601705837837,0.004698799648598882,True,7
vdjdb_hq,B,20,4.15989860491582,0.5416853539246139,6.206488213412174e-05,True,7
vdjdb_hq,B,20,3.5896836236667666,0.5122429822587631,0.00011226125741764993,True,4
vdjdb_hq,B,20,2.7795536632029085,0.3986016092904213,8.290822170565346e-05,True,3
vdjdb_hq,B,20,3.488182151332107,0.5779766057171863,0.00048709077211879953,True,5
vdjdb_hq,B,20,4.850864728606126,0.501603893151138,7.047021527368687e-06,True,4
vdjdb_hq,B,20,3.5043051850741818,0.4482856402380734,3.0506643034580277e-05,True,3
vdjdb_hq,B,20,3.2797709238972717,0.504793716706332,0.00020918852791138685,True,4
vdjdb_hq,B,20,2.6054823298990515,0.4268571873860165,0.0003391795904975865,True,4
vdjdb_hq,B,20,2.801615241291747,0.471568719264041,0.0004399685363736448,True,6
vdjdb_hq,B,20,4.221436588799768,0.46002780775906443,7.573820187776388e-06,True,1
vdjdb_hq,B,20,2.7283672327055095,0.454209488953543,0.0003935844342224099,True,8
vdjdb_hq,B,20,2.0910504031631665,0.4456891459210873,0.004562308028176716,True,9
vdjdb_hq,B,20,3.9486479962453465,0.49859695675825877,3.6615620281902435e-05,True,0
vdjdb_hq,B,20,3.09598660701293,0.5390502820636275,0.0006502613879169601,True,5
vdjdb_hq,B,20,2.998541137750069,0.519096765648646,0.0005977705904611659,True,7
vdjdb_hq,B,20,3.0741219089147185,0.4644761921591773,0.00015735542016820592,True,3
vdjdb_hq,B,20,2.7976673621609423,0.5373021259935842,0.0014558976386877848,True,6
vdjdb_hq,B,20,2.474601093708787,0.507548168735816,0.0025799146819508122,True,4
vdjdb_hq,B,20,3.9418312825295514,0.47437351016650725,2.0476086131656022e-05,True,4
vdjdb_hq,B,20,1.8060528528415347,0.4358815704860429,0.01635057826650577,True,5
vdjdb_hq,B,20,3.2836719539338386,0.4974036432760065,0.00017751919353573776,True,5
vdjdb_hq,B,20,3.727136676443203,0.5554537397936775,0.00019531947415512516,True,7
vdjdb_hq,B,20,2.495595733791142,0.43096803453158444,0.0005805917978931472,True,8
vdjdb_hq,B,20,1.736302857512147,0.3021338226978519,0.002153365451622735,True,8
vdjdb_hq,B,20,4.548503659988175,0.5321505204833415,2.4753743028659056e-05,True,5
vdjdb_hq,B,20,3.9182592509258107,0.5022665671941626,4.262104136822128e-05,True,3
vdjdb_hq,B,20,3.2499435757818613,0.4845877714990063,0.00014771437116819312,True,4
vdjdb_hq,B,20,4.301279623241558,0.4909494907050262,1.4630452713227539e-05,True,2
vdjdb_hq,B,20,1.9740834644019252,0.3732857580626845,0.002194269704604052,True,7
vdjdb_hq,B,20,2.292878448194152,0.5035062097393802,0.004704688394322525,True,7
vdjdb_hq,B,20,3.678222328842045,0.5335695913086231,0.00014217670978392845,True,3
vdjdb_hq,B,20,2.8843866747608353,0.5311063082360156,0.001022082762472388,True,5
vdjdb_hq,B,20,2.5446337511878743,0.3614055415339195,7.614369829445162e-05,True,2
vdjdb_hq,B,20,3.78246219067507,0.5262545508475874,9.723865280784934e-05,True,6
vdjdb_hq,B,20,3.251912643059551,0.4004215845654996,1.6353212928075932e-05,True,5
vdjdb_hq,B,20,4.26081020828756,0.4224278972819746,2.2553211157863836e-06,True,0
vdjdb_hq,B,20,3.491683893578333,0.5463725512031005,0.0002779142719878347,True,8
vdjdb_hq,B,20,2.343095605017585,0.40974551008841026,0.0007056368534535729,True,10
vdjdb_hq,B,20,3.5158591571383218,0.5157695865334895,0.00014423869050007268,True,2
vdjdb_hq,B,20,3.135476646971821,0.4649542376142889,0.00013206528921202515,True,6
vdjdb_hq,B,20,4.387983869270582,0.3948708292357701,6.681934187244223e-07,True,2
vdjdb_hq,B,20,3.2861696572778882,0.43029921163605633,3.502623021514919e-05,True,4
vdjdb_hq,B,20,3.4783311594806383,0.4944547753717994,0.00010022189513410268,True,4
vdjdb_hq,B,20,3.3783552056513804,0.5237088106515366,0.00023708678125862354,True,8
vdjdb_hq,B,20,3.8797209327792666,0.5339408128832889,9.26319550038937e-05,True,6
vdjdb_hq,B,20,2.952775197865448,0.4311286345965386,0.00010452144505619667,True,2
vdjdb_hq,B,20,3.2091418927882653,0.4473622030778868,6.920168554379617e-05,True,5
vdjdb_hq,B,20,3.2479458348243515,0.564837007742625,0.0006824116212236786,True,4
vdjdb_hq,B,20,3.569830791836131,0.494863848764804,8.051206105935785e-05,True,4
vdjdb_hq,B,20,3.110228042466745,0.466094066231439,0.00014627830854443115,True,5
vdjdb_hq,B,20,2.678102391939487,0.44324400616614484,0.00037205128324727875,True,5
vdjdb_hq,B,20,3.522411775941897,0.578407238942844,0.00045522271058031814,True,5
vdjdb_hq,B,20,2.8107880804540333,0.43521018335713896,0.0001901962753187228,True,8
vdjdb_hq,B,20,3.061443214731865,0.5137655434236302,0.0004534198706910684,True,8
vdjdb_hq,B,20,3.565098494152747,0.5491607221960146,0.00024750989137778466,True,7
vdjdb_hq,B,20,2.702662926862728,0.4716758991407569,0.0006181849113462128,True,5
vdjdb_hq,B,20,6.2391324118482165,0.4457950000549386,1.7506156955342825e-07,True,2
vdjdb_lq,A,19,2.5639931049155607,0.3785917187645834,0.00017533252611103985,True,0
vdjdb_lq,A,19,2.7506526134335334,0.4444240098971303,0.0004216698768872244,True,1
vdjdb_lq,A,19,2.647370890657366,0.4694815127636759,0.000991179336317378,True,0
vdjdb_lq,A,19,3.0150303216838314,0.4102271837766262,7.598887886977462e-05,True,0
vdjdb_lq,A,19,2.8749421800143344,0.45147758085420564,0.00032476543010400626,True,0
vdjdb_lq,A,19,2.781949537106464,0.5116907093883427,0.0013552324724055138,True,0
vdjdb_lq,A,19,2.792827853678953,0.41917479551857634,0.00020430794248299668,True,1
vdjdb_lq,A,19,3.0781528391968,0.4297370461025442,0.00010283477238175418,True,2
vdjdb_lq,A,19,2.6895995501320273,0.44408130435015264,0.0005175653198171718,True,0
vdjdb_lq,A,19,2.4453892082064557,0.43826684962393525,0.0011410935007326757,True,1
vdjdb_lq,A,19,2.8373641521083934,0.44212750586661814,0.0002990743412217521,True,0
vdjdb_lq,A,19,2.4279792322085996,0.41073960441402424,0.0006898864211920685,True,0
vdjdb_lq,A,19,2.778705472756203,0.42006331765341437,0.00021950531070964128,True,1
vdjdb_lq,A,19,2.4414311264683306,0.4302738958331397,0.0009880509116691784,True,0
vdjdb_lq,A,19,2.807575405707458,0.4869159610727128,0.0008149768908902889,True,0
vdjdb_lq,A,19,3.068525275134501,0.45442392454824676,0.0001902887508666776,True,0
vdjdb_lq,A,19,2.7345567789386647,0.48811422820710104,0.0010460656318385018,True,1
vdjdb_lq,A,19,3.3116107084637805,0.5370715073894271,0.0005140746781668183,True,0
vdjdb_lq,A,19,3.5942385641136383,0.4613174148330727,5.423803576630213e-05,True,0
vdjdb_lq,A,19,3.15499509814204,0.49204518581139217,0.0003301553432448476,True,0
vdjdb_lq,A,19,2.8610447651061413,0.41838820522017767,0.00015779068576675612,True,0
vdjdb_lq,A,19,3.004699088900705,0.42988863658968185,0.00013007616551169974,True,0
vdjdb_lq,A,19,2.439019338070018,0.46847689442635543,0.002034452896277211,True,0
vdjdb_lq,A,19,2.537382486268142,0.46559313076622694,0.001353323720960625,True,0
vdjdb_lq,A,19,2.316057675886891,0.49379294358535103,0.004751221071843934,True,0
vdjdb_lq,A,19,2.935709751550681,0.3802929175728793,4.2799241096174785e-05,True,0
vdjdb_lq,A,19,2.8790187936838714,0.47356717578506374,0.0005068176018396707,True,0
vdjdb_lq,A,19,2.739326385798794,0.44895647505572334,0.00048266386500605944,True,0
vdjdb_lq,A,19,2.524741158151537,0.43588776064453905,0.0007993393313055605,True,0
vdjdb_lq,A,19,3.132569999287616,0.4613953024229244,0.00018446290320354064,True,0
vdjdb_lq,A,19,2.777761885979092,0.4522653716718114,0.00045436190507709885,True,0
vdjdb_lq,A,19,2.2824498542549576,0.48995581209503386,0.0050892648874722455,True,0
vdjdb_lq,A,19,3.462025630026257,0.45736289888868087,6.862682027153482e-05,True,0
vdjdb_lq,A,19,2.760061536118079,0.46512868189429984,0.0006260100478629127,True,0
vdjdb_lq,A,19,2.8054708292471373,0.4822570271179951,0.0007524863540494119,True,1
vdjdb_lq,A,19,2.310391921364083,0.42814932761725644,0.001629169598298812,True,1
vdjdb_lq,A,19,3.0868408827915044,0.4464502612659323,0.00015001083700517956,True,0
vdjdb_lq,A,19,3.3957736174742377,0.46707756126082,0.00010237736849923758,True,1
vdjdb_lq,A,19,2.748009714423195,0.441861694015156,0.0004026081445438507,True,0
vdjdb_lq,A,19,3.2559455451461075,0.4281464020345498,5.787498637320119e-05,True,0
vdjdb_lq,A,19,3.118244075092786,0.4358716483287953,0.0001058924340494318,True,0
vdjdb_lq,A,19,3.3266151364028436,0.4329552143756509,5.3594070402641937e-05,True,0
vdjdb_lq,A,19,2.9048902386524444,0.49463933899390095,0.0007008950429250333,True,0
vdjdb_lq,A,19,2.8147268904414857,0.4450693126190467,0.0003441917909635345,True,0
vdjdb_lq,A,19,2.4985481770234266,0.4768124340897786,0.0018914570225034108,True,1
vdjdb_lq,A,19,3.1884766877212787,0.4344915697028244,8.296343569946475e-05,True,1
vdjdb_lq,A,19,2.158965933916364,0.5138910886741476,0.010977392113895536,True,0
vdjdb_lq,A,19,2.9951903889737483,0.3966747582734032,5.5957091498248526e-05,True,0
vdjdb_lq,A,19,2.0066433934553825,0.44443714870169443,0.008264956988149469,True,0
vdjdb_lq,A,19,2.5779160493897755,0.4885697671299143,0.0017548423362964455,True,0
vdjdb_lq,A,19,2.6353680299643467,0.44719500254599087,0.0006692010405996492,True,0
vdjdb_lq,A,19,2.979507660161736,0.4859030784888262,0.0004780249342241153,True,0
vdjdb_lq,A,19,3.1670407767420805,0.38359448718524314,2.1436059522520128e-05,True,0
vdjdb_lq,A,19,2.577128794030388,0.45322705832662724,0.0009302612516447471,True,0
vdjdb_lq,A,19,2.8092162782482157,0.5076894379944124,0.0011693438865095591,True,1
vdjdb_lq,A,19,3.0328500300861854,0.5209811922639193,0.0007829234300009297,True,0
vdjdb_lq,A,19,2.663897815270365,0.45217400223544724,0.0006693344258134872,True,0
vdjdb_lq,A,19,3.3250239192093773,0.4650645314084993,0.0001177078542386168,True,1
vdjdb_lq,A,19,3.3734661859437813,0.4547927022762773,8.132558483326824e-05,True,2
vdjdb_lq,A,19,2.6908080867515043,0.4673736881416304,0.0008227153558420702,True,0
vdjdb_lq,A,19,3.1828917417048457,0.44044660414943937,9.775193724173232e-05,True,0
vdjdb_lq,A,19,2.9089797560026533,0.4590540492629277,0.0003428753224826274,True,0
vdjdb_lq,A,19,3.0073785576071446,0.476405493122511,0.0003649411405125593,True,1
vdjdb_lq,A,19,3.117898106448635,0.39673031519245083,3.7269439204811224e-05,True,0
vdjdb_lq,A,19,2.191323483271447,0.4887023479726387,0.007061696370281184,True,0
vdjdb_lq,A,19,2.6951207812288858,0.48701197556230535,0.0011632189945359748,True,1
vdjdb_lq,A,19,3.0716247754330914,0.47371578688595023,0.0002866214842293081,True,0
vdjdb_lq,A,19,2.6975544898407993,0.4575100316646123,0.000663244737015059,True,0
vdjdb_lq,A,19,3.021558941058835,0.5153945034842595,0.0007323417675510308,True,0
vdjdb_lq,A,19,2.3457557870483514,0.4570493646433749,0.0023844765300271666,True,0
vdjdb_lq,A,19,2.2954418554003,0.47806842213668893,0.004067621045779847,True,0
vdjdb_lq,A,19,2.944776358661355,0.43355891705155286,0.0001724024588856456,True,0
vdjdb_lq,A,19,2.517839600559252,0.5241975218297746,0.003687577341715661,True,1
vdjdb_lq,A,19,2.4657950051040305,0.4881310557243451,0.0025562375551826475,True,0
vdjdb_lq,A,19,3.073063629586701,0.4264208464913582,9.611696090485041e-05,True,0
vdjdb_lq,A,19,2.4193135766033906,0.4823026560714025,0.0027468232939263076,True,0
vdjdb_lq,A,19,2.344382443011263,0.4895408671236885,0.004027674316569017,True,0
vdjdb_lq,A,19,2.709337950711942,0.43252519143909285,0.00037551506022573996,True,0
vdjdb_lq,A,19,2.8752473489385184,0.45567862461920744,0.00035509957705828977,True,0
vdjdb_lq,A,19,2.914790064871723,0.48694270890958224,0.0005896092785293049,True,0
vdjdb_lq,A,19,2.294493421189045,0.45425509753577226,0.0027876070559697463,True,0
vdjdb_lq,A,19,3.3385211985502274,0.4391138102743933,6.071974075598338e-05,True,0
vdjdb_lq,A,19,2.6699175194012863,0.5011239027426891,0.001603339968950578,True,0
vdjdb_lq,A,19,2.581869230672716,0.45901045605304125,0.0010220696128980663,True,1
vdjdb_lq,A,19,3.079840200096397,0.4461930156094904,0.00015228182349434632,True,0
vdjdb_lq,A,19,2.527114262109726,0.41588921769898846,0.000514974989816698,True,0
vdjdb_lq,A,19,2.8521260436179263,0.4562348192769503,0.0003869879652169586,True,1
vdjdb_lq,A,19,2.9124621695581974,0.5213211330735937,0.001092857161392629,True,0
vdjdb_lq,A,19,2.5712899793903903,0.4582346413267563,0.0010458914700039474,True,0
vdjdb_lq,A,19,2.720196931865622,0.47038576467252,0.0007903135018019875,True,1
vdjdb_lq,A,19,2.7768684495592497,0.47839228979087195,0.0007657316489205247,True,0
vdjdb_lq,A,19,2.6201831947137615,0.5096716237910225,0.0021511708282594233,True,0
vdjdb_lq,A,19,2.331852850450565,0.4157987850973654,0.0011609359999867656,True,1
vdjdb_lq,A,19,2.8263880893885647,0.48650023577770685,0.0007633073276570331,True,0
vdjdb_lq,A,19,3.063805139685763,0.4162441761173497,7.609276328755827e-05,True,1
vdjdb_lq,A,19,3.1077563040453837,0.4472933744154609,0.00014373521551348822,True,0
vdjdb_lq,A,19,2.451757308631965,0.45214090583272937,0.001450390545776404,True,0
vdjdb_lq,A,19,2.7470384771655225,0.4518582125253977,0.0004995686765146634,True,0
vdjdb_lq,A,19,2.5368427456849925,0.4526544560072651,0.0010654379284770498,True,0
vdjdb_lq,A,19,2.8579019240719603,0.48756536236117237,0.0007073257957960588,True,0
vdjdb_lq,A,19,2.7011286909867973,0.429165843919182,0.000358650754970395,True,1
vdjdb_lq,A,19,3.2700917918292016,0.5035740587220565,0.0003066042492659405,True,0
vdjdb_lq,A,19,2.4209468162457415,0.5081378098027769,0.004035310368120849,True,0
vdjdb_lq,A,19,3.0109785636200534,0.4462409512052293,0.00018807488809014853,True,0
vdjdb_lq,A,19,2.8093276276323995,0.4467646387209125,0.00036363499050143065,True,0
vdjdb_lq,A,19,2.533708670075656,0.4479915009746318,0.0009848436494510448,True,0
vdjdb_lq,A,19,3.0466007626332265,0.4542724656704069,0.00020249134437067405,True,1
vdjdb_lq,A,19,2.7482246619625053,0.44731156410317613,0.00045223426993058947,True,1
vdjdb_lq,A,19,2.9351083997564102,0.5017549393324994,0.0007308978659155505,True,0
vdjdb_lq,A,19,2.768267164924258,0.4247527710868904,0.0002547262779254259,True,0
vdjdb_lq,A,19,2.629766431817666,0.5305890501493717,0.002858602017117837,True,1
vdjdb_lq,A,19,2.6764625185367406,0.5011989018632836,0.0015725949604570254,True,0
vdjdb_lq,A,19,3.078014570180272,0.4801916374977932,0.0003217005739856223,True,0
vdjdb_lq,A,19,2.3555372645668955,0.45622730914350584,0.0022624933619417274,True,0
vdjdb_lq,A,19,2.6423706458753546,0.462369231310138,0.0008814845502293731,True,1
vdjdb_lq,A,19,2.7285433459565,0.46369916501559805,0.0006754154099570599,True,0
vdjdb_lq,A,19,2.34227216808771,0.512029170092585,0.0055783276413223955,True,0
vdjdb_lq,A,19,2.951457872642333,0.4313203000960845,0.00015989296232379,True,1
vdjdb_lq,A,19,2.781475666105927,0.45873328599051416,0.0005131009295603461,True,0
vdjdb_lq,A,19,2.2161974583205333,0.4984967022272735,0.007325659863153822,True,1
vdjdb_lq,A,19,2.673025011605753,0.4521214019992828,0.0006476584365412049,True,0
vdjdb_lq,A,19,2.658826452236738,0.46532528390830336,0.0008815152003668599,True,1
vdjdb_lq,A,19,2.436243091257266,0.4555970992677388,0.0016389249726068388,True,1
vdjdb_lq,A,19,3.0784534227728075,0.4686039842159947,0.00025227810349206815,True,0
vdjdb_lq,A,19,3.038036350157453,0.44896549738927627,0.00018426062853028086,True,0
vdjdb_lq,A,19,2.700221298183973,0.47684561379309576,0.0009525365309473441,True,1
vdjdb_lq,A,19,2.0724669106312588,0.47809140632310576,0.009848678071627336,True,0
vdjdb_lq,A,19,2.60396895732621,0.5409237943592476,0.003570472716029057,True,0
vdjdb_lq,A,19,2.955693514109784,0.4345220560134008,0.0001702758863665993,True,0
vdjdb_lq,A,19,2.8656261271054526,0.44339714431743343,0.0002802056637982534,True,0
vdjdb_lq,A,19,2.9659327211748243,0.45163653863817976,0.0002443074100641129,True,0
vdjdb_lq,A,19,3.3889154697760318,0.46248385141152276,9.368735764566865e-05,True,0
vdjdb_lq,A,19,2.8443055318186286,0.4009387580462874,0.0001067692171786179,True,0
vdjdb_lq,A,19,3.0067191534465145,0.4958194485867038,0.0005345735613663745,True,0
vdjdb_lq,A,19,2.982325075392006,0.48184969954559437,0.0004379279241921826,True,0
vdjdb_lq,A,19,2.7749655189126794,0.43146261928441504,0.00029073833280803403,True,1
vdjdb_lq,A,19,2.519647519347612,0.5211367748326504,0.003511008268459279,True,0
vdjdb_lq,A,19,2.785942927320775,0.48704349754276294,0.0008734579915757997,True,0
vdjdb_lq,A,19,2.7798330162013025,0.49008385755033984,0.0009404803320334611,True,0
vdjdb_lq,A,19,2.6538383040609705,0.4088195566064966,0.0002653906050290776,True,1
vdjdb_lq,A,19,2.8167367471403044,0.40489439069033867,0.00013091732796981524,True,0
vdjdb_lq,A,19,3.2887996951453133,0.46598289564483186,0.00013243220630693847,True,0
vdjdb_lq,A,19,2.754020351867997,0.4546923473274243,0.0005174286343441933,True,0
vdjdb_lq,A,19,2.418177889730342,0.42746528178639304,0.0010252353470649271,True,0
vdjdb_lq,A,19,2.440635776103042,0.4755317345407378,0.0022778177801380706,True,0
vdjdb_lq,A,19,3.287625317388817,0.41446188794340083,3.649097965783278e-05,True,0
vdjdb_lq,A,19,2.868731334454382,0.4750283912655174,0.0005384586309471434,True,0
vdjdb_lq,A,19,2.6045011310118484,0.45391497022074495,0.000854622547803574,True,0
vdjdb_lq,A,19,2.8380027497695206,0.3752335255659946,5.2796639562841944e-05,True,0
vdjdb_lq,A,19,2.8194546431922176,0.38599697412264317,7.751523245726727e-05,True,0
vdjdb_lq,A,19,2.8015017188663833,0.5021066226645122,0.0010877525971304009,True,1
vdjdb_lq,A,19,2.7413866098976394,0.4520253854308151,0.0005110011653756896,True,2
vdjdb_lq,A,19,2.3827755756930693,0.44179387259026326,0.0015657312841489044,True,0
vdjdb_lq,A,19,3.3382491917539663,0.4695438660533426,0.00012582631628961844,True,1
vdjdb_lq,A,19,2.6891081234414616,0.5091305779826298,0.001720663714331166,True,1
vdjdb_lq,A,19,2.732228904363783,0.453636319983118,0.0005449518219937288,True,0
vdjdb_lq,A,19,2.5569818199893026,0.46448840240360895,0.0012369076451340215,True,0
vdjdb_lq,A,19,2.4169963449549323,0.46613402160047224,0.002120991211508981,True,0
vdjdb_lq,A,19,2.6731911532303823,0.45304321213342297,0.0006594582484815481,True,0
vdjdb_lq,A,19,2.9408544323451054,0.5050110530725208,0.0007622396304431079,True,0
vdjdb_lq,A,19,2.9903293710928116,0.44375373432559817,0.0001893776949587345,True,0
vdjdb_lq,A,19,2.5647409378923594,0.4718606536769703,0.0013753983403473463,True,0
vdjdb_lq,A,19,2.3455197911972667,0.47705642298545736,0.003314651091336275,True,0
vdjdb_lq,A,19,2.768953674431286,0.452688155949854,0.00047211385545826057,True,0
vdjdb_lq,A,19,3.2709853025058084,0.46149292545847453,0.0001254742402221023,True,1
vdjdb_lq,A,19,2.591736353376405,0.4769568649279565,0.0013717746870097675,True,0
vdjdb_lq,A,19,2.6420381822192356,0.44551367571711287,0.0006312848948414524,True,0
vdjdb_lq,A,19,2.9260624796105588,0.3706481741739623,3.3001039947099595e-05,True,0
vdjdb_lq,A,19,2.9367279187614668,0.4729162221097499,0.00041947414086721186,True,0
vdjdb_lq,A,19,2.8809643225705757,0.5176049710961043,0.001122225250189672,True,0
vdjdb_lq,A,19,2.7179520362352507,0.43660888480073007,0.0003986867908859294,True,0
vdjdb_lq,A,19,2.1613604171713705,0.4698827428177659,0.006110498694349594,True,1
vdjdb_lq,A,19,2.7622979921271154,0.46869133239306005,0.0006664412688884036,True,0
vdjdb_lq,A,19,2.6512602015252633,0.46689822225102223,0.0009319132126370637,True,0
vdjdb_lq,A,19,2.9096947317455815,0.47626926063929687,0.0004868083962369492,True,0
vdjdb_lq,A,19,2.8080954522760684,0.5391156727997631,0.0019341395425218335,True,1
vdjdb_lq,A,19,2.693377850613607,0.4026935687495666,0.0001957970845004161,True,1
vdjdb_lq,A,19,3.04867699610707,0.4832180795334161,0.0003716676246722471,True,0
vdjdb_lq,A,19,2.93214407788924,0.4869542215031743,0.0005602534960641501,True,0
vdjdb_lq,A,19,2.6359100221789267,0.5226833138757685,0.0024987149426106167,True,0
vdjdb_lq,A,19,3.065655819413712,0.4942146278986425,0.00043972437114670946,True,0
vdjdb_lq,A,19,2.4072340633552067,0.4919827024110754,0.00333453195897924,True,2
vdjdb_lq,A,19,3.2902396059437335,0.4375338870863185,6.6771386870732e-05,True,0
vdjdb_lq,A,19,2.6251353417906467,0.4099750331071424,0.0003049334211842459,True,0
vdjdb_lq,A,19,2.7019294274218026,0.5378437760947302,0.00256550138489943,True,0
vdjdb_lq,A,19,2.718626766080946,0.41190501454985884,0.00022400822672609988,True,0
vdjdb_lq,A,19,3.362001583366767,0.4438307104869311,6.411220551562561e-05,True,0
vdjdb_lq,A,19,2.7154952912071733,0.4109821675391642,0.0002215530117604596,True,0
vdjdb_lq,A,19,2.3924611727663505,0.44931027030702214,0.001731346926420467,True,0
vdjdb_lq,A,19,2.619936557693732,0.44911892279482946,0.0007352975362117359,True,0
vdjdb_lq,A,19,2.9171639631698993,0.4032422332073542,8.77540783826925e-05,True,0
vdjdb_lq,A,19,2.607325746681871,0.48621202329452035,0.0015286535637293664,True,0
vdjdb_lq,A,19,3.3844240826325387,0.42079978039447336,3.292218811878947e-05,True,0
vdjdb_lq,A,19,2.752803619901106,0.42395306382958725,0.00026413074439738814,True,0
vdjdb_lq,A,19,2.6272501426427812,0.4743147581071386,0.001159672680657353,True,0
vdjdb_lq,A,19,2.148524827365774,0.460503416050276,0.0056131892194289474,True,2
vdjdb_lq,A,19,3.544626375060129,0.44184765263219805,3.762550935166083e-05,True,0
vdjdb_lq,A,19,2.5181368173546006,0.45120026545872627,0.0011102911592767149,True,0
vdjdb_lq,A,19,2.4968663734802146,0.4201554887960512,0.0006390145918312716,True,0
vdjdb_lq,A,19,2.8036717295344236,0.4586011993199385,0.00047577326786863236,True,1
vdjdb_lq,B,20,2.1358990202059958,0.43291216315673303,0.0029727911177217965,True,3
vdjdb_lq,B,20,2.0484858005278523,0.38292690083300146,0.001753625852592347,True,4
vdjdb_lq,B,20,2.4807610313919133,0.43617514122059037,0.0006902324701015068,True,2
vdjdb_lq,B,20,2.09003764245366,0.40166945562111556,0.0020686609170213455,True,3
vdjdb_lq,B,20,2.1578984727140313,0.48069718150164975,0.005795606227994663,True,10
vdjdb_lq,B,20,2.0598165429809008,0.49478220544635193,0.010547553127397597,True,3
vdjdb_lq,B,20,2.159680231103344,0.44731098569539635,0.0034161341163378785,True,4
vdjdb_lq,B,20,2.2045945465993606,0.4429397787951094,0.002584950301582497,True,7
vdjdb_lq,B,20,2.0085470573579336,0.41930792880292633,0.004403454231893292,True,4
vdjdb_lq,B,20,2.04150914862238,0.397171067412872,0.00245007360170814,True,7
vdjdb_lq,B,20,1.7168824696902536,0.4038717067117723,0.01761076590443837,True,8
vdjdb_lq,B,20,2.604640905850194,0.5313147563232633,0.0023986300303435147,True,1
vdjdb_lq,B,20,1.9408939781077634,0.37398111565512404,0.002719770397865071,True,5
vdjdb_lq,B,20,2.0940901161373033,0.4839294330144998,0.007929329038238639,True,4
vdjdb_lq,B,20,2.4561053521712237,0.45024316949435256,0.0010165667768459255,True,6
vdjdb_lq,B,20,2.269820066353121,0.4356516185473422,0.0016861793006302257,True,7
vdjdb_lq,B,20,1.9632225657827864,0.43226690308327925,0.006872914134773967,True,5
vdjdb_lq,B,20,1.8794705522268935,0.38630254765713345,0.005014325763414981,True,6
vdjdb_lq,B,20,2.2714968830992532,0.4287627592522046,0.0014637967800397627,True,6
vdjdb_lq,B,20,2.093781872857402,0.44379476649578764,0.004367566319463253,True,4
vdjdb_lq,B,20,2.0245504599964934,0.39216438936283415,0.0024321072242133863,True,5
vdjdb_lq,B,20,2.405403124957429,0.5141779307088132,0.0036366283766169796,True,9
vdjdb_lq,B,20,1.9884583467815926,0.38631700872133523,0.0026483282140352,True,4
vdjdb_lq,B,20,2.2861656228878355,0.5199209955719296,0.006042883050858386,True,4
vdjdb_lq,B,20,1.7512094657853061,0.42919315998657187,0.020167273011727556,True,10
vdjdb_lq,B,20,2.0864706877648453,0.4247607241727248,0.0032667993220575208,True,7
vdjdb_lq,B,20,1.5538618989998567,0.3848798676378399,0.03845986629083328,True,3
vdjdb_lq,B,20,2.2681877032279276,0.4320874439582493,0.0015859057934384353,True,4
vdjdb_lq,B,20,2.7935226138842073,0.5064579134358065,0.0008794983828870082,True,7
vdjdb_lq,B,20,1.9750492742761943,0.41685011722820536,0.005029694848122402,True,7
vdjdb_lq,B,20,2.5013674639103143,0.4930966397871744,0.0018601381991388557,True,5
vdjdb_lq,B,20,2.2497097409822815,0.4365072073450569,0.0018755899161031653,True,5
vdjdb_lq,B,20,1.9567401907891138,0.4831082349873145,0.01422838118786696,True,7
vdjdb_lq,B,20,1.6978093189438275,0.3811090160694637,0.014261733029441918,True,5
vdjdb_lq,B,20,2.3287490161407125,0.4921938449554553,0.003473993329189698,True,5
vdjdb_lq,B,20,2.3178540720691263,0.46521582247733584,0.0023437981224777235,True,3
vdjdb_lq,B,20,2.333803349380683,0.4418737919354137,0.001435145975915869,True,6
vdjdb_lq,B,20,2.3110535114246704,0.46002284777787317,0.0022033486523714446,True,5
vdjdb_lq,B,20,2.2054326679360554,0.4529025867413097,0.0030607637100320793,True,7
vdjdb_lq,B,20,2.0854951121146557,0.43235785099575624,0.0037503540429959393,True,10
vdjdb_lq,B,20,1.7275377675456116,0.3510221432631937,0.00696644382690264,True,8
vdjdb_lq,B,20,1.538271248305503,0.4336669721183098,0.06883724102834546,False,5
vdjdb_lq,B,20,2.7131636502701393,0.5248486442668182,0.0015421933443626737,True,5
vdjdb_lq,B,20,2.1464691332202674,0.4704395423378623,0.005231769250577276,True,10
vdjdb_lq,B,20,2.0626007490694795,0.44770742335633495,0.005383468357708058,True,6
vdjdb_lq,B,20,2.1777829688722807,0.49734474102382376,0.006745381607030003,True,7
vdjdb_lq,B,20,2.5444017113432005,0.49631001122534263,0.0016852305695869523,True,4
vdjdb_lq,B,20,2.145918416525375,0.4576979821391575,0.004307821902586362,True,7
vdjdb_lq,B,20,2.300618409508362,0.44087142412863906,0.0016254317236463526,True,5
vdjdb_lq,B,20,1.9887031890948372,0.4728260650126548,0.010841916405445426,True,7
vdjdb_lq,B,20,2.830839954638811,0.538345957568859,0.0013432290662717804,True,2
vdjdb_lq,B,20,2.3246647024381972,0.4638318796284931,0.0022257592471469226,True,7
vdjdb_lq,B,20,1.5738657881070741,0.34114519053106046,0.018269702469079503,True,8
vdjdb_lq,B,20,1.9765933577174346,0.40332479840217234,0.003928318218181789,True,7
vdjdb_lq,B,20,1.7868548012568455,0.3879075335249971,0.009052378507476855,True,8
vdjdb_lq,B,20,2.5523849243325074,0.44878400779061206,0.0006753972033010727,True,7
vdjdb_lq,B,20,3.025748389129202,0.46080110011272146,0.0001681562910291039,True,5
vdjdb_lq,B,20,2.205064505029495,0.4867372209271458,0.00520982914676566,True,5
vdjdb_lq,B,20,1.8688513544207321,0.3890979024146347,0.005620709299841496,True,3
vdjdb_lq,B,20,2.3851060955010244,0.4973674376680989,0.003042736442410988,True,5
vdjdb_lq,B,20,2.995285462892069,0.54812007171543,0.0009911898801205088,True,9
vdjdb_lq,B,20,1.916767242608759,0.3947124080707671,0.0046979120264258566,True,4
vdjdb_lq,B,20,2.093098290385537,0.4281843693030525,0.003360351616816681,True,5
vdjdb_lq,B,20,1.9819927164735351,0.4304807154665174,0.006075061544066142,True,5
vdjdb_lq,B,20,1.9023085160866777,0.5285065266676441,0.028929679281367277,True,8
vdjdb_lq,B,20,1.9853018874681714,0.3675559491628465,0.001808146331977881,True,10
vdjdb_lq,B,20,1.673107263446127,0.373470690129715,0.014923266569309531,True,8
vdjdb_lq,B,20,1.9688976028934984,0.4237003537109198,0.0058231470509663265,True,9
vdjdb_lq,B,20,2.696845842667975,0.5125572062590644,0.0013275673125736076,True,8
vdjdb_lq,B,20,1.7829961583245544,0.45393469893534905,0.02294781045502067,True,9
vdjdb_lq,B,20,2.0830976502450946,0.40309939932991257,0.0022079261415440836,True,4
vdjdb_lq,B,20,1.9571334546113497,0.4608657023094901,0.010704277660678151,True,4
vdjdb_lq,B,20,2.10686932427872,0.4460132328505245,0.004260506891157337,True,3
vdjdb_lq,B,20,1.9178457056349676,0.4094256148972777,0.006039243353344025,True,6
vdjdb_lq,B,20,2.0509585796064056,0.49055125386873494,0.010378236418386689,True,5
vdjdb_lq,B,20,1.8257313911239392,0.36614320409130796,0.0047862133139293305,True,7
vdjdb_lq,B,20,2.7187176512463003,0.4362866751860078,0.0002731496200703781,True,6
vdjdb_lq,B,20,2.2030610124213514,0.3871493983108957,0.000834808163264245,True,3
vdjdb_lq,B,20,1.6008073523568407,0.3180931901439519,0.0097424075050947,True,3
vdjdb_lq,B,20,2.0678398838811725,0.38904090393946783,0.0017948838965881988,True,7
vdjdb_lq,B,20,2.631574887498272,0.4632789815651378,0.0006735253776826742,True,5
vdjdb_lq,B,20,2.374723866281537,0.5254254932576323,0.004745842832476797,True,7
vdjdb_lq,B,20,1.9196208279266465,0.45911238465889215,0.012495448097779775,True,9
vdjdb_lq,B,20,1.8529658027171854,0.4070833279089829,0.008354627630778332,True,5
vdjdb_lq,B,20,1.4803476889506444,0.26049327980844805,0.008691492987611548,True,8
vdjdb_lq,B,20,1.7007289657685063,0.32531448294723275,0.005035456699674563,True,7
vdjdb_lq,B,20,2.668515883459272,0.49113659858213776,0.0010044099251918723,True,8
vdjdb_lq,B,20,2.3575144906265124,0.43634828782725454,0.0011629653286006256,True,7
vdjdb_lq,B,20,2.1891180075890615,0.4294204556807286,0.0021691509517859395,True,9
vdjdb_lq,B,20,2.505423570554782,0.520580002733036,0.002828565915191997,True,2
vdjdb_lq,B,20,2.1392683156152543,0.4710802973601824,0.005448269106356882,True,4
vdjdb_lq,B,20,2.241424653322843,0.5115304967195066,0.006379790152513787,True,5
vdjdb_lq,B,20,3.1085645084127287,0.5108588434242133,0.00037600665934898477,True,1
vdjdb_lq,B,20,2.2056453622432377,0.45668942486186886,0.0032586013833277574,True,3
vdjdb_lq,B,20,2.30950628579757,0.4276620685311247,0.0012059614174756714,True,4
vdjdb_lq,B,20,2.4126293386278963,0.4838360115222115,0.0022103958561271782,True,2
vdjdb_lq,B,20,2.1656453963490745,0.4375395048059057,0.0028067965970223134,True,5
vdjdb_lq,B,20,2.392362267364989,0.5117529981889274,0.003677195114380259,True,4
vdjdb_lq,B,20,2.2191820429549582,0.4646184552030381,0.0035013738378651127,True,6
vdjdb_lq,B,20,1.8046495065982107,0.46475766250776945,0.023296187141765123,True,7
vdjdb_lq,B,20,2.056211543359189,0.383328150355924,0.0016937088303900108,True,4
vdjdb_lq,B,20,1.7659453576165656,0.40784148940964465,0.013940417894947628,True,3
vdjdb_lq,B,20,2.069612917291078,0.4691246426052778,0.007178932097155402,True,6
vdjdb_lq,B,20,1.9812354841947581,0.4072682006278314,0.004114500464715954,True,5
vdjdb_lq,B,20,2.43501676629701,0.560261457233693,0.0060934500150388125,True,7
vdjdb_lq,B,20,2.5192356457558627,0.40350639009442996,0.0002763280938720734,True,1
vdjdb_lq,B,20,2.391081730493569,0.3966973567018748,0.00041555453195474013,True,3
vdjdb_lq,B,20,2.4794503213071923,0.4496407363979647,0.0009150662071086508,True,5
vdjdb_lq,B,20,2.1597693675843077,0.40556913244581316,0.0015638499150203145,True,6
vdjdb_lq,B,20,1.6801115687209998,0.48040704341275825,0.049540954412498804,True,7
vdjdb_lq,B,20,2.709853096986911,0.46900716492409616,0.0005716229687576039,True,3
vdjdb_lq,B,20,2.035711965187625,0.4160745167350988,0.003613980876107769,True,2
vdjdb_lq,B,20,1.7386774005366017,0.3905893020222101,0.012722848710901425,True,6
vdjdb_lq,B,20,2.9654870076667286,0.49791580746426817,0.0004427678755358607,True,4
vdjdb_lq,B,20,2.5432887294993325,0.45794218167920053,0.0008414546396930492,True,4
vdjdb_lq,B,20,2.100088630377711,0.4254452083524375,0.0030923322947837666,True,8
vdjdb_lq,B,20,2.2511752157664775,0.4638220344170797,0.0030187503806467465,True,6
vdjdb_lq,B,20,2.4773066179892718,0.5149083988499429,0.002859639146386753,True,5
vdjdb_lq,B,20,2.4734856088363024,0.4258935527519605,0.0005694034018535197,True,3
vdjdb_lq,B,20,1.9723603385054915,0.4152295158467285,0.004962546285710583,True,8
vdjdb_lq,B,20,2.3038960003983258,0.4865172755353371,0.003504797985189926,True,4
vdjdb_lq,B,20,2.808406265995275,0.49605876905107643,0.000694489377485642,True,5
vdjdb_lq,B,20,2.364485853319681,0.45140269978117303,0.001510475014603231,True,4
vdjdb_lq,B,20,2.6694939692777817,0.4926421699745806,0.001028592127126445,True,5
vdjdb_lq,B,20,1.9046760102516285,0.4796143334442031,0.01724409027284544,True,11
vdjdb_lq,B,20,1.8912079994572149,0.41147523420018084,0.007236400037589553,True,6
vdjdb_lq,B,20,2.6076037671225816,0.4640535884152926,0.0007465550623790748,True,4
vdjdb_lq,B,20,2.032068368611578,0.4399001176231122,0.005506360706363845,True,5
vdjdb_lq,B,20,2.43313642437995,0.4717757255935738,0.0016624517093775182,True,4
vdjdb_lq,B,20,1.5880788986509142,0.3691714881311959,0.0250041767582308,True,5
vdjdb_lq,B,20,2.065137499496442,0.4255557969798922,0.003683313236472748,True,7
vdjdb_lq,B,20,1.6456309519807022,0.27317892068764005,0.002179846576660674,True,4
vdjdb_lq,B,20,2.075279091486069,0.4014449042947562,0.0022261587939144366,True,7
vdjdb_lq,B,20,3.0223405049562495,0.5655571580830717,0.0012144501882793161,True,5
vdjdb_lq,B,20,1.6033825957064445,0.44168042848477884,0.0517036040609866,False,4
vdjdb_lq,B,20,2.52907168519435,0.456505958839118,0.0008636433550832356,True,4
vdjdb_lq,B,20,2.2762014886910817,0.45010797188915375,0.0021424357580075394,True,5
vdjdb_lq,B,20,1.881589961677848,0.47777826190124484,0.018760432750340165,True,9
vdjdb_lq,B,20,2.027382674846713,0.49692937333684517,0.012400171688909731,True,10
vdjdb_lq,B,20,2.093580278833983,0.4500024182398824,0.0048317434851244505,True,9
vdjdb_lq,B,20,2.0462523830237163,0.5078011676219267,0.013054161760430177,True,6
vdjdb_lq,B,20,2.194456393824641,0.4138272599074297,0.0015596021228138862,True,5
vdjdb_lq,B,20,1.7101191734257126,0.34666252471236186,0.007261855376336779,True,5
vdjdb_lq,B,20,1.4827041692024845,0.3090427841782792,0.022899663144015345,True,7
vdjdb_lq,B,20,2.4614334344673026,0.453375496271956,0.0010580082037721177,True,5
vdjdb_lq,B,20,2.496346905210325,0.5105931676944168,0.0025072300910376206,True,9
vdjdb_lq,B,20,2.193075039044677,0.44222870512313694,0.002689137246435239,True,7
vdjdb_lq,B,20,2.0435822774550676,0.4320101239905497,0.004577143631907184,True,2
vdjdb_lq,B,20,1.830799481077774,0.3564826948350232,0.003809084098686082,True,8
vdjdb_lq,B,20,2.2995551708535276,0.4399546819706902,0.0016047957425298352,True,5
vdjdb_lq,B,20,2.5156845222299373,0.5153106763250499,0.0025230492466460806,True,6
vdjdb_lq,B,20,1.9111082254759457,0.46238773837491226,0.013573545770617082,True,9
vdjdb_lq,B,20,1.7468462892196206,0.3679010899561335,0.008316683853528788,True,9
vdjdb_lq,B,20,2.3885660426451363,0.5059633238325266,0.003422821004386408,True,4
vdjdb_lq,B,20,2.121400557900842,0.45916594047885545,0.0049169522829959405,True,4
vdjdb_lq,B,20,2.361043683359032,0.4852403649704047,0.002752800274146523,True,4
vdjdb_lq,B,20,2.482563252572306,0.49554745021903873,0.0020720610493344758,True,5
vdjdb_lq,B,20,2.3210848294235955,0.41551311417122583,0.0008870006814171141,True,4
vdjdb_lq,B,20,2.388159478227982,0.46787286756052704,0.0018498836840354865,True,3
vdjdb_lq,B,20,1.595003828230176,0.3374880120341925,0.014597433742819733,True,8
vdjdb_lq,B,20,2.1581357832041537,0.45861223117033423,0.004140914984709398,True,5
vdjdb_lq,B,20,2.396091905231707,0.46341069034717913,0.0016557364529592633,True,1
vdjdb_lq,B,20,1.806265219412418,0.3988734922180739,0.00961150112477504,True,11
vdjdb_lq,B,20,2.4516076750305467,0.4751970031986176,0.0016452879158167682,True,7
vdjdb_lq,B,20,1.3599644540602762,0.35838414614868064,0.11206713045104165,False,6
vdjdb_lq,B,20,1.8932026648016733,0.4266298433873096,0.00906419412681203,True,8
vdjdb_lq,B,20,2.141484832822072,0.503327373238053,0.00843396296633087,True,4
vdjdb_lq,B,20,2.0897241799171065,0.44534932165493146,0.004565522622457571,True,6
vdjdb_lq,B,20,1.9665614319280544,0.3584748992045402,0.001649176066733129,True,5
vdjdb_lq,B,20,2.1600587442582913,0.44588558818833307,0.0033289632290523902,True,4
vdjdb_lq,B,20,2.100162780009913,0.4640018482602691,0.005817651418534194,True,8
vdjdb_lq,B,20,2.902263543825192,0.4081140504550885,6.790586261369725e-05,True,2
vdjdb_lq,B,20,1.480195682142039,0.42070939361787096,0.08606398307639346,False,5
vdjdb_lq,B,20,1.6556854251497064,0.34528501384972504,0.010555980935613224,True,6
vdjdb_lq,B,20,1.8590409629901876,0.36847280618842143,0.004043436058600246,True,5
vdjdb_lq,B,20,1.88376120199037,0.41841785345751065,0.008413864170729313,True,4
vdjdb_lq,B,20,2.7580178647470444,0.5129641970623804,0.0011011176543260775,True,6
vdjdb_lq,B,20,3.1144695460224225,0.48044271026894414,0.00019876570708258655,True,4
vdjdb_lq,B,20,2.327631648061175,0.4566516783765922,0.0019377212260976097,True,5
vdjdb_lq,B,20,1.762579120637762,0.4570872624624531,0.026345204842396205,True,6
vdjdb_lq,B,20,2.0378497961190822,0.508691364484464,0.013646242685706092,True,6
vdjdb_lq,B,20,1.8843861006815243,0.506113440611104,0.02510337807527414,True,7
vdjdb_lq,B,20,1.6158380155842897,0.41708765018763755,0.03765993093392449,True,8
vdjdb_lq,B,20,2.180041544313949,0.38055538796654925,0.0008065946767757728,True,3
vdjdb_lq,B,20,3.468277935671992,0.4842458356022728,8.164248467446526e-05,True,6
vdjdb_lq,B,20,1.9235936589531135,0.43834157798102924,0.009206201918602573,True,4
vdjdb_lq,B,20,1.7110632030605328,0.40444647555020463,0.0183775594349866,True,9
vdjdb_lq,B,20,1.5830611679825268,0.31474333613482586,0.010592350552647574,True,8
vdjdb_lq,B,20,2.1682261591170735,0.5046205384627963,0.007717214015173192,True,8
vdjdb_lq,B,20,2.9233531653838263,0.4534342657882675,0.00019773369827895315,True,3
vdjdb_lq,B,20,2.6957365086802203,0.48855679098761307,0.0008740933286903593,True,8
vdjdb_lq,B,20,1.813188711704081,0.44439068262482845,0.017553462107389724,True,5
vdjdb_lq,B,20,1.7372944517141617,0.4547315517197241,0.029179252863432485,True,5
vdjdb_lq,B,20,2.2344847351646,0.47178773517184125,0.003682314757930534,True,4
vdjdb_lq,B,20,2.6652452153930852,0.42735173461591397,0.0002714108701873255,True,4
vdjdb_lq,B,20,3.0670747388215935,0.4315031007069138,7.199385862164806e-05,True,2
vdjdb_lq,B,20,1.843480373276311,0.38489318632632696,0.006075169971651601,True,6
vdjdb_lq,B,20,1.8091256735730339,0.39607715402354926,0.009036598052789786,True,5
vdjdb_lq,B,20,1.9943888608061564,0.32864025301323013,0.0006385134801319581,True,4
vdjdb_lq,B,20,2.155415579481373,0.5032062401162288,0.00796846716375708,True,1
immrep22_true,A,6,3.79292476069603,0.4974624175105221,0.0357879899331157,True,0
immrep22_true,A,6,3.573167611815993,0.5448461966877086,0.055405712873441045,False,0
immrep22_true,A,6,3.1759833295487914,0.35922256615648485,0.018792604947916215,True,0
immrep22_true,A,6,3.5174974228602425,0.4755719973672209,0.037396286997570145,True,0
immrep22_true,A,6,4.10735429765263,0.5506358876279903,0.041309000402396136,True,0
immrep22_true,A,6,4.647597302509011,0.5107202960838296,0.023991796398881802,True,1
immrep22_true,A,6,4.208619714145879,0.5461962674876896,0.03803680693228555,True,0
immrep22_true,A,6,4.485916504205224,0.5364722600583282,0.030931514775021755,True,1
immrep22_true,A,6,2.244113910207975,0.5661619204761963,0.1892786353398238,False,0
immrep22_true,A,6,2.3604892712803656,0.4796839978604996,0.11516341313222425,False,0
immrep22_true,A,6,2.5637955712974354,0.5489245945594776,0.12765503393794778,False,0
immrep22_true,A,6,3.6558918782692733,0.4766875961311821,0.03406833597590004,True,0
immrep22_true,A,6,3.6849694958380557,0.5052572517217724,0.0404986170516562,True,0
immrep22_true,A,6,3.1694814354375955,0.42276461412315636,0.03368401858372537,True,0
immrep22_true,A,6,4.2324728907037015,0.5641680664550383,0.041748581598230944,True,0
immrep22_true,A,6,2.8507492702245574,0.5651522769653021,0.10566841894508443,False,0
immrep22_true,A,6,3.2602055817191755,0.5877314792866275,0.08541972363619924,False,0
immrep22_true,A,6,4.182127298595538,0.4899612232101466,0.026653630356893387,True,0
immrep22_true,A,6,2.90217136584945,0.6786551741841831,0.15576291162510125,False,0
immrep22_true,A,6,3.02279751171035,0.5248588822982543,0.07502188909576803,False,0
immrep22_true,A,6,3.605329683293173,0.5291219796457298,0.04953456245266613,True,1
immrep22_true,A,6,4.5862390544693765,0.48074200665711353,0.019883809110765083,True,0
immrep22_true,A,6,3.573284620180218,0.5191171088392924,0.047687788138535366,True,0
immrep22_true,A,6,3.5852087164870143,0.5863039839610756,0.06833592236108164,False,1
immrep22_true,A,6,3.8007084431714198,0.6377396650859961,0.07643365668067142,False,0
immrep22_true,A,6,3.91989186271564,0.4575800849277689,0.024651840867436443,True,0
immrep22_true,A,6,3.4109192961299932,0.6121651400506917,0.08616296477519787,False,0
immrep22_true,A,6,4.139427960452165,0.48116003104084426,0.025645538310508437,True,1
immrep22_true,A,6,3.447969275104875,0.46222267818024915,0.0358763443111978,True,2
immrep22_true,A,6,3.6431633326893285,0.3804439262932514,0.015298408516721124,True,1
immrep22_true,A,6,3.310050821742588,0.5247783666327469,0.05964371783722252,False,0
immrep22_true,A,6,2.814305124906836,0.6511587248812889,0.1517397891759302,False,0
immrep22_true,A,6,4.078246621471335,0.6425460474159874,0.06744397275310171,False,1
immrep22_true,A,6,3.0391506887296886,0.4125433275348484,0.03514402001466108,True,0
immrep22_true,A,6,3.0537320177289446,0.7132916653033731,0.15680634701669724,False,1
immrep22_true,A,6,4.679201864694709,0.4983786652876097,0.021621801346575438,True,0
immrep22_true,A,6,4.4834617413544136,0.5011859332548955,0.024409717511163945,True,0
immrep22_true,A,6,4.2374164316931555,0.5622759305799,0.041187349820464986,True,0
immrep22_true,A,6,5.137234424863938,0.6762817441869623,0.049777432764174505,True,0
immrep22_true,A,6,3.212643705979555,0.5733633706140838,0.08262267783551429,False,0
immrep22_true,A,6,4.090458186257888,0.5911772097443933,0.05222214068249444,False,0
immrep22_true,A,6,4.519839641884128,0.4663062624723109,0.0184087921996009,True,0
immrep22_true,A,6,5.1061536971362145,0.6014962591626316,0.03444342210014033,True,0
immrep22_true,A,6,2.6303084955947713,0.45121854550338536,0.0715333655177575,False,0
immrep22_true,A,6,3.2949652495884796,0.39475647418832416,0.02364159924011818,True,0
immrep22_true,A,6,4.283638676936583,0.558389143666598,0.03929181917155821,True,0
immrep22_true,A,6,3.313305738253001,0.5337798326508217,0.06258454233062755,False,0
immrep22_true,A,6,3.266841982299421,0.447645786492426,0.03740354207015634,True,0
immrep22_true,A,6,4.72490151280515,0.5133585094349568,0.023521550178538797,True,0
immrep22_true,A,6,3.1348605343975176,0.5872488266457113,0.09326459740223919,False,0
immrep22_true,A,6,4.677923710988263,0.5228774847426635,0.025696637512719497,True,0
immrep22_true,A,6,4.591363392414037,0.5393189043891901,0.029878113182675838,True,0
immrep22_true,A,6,3.2402460321218918,0.43737012146997173,0.035427618600339904,True,0
immrep22_true,A,6,3.5611136001774604,0.496693576920803,0.041765199556449244,True,0
immrep22_true,A,6,4.13077174470756,0.47535666309049796,0.02469333441547282,True,0
immrep22_true,A,6,4.113822585414197,0.5498476728162963,0.04096840641696797,True,0
immrep22_true,A,6,3.4290613884832095,0.6153435778619228,0.08636422899636682,False,0
immrep22_true,A,6,2.9691289137433228,0.6087750346329376,0.11561264408728472,False,1
immrep22_true,A,6,3.318752917249838,0.5302984637495485,0.0611335451107797,False,0
immrep22_true,A,6,3.396520158721423,0.6473671797690579,0.10073469800738251,False,0
immrep22_true,A,6,4.630073269389656,0.513100902971818,0.024608548048168203,True,0
immrep22_true,A,6,2.684513450407629,0.7096624203776452,0.19887415206727732,False,0
immrep22_true,A,6,2.846634826654584,0.5714879631795928,0.10904102170347969,False,0
immrep22_true,A,6,4.794136885341524,0.607137106736889,0.040486768709986076,True,0
immrep22_true,A,6,3.547815349799045,0.5213554875104914,0.0491997730568855,True,0
immrep22_true,A,6,2.571805217371934,0.6162521677981808,0.16389894000395672,False,0
immrep22_true,A,6,3.7940048001463444,0.4753774754301802,0.03066072682297108,True,0
immrep22_true,A,6,3.9842375546537903,0.504721895362827,0.033261582035857044,True,0
immrep22_true,A,6,3.14409138918911,0.4661100029712839,0.04741577583298791,True,1
immrep22_true,A,6,3.2506133679773592,0.5008825592064016,0.054244869838557974,False,1
immrep22_true,A,6,3.476421813242861,0.44221148550394407,0.03018824325396432,True,0
immrep22_true,A,6,3.9692761089644155,0.670642870525828,0.08042413736067419,False,0
immrep22_true,A,6,3.9362384338833873,0.6536131579261402,0.07615208559509935,False,0
immrep22_true,A,6,5.38863944862827,0.5926315001087121,0.02930264828388385,True,0
immrep22_true,A,6,4.815713009543218,0.5123823735241059,0.0223583333247813,True,0
immrep22_true,A,6,2.7802207953665454,0.6739637074999149,0.16745061548133847,False,0
immrep22_true,A,6,4.640644138567699,0.5314083909211963,0.027703442218872054,True,0
immrep22_true,A,6,2.8291460666385113,0.4649456166371619,0.0632062629936059,False,1
immrep22_true,A,6,3.9694993386413993,0.41167940320870927,0.016172101341349245,True,0
immrep22_true,A,6,3.2307568456383886,0.5957549833508891,0.09043462074956392,False,0
immrep22_true,A,6,4.132503230995797,0.5987371847748126,0.053110728355057514,False,1
immrep22_true,A,6,3.524803938856946,0.6181182008986066,0.08233031900973581,False,0
immrep22_true,A,6,5.547601744046181,0.5386973074031813,0.019599543864620726,True,0
immrep22_true,A,6,3.5764526259925904,0.618818636426569,0.08002112420726129,False,0
immrep22_true,A,6,4.722193447230146,0.47452340269122134,0.017660072763341673,True,0
immrep22_true,A,6,4.212464937521683,0.49484326342219037,0.027114045822097702,True,0
immrep22_true,A,6,4.529387376563855,0.5584309373261191,0.034683646335265036,True,0
immrep22_true,A,6,2.2289275924910354,0.4266662203596199,0.10214563275401484,False,0
immrep22_true,A,6,3.0289496859506984,0.5650247206553194,0.09130565787217554,False,0
immrep22_true,A,6,4.412430245732113,0.44458616783961175,0.016354251792413274,True,1
immrep22_true,A,6,4.382666201501262,0.6602587949872633,0.06310387356779021,False,1
immrep22_true,A,6,3.7213593753759637,0.47464084365101256,0.03206178491016822,True,0
immrep22_true,A,6,3.94675955792582,0.46021152088810374,0.024717433457459193,True,0
immrep22_true,A,6,3.1086982147511097,0.5556785484405896,0.0820043796026504,False,1
immrep22_true,A,6,3.9520171798829353,0.5991145055268462,0.05864621454319796,False,0
immrep22_true,A,6,3.123337995680751,0.5522384064249333,0.07970248415428627,False,0
immrep22_true,A,6,3.641938065953042,0.5341565912929933,0.04978636933298599,True,0
immrep22_true,A,6,2.7593563367109284,0.47828414698828176,0.07357650817613878,False,0
immrep22_true,A,6,3.227750262089306,0.5243459445062999,0.06337397657234063,False,0
immrep22_true,A,6,4.3085289323572695,0.49619480621206546,0.025916580884767237,True,0
immrep22_true,A,6,3.696438937927712,0.6550773459040787,0.0871650439008111,False,1
immrep22_true,A,6,4.0021052098776915,0.49012731564813966,0.02975447492464561,True,0
immrep22_true,A,6,4.017940929836579,0.4583585354486606,0.023262098771972467,True,1
immrep22_true,A,6,3.68095903533591,0.5482767801730538,0.05262638703009961,False,0
immrep22_true,A,6,2.760025417766417,0.47936434886435614,0.07399724369687073,False,1
immrep22_true,A,6,2.595220940726364,0.4082917923085833,0.05551483067183258,False,0
immrep22_true,A,6,4.49736142519545,0.41450977648623766,0.01189727887577452,True,0
immrep22_true,A,6,2.8663591419189904,0.41785267474285204,0.043772241737566636,True,0
immrep22_true,A,6,2.7039038398255113,0.5004323385959152,0.08811905545764222,False,0
immrep22_true,A,6,2.6868956984004297,0.48608715336916497,0.08286394459088241,False,1
immrep22_true,A,6,3.309152456317312,0.6080957395319683,0.09049821933911407,False,0
immrep22_true,A,6,2.4780968611059646,0.5841840937992818,0.15933282994188191,False,1
immrep22_true,A,6,3.498243797848451,0.39383505735522284,0.0196202829141559,True,0
immrep22_true,A,6,3.7497446282702915,0.4881327545082117,0.03457246137334247,True,0
immrep22_true,A,6,4.284415765299697,0.6187893896116103,0.05439985812016668,False,0
immrep22_true,A,6,2.8858707791622575,0.511236265932875,0.07856511517008756,False,0
immrep22_true,A,6,4.602938576570912,0.4517672574419849,0.015625609163335445,True,0
immrep22_true,A,6,5.336278882984768,0.4891335837541617,0.01487424081325461,True,0
immrep22_true,A,6,4.1784264997099205,0.5647643184164673,0.04312037486713539,True,0
immrep22_true,A,6,2.919164534066197,0.5464784175631002,0.0914282229902512,False,0
immrep22_true,A,6,4.051279814709582,0.45131420376645015,0.021530396935629983,True,1
immrep22_true,A,6,4.499233405857897,0.5810912634104602,0.04015772326653828,True,0
immrep22_true,A,6,4.323073817395914,0.4835498846039049,0.02344743346464266,True,0
immrep22_true,A,6,3.5928312681089944,0.5511134693870492,0.05662011145586551,False,0
immrep22_true,A,6,4.341946925514483,0.5496976651694518,0.03617992939149343,True,0
immrep22_true,A,6,3.4937804388572635,0.4093230772317779,0.02266533565486671,True,0
immrep22_true,A,6,5.888269193813478,0.44077077138395804,0.007870679522028945,True,1
immrep22_true,A,6,3.1719219214917,0.6132528498552658,0.10162610868633908,False,0
immrep22_true,A,6,3.235961688789682,0.5392324473283987,0.06833273641302552,False,1
immrep22_true,A,6,3.6878729306725595,0.49395130769418866,0.03752059034304853,True,0
immrep22_true,A,6,4.016264475525304,0.47186259280958665,0.025825794056968505,True,1
immrep22_true,A,6,5.123221047469443,0.5173590968071669,0.020120987942148203,True,0
immrep22_true,A,6,4.34169373838635,0.6028648351279292,0.048785910342917634,True,0
immrep22_true,A,6,3.3983617420133654,0.6379103374062584,0.09686831438338578,False,0
immrep22_true,A,6,3.672829004632884,0.528449906688932,0.04715967101524306,True,0
immrep22_true,A,6,2.916437161753321,0.6447922275073683,0.13766923702389233,False,0
immrep22_true,A,6,3.208480667278446,0.4288015375784858,0.03409964570082741,True,0
immrep22_true,A,6,4.283140268866216,0.5394134318215135,0.03504178439091586,True,0
immrep22_true,A,6,3.5523477110865382,0.6105838650656976,0.07825083553805949,False,0
immrep22_true,A,6,4.469464516484659,0.534067760575355,0.030715520902458063,True,0
immrep22_true,A,6,4.628738952308329,0.4286279282429602,0.01259063807802026,True,0
immrep22_true,A,6,3.818404176703774,0.5642642197460604,0.05278883495432211,False,0
immrep22_true,A,6,3.6480088010606577,0.7030904892040666,0.10754355585258991,False,0
immrep22_true,A,6,4.2937962192748,0.47490152980071737,0.022343328839067353,True,0
immrep22_true,A,6,3.2667946203067193,0.42001581485980066,0.030157881216210897,True,0
immrep22_true,A,6,3.9779685056464533,0.4541816579441323,0.023100506401941338,True,0
immrep22_true,A,6,2.912201820163777,0.48039229832509983,0.06418822087976267,False,1
immrep22_true,A,6,3.657519439712596,0.4785471636650356,0.03447822015391211,True,0
immrep22_true,A,6,3.704283585810986,0.49087483017414213,0.03633753525175782,True,0
immrep22_true,A,6,3.89135990392877,0.6314214641095653,0.07072039241889735,False,0
immrep22_true,A,6,3.3914560211753413,0.49020081202434923,0.04541046994531363,True,0
immrep22_true,A,6,3.525411932976998,0.5634873233481718,0.06326430588963468,False,0
immrep22_true,A,6,4.147941084742226,0.6509564997191356,0.06764386654972684,False,0
immrep22_true,A,6,5.404708411932534,0.5146538876993618,0.01751502125430611,True,0
immrep22_true,A,6,4.034814796161309,0.5410912735139448,0.04066958779402778,True,1
immrep22_true,A,6,3.95962166254982,0.5523853437758312,0.04541404191591087,True,0
immrep22_true,A,6,3.1151466320446617,0.49633442103600456,0.058987246472451814,False,1
immrep22_true,A,6,2.8543029097110533,0.36497937012318094,0.028198202682990697,True,0
immrep22_true,A,6,2.9636850347970034,0.561295456755131,0.09454478594942463,False,0
immrep22_true,A,6,3.5213712671729507,0.5382380515747076,0.05529275011037335,False,0
immrep22_true,A,6,3.1457278229825643,0.500103681317731,0.05881134819711787,False,0
immrep22_true,A,6,2.212461415066614,0.4594882730943096,0.12538914411051189,False,0
immrep22_true,A,6,2.900728837526473,0.6858528539111329,0.15948086205199746,False,0
immrep22_true,A,6,2.9405335169372036,0.4660636997458989,0.05709478444541627,False,1
immrep22_true,A,6,4.664007754844458,0.5211887630197779,0.025578498709479657,True,0
immrep22_true,A,6,3.4104345510508853,0.476223151071822,0.04076553901192333,True,0
immrep22_true,A,6,2.8133187539590114,0.4450536970918437,0.05636299069163589,False,0
immrep22_true,A,6,3.808208338641366,0.5034117303784681,0.036862428465063594,True,0
immrep22_true,A,6,3.7285450153135495,0.4158044110728645,0.019956644049003866,True,0
immrep22_true,A,6,3.1788836046434676,0.5284300913500227,0.06735799247853477,False,0
immrep22_true,A,6,2.919107513797399,0.4957703765529296,0.06988615951217347,False,0
immrep22_true,A,6,4.2692643177629845,0.49529683578917955,0.026329196603597897,True,0
immrep22_true,A,6,3.997107040769115,0.4104301085135389,0.015686828820971097,True,0
immrep22_true,A,6,4.859231909699448,0.4786916799544904,0.01704230178489927,True,0
immrep22_true,A,6,3.4243525772990666,0.47571055595170897,0.0401856156209859,True,0
immrep22_true,A,6,4.509653670739471,0.5443554263631829,0.03212569980034497,True,0
immrep22_true,A,6,3.7871134183986306,0.4312189650629808,0.02183331274120989,True,0
immrep22_true,A,6,4.112567581312218,0.5886822634462996,0.0509363124237844,False,0
immrep22_true,A,6,3.923061662938649,0.4579305653050851,0.024667128497337293,True,0
immrep22_true,A,6,3.25651790059235,0.5665380661309959,0.0774249930640041,False,0
immrep22_true,A,6,4.1826797879453546,0.5815151868131059,0.04722724638198686,True,0
immrep22_true,A,6,4.495040935797271,0.6533802993426983,0.0581459054265415,False,0
immrep22_true,A,6,3.5807776561253175,0.46618963660107915,0.033370555705340234,True,0
immrep22_true,A,6,4.155741575404768,0.5227063412310581,0.03382649904364262,True,0
immrep22_true,A,6,2.6985477442887023,0.6709599003869892,0.1763152247256363,False,0
immrep22_true,A,6,3.1364755647644142,0.47649539198249996,0.0511397892381937,False,2
immrep22_true,A,6,3.481312679545078,0.5398110581119393,0.05735134645425507,False,0
immrep22_true,A,6,3.172804566876311,0.5643177203602372,0.08146415120192148,False,0
immrep22_true,A,6,5.5036850415882865,0.5063496593209105,0.01582551972544805,True,0
immrep22_true,A,6,3.639163426572881,0.4738591547624934,0.03379269618806091,True,0
immrep22_true,A,6,3.2804343596260668,0.4297087127521274,0.03221972719132219,True,0
immrep22_true,A,6,3.338350505215137,0.6385586578824598,0.10087123886984163,False,0
immrep22_true,A,6,3.9102790481399903,0.5611043723015042,0.0491173709860306,True,0
immrep22_true,A,6,2.758205609301848,0.5327671746954745,0.09863071297846886,False,0
immrep22_true,A,6,2.9644597964993222,0.6165598104245774,0.11964850287005131,False,0
immrep22_true,A,6,3.9863647165137164,0.5925897604841551,0.05566986808679065,False,0
immrep22_true,A,6,3.132449987630363,0.6502335074405721,0.12071690454541846,False,0
immrep22_true,A,6,2.1613303294586137,0.4702002568906887,0.1416647987338409,False,0
immrep22_true,A,6,3.4353712353923305,0.43886146519162766,0.030394201318765572,True,0
immrep22_true,A,6,3.2667546959693508,0.5210592910039081,0.060351388503070764,False,1
immrep22_true,B,6,1.2826162639792675,0.521104576864077,0.6329881197628424,False,2
immrep22_true,B,6,1.9387970351104324,0.5427212503187346,0.2510199666944909,False,1
immrep22_true,B,6,2.0062851911896002,0.4927275547370341,0.1930883772728755,False,1
immrep22_true,B,6,2.075786657831069,0.5061742704921849,0.18539427620153337,False,1
immrep22_true,B,6,2.5188039596352128,0.7206819384308208,0.23087737661157953,False,3
immrep22_true,B,6,1.8751928758648448,0.4830394755592431,0.22477510031983483,False,1
immrep22_true,B,6,2.641276388222974,0.5899791166054393,0.14028768751604614,False,2
immrep22_true,B,6,2.031670975138823,0.5511261640459767,0.22951086794747666,False,3
immrep22_true,B,6,2.013841514632559,0.45507965697490815,0.16267610353336587,False,2
immrep22_true,B,6,1.4743523843885837,0.387086257270813,0.3347944676121223,False,2
immrep22_true,B,6,1.7997795261147127,0.5361264058070406,0.29617995899612964,False,3
immrep22_true,B,6,1.587342900068586,0.46383599251546903,0.3377526298279144,False,2
immrep22_true,B,6,2.3518691521385917,0.5487941080868304,0.15826323511728368,False,2
immrep22_true,B,6,2.1480383754878627,0.4887667302924198,0.1569859858463617,False,2
immrep22_true,B,6,2.1289906403520225,0.5334611291717903,0.19219931872032955,False,1
immrep22_true,B,6,1.7195456259138275,0.5205404846399412,0.31838118233161666,False,2
immrep22_true,B,6,2.1208350820550415,0.5129171394900552,0.17967627340421974,False,4
immrep22_true,B,6,1.637448666133052,0.4438373638940363,0.2903629673984688,False,3
immrep22_true,B,6,1.6978320642083704,0.4870665641307048,0.29985511876182086,False,2
immrep22_true,B,6,2.5983317202817426,0.61141246807773,0.1575272321579931,False,2
immrep22_true,B,6,2.9032682242801635,0.5809482414428974,0.10843372314661044,False,2
immrep22_true,B,6,1.6289935939379279,0.5447451663939307,0.3843953958663684,False,1
immrep22_true,B,6,1.7146959834156068,0.36965923361002107,0.18141025356479118,False,2
immrep22_true,B,6,2.6853766684651603,0.5596726183474421,0.11924297591282523,False,3
immrep22_true,B,6,2.804312050002361,0.5610836461864138,0.10796998446284019,False,3
immrep22_true,B,6,2.481223901305806,0.5194171651575684,0.12178554114769488,False,2
immrep22_true,B,6,2.1669663861709765,0.5710105308530183,0.20922019039664871,False,3
immrep22_true,B,6,2.4662120743304703,0.4852354703734023,0.10471368355008212,False,3
immrep22_true,B,6,2.499591828363923,0.5586445411101734,0.14151504752223507,False,2
immrep22_true,B,6,2.6211571074932882,0.6182213207271531,0.15818814619984298,False,1
immrep22_true,B,6,3.377700013660801,0.6369271496676421,0.09774081799730178,False,3
immrep22_true,B,6,2.077170510286763,0.49455666371662554,0.17666274975946744,False,1
immrep22_true,B,6,1.9455009736821605,0.5428945106271794,0.24900954591737626,False,3
immrep22_true,B,6,2.3048887815091024,0.47320467032319696,0.11930249776698167,False,3
immrep22_true,B,6,1.929818375048544,0.4848663010856024,0.20877152442493685,False,1
immrep22_true,B,6,1.942007656009966,0.43583985450625934,0.16615433340862085,False,2
immrep22_true,B,6,1.521336141940198,0.47932585683090145,0.39448216923345486,False,2
immrep22_true,B,6,1.3435723734586489,0.40801405295061766,0.47608123651148687,False,2
immrep22_true,B,6,2.216070981075187,0.49895043076182855,0.15054125516292588,False,2
immrep22_true,B,6,3.255551522877054,0.6862007760397715,0.1267863910968056,False,2
immrep22_true,B,6,1.8859727740585392,0.4806904905893626,0.21926218591694266,False,4
immrep22_true,B,6,2.1111716260160573,0.5206332039241526,0.18733297273715813,False,1
immrep22_true,B,6,1.8623352554849653,0.5410973807454635,0.2759885197976259,False,2
immrep22_true,B,6,2.038017756950699,0.581767559309704,0.2496998775843497,False,3
immrep22_true,B,6,2.282883701782576,0.531038457047646,0.15912446577571054,False,2
immrep22_true,B,6,2.2644354485764637,0.5277044989025589,0.16034135856254714,False,2
immrep22_true,B,6,2.665764435869287,0.5631341968831879,0.12319728842048731,False,2
immrep22_true,B,6,1.3964197230936481,0.3201187795758061,0.31765203656262514,False,2
immrep22_true,B,6,1.841524217330352,0.4575150387105967,0.21491507985132363,False,4
immrep22_true,B,6,1.8202811699151547,0.5160792719852529,0.2717965842418896,False,2
immrep22_true,B,6,1.8248289024574347,0.5630480756999566,0.30729468650688274,False,2
immrep22_true,B,6,3.1489621168575326,0.6355438540668692,0.11292597791677969,False,3
immrep22_true,B,6,1.8813974550814327,0.5890483069194844,0.3054048472074343,False,3
immrep22_true,B,6,1.9670661383864623,0.4872593881504848,0.19970102740371762,False,2
immrep22_true,B,6,2.4831759172764722,0.501874209830258,0.11178976253208601,False,2
immrep22_true,B,6,1.9309920921984522,0.4404361421772736,0.17284560414279312,False,1
immrep22_true,B,6,1.6667468143045716,0.3837699358362795,0.21590812549400576,False,4
immrep22_true,B,6,1.9151519083907347,0.3749476196202428,0.12456937339399672,False,2
immrep22_true,B,6,1.9175142650065327,0.5238123761096968,0.24336624482418617,False,2
immrep22_true,B,6,1.701522789295952,0.4414552054076245,0.2564407035009854,False,3
immrep22_true,B,6,2.3654071319153003,0.4928518931289974,0.12223374233183171,False,3
immrep22_true,B,6,1.9217859424512878,0.5145031896423986,0.23470371647028526,False,3
immrep22_true,B,6,2.5105473045221514,0.5249650340310007,0.12113951144310195,False,2
immrep22_true,B,6,1.9285135688385642,0.5353772980841539,0.24873066181238832,False,1
immrep22_true,B,6,2.4574435371553247,0.5097767822319134,0.1194455761467719,False,2
immrep22_true,B,6,1.7909064678485738,0.5290692288764466,0.2941141621478719,False,3
immrep22_true,B,6,2.003305344919802,0.47314356736759494,0.17900844154559203,False,1
immrep22_true,B,6,1.8361625091313785,0.5550695740674743,0.2967110825599073,False,2
immrep22_true,B,6,1.7165224259582648,0.43873826247364206,0.247132124274365,False,1
immrep22_true,B,6,2.3677156721166277,0.5069713226699578,0.13030432866974154,False,2
immrep22_true,B,6,1.536405012595334,0.5122141993821974,0.41330546462652684,False,1
immrep22_true,B,6,1.4913465887947095,0.3837549388025883,0.31831608471486006,False,3
immrep22_true,B,6,1.8001482670738544,0.4931106870798754,0.26056012481669266,False,3
immrep22_true,B,6,1.5219079146881154,0.4366687927534563,0.35318260537472834,False,3
immrep22_true,B,6,1.8031169841843748,0.5203582940451594,0.28205412731737567,False,3
immrep22_true,B,6,1.9263876680111387,0.46788709421064123,0.19623448308076843,False,2
immrep22_true,B,6,2.3481186478534073,0.5547339308092608,0.1625662722586936,False,3
immrep22_true,B,6,1.7881293624859307,0.5237129493464443,0.2908918009622773,False,3
immrep22_true,B,6,2.3725669063719255,0.563053527379124,0.1635366754088484,False,1
immrep22_true,B,6,2.507846133182874,0.5533864895728574,0.13739806441405658,False,1
immrep22_true,B,6,1.6496448507323342,0.45864631891868474,0.29804716307712253,False,2
immrep22_true,B,6,2.025998846904388,0.4626610932916865,0.16541964605481974,False,2
immrep22_true,B,6,1.8810880357080304,0.47061229556596246,0.2125805461027594,False,1
immrep22_true,B,6,2.0184923110357134,0.4847441848007517,0.18386664555214122,False,2
immrep22_true,B,6,1.8060131887780126,0.5751987890458032,0.32413586785313325,False,2
immrep22_true,B,6,1.795898952666954,0.4872840965574813,0.2572889453550999,False,3
immrep22_true,B,6,2.165936970208603,0.5379234330485472,0.18695513643266176,False,2
immrep22_true,B,6,1.6556047842835797,0.46417182298060633,0.3001145805717997,False,2
immrep22_true,B,6,2.0989523845573483,0.5851491526501464,0.23552716642571858,False,3
immrep22_true,B,6,1.8937442620240756,0.4396589411538482,0.18299334696093703,False,1
immrep22_true,B,6,2.7560521939857705,0.6273479980513992,0.14622990825078308,False,2
immrep22_true,B,6,2.12917541353077,0.4959229444796223,0.16591822145333648,False,1
immrep22_true,B,6,2.618972916447145,0.5210630480012861,0.10652031842205613,False,2
immrep22_true,B,6,2.2222564332231274,0.6024543097883794,0.21760224324958,False,3
immrep22_true,B,6,2.3419663858460096,0.4429815593362942,0.0964236352246273,False,3
immrep22_true,B,6,2.137678700270841,0.6050692792698401,0.23921889017610515,False,1
immrep22_true,B,6,2.295001347428069,0.4968635771571825,0.1354345095347323,False,2
immrep22_true,B,6,1.773608613634903,0.5623049836755512,0.3278195065926028,False,1
immrep22_true,B,6,1.214209203915184,0.47864714504271,0.6841622522947005,False,2
immrep22_true,B,6,2.1914942785177636,0.41947698709331654,0.10328750747093661,False,2
immrep22_true,B,6,1.64185073115932,0.5262808164631672,0.36223612659458804,False,2
immrep22_true,B,6,1.7064537015238757,0.5572072987323861,0.35439302422660707,False,1
immrep22_true,B,6,1.8593087817475134,0.5225950893986313,0.2624503483122067,False,3
immrep22_true,B,6,1.821282081974608,0.43476997680492224,0.20230167598202825,False,1
immrep22_true,B,6,1.7681718852228894,0.5381159234722656,0.31101001467058,False,2
immrep22_true,B,6,1.6886763097643722,0.49698941381865436,0.3130286451772786,False,1
immrep22_true,B,6,2.696147922477651,0.59123071440002,0.13439869528303994,False,2
immrep22_true,B,6,1.5797406579095596,0.5080819135291366,0.3823380154715209,False,2
immrep22_true,B,6,2.4786483845268537,0.551674881777776,0.14045857591610564,False,2
immrep22_true,B,6,1.2168276383360908,0.4221655729136995,0.6419009625098003,False,1
immrep22_true,B,6,2.1337667469828343,0.4935715483347819,0.16329499482750007,False,1
immrep22_true,B,6,1.663922784443307,0.4911577860931386,0.3203311330214236,False,2
immrep22_true,B,6,1.5276786849425752,0.38998203717806273,0.29994638430949594,False,3
immrep22_true,B,6,1.703401297851171,0.4688452743439794,0.280878397599538,False,2
immrep22_true,B,6,2.538129968307748,0.5367241377955353,0.12416796464819778,False,2
immrep22_true,B,6,1.8099481596048497,0.5047628114098696,0.26648517125563614,False,3
immrep22_true,B,6,1.401110638347499,0.37224004879788447,0.37938954140870573,False,2
immrep22_true,B,6,1.9618745360386607,0.4862229647869103,0.200376875393358,False,2
immrep22_true,B,6,2.4314907108387063,0.5370949367427114,0.13875530449637175,False,3
immrep22_true,B,6,1.8247398930485332,0.4817592808244813,0.2415488715139766,False,1
immrep22_true,B,6,1.4647599328687024,0.3783966306192626,0.332279038311363,False,2
immrep22_true,B,6,2.1003218833833293,0.5148499675926995,0.18577271960304628,False,1
immrep22_true,B,6,1.6629330207677446,0.4045616057142971,0.23872515251221751,False,1
immrep22_true,B,6,1.3180195099346894,0.43683774601337544,0.5311212475562161,False,4
immrep22_true,B,6,2.2786022316138403,0.5936002844612442,0.19999127931963284,False,3
immrep22_true,B,6,1.6749718971802077,0.47940966728616574,0.30421468147156994,False,3
immrep22_true,B,6,2.6879216959757515,0.5641746253736217,0.12128183406694082,False,2
immrep22_true,B,6,2.2927092855395506,0.5673729831806634,0.180499540131487,False,1
immrep22_true,B,6,1.8574564835183476,0.4731902031541343,0.22264696601318473,False,3
immrep22_true,B,6,1.8039032181357397,0.5682248221797076,0.3196806001801647,False,2
immrep22_true,B,6,1.5022327002085432,0.5505014479484511,0.46724815899679795,False,3
immrep22_true,B,6,2.0390750013204584,0.462424258032416,0.16212038665350006,False,2
immrep22_true,B,6,2.1590856461141854,0.49058977193326847,0.15598943705158158,False,2
immrep22_true,B,6,1.9589088803940349,0.45083927220337117,0.17347133535336368,False,2
immrep22_true,B,6,2.0435732559197266,0.5323939802925369,0.21263457264590577,False,1
immrep22_true,B,6,2.6193376353175544,0.5677386249269495,0.13103471584878032,False,2
immrep22_true,B,6,2.2739719959807854,0.5291912169905325,0.15955389331677355,False,2
immrep22_true,B,6,1.822768110694485,0.4942230419740705,0.25276865004253224,False,3
immrep22_true,B,6,1.8593101506178071,0.5933467368359312,0.3167435610664503,False,2
immrep22_true,B,6,1.34505136225465,0.5472175790165249,0.5894010849940508,False,2
immrep22_true,B,6,2.779706554573582,0.5804283042368785,0.11983659201663456,False,3
immrep22_true,B,6,2.622154600137189,0.5382157590125907,0.11506796742653316,False,2
immrep22_true,B,6,2.207062489734736,0.5668673001190524,0.19750751787926082,False,1
immrep22_true,B,6,1.8405088092059885,0.5171635285102745,0.26499214630356677,False,3
immrep22_true,B,6,3.0679600722496927,0.6192939847365322,0.11211598198497327,False,2
immrep22_true,B,6,2.063217146747094,0.4910794015655352,0.17745300426610985,False,1
immrep22_true,B,6,2.5334052987678892,0.5417855491845888,0.1275518466097946,False,2
immrep22_true,B,6,1.8506717724330821,0.3544733995452018,0.12397748735517171,False,3
immrep22_true,B,6,2.5691185414681144,0.7045939402500995,0.21358248836701554,False,3
immrep22_true,B,6,1.996789062410051,0.5339322265058284,0.22673222032811907,False,1
immrep22_true,B,6,2.0806494874785337,0.45939154307037744,0.15052616534065572,False,1
immrep22_true,B,6,1.976178732126773,0.45284308161950615,0.17045916769643135,False,1
immrep22_true,B,6,1.7020826109765979,0.45122601049726424,0.26531519286756905,False,3
immrep22_true,B,6,2.663450946563633,0.5234158512700827,0.10311778977970014,False,3
immrep22_true,B,6,2.491500199726349,0.5690426280192457,0.1486073847550337,False,2
immrep22_true,B,6,2.7200434229973998,0.5712913502465987,0.12145409778923617,False,3
immrep22_true,B,6,1.6180507958080588,0.39206557012395526,0.24849668806860645,False,1
immrep22_true,B,6,2.0848367627492412,0.4686172998042882,0.15622778583648636,False,1
immrep22_true,B,6,1.445576357883285,0.49740025647734204,0.4663216976452902,False,4
immrep22_true,B,6,1.64194663079353,0.38044893196157153,0.22421439477337768,False,3
immrep22_true,B,6,2.3711615481518553,0.4882072158986919,0.1186786209083245,False,2
immrep22_true,B,6,1.5017893806259737,0.39207740410920655,0.320122228861292,False,3
immrep22_true,B,6,1.9944823280991406,0.5164957467354045,0.21430679259938995,False,2
immrep22_true,B,6,2.2647219487187193,0.4757741425674114,0.12713198498909994,False,2
immrep22_true,B,6,1.8179880758006817,0.47772645645180983,0.24064373794631444,False,1
immrep22_true,B,6,2.264934400822702,0.46520813381525306,0.12049139042372566,False,3
immrep22_true,B,6,1.782983346494581,0.4868408769995619,0.2620776933529407,False,3
immrep22_true,B,6,2.783164243119569,0.5926833876499564,0.1255948753954242,False,2
immrep22_true,B,6,1.4602228916462165,0.5026016738471356,0.45931804510619656,False,2
immrep22_true,B,6,1.5481124736863867,0.41808171049176457,0.31671411623796053,False,3
immrep22_true,B,6,1.4842641865604946,0.5600119112461496,0.4869198742508097,False,2
immrep22_true,B,6,2.5701815146725853,0.5435349474724952,0.12394022790047561,False,2
immrep22_true,B,6,2.1228173074640693,0.5360680862951335,0.1954580490693822,False,1
immrep22_true,B,6,2.5208406271465544,0.553007811805096,0.13543841008043223,False,1
immrep22_true,B,6,1.9384965204398703,0.5342476666471158,0.24465261040458602,False,1
immrep22_true,B,6,2.181265904842854,0.42445183986507706,0.10802238256250311,False,2
immrep22_true,B,6,1.5237846345754529,0.5025279919301304,0.41343669652309367,False,1
immrep22_true,B,6,1.994757430841252,0.535967191704979,0.22883776810258832,False,4
immrep22_true,B,6,2.452423235305257,0.5563135049922194,0.14692737143849566,False,1
immrep22_true,B,6,1.8393848487975817,0.4373084317897969,0.198307605701026,False,2
immrep22_true,B,6,1.9236469363341806,0.5832999657178518,0.2863356557258296,False,2
immrep22_true,B,6,2.3077088353251565,0.50129599346897,0.13613562485806593,False,2
immrep22_true,B,6,2.8797514964777955,0.5728380409538796,0.10670885524646358,False,2
immrep22_true,B,6,1.6613449395308086,0.5495568575899011,0.37091311329410215,False,1
immrep22_true,B,6,2.6672253601001525,0.5216320871089942,0.10184850033150789,False,2
immrep22_true,B,6,1.9419031772961353,0.43578123849380584,0.16613579843872595,False,2
immrep22_true,B,6,2.002079705934594,0.4125762706293281,0.1334800071402434,False,2
immrep22_true,B,6,1.2324967857317777,0.45498712975102,0.6456949640887036,False,2
immrep22_true,B,6,2.36602149919996,0.5870785434774388,0.17938418450671484,False,2
immrep22_true,B,6,2.970429993432715,0.5890069907548646,0.10642617838738822,False,2
immrep22_true,B,6,1.8792166479109393,0.47330555532683416,0.21541747739517156,False,2
immrep22_true,B,6,1.8401411443218592,0.4933870954741935,0.24562176109941383,False,3
immrep22_true,B,6,2.3429831681974527,0.52383420781648,0.14436446765694358,False,1
immrep22_true,B,6,2.0601540856027523,0.5299086752929559,0.20648519766864912,False,1
immrep22_true,B,6,2.1528854296954996,0.5988521901640737,0.23130157931200918,False,2
immrep22_true,B,6,1.9099992299331519,0.41620076275879775,0.15903763173034344,False,2
immrep22_true,B,6,2.17473059392895,0.46148847327044146,0.13331357346185033,False,2
immrep22_true,B,6,1.834475922254551,0.4680498992002238,0.22637232691224815,False,3
immrep22_true,B,6,1.8223595589977228,0.5096951942225226,0.2657600505780245,False,2
immrep22_true,B,6,1.3740740027471525,0.4579964929972231,0.4936087005918049,False,1
tcrvdb_true,A,2,28.372521918222223,0.12893399779500783,0.03989591281873679,True,0
tcrvdb_true,A,2,20.712315177207973,0.28607460594011597,0.0970796847212178,False,0
tcrvdb_true,A,2,22.64950330581226,0.10791168128106027,0.03581105098672773,True,0
tcrvdb_true,A,2,24.677925358506126,0.09912131158593365,0.03202065348635336,True,0
tcrvdb_true,A,2,13.076696830622025,0.2294639933794472,0.09187386090243677,False,0
tcrvdb_true,A,2,26.324893162176362,0.13880127469190676,0.04392060609997491,True,0
tcrvdb_true,A,2,17.748239349298846,0.10332812494955197,0.03719398527442304,True,0
tcrvdb_true,A,2,25.98076211353317,0.02363416415754317,0.007520307312330949,True,0
tcrvdb_true,A,2,25.07987240796891,0.23882729714595666,0.07646014787530878,False,0
tcrvdb_true,A,2,14.866068747318504,0.08238187793641091,0.03161108428837928,True,0
tcrvdb_true,A,2,24.26932219902319,0.15033662421160823,0.04876536490196684,True,0
tcrvdb_true,A,2,18.574175621006706,0.13126488240602618,0.04648472000496013,True,0
tcrvdb_true,A,2,27.037011669191546,0.2849778455843918,0.08900271644640984,False,0
tcrvdb_true,A,2,19.97498435543818,0.030734886821587,0.010637767379127146,True,0
tcrvdb_true,A,2,17.86057109949175,0.29769571155453406,0.1060537357112988,False,0
tcrvdb_true,A,2,29.171904291629648,0.14599908637768433,0.04478893177483501,True,0
tcrvdb_true,A,2,25.98076211353317,0.02363416415754317,0.007520307312330949,True,0
tcrvdb_true,A,2,18.894443627691185,0.06489145331179813,0.022877114876021253,True,0
tcrvdb_true,A,2,12.124355652982139,0.3373756746605074,0.13794746147776127,False,0
tcrvdb_true,A,2,21.931712199461312,0.32120917508236757,0.1068068415583472,False,0
tcrvdb_true,A,2,17.0,0.0,,False,0
tcrvdb_true,A,2,20.904544960366874,0.05867164427806106,0.01999849773005783,True,0
tcrvdb_true,A,2,27.22131517763239,0.22083723023388527,0.06900924801928629,False,0
tcrvdb_true,A,2,24.26932219902319,0.15033662421160823,0.04876536490196684,True,0
tcrvdb_true,A,2,20.904544960366874,0.05867164427806122,0.019998497730057883,True,0
tcrvdb_true,A,2,22.999999999999996,0.0,,False,0
tcrvdb_true,A,2,14.38749456993816,0.2881356376575081,0.11087576494365489,False,0
tcrvdb_true,A,2,20.904544960366874,0.05867164427806122,0.019998497730057883,True,0
tcrvdb_true,A,2,18.027756377319946,0.2008159615501393,0.07167266370002079,False,0
tcrvdb_true,A,2,30.7408522978788,0.23404754971095548,0.07052893346196724,False,0
tcrvdb_true,A,2,25.98076211353317,0.02363416415754317,0.007520307312330949,True,0
tcrvdb_true,A,2,21.931712199461312,0.32120917508236757,0.1068068415583472,False,0
tcrvdb_true,A,2,27.83882181415012,0.06605910708809098,0.020577075370683692,True,0
tcrvdb_true,A,2,28.372521918222223,0.12893399779500783,0.03989591281873679,True,0
tcrvdb_true,A,2,32.17141588429082,0.20611079225448126,0.061357754364660934,False,0
tcrvdb_true,A,2,15.905973720586868,0.2265111574250746,0.08436386419939138,False,0
tcrvdb_true,A,2,21.0,0.0,,False,0
tcrvdb_true,A,2,11.000000000000002,0.0,,False,0
tcrvdb_true,A,2,19.364916731037084,0.15687075525148206,0.054733268925073734,False,0
tcrvdb_true,A,2,13.964240043768946,0.04394520629865724,0.017272611217751564,True,0
tcrvdb_true,A,2,21.330729007701535,0.304144086499691,0.10213371618503393,False,0
tcrvdb_true,A,2,13.076696830622017,0.22946399337944695,0.09187386090243668,False,0
tcrvdb_true,A,2,28.72281323269014,0.08525864438997682,0.02630456774722121,True,0
tcrvdb_true,A,2,22.912878474779205,0.05354263030193025,0.017716924927128896,True,0
tcrvdb_true,A,2,24.26932219902319,0.15033662421160823,0.04876536490196684,True,0
tcrvdb_true,A,2,13.674794331177344,0.13368294665680225,0.05285591150960332,False,0
tcrvdb_true,A,2,15.716233645501712,0.11653844442662205,0.04378155759580866,True,0
tcrvdb_true,A,2,22.912878474779205,0.05354263030193025,0.017716924927128896,True,0
tcrvdb_true,A,2,23.473389188611,0.12985619840752066,0.04258692196246207,True,0
tcrvdb_true,A,2,29.8496231131986,0.061624480232433505,0.018802607126157035,True,0
tcrvdb_true,A,2,21.563858652847838,0.2229298623395732,0.07489563072915863,False,0
tcrvdb_true,A,2,22.20360331117451,0.1640127648977318,0.05470039862342325,False,0
tcrvdb_true,A,2,14.247806848775008,0.43649698624644107,0.16641135417171982,False,0
tcrvdb_true,A,2,21.424285285628546,0.14206824777127156,0.04796140697552263,True,0
tcrvdb_true,A,2,39.76179070414208,0.15288248395868792,0.0429623338718881,True,0
tcrvdb_true,A,2,20.712315177207973,0.28607460594011597,0.0970796847212178,False,0
tcrvdb_true,A,2,18.027756377319946,0.20081596155013914,0.07167266370002072,False,0
tcrvdb_true,A,2,21.330729007701546,0.3041440864996911,0.10213371618503396,False,0
tcrvdb_true,A,2,26.5141471671257,0.20467073065574554,0.0645030847428713,False,0
tcrvdb_true,A,2,31.859064644147985,0.05774944366554841,0.01728939637650161,True,0
tcrvdb_true,A,2,29.342801502242427,0.20546017215266968,0.06282049494477389,False,0
tcrvdb_true,A,2,34.48187929913333,0.10633886056673587,0.031107884045584257,True,0
tcrvdb_true,A,2,20.856653614614213,0.20244943653548547,0.06881140499386745,False,0
tcrvdb_true,A,2,30.70830506556818,0.17752341469619531,0.053605207522040184,False,0
tcrvdb_true,A,2,16.881943016134134,0.07259323812796481,0.026608123402633913,True,0
tcrvdb_true,A,2,22.248595461286982,0.2421293996414586,0.08046850871050484,False,0
tcrvdb_true,A,2,12.845232578665135,0.09524627501904857,0.038623296037454104,True,0
tcrvdb_true,A,2,30.7408522978788,0.07969396079200865,0.024102548011307207,True,0
tcrvdb_true,A,2,22.999999999999996,0.0,,False,0
tcrvdb_true,A,2,30.7408522978788,0.23404754971095548,0.07052893346196724,False,0
tcrvdb_true,A,2,28.722813232690154,0.08525864438997667,0.02630456774722116,True,0
tcrvdb_true,A,2,24.677925358506126,0.09912131158593365,0.03202065348635336,True,0
tcrvdb_true,A,2,19.773719933285186,0.09282821076827236,0.03221362518673326,True,0
tcrvdb_true,A,2,19.416487838947592,0.2463946428341427,0.08558458516145204,False,0
tcrvdb_true,A,2,26.324893162176362,0.13880127469190692,0.04392060609997496,True,0
tcrvdb_true,A,2,22.912878474779205,0.2601988802010339,0.08560079101239261,False,0
tcrvdb_true,A,2,27.000000000000004,0.0,,False,0
tcrvdb_true,A,2,27.982137159266447,0.02194451712646023,0.00682718587141662,True,0
tcrvdb_true,A,2,18.999999999999996,0.0,,False,0
tcrvdb_true,A,2,20.904544960366874,0.05867164427806122,0.019998497730057883,True,0
tcrvdb_true,A,2,21.794494717703362,0.08427751712351726,0.028328358696648934,True,0
tcrvdb_true,A,2,20.615528128088304,0.1184340836137284,0.04051309070444226,True,0
tcrvdb_true,A,2,12.845232578665135,0.09524627501904857,0.038623296037454104,True,0
tcrvdb_true,A,2,19.97498435543818,0.030734886821587,0.010637767379127146,True,0
tcrvdb_true,A,2,22.956480566497984,0.18449319070181935,0.06084047025902536,False,0
tcrvdb_true,A,2,10.246950765959602,0.23404754971095557,0.10333663947215789,False,0
tcrvdb_true,A,2,17.97220075561143,0.034156566490211294,0.012254059132513352,True,0
tcrvdb_true,A,2,17.000000000000007,2.220446049250313e-16,8.12347336225614e-17,True,0
tcrvdb_true,A,2,17.97220075561143,0.034156566490211135,0.012254059132513291,True,0
tcrvdb_true,A,2,16.15549442140351,0.3593201917869676,0.13194208347731057,False,0
tcrvdb_true,A,2,21.97726097583591,0.027936757456474223,0.009370565389890522,True,0
tcrvdb_true,A,2,13.964240043768946,0.04394520629865724,0.017272611217751564,True,0
tcrvdb_true,A,2,17.233687939614086,0.39900015489294094,0.1428279998674422,False,0
tcrvdb_true,A,2,22.64950330581225,0.10791168128106043,0.035811050986727794,True,0
tcrvdb_true,A,2,26.92582403567253,0.0455786812840034,0.014343859409747205,True,0
tcrvdb_true,A,2,21.794494717703362,0.08427751712351726,0.028328358696648934,True,0
tcrvdb_true,A,2,15.198684153570666,0.19857439996860038,0.07528544671198875,False,0
tcrvdb_true,A,2,21.794494717703362,0.08427751712351726,0.028328358696648934,True,0
tcrvdb_true,A,2,17.748239349298856,0.10332812494955182,0.037193985274422976,True,0
tcrvdb_true,A,2,18.894443627691185,0.06489145331179813,0.022877114876021253,True,0
tcrvdb_true,A,2,24.91987158875422,0.049240037002999205,0.015868590540774063,True,0
tcrvdb_true,A,2,20.904544960366874,0.05867164427806122,0.019998497730057883,True,0
tcrvdb_true,A,2,16.09347693943108,0.5113115184946658,0.18533265182272735,False,0
tcrvdb_true,A,2,29.9833287011299,0.02048042580408758,0.006242305568081574,True,0
tcrvdb_true,A,2,22.20360331117451,0.1640127648977318,0.05470039862342325,False,0
tcrvdb_true,A,2,31.859064644147985,0.05774944366554841,0.01728939637650161,True,0
tcrvdb_true,A,2,14.38749456993816,0.2881356376575081,0.11087576494365489,False,0
tcrvdb_true,A,2,27.838821814150105,0.06605910708809114,0.020577075370683744,True,0
tcrvdb_true,A,2,20.174241001832023,0.37251024380275893,0.12681258949581456,False,0
tcrvdb_true,A,2,12.369316876852983,0.19530742688923583,0.08006186733275972,False,0
tcrvdb_true,A,2,17.748239349298856,0.10332812494955182,0.037193985274422976,True,0
tcrvdb_true,A,2,25.826343140289907,0.07118455412945944,0.02268365320210869,True,0
tcrvdb_true,A,2,18.574175621006717,0.13126488240602605,0.04648472000496008,True,0
tcrvdb_true,A,2,12.44989959798873,0.5603055370000805,0.2209833035828491,False,0
tcrvdb_true,A,2,19.773719933285186,0.09282821076827236,0.03221362518673326,True,0
tcrvdb_true,A,2,21.931712199461312,0.32120917508236757,0.1068068415583472,False,0
tcrvdb_true,A,2,17.0,0.0,,False,0
tcrvdb_true,A,2,31.859064644147967,0.05774944366554825,0.017289396376501558,True,0
tcrvdb_true,A,2,17.97220075561143,0.034156566490211135,0.012254059132513291,True,0
tcrvdb_true,A,2,20.856653614614203,0.2024494365354856,0.0688114049938675,False,0
tcrvdb_true,A,2,17.0,0.0,,False,0
tcrvdb_true,A,2,18.027756377319946,0.2008159615501393,0.07167266370002079,False,0
tcrvdb_true,A,2,12.845232578665135,0.09524627501904857,0.038623296037454104,True,0
tcrvdb_true,A,2,21.794494717703362,0.08427751712351726,0.028328358696648934,True,0
tcrvdb_true,A,2,22.248595461286993,0.24212939964145874,0.08046850871050489,False,0
tcrvdb_true,A,2,25.98076211353317,0.02363416415754317,0.007520307312330949,True,0
tcrvdb_true,A,2,32.015621187164236,0.15191754185073927,0.04535201345336759,True,0
tcrvdb_true,A,2,24.677925358506126,0.09912131158593365,0.03202065348635336,True,0
tcrvdb_true,A,2,12.688577540449518,0.3653124321169816,0.14639961996646322,False,0
tcrvdb_true,A,2,13.076696830622017,0.22946399337944695,0.09187386090243668,False,0
tcrvdb_true,A,2,21.424285285628546,0.14206824777127156,0.04796140697552263,True,0
tcrvdb_true,A,2,22.516660498395396,0.33737567466050733,0.11114657391602689,False,0
tcrvdb_true,A,2,21.794494717703362,0.08427751712351726,0.028328358696648934,True,0
tcrvdb_true,A,2,23.086792761230395,0.35273350340087856,0.11519241887738209,False,0
tcrvdb_true,A,2,27.91057147390572,0.23619505897425636,0.07321774031627441,False,0
tcrvdb_true,A,2,24.26932219902319,0.15033662421160823,0.04876536490196684,True,0
tcrvdb_true,A,2,24.677925358506126,0.09912131158593365,0.03202065348635336,True,0
tcrvdb_true,A,2,25.826343140289907,0.07118455412945944,0.02268365320210869,True,0
tcrvdb_true,A,2,29.171904291629648,0.14599908637768433,0.04478893177483501,True,0
tcrvdb_true,A,2,29.8496231131986,0.061624480232433505,0.018802607126157035,True,0
tcrvdb_true,A,2,26.324893162176362,0.13880127469190692,0.04392060609997496,True,0
tcrvdb_true,A,2,24.392621835300943,0.22176220856328022,0.07165652936118987,False,0
tcrvdb_true,A,2,24.91987158875422,0.049240037002999205,0.015868590540774063,True,0
tcrvdb_true,A,2,23.473389188611,0.12985619840752066,0.04258692196246207,True,0
tcrvdb_true,A,2,9.539392014169454,0.1901023434122983,0.08682296849586152,False,0
tcrvdb_true,A,2,21.97726097583591,0.027936757456474223,0.009370565389890522,True,0
tcrvdb_true,A,2,25.98076211353317,0.02363416415754317,0.007520307312330949,True,0
tcrvdb_true,A,2,11.000000000000002,0.0,,False,0
tcrvdb_true,A,2,20.074859899884725,0.2668750686382303,0.09158699137704596,False,0
tcrvdb_true,A,2,15.716233645501712,0.11653844442662205,0.04378155759580866,True,0
tcrvdb_true,A,2,15.000000000000004,2.220446049250313e-16,8.498931489771388e-17,True,0
tcrvdb_true,A,2,25.000000000000007,0.0,,False,0
tcrvdb_true,A,2,17.97220075561143,0.034156566490211135,0.012254059132513291,True,0
tcrvdb_true,A,2,37.0,0.0,,False,0
tcrvdb_true,A,2,21.424285285628546,0.14206824777127156,0.04796140697552263,True,0
tcrvdb_true,A,2,16.522711641858304,0.14727333124820904,0.05429479313250996,False,0
tcrvdb_true,A,2,18.574175621006717,0.13126488240602605,0.04648472000496008,True,0
tcrvdb_true,A,2,23.811761799581312,0.07717679445947342,0.02522065659959725,True,0
tcrvdb_true,A,2,20.615528128088304,0.1184340836137284,0.04051309070444226,True,0
tcrvdb_true,A,2,18.027756377319946,0.20081596155013914,0.07167266370002072,False,0
tcrvdb_true,A,2,15.716233645501712,0.11653844442662205,0.04378155759580866,True,0
tcrvdb_true,A,2,22.64950330581225,0.10791168128106043,0.035811050986727794,True,0
tcrvdb_true,A,2,13.076696830622017,0.22946399337944695,0.09187386090243668,False,0
tcrvdb_true,A,2,37.696153649941515,0.16107756861510023,0.045920647208576144,True,0
tcrvdb_true,A,2,22.20360331117451,0.1640127648977318,0.05470039862342325,False,0
tcrvdb_true,A,2,21.97726097583591,0.027936757456474223,0.009370565389890522,True,0
tcrvdb_true,A,2,13.674794331177344,0.13368294665680225,0.05285591150960332,False,0
tcrvdb_true,A,2,33.8673884437522,0.054334106444137296,0.015985156967727916,True,0
tcrvdb_true,A,2,22.20360331117451,0.1640127648977318,0.05470039862342325,False,0
tcrvdb_true,A,2,23.086792761230395,0.35273350340087856,0.11519241887738209,False,0
tcrvdb_true,A,2,21.330729007701546,0.3041440864996911,0.10213371618503396,False,0
tcrvdb_true,A,2,15.198684153570658,0.19857439996860055,0.07528544671198881,False,0
tcrvdb_true,A,2,22.20360331117451,0.1640127648977318,0.05470039862342325,False,0
tcrvdb_true,A,2,25.748786379167456,0.2549937967240964,0.08092718009672013,False,0
tcrvdb_true,A,2,35.651086939951774,0.08585843476264829,0.024889413164795766,True,0
tcrvdb_true,A,2,16.703293088490064,0.3798006175910552,0.13763331146735122,False,0
tcrvdb_true,A,2,5.385164807134504,1.0340715411079824,0.5000000000000001,False,1
tcrvdb_true,A,2,21.0,0.0,,False,0
tcrvdb_true,A,2,40.65710270051225,0.2075194762529868,0.057893740192264787,False,0
tcrvdb_true,A,2,15.96871942267131,0.038436671637753834,0.014377187458367718,True,0
tcrvdb_true,A,2,18.574175621006717,0.13126488240602605,0.04648472000496008,True,0
tcrvdb_true,A,2,20.1246117974981,0.18050491940902538,0.062127739501361,False,0
tcrvdb_true,A,2,25.98076211353317,0.02363416415754317,0.007520307312330949,True,0
tcrvdb_true,A,2,21.563858652847816,0.2229298623395732,0.07489563072915865,False,0
tcrvdb_true,A,2,20.1246117974981,0.18050491940902538,0.062127739501361,False,0
tcrvdb_true,A,2,24.91987158875422,0.049240037002999205,0.015868590540774063,True,0
tcrvdb_true,A,2,26.324893162176362,0.13880127469190692,0.04392060609997496,True,0
tcrvdb_true,A,2,28.722813232690154,0.08525864438997667,0.02630456774722116,True,0
tcrvdb_true,A,2,22.999999999999996,0.0,,False,0
tcrvdb_true,A,2,10.908712114635717,0.2724842213487093,0.11686562886481906,False,0
tcrvdb_true,A,2,19.773719933285186,0.09282821076827236,0.03221362518673326,True,0
tcrvdb_true,A,2,35.651086939951774,0.08585843476264829,0.024889413164795766,True,0
tcrvdb_true,A,2,14.38749456993816,0.2881356376575082,0.11087576494365492,False,0
tcrvdb_true,A,2,21.794494717703362,0.08427751712351726,0.028328358696648934,True,0
tcrvdb_true,A,2,18.027756377319946,0.2008159615501393,0.07167266370002079,False,0
tcrvdb_true,A,2,25.51470164434614,0.11960173739002124,0.03822529347022318,True,0
tcrvdb_true,A,2,16.881943016134134,0.07259323812796481,0.026608123402633913,True,0
tcrvdb_true,A,2,22.912878474779205,0.05354263030193025,0.017716924927128896,True,0
tcrvdb_true,A,2,12.369316876852983,0.19530742688923583,0.08006186733275972,False,0
tcrvdb_true,A,2,8.774964387392123,0.138801274691907,0.06600454467069473,False,0
tcrvdb_true,B,2,7.416198487095663,0.24212939964145888,0.12367746816729787,False,0
tcrvdb_true,B,2,13.747727084867522,0.260198880201034,0.1020234002373911,False,0
tcrvdb_true,B,2,19.05255888325765,0.33737567466050744,0.11730863956741402,False,0
tcrvdb_true,B,2,14.866068747318504,0.08238187793641091,0.03161108428837928,True,0
tcrvdb_true,B,2,15.968719422671317,0.03843667163775368,0.01437718745836766,True,0
tcrvdb_true,B,2,16.522711641858304,0.14727333124820904,0.05429479313250996,False,0
tcrvdb_true,B,2,10.72380529476361,0.4686405570665335,0.19809703774969067,False,0
tcrvdb_true,B,2,17.000000000000007,2.220446049250313e-16,8.12347336225614e-17,True,0
tcrvdb_true,B,2,18.027756377319946,0.20081596155013914,0.07167266370002072,False,0
tcrvdb_true,B,2,9.949874371066201,0.06162448023243358,0.027783783235430858,True,0
tcrvdb_true,B,2,9.949874371066201,0.061624480232433505,0.027783783235430817,True,0
tcrvdb_true,B,2,22.912878474779205,0.05354263030193025,0.017716924927128896,True,0
tcrvdb_true,B,2,14.456832294800964,0.16783951314701337,0.06490313256855797,False,0
tcrvdb_true,B,2,22.64950330581225,0.10791168128106043,0.035811050986727794,True,0
tcrvdb_true,B,2,18.894443627691185,0.06489145331179813,0.022877114876021253,True,0
tcrvdb_true,B,2,10.816653826391969,0.11292554895282492,0.049061047260773684,True,0
tcrvdb_true,B,2,10.816653826391969,0.11292554895282492,0.049061047260773684,True,0
tcrvdb_true,B,2,14.730919862656236,0.4569774120505286,0.17179354413436074,False,0
tcrvdb_true,B,2,17.86057109949175,0.29769571155453406,0.1060537357112988,False,0
tcrvdb_true,B,2,17.0,0.0,,False,0
tcrvdb_true,B,2,12.999999999999998,0.0,,False,0
tcrvdb_true,B,2,15.198684153570666,0.19857439996860038,0.07528544671198875,False,0
tcrvdb_true,B,2,14.456832294800964,0.16783951314701337,0.06490313256855797,False,0
tcrvdb_true,B,2,12.369316876852983,0.19530742688923583,0.08006186733275972,False,0
tcrvdb_true,B,2,19.773719933285186,0.09282821076827236,0.03221362518673326,True,0
tcrvdb_true,B,2,28.61817604250836,0.19010234341229826,0.05858298281758689,False,0
tcrvdb_true,B,2,11.958260743101393,0.05130106872039149,0.021421140819614413,True,0
tcrvdb_true,B,2,11.532562594670797,0.30664078783892035,0.12822473684212854,False,0
tcrvdb_true,B,2,13.964240043768946,0.04394520629865724,0.017272611217751564,True,0
tcrvdb_true,B,2,15.716233645501712,0.11653844442662205,0.04378155759580866,True,0
tcrvdb_true,B,2,12.84523257866513,0.09524627501904841,0.03862329603745404,True,0
tcrvdb_true,B,2,14.38749456993816,0.2881356376575082,0.11087576494365492,False,0
tcrvdb_true,B,2,25.98076211353317,0.02363416415754317,0.007520307312330949,True,0
tcrvdb_true,B,2,9.949874371066201,0.06162448023243358,0.027783783235430858,True,0
tcrvdb_true,B,2,17.233687939614086,0.27575119442807383,0.09957925759521236,False,0
tcrvdb_true,B,2,25.51470164434614,0.11960173739002124,0.03822529347022318,True,0
tcrvdb_true,B,2,11.958260743101393,0.05130106872039149,0.021421140819614413,True,0
tcrvdb_true,B,2,15.000000000000004,0.0,,False,0
tcrvdb_true,B,2,6.708203932499368,0.18050491940902516,0.09753019228165119,False,0
tcrvdb_true,B,2,20.615528128088304,0.1184340836137284,0.04051309070444226,True,0
tcrvdb_true,B,2,12.845232578665135,0.09524627501904857,0.038623296037454104,True,0
tcrvdb_true,B,2,10.908712114635712,0.27248422134870925,0.11686562886481909,False,0
tcrvdb_true,B,2,12.369316876852983,0.19530742688923583,0.08006186733275972,False,0
tcrvdb_true,B,2,15.000000000000004,0.3137415105029642,0.11869236379981961,False,0
tcrvdb_true,B,2,13.076696830622017,0.22946399337944695,0.09187386090243668,False,0
tcrvdb_true,B,2,20.074859899884725,0.2668750686382303,0.09158699137704596,False,0
tcrvdb_true,B,2,12.688577540449518,0.3653124321169816,0.14639961996646322,False,0
tcrvdb_true,B,2,11.532562594670797,0.3066407878389203,0.12822473684212854,False,0
tcrvdb_true,B,2,13.964240043768939,0.04394520629865708,0.017272611217751508,True,0
tcrvdb_true,B,2,16.881943016134134,0.07259323812796481,0.026608123402633913,True,0
tcrvdb_true,B,2,11.958260743101398,0.05130106872039133,0.021421140819614336,True,0
tcrvdb_true,B,2,9.949874371066198,0.06162448023243342,0.027783783235430785,True,0
tcrvdb_true,B,2,13.076696830622025,0.2294639933794469,0.09187386090243664,False,0
tcrvdb_true,B,2,7.416198487095665,0.24212939964145883,0.12367746816729784,False,0
tcrvdb_true,B,2,12.688577540449518,0.3653124321169816,0.14639961996646322,False,0
tcrvdb_true,B,2,17.233687939614086,0.3990001548929409,0.1428279998674422,False,0
tcrvdb_true,B,2,8.774964387392123,0.138801274691907,0.06600454467069473,False,0
tcrvdb_true,B,2,24.677925358506126,0.09912131158593365,0.03202065348635336,True,0
tcrvdb_true,B,2,12.845232578665135,0.09524627501904857,0.038623296037454104,True,0
tcrvdb_true,B,2,6.244997998398397,0.45030122361333225,0.2423745526569877,False,0
tcrvdb_true,B,2,15.905973720586868,0.2265111574250746,0.08436386419939138,False,0
tcrvdb_true,B,2,21.0,0.0,,False,0
tcrvdb_true,B,2,18.894443627691192,0.06489145331179798,0.022877114876021194,True,0
tcrvdb_true,B,2,31.859064644147985,0.05774944366554841,0.01728939637650161,True,0
tcrvdb_true,B,2,9.949874371066201,0.06162448023243358,0.027783783235430858,True,0
tcrvdb_true,B,2,12.688577540449518,0.3653124321169816,0.14639961996646322,False,0
tcrvdb_true,B,2,8.774964387392123,0.138801274691907,0.06600454467069473,False,0
tcrvdb_true,B,2,14.38749456993816,0.2881356376575082,0.11087576494365492,False,0
tcrvdb_true,B,2,12.688577540449518,0.3653124321169816,0.14639961996646322,False,0
tcrvdb_true,B,2,17.291616465790582,0.17521008870468327,0.06350637641927054,False,0
tcrvdb_true,B,2,8.774964387392123,0.138801274691907,0.06600454467069473,False,0
tcrvdb_true,B,2,10.246950765959602,0.23404754971095557,0.10333663947215789,False,0
tcrvdb_true,B,2,24.677925358506126,0.09912131158593365,0.03202065348635336,True,0
tcrvdb_true,B,2,10.816653826391969,0.11292554895282492,0.049061047260773684,True,0
tcrvdb_true,B,2,20.615528128088304,0.1184340836137284,0.04051309070444226,True,0
tcrvdb_true,B,2,20.904544960366874,0.05867164427806106,0.01999849773005783,True,0
tcrvdb_true,B,2,21.97726097583591,0.027936757456474223,0.009370565389890522,True,0
tcrvdb_true,B,2,18.999999999999996,0.0,,False,0
tcrvdb_true,B,2,9.539392014169456,0.19010234341229826,0.0868229684958615,False,0
tcrvdb_true,B,2,15.96871942267131,0.038436671637753834,0.014377187458367718,True,0
tcrvdb_true,B,2,25.98076211353317,0.02363416415754317,0.007520307312330949,True,0
tcrvdb_true,B,2,16.522711641858304,0.14727333124820904,0.05429479313250996,False,0
tcrvdb_true,B,2,15.968719422671317,0.03843667163775368,0.01437718745836766,True,0
tcrvdb_true,B,2,9.949874371066201,0.06162448023243358,0.027783783235430858,True,0
tcrvdb_true,B,2,21.563858652847827,0.22292986233957307,0.07489563072915859,False,0
tcrvdb_true,B,2,9.949874371066201,0.061624480232433505,0.027783783235430817,True,0
tcrvdb_true,B,2,22.20360331117451,0.1640127648977318,0.05470039862342325,False,0
tcrvdb_true,B,2,17.291616465790582,0.17521008870468327,0.06350637641927054,False,0
tcrvdb_true,B,2,17.0,0.0,,False,0
tcrvdb_true,B,2,19.05255888325765,0.33737567466050733,0.11730863956741397,False,0
tcrvdb_true,B,2,16.583123951777004,0.2521170302705306,0.09239781598943193,False,0
tcrvdb_true,B,2,7.937253933193771,0.5975745548615414,0.2795342440684605,False,0
tcrvdb_true,B,2,9.949874371066198,0.06162448023243342,0.027783783235430785,True,0
tcrvdb_true,B,2,9.219544457292889,0.37581234629826105,0.17111982163467643,False,0
tcrvdb_true,B,2,25.98076211353317,0.02363416415754317,0.007520307312330949,True,0
tcrvdb_true,B,2,14.866068747318504,0.08238187793641091,0.03161108428837928,True,0
tcrvdb_true,B,2,10.816653826391969,0.11292554895282492,0.049061047260773684,True,0
tcrvdb_true,B,2,13.076696830622025,0.2294639933794469,0.09187386090243664,False,0
tcrvdb_true,B,2,16.583123951776994,0.2521170302705306,0.09239781598943195,False,0
tcrvdb_true,B,2,9.949874371066201,0.06162448023243358,0.027783783235430858,True,0
tcrvdb_true,B,2,21.0,0.0,,False,0
tcrvdb_true,B,2,12.124355652982139,0.3373756746605074,0.13794746147776127,False,0
tcrvdb_true,B,2,15.96871942267131,0.038436671637753834,0.014377187458367718,True,0
tcrvdb_true,B,2,17.97220075561143,0.034156566490211135,0.012254059132513291,True,0
tcrvdb_true,B,2,9.539392014169454,0.1901023434122983,0.08682296849586152,False,0
tcrvdb_true,B,2,13.674794331177337,0.13368294665680241,0.05285591150960341,False,0
tcrvdb_true,B,2,13.747727084867522,0.260198880201034,0.1020234002373911,False,0
tcrvdb_true,B,2,19.364916731037084,0.15687075525148192,0.05473326892507368,False,0
tcrvdb_true,B,2,10.908712114635712,0.27248422134870925,0.11686562886481909,False,0
tcrvdb_true,B,2,14.866068747318504,0.08238187793641091,0.03161108428837928,True,0
tcrvdb_true,B,2,25.748786379167456,0.2549937967240964,0.08092718009672013,False,0
tcrvdb_true,B,2,15.198684153570666,0.19857439996860038,0.07528544671198875,False,0
tcrvdb_true,B,2,13.076696830622017,0.22946399337944695,0.09187386090243668,False,0
tcrvdb_true,B,2,8.306623862918073,0.6255113123180155,0.28545105699236845,False,0
tcrvdb_true,B,2,10.908712114635712,0.27248422134870925,0.11686562886481909,False,0
tcrvdb_true,B,2,12.369316876852983,0.19530742688923583,0.08006186733275972,False,0
tcrvdb_true,B,2,8.306623862918073,0.6255113123180155,0.28545105699236845,False,0
tcrvdb_true,B,2,8.660254037844387,0.6511171851634716,0.29061186644324155,False,0
tcrvdb_true,B,2,10.816653826391969,0.11292554895282492,0.049061047260773684,True,0
tcrvdb_true,B,2,9.949874371066201,0.06162448023243358,0.027783783235430858,True,0
tcrvdb_true,B,2,11.958260743101398,0.05130106872039133,0.021421140819614336,True,0
tcrvdb_true,B,2,13.228756555322953,0.3909183049624374,0.15384153665456252,False,0
tcrvdb_true,B,2,12.688577540449518,0.3653124321169816,0.14639961996646322,False,0
tcrvdb_true,B,2,14.456832294800964,0.16783951314701337,0.06490313256855797,False,0
tcrvdb_true,B,2,12.999999999999998,0.0,,False,0
tcrvdb_true,B,2,10.816653826391969,0.11292554895282492,0.049061047260773684,True,0
tcrvdb_true,B,2,8.306623862918073,0.6255113123180156,0.2854510569923685,False,0
tcrvdb_true,B,2,11.180339887498945,0.4942464299119893,0.20483276469913342,False,0
tcrvdb_true,B,2,12.124355652982146,0.33737567466050733,0.1379474614777612,False,0
tcrvdb_true,B,2,17.748239349298856,0.10332812494955182,0.037193985274422976,True,0
tcrvdb_true,B,2,12.124355652982139,0.3373756746605074,0.13794746147776127,False,0
tcrvdb_true,B,2,14.247806848775008,0.43649698624644107,0.16641135417171982,False,0
tcrvdb_true,B,2,16.583123951777004,0.2521170302705306,0.09239781598943193,False,0
tcrvdb_true,B,2,11.958260743101398,0.05130106872039133,0.021421140819614336,True,0
tcrvdb_true,B,2,13.747727084867522,0.2601988802010339,0.10202340023739105,False,0
tcrvdb_true,B,2,18.894443627691185,0.06489145331179813,0.022877114876021253,True,0
tcrvdb_true,B,2,10.816653826391969,0.11292554895282492,0.049061047260773684,True,0
tcrvdb_true,B,2,17.233687939614086,0.3990001548929409,0.1428279998674422,False,0
tcrvdb_true,B,2,9.0,0.0,,False,0
tcrvdb_true,B,2,20.904544960366874,0.05867164427806122,0.019998497730057883,True,0
tcrvdb_true,B,2,14.38749456993816,0.2881356376575082,0.11087576494365492,False,0
tcrvdb_true,B,2,10.72380529476361,0.4686405570665334,0.19809703774969065,False,0
tcrvdb_true,B,2,9.0,0.6747513493210148,0.2951672353008665,False,0
tcrvdb_true,B,2,9.949874371066201,0.06162448023243358,0.027783783235430858,True,0
tcrvdb_true,B,2,5.916079783099616,0.10332812494955182,0.06006972795140872,False,0
tcrvdb_true,B,2,21.0,0.0,,False,0
tcrvdb_true,B,2,15.968719422671317,0.03843667163775368,0.01437718745836766,True,0
tcrvdb_true,B,2,10.816653826391969,0.11292554895282492,0.049061047260773684,True,0
tcrvdb_true,B,2,18.248287590894655,0.4341347240351925,0.15199674451458972,False,0
tcrvdb_true,B,2,12.369316876852983,0.19530742688923583,0.08006186733275972,False,0
tcrvdb_true,B,2,25.748786379167456,0.2549937967240964,0.08092718009672013,False,0
tcrvdb_true,B,2,33.27160951922825,0.1282833776931961,0.03789539365957751,True,0
tcrvdb_true,B,2,17.748239349298856,0.10332812494955182,0.037193985274422976,True,0
tcrvdb_true,B,2,17.748239349298856,0.10332812494955182,0.037193985274422976,True,0
tcrvdb_true,B,2,8.774964387392123,0.138801274691907,0.06600454467069473,False,0
tcrvdb_true,B,2,14.247806848775008,0.43649698624644107,0.16641135417171982,False,0
tcrvdb_true,B,2,16.881943016134134,0.07259323812796481,0.026608123402633913,True,0
tcrvdb_true,B,2,20.856653614614213,0.20244943653548547,0.06881140499386745,False,0
tcrvdb_true,B,2,19.97498435543818,0.030734886821587,0.010637767379127146,True,0
tcrvdb_true,B,2,15.198684153570666,0.19857439996860038,0.07528544671198875,False,0
tcrvdb_true,B,2,18.574175621006717,0.13126488240602605,0.04648472000496008,True,0
tcrvdb_true,B,2,13.747727084867522,0.260198880201034,0.1020234002373911,False,0
tcrvdb_true,B,2,12.124355652982139,0.3373756746605074,0.13794746147776127,False,0
tcrvdb_true,B,2,16.583123951777004,0.2521170302705306,0.09239781598943193,False,0
tcrvdb_true,B,2,14.38749456993816,0.2881356376575082,0.11087576494365492,False,0
tcrvdb_true,B,2,17.748239349298846,0.10332812494955197,0.03719398527442304,True,0
tcrvdb_true,B,2,10.908712114635712,0.27248422134870925,0.11686562886481909,False,0
tcrvdb_true,B,2,10.908712114635712,0.27248422134870925,0.11686562886481909,False,0
tcrvdb_true,B,2,17.291616465790582,0.17521008870468327,0.06350637641927054,False,0
tcrvdb_true,B,2,9.539392014169454,0.1901023434122983,0.08682296849586152,False,0
tcrvdb_true,B,2,9.000000000000002,0.0,,False,0
tcrvdb_true,B,2,13.747727084867522,0.41455246911998084,0.16046420108015252,False,0
tcrvdb_true,B,2,21.97726097583591,0.027936757456474223,0.009370565389890522,True,0
tcrvdb_true,B,2,11.958260743101398,0.05130106872039133,0.021421140819614336,True,0
tcrvdb_true,B,2,18.73499399519519,0.22445012570768247,0.07898387072325312,False,0
tcrvdb_true,B,2,14.866068747318504,0.08238187793641091,0.03161108428837928,True,0
tcrvdb_true,B,2,22.64950330581225,0.10791168128106043,0.035811050986727794,True,0
tcrvdb_true,B,2,10.246950765959596,0.23404754971095543,0.10333663947215786,False,0
tcrvdb_true,B,2,12.124355652982139,0.3373756746605074,0.13794746147776127,False,0
tcrvdb_true,B,2,13.747727084867522,0.2601988802010339,0.10202340023739105,False,0
tcrvdb_true,B,2,17.748239349298846,0.10332812494955197,0.03719398527442304,True,0
tcrvdb_true,B,2,13.964240043768939,0.6308061430223575,0.23648503785630742,False,0
tcrvdb_true,B,2,17.748239349298856,0.10332812494955182,0.037193985274422976,True,0
tcrvdb_true,B,2,12.845232578665135,0.09524627501904857,0.038623296037454104,True,0
tcrvdb_true,B,2,15.000000000000004,2.220446049250313e-16,8.498931489771388e-17,True,0
tcrvdb_true,B,2,15.716233645501712,0.11653844442662205,0.04378155759580866,True,0
tcrvdb_true,B,2,21.424285285628546,0.14206824777127156,0.04796140697552263,True,0
tcrvdb_true,B,2,9.746794344808961,0.4099689127884722,0.18154300518730973,False,0
tcrvdb_true,B,2,18.73499399519519,0.22445012570768247,0.07898387072325312,False,0
tcrvdb_true,B,2,21.0,0.0,,False,0
tcrvdb_true,B,2,15.000000000000004,0.0,,False,0
tcrvdb_true,B,2,17.97220075561143,0.034156566490211135,0.012254059132513291,True,0
tcrvdb_true,B,2,16.881943016134134,0.07259323812796481,0.026608123402633913,True,0
tcrvdb_true,B,2,17.0,0.0,,False,0
tcrvdb_true,B,2,19.364916731037084,0.15687075525148192,0.05473326892507368,False,0
tcrvdb_true,B,2,14.456832294800964,0.16783951314701337,0.06490313256855797,False,0
tcrvdb_true,B,2,15.716233645501712,0.11653844442662221,0.04378155759580873,True,0
tcrvdb_true,B,2,9.219544457292889,0.37581234629826105,0.17111982163467643,False,0
tcrvdb_true,B,2,14.866068747318504,0.08238187793641091,0.03161108428837928,True,0
tcrvdb_true,B,2,18.999999999999996,0.0,,False,0
