series,hla,fpr,tpr,auc01
FEAQPGALL,B*40:01,0.0,0.1,0.6135672514619883
FEAQPGALL,B*40:01,0.005,0.16,0.6135672514619883
FEAQPGALL,B*40:01,0.01,0.2,0.6135672514619883
FEAQPGALL,B*40:01,0.015,0.22,0.6135672514619883
FEAQPGALL,B*40:01,0.02,0.22,0.6135672514619883
FEAQPGALL,B*40:01,0.025,0.26,0.6135672514619883
FEAQPGALL,B*40:01,0.03,0.26,0.6135672514619883
FEAQPGALL,B*40:01,0.035,0.26,0.6135672514619883
FEAQPGALL,B*40:01,0.04,0.26,0.6135672514619883
FEAQPGALL,B*40:01,0.045,0.28,0.6135672514619883
FEAQPGALL,B*40:01,0.05,0.28,0.6135672514619883
FEAQPGALL,B*40:01,0.055,0.28,0.6135672514619883
FEAQPGALL,B*40:01,0.06,0.28,0.6135672514619883
FEAQPGALL,B*40:01,0.065,0.28,0.6135672514619883
FEAQPGALL,B*40:01,0.07,0.3,0.6135672514619883
FEAQPGALL,B*40:01,0.075,0.3,0.6135672514619883
FEAQPGALL,B*40:01,0.08,0.32,0.6135672514619883
FEAQPGALL,B*40:01,0.085,0.32,0.6135672514619883
FEAQPGALL,B*40:01,0.09,0.32,0.6135672514619883
FEAQPGALL,B*40:01,0.095,0.32,0.6135672514619883
FEAQPGALL,B*40:01,0.1,0.32,0.6135672514619883
FEAQPGALL,B*40:01,0.105,0.32,0.6135672514619883
FEAQPGALL,B*40:01,0.11,0.32,0.6135672514619883
FEAQPGALL,B*40:01,0.115,0.34,0.6135672514619883
FEAQPGALL,B*40:01,0.12,0.4,0.6135672514619883
FEAQPGALL,B*40:01,0.125,0.4,0.6135672514619883
FEAQPGALL,B*40:01,0.13,0.4,0.6135672514619883
FEAQPGALL,B*40:01,0.135,0.4,0.6135672514619883
FEAQPGALL,B*40:01,0.14,0.4,0.6135672514619883
FEAQPGALL,B*40:01,0.145,0.4,0.6135672514619883
FEAQPGALL,B*40:01,0.15,0.4,0.6135672514619883
FEAQPGALL,B*40:01,0.155,0.42,0.6135672514619883
FEAQPGALL,B*40:01,0.16,0.42,0.6135672514619883
FEAQPGALL,B*40:01,0.165,0.42,0.6135672514619883
FEAQPGALL,B*40:01,0.17,0.44,0.6135672514619883
FEAQPGALL,B*40:01,0.17500000000000002,0.44,0.6135672514619883
FEAQPGALL,B*40:01,0.18,0.44,0.6135672514619883
FEAQPGALL,B*40:01,0.185,0.44,0.6135672514619883
FEAQPGALL,B*40:01,0.19,0.44,0.6135672514619883
FEAQPGALL,B*40:01,0.195,0.46,0.6135672514619883
FEAQPGALL,B*40:01,0.2,0.46,0.6135672514619883
FEAQPGALL,B*40:01,0.20500000000000002,0.46,0.6135672514619883
FEAQPGALL,B*40:01,0.21,0.46,0.6135672514619883
FEAQPGALL,B*40:01,0.215,0.46,0.6135672514619883
FEAQPGALL,B*40:01,0.22,0.46,0.6135672514619883
FEAQPGALL,B*40:01,0.225,0.46,0.6135672514619883
FEAQPGALL,B*40:01,0.23,0.46,0.6135672514619883
FEAQPGALL,B*40:01,0.23500000000000001,0.48,0.6135672514619883
FEAQPGALL,B*40:01,0.24,0.48,0.6135672514619883
FEAQPGALL,B*40:01,0.245,0.48,0.6135672514619883
FEAQPGALL,B*40:01,0.25,0.48,0.6135672514619883
FEAQPGALL,B*40:01,0.255,0.48,0.6135672514619883
FEAQPGALL,B*40:01,0.26,0.48,0.6135672514619883
FEAQPGALL,B*40:01,0.265,0.48,0.6135672514619883
FEAQPGALL,B*40:01,0.27,0.48,0.6135672514619883
FEAQPGALL,B*40:01,0.275,0.48,0.6135672514619883
FEAQPGALL,B*40:01,0.28,0.5,0.6135672514619883
FEAQPGALL,B*40:01,0.28500000000000003,0.5,0.6135672514619883
FEAQPGALL,B*40:01,0.29,0.52,0.6135672514619883
FEAQPGALL,B*40:01,0.295,0.52,0.6135672514619883
FEAQPGALL,B*40:01,0.3,0.52,0.6135672514619883
FEAQPGALL,B*40:01,0.305,0.52,0.6135672514619883
FEAQPGALL,B*40:01,0.31,0.52,0.6135672514619883
FEAQPGALL,B*40:01,0.315,0.52,0.6135672514619883
FEAQPGALL,B*40:01,0.32,0.52,0.6135672514619883
FEAQPGALL,B*40:01,0.325,0.52,0.6135672514619883
FEAQPGALL,B*40:01,0.33,0.52,0.6135672514619883
FEAQPGALL,B*40:01,0.335,0.54,0.6135672514619883
FEAQPGALL,B*40:01,0.34,0.56,0.6135672514619883
FEAQPGALL,B*40:01,0.34500000000000003,0.56,0.6135672514619883
FEAQPGALL,B*40:01,0.35000000000000003,0.56,0.6135672514619883
FEAQPGALL,B*40:01,0.355,0.56,0.6135672514619883
FEAQPGALL,B*40:01,0.36,0.58,0.6135672514619883
FEAQPGALL,B*40:01,0.365,0.58,0.6135672514619883
FEAQPGALL,B*40:01,0.37,0.6,0.6135672514619883
FEAQPGALL,B*40:01,0.375,0.6,0.6135672514619883
FEAQPGALL,B*40:01,0.38,0.62,0.6135672514619883
FEAQPGALL,B*40:01,0.385,0.62,0.6135672514619883
FEAQPGALL,B*40:01,0.39,0.62,0.6135672514619883
FEAQPGALL,B*40:01,0.395,0.62,0.6135672514619883
FEAQPGALL,B*40:01,0.4,0.62,0.6135672514619883
FEAQPGALL,B*40:01,0.405,0.62,0.6135672514619883
FEAQPGALL,B*40:01,0.41000000000000003,0.62,0.6135672514619883
FEAQPGALL,B*40:01,0.41500000000000004,0.62,0.6135672514619883
FEAQPGALL,B*40:01,0.42,0.62,0.6135672514619883
FEAQPGALL,B*40:01,0.425,0.62,0.6135672514619883
FEAQPGALL,B*40:01,0.43,0.62,0.6135672514619883
FEAQPGALL,B*40:01,0.435,0.62,0.6135672514619883
FEAQPGALL,B*40:01,0.44,0.64,0.6135672514619883
FEAQPGALL,B*40:01,0.445,0.64,0.6135672514619883
FEAQPGALL,B*40:01,0.45,0.64,0.6135672514619883
FEAQPGALL,B*40:01,0.455,0.64,0.6135672514619883
FEAQPGALL,B*40:01,0.46,0.64,0.6135672514619883
FEAQPGALL,B*40:01,0.465,0.64,0.6135672514619883
FEAQPGALL,B*40:01,0.47000000000000003,0.64,0.6135672514619883
FEAQPGALL,B*40:01,0.47500000000000003,0.64,0.6135672514619883
FEAQPGALL,B*40:01,0.48,0.64,0.6135672514619883
FEAQPGALL,B*40:01,0.485,0.64,0.6135672514619883
FEAQPGALL,B*40:01,0.49,0.64,0.6135672514619883
FEAQPGALL,B*40:01,0.495,0.64,0.6135672514619883
FEAQPGALL,B*40:01,0.5,0.64,0.6135672514619883
FEAQPGALL,B*40:01,0.505,0.64,0.6135672514619883
FEAQPGALL,B*40:01,0.51,0.64,0.6135672514619883
FEAQPGALL,B*40:01,0.515,0.68,0.6135672514619883
FEAQPGALL,B*40:01,0.52,0.68,0.6135672514619883
FEAQPGALL,B*40:01,0.525,0.68,0.6135672514619883
FEAQPGALL,B*40:01,0.53,0.68,0.6135672514619883
FEAQPGALL,B*40:01,0.535,0.68,0.6135672514619883
FEAQPGALL,B*40:01,0.54,0.72,0.6135672514619883
FEAQPGALL,B*40:01,0.545,0.72,0.6135672514619883
FEAQPGALL,B*40:01,0.55,0.72,0.6135672514619883
FEAQPGALL,B*40:01,0.555,0.72,0.6135672514619883
FEAQPGALL,B*40:01,0.56,0.72,0.6135672514619883
FEAQPGALL,B*40:01,0.5650000000000001,0.72,0.6135672514619883
FEAQPGALL,B*40:01,0.5700000000000001,0.72,0.6135672514619883
FEAQPGALL,B*40:01,0.5750000000000001,0.72,0.6135672514619883
FEAQPGALL,B*40:01,0.58,0.72,0.6135672514619883
FEAQPGALL,B*40:01,0.585,0.72,0.6135672514619883
FEAQPGALL,B*40:01,0.59,0.72,0.6135672514619883
FEAQPGALL,B*40:01,0.595,0.72,0.6135672514619883
FEAQPGALL,B*40:01,0.6,0.72,0.6135672514619883
FEAQPGALL,B*40:01,0.605,0.72,0.6135672514619883
FEAQPGALL,B*40:01,0.61,0.74,0.6135672514619883
FEAQPGALL,B*40:01,0.615,0.74,0.6135672514619883
FEAQPGALL,B*40:01,0.62,0.74,0.6135672514619883
FEAQPGALL,B*40:01,0.625,0.74,0.6135672514619883
FEAQPGALL,B*40:01,0.63,0.74,0.6135672514619883
FEAQPGALL,B*40:01,0.635,0.76,0.6135672514619883
FEAQPGALL,B*40:01,0.64,0.76,0.6135672514619883
FEAQPGALL,B*40:01,0.645,0.76,0.6135672514619883
FEAQPGALL,B*40:01,0.65,0.76,0.6135672514619883
FEAQPGALL,B*40:01,0.655,0.76,0.6135672514619883
FEAQPGALL,B*40:01,0.66,0.76,0.6135672514619883
FEAQPGALL,B*40:01,0.665,0.76,0.6135672514619883
FEAQPGALL,B*40:01,0.67,0.76,0.6135672514619883
FEAQPGALL,B*40:01,0.675,0.76,0.6135672514619883
FEAQPGALL,B*40:01,0.68,0.76,0.6135672514619883
FEAQPGALL,B*40:01,0.685,0.78,0.6135672514619883
FEAQPGALL,B*40:01,0.6900000000000001,0.78,0.6135672514619883
FEAQPGALL,B*40:01,0.6950000000000001,0.78,0.6135672514619883
FEAQPGALL,B*40:01,0.7000000000000001,0.8,0.6135672514619883
FEAQPGALL,B*40:01,0.705,0.8,0.6135672514619883
FEAQPGALL,B*40:01,0.71,0.8,0.6135672514619883
FEAQPGALL,B*40:01,0.715,0.8,0.6135672514619883
FEAQPGALL,B*40:01,0.72,0.8,0.6135672514619883
FEAQPGALL,B*40:01,0.725,0.8,0.6135672514619883
FEAQPGALL,B*40:01,0.73,0.8,0.6135672514619883
FEAQPGALL,B*40:01,0.735,0.8,0.6135672514619883
FEAQPGALL,B*40:01,0.74,0.8,0.6135672514619883
FEAQPGALL,B*40:01,0.745,0.8,0.6135672514619883
FEAQPGALL,B*40:01,0.75,0.8,0.6135672514619883
FEAQPGALL,B*40:01,0.755,0.8,0.6135672514619883
FEAQPGALL,B*40:01,0.76,0.82,0.6135672514619883
FEAQPGALL,B*40:01,0.765,0.82,0.6135672514619883
FEAQPGALL,B*40:01,0.77,0.82,0.6135672514619883
FEAQPGALL,B*40:01,0.775,0.82,0.6135672514619883
FEAQPGALL,B*40:01,0.78,0.84,0.6135672514619883
FEAQPGALL,B*40:01,0.785,0.84,0.6135672514619883
FEAQPGALL,B*40:01,0.79,0.84,0.6135672514619883
FEAQPGALL,B*40:01,0.795,0.84,0.6135672514619883
FEAQPGALL,B*40:01,0.8,0.84,0.6135672514619883
FEAQPGALL,B*40:01,0.805,0.84,0.6135672514619883
FEAQPGALL,B*40:01,0.81,0.84,0.6135672514619883
FEAQPGALL,B*40:01,0.8150000000000001,0.84,0.6135672514619883
FEAQPGALL,B*40:01,0.8200000000000001,0.84,0.6135672514619883
FEAQPGALL,B*40:01,0.8250000000000001,0.84,0.6135672514619883
FEAQPGALL,B*40:01,0.8300000000000001,0.84,0.6135672514619883
FEAQPGALL,B*40:01,0.835,0.84,0.6135672514619883
FEAQPGALL,B*40:01,0.84,0.88,0.6135672514619883
FEAQPGALL,B*40:01,0.845,0.88,0.6135672514619883
FEAQPGALL,B*40:01,0.85,0.88,0.6135672514619883
FEAQPGALL,B*40:01,0.855,0.88,0.6135672514619883
FEAQPGALL,B*40:01,0.86,0.9,0.6135672514619883
FEAQPGALL,B*40:01,0.865,0.94,0.6135672514619883
FEAQPGALL,B*40:01,0.87,0.94,0.6135672514619883
FEAQPGALL,B*40:01,0.875,0.94,0.6135672514619883
FEAQPGALL,B*40:01,0.88,0.94,0.6135672514619883
FEAQPGALL,B*40:01,0.885,0.94,0.6135672514619883
FEAQPGALL,B*40:01,0.89,0.94,0.6135672514619883
FEAQPGALL,B*40:01,0.895,0.94,0.6135672514619883
FEAQPGALL,B*40:01,0.9,0.94,0.6135672514619883
FEAQPGALL,B*40:01,0.905,0.94,0.6135672514619883
FEAQPGALL,B*40:01,0.91,0.94,0.6135672514619883
FEAQPGALL,B*40:01,0.915,0.94,0.6135672514619883
FEAQPGALL,B*40:01,0.92,0.94,0.6135672514619883
FEAQPGALL,B*40:01,0.925,0.94,0.6135672514619883
FEAQPGALL,B*40:01,0.93,0.94,0.6135672514619883
FEAQPGALL,B*40:01,0.935,0.94,0.6135672514619883
FEAQPGALL,B*40:01,0.9400000000000001,0.96,0.6135672514619883
FEAQPGALL,B*40:01,0.9450000000000001,0.96,0.6135672514619883
FEAQPGALL,B*40:01,0.9500000000000001,0.96,0.6135672514619883
FEAQPGALL,B*40:01,0.9550000000000001,0.96,0.6135672514619883
FEAQPGALL,B*40:01,0.96,0.98,0.6135672514619883
FEAQPGALL,B*40:01,0.965,1.0,0.6135672514619883
FEAQPGALL,B*40:01,0.97,1.0,0.6135672514619883
FEAQPGALL,B*40:01,0.975,1.0,0.6135672514619883
FEAQPGALL,B*40:01,0.98,1.0,0.6135672514619883
FEAQPGALL,B*40:01,0.985,1.0,0.6135672514619883
FEAQPGALL,B*40:01,0.99,1.0,0.6135672514619883
FEAQPGALL,B*40:01,0.995,1.0,0.6135672514619883
FEAQPGALL,B*40:01,1.0,1.0,0.6135672514619883
FLDCKSYIL,A*02:01,0.0,0.0,0.5749707602339181
FLDCKSYIL,A*02:01,0.005,0.0,0.5749707602339181
FLDCKSYIL,A*02:01,0.01,0.04,0.5749707602339181
FLDCKSYIL,A*02:01,0.015,0.06,0.5749707602339181
FLDCKSYIL,A*02:01,0.02,0.06,0.5749707602339181
FLDCKSYIL,A*02:01,0.025,0.1,0.5749707602339181
FLDCKSYIL,A*02:01,0.03,0.1,0.5749707602339181
FLDCKSYIL,A*02:01,0.035,0.1,0.5749707602339181
FLDCKSYIL,A*02:01,0.04,0.14,0.5749707602339181
FLDCKSYIL,A*02:01,0.045,0.16,0.5749707602339181
FLDCKSYIL,A*02:01,0.05,0.16,0.5749707602339181
FLDCKSYIL,A*02:01,0.055,0.22,0.5749707602339181
FLDCKSYIL,A*02:01,0.06,0.26,0.5749707602339181
FLDCKSYIL,A*02:01,0.065,0.3,0.5749707602339181
FLDCKSYIL,A*02:01,0.07,0.32,0.5749707602339181
FLDCKSYIL,A*02:01,0.075,0.32,0.5749707602339181
FLDCKSYIL,A*02:01,0.08,0.34,0.5749707602339181
FLDCKSYIL,A*02:01,0.085,0.34,0.5749707602339181
FLDCKSYIL,A*02:01,0.09,0.34,0.5749707602339181
FLDCKSYIL,A*02:01,0.095,0.36,0.5749707602339181
FLDCKSYIL,A*02:01,0.1,0.36,0.5749707602339181
FLDCKSYIL,A*02:01,0.105,0.38,0.5749707602339181
FLDCKSYIL,A*02:01,0.11,0.4,0.5749707602339181
FLDCKSYIL,A*02:01,0.115,0.46,0.5749707602339181
FLDCKSYIL,A*02:01,0.12,0.46,0.5749707602339181
FLDCKSYIL,A*02:01,0.125,0.46,0.5749707602339181
FLDCKSYIL,A*02:01,0.13,0.46,0.5749707602339181
FLDCKSYIL,A*02:01,0.135,0.46,0.5749707602339181
FLDCKSYIL,A*02:01,0.14,0.46,0.5749707602339181
FLDCKSYIL,A*02:01,0.145,0.46,0.5749707602339181
FLDCKSYIL,A*02:01,0.15,0.46,0.5749707602339181
FLDCKSYIL,A*02:01,0.155,0.46,0.5749707602339181
FLDCKSYIL,A*02:01,0.16,0.46,0.5749707602339181
FLDCKSYIL,A*02:01,0.165,0.46,0.5749707602339181
FLDCKSYIL,A*02:01,0.17,0.48,0.5749707602339181
FLDCKSYIL,A*02:01,0.17500000000000002,0.48,0.5749707602339181
FLDCKSYIL,A*02:01,0.18,0.48,0.5749707602339181
FLDCKSYIL,A*02:01,0.185,0.5,0.5749707602339181
FLDCKSYIL,A*02:01,0.19,0.5,0.5749707602339181
FLDCKSYIL,A*02:01,0.195,0.5,0.5749707602339181
FLDCKSYIL,A*02:01,0.2,0.5,0.5749707602339181
FLDCKSYIL,A*02:01,0.20500000000000002,0.5,0.5749707602339181
FLDCKSYIL,A*02:01,0.21,0.52,0.5749707602339181
FLDCKSYIL,A*02:01,0.215,0.52,0.5749707602339181
FLDCKSYIL,A*02:01,0.22,0.52,0.5749707602339181
FLDCKSYIL,A*02:01,0.225,0.52,0.5749707602339181
FLDCKSYIL,A*02:01,0.23,0.54,0.5749707602339181
FLDCKSYIL,A*02:01,0.23500000000000001,0.56,0.5749707602339181
FLDCKSYIL,A*02:01,0.24,0.56,0.5749707602339181
FLDCKSYIL,A*02:01,0.245,0.58,0.5749707602339181
FLDCKSYIL,A*02:01,0.25,0.58,0.5749707602339181
FLDCKSYIL,A*02:01,0.255,0.6,0.5749707602339181
FLDCKSYIL,A*02:01,0.26,0.6,0.5749707602339181
FLDCKSYIL,A*02:01,0.265,0.6,0.5749707602339181
FLDCKSYIL,A*02:01,0.27,0.6,0.5749707602339181
FLDCKSYIL,A*02:01,0.275,0.6,0.5749707602339181
FLDCKSYIL,A*02:01,0.28,0.6,0.5749707602339181
FLDCKSYIL,A*02:01,0.28500000000000003,0.6,0.5749707602339181
FLDCKSYIL,A*02:01,0.29,0.6,0.5749707602339181
FLDCKSYIL,A*02:01,0.295,0.6,0.5749707602339181
FLDCKSYIL,A*02:01,0.3,0.6,0.5749707602339181
FLDCKSYIL,A*02:01,0.305,0.6,0.5749707602339181
FLDCKSYIL,A*02:01,0.31,0.6,0.5749707602339181
FLDCKSYIL,A*02:01,0.315,0.62,0.5749707602339181
FLDCKSYIL,A*02:01,0.32,0.62,0.5749707602339181
FLDCKSYIL,A*02:01,0.325,0.62,0.5749707602339181
FLDCKSYIL,A*02:01,0.33,0.62,0.5749707602339181
FLDCKSYIL,A*02:01,0.335,0.62,0.5749707602339181
FLDCKSYIL,A*02:01,0.34,0.62,0.5749707602339181
FLDCKSYIL,A*02:01,0.34500000000000003,0.62,0.5749707602339181
FLDCKSYIL,A*02:01,0.35000000000000003,0.62,0.5749707602339181
FLDCKSYIL,A*02:01,0.355,0.62,0.5749707602339181
FLDCKSYIL,A*02:01,0.36,0.62,0.5749707602339181
FLDCKSYIL,A*02:01,0.365,0.66,0.5749707602339181
FLDCKSYIL,A*02:01,0.37,0.66,0.5749707602339181
FLDCKSYIL,A*02:01,0.375,0.66,0.5749707602339181
FLDCKSYIL,A*02:01,0.38,0.68,0.5749707602339181
FLDCKSYIL,A*02:01,0.385,0.68,0.5749707602339181
FLDCKSYIL,A*02:01,0.39,0.68,0.5749707602339181
FLDCKSYIL,A*02:01,0.395,0.68,0.5749707602339181
FLDCKSYIL,A*02:01,0.4,0.7,0.5749707602339181
FLDCKSYIL,A*02:01,0.405,0.74,0.5749707602339181
FLDCKSYIL,A*02:01,0.41000000000000003,0.76,0.5749707602339181
FLDCKSYIL,A*02:01,0.41500000000000004,0.76,0.5749707602339181
FLDCKSYIL,A*02:01,0.42,0.76,0.5749707602339181
FLDCKSYIL,A*02:01,0.425,0.76,0.5749707602339181
FLDCKSYIL,A*02:01,0.43,0.76,0.5749707602339181
FLDCKSYIL,A*02:01,0.435,0.76,0.5749707602339181
FLDCKSYIL,A*02:01,0.44,0.76,0.5749707602339181
FLDCKSYIL,A*02:01,0.445,0.76,0.5749707602339181
FLDCKSYIL,A*02:01,0.45,0.76,0.5749707602339181
FLDCKSYIL,A*02:01,0.455,0.76,0.5749707602339181
FLDCKSYIL,A*02:01,0.46,0.76,0.5749707602339181
FLDCKSYIL,A*02:01,0.465,0.76,0.5749707602339181
FLDCKSYIL,A*02:01,0.47000000000000003,0.76,0.5749707602339181
FLDCKSYIL,A*02:01,0.47500000000000003,0.78,0.5749707602339181
FLDCKSYIL,A*02:01,0.48,0.78,0.5749707602339181
FLDCKSYIL,A*02:01,0.485,0.78,0.5749707602339181
FLDCKSYIL,A*02:01,0.49,0.78,0.5749707602339181
FLDCKSYIL,A*02:01,0.495,0.78,0.5749707602339181
FLDCKSYIL,A*02:01,0.5,0.78,0.5749707602339181
FLDCKSYIL,A*02:01,0.505,0.78,0.5749707602339181
FLDCKSYIL,A*02:01,0.51,0.78,0.5749707602339181
FLDCKSYIL,A*02:01,0.515,0.78,0.5749707602339181
FLDCKSYIL,A*02:01,0.52,0.78,0.5749707602339181
FLDCKSYIL,A*02:01,0.525,0.78,0.5749707602339181
FLDCKSYIL,A*02:01,0.53,0.78,0.5749707602339181
FLDCKSYIL,A*02:01,0.535,0.78,0.5749707602339181
FLDCKSYIL,A*02:01,0.54,0.78,0.5749707602339181
FLDCKSYIL,A*02:01,0.545,0.78,0.5749707602339181
FLDCKSYIL,A*02:01,0.55,0.8,0.5749707602339181
FLDCKSYIL,A*02:01,0.555,0.8,0.5749707602339181
FLDCKSYIL,A*02:01,0.56,0.82,0.5749707602339181
FLDCKSYIL,A*02:01,0.5650000000000001,0.86,0.5749707602339181
FLDCKSYIL,A*02:01,0.5700000000000001,0.86,0.5749707602339181
FLDCKSYIL,A*02:01,0.5750000000000001,0.86,0.5749707602339181
FLDCKSYIL,A*02:01,0.58,0.86,0.5749707602339181
FLDCKSYIL,A*02:01,0.585,0.86,0.5749707602339181
FLDCKSYIL,A*02:01,0.59,0.86,0.5749707602339181
FLDCKSYIL,A*02:01,0.595,0.86,0.5749707602339181
FLDCKSYIL,A*02:01,0.6,0.88,0.5749707602339181
FLDCKSYIL,A*02:01,0.605,0.88,0.5749707602339181
FLDCKSYIL,A*02:01,0.61,0.88,0.5749707602339181
FLDCKSYIL,A*02:01,0.615,0.88,0.5749707602339181
FLDCKSYIL,A*02:01,0.62,0.88,0.5749707602339181
FLDCKSYIL,A*02:01,0.625,0.88,0.5749707602339181
FLDCKSYIL,A*02:01,0.63,0.88,0.5749707602339181
FLDCKSYIL,A*02:01,0.635,0.88,0.5749707602339181
FLDCKSYIL,A*02:01,0.64,0.9,0.5749707602339181
FLDCKSYIL,A*02:01,0.645,0.9,0.5749707602339181
FLDCKSYIL,A*02:01,0.65,0.9,0.5749707602339181
FLDCKSYIL,A*02:01,0.655,0.9,0.5749707602339181
FLDCKSYIL,A*02:01,0.66,0.9,0.5749707602339181
FLDCKSYIL,A*02:01,0.665,0.9,0.5749707602339181
FLDCKSYIL,A*02:01,0.67,0.9,0.5749707602339181
FLDCKSYIL,A*02:01,0.675,0.9,0.5749707602339181
FLDCKSYIL,A*02:01,0.68,0.9,0.5749707602339181
FLDCKSYIL,A*02:01,0.685,0.9,0.5749707602339181
FLDCKSYIL,A*02:01,0.6900000000000001,0.9,0.5749707602339181
FLDCKSYIL,A*02:01,0.6950000000000001,0.9,0.5749707602339181
FLDCKSYIL,A*02:01,0.7000000000000001,0.9,0.5749707602339181
FLDCKSYIL,A*02:01,0.705,0.9,0.5749707602339181
FLDCKSYIL,A*02:01,0.71,0.9,0.5749707602339181
FLDCKSYIL,A*02:01,0.715,0.9,0.5749707602339181
FLDCKSYIL,A*02:01,0.72,0.9,0.5749707602339181
FLDCKSYIL,A*02:01,0.725,0.9,0.5749707602339181
FLDCKSYIL,A*02:01,0.73,0.9,0.5749707602339181
FLDCKSYIL,A*02:01,0.735,0.92,0.5749707602339181
FLDCKSYIL,A*02:01,0.74,0.92,0.5749707602339181
FLDCKSYIL,A*02:01,0.745,0.92,0.5749707602339181
FLDCKSYIL,A*02:01,0.75,0.92,0.5749707602339181
FLDCKSYIL,A*02:01,0.755,0.92,0.5749707602339181
FLDCKSYIL,A*02:01,0.76,0.92,0.5749707602339181
FLDCKSYIL,A*02:01,0.765,0.92,0.5749707602339181
FLDCKSYIL,A*02:01,0.77,0.92,0.5749707602339181
FLDCKSYIL,A*02:01,0.775,0.92,0.5749707602339181
FLDCKSYIL,A*02:01,0.78,0.92,0.5749707602339181
FLDCKSYIL,A*02:01,0.785,0.92,0.5749707602339181
FLDCKSYIL,A*02:01,0.79,0.92,0.5749707602339181
FLDCKSYIL,A*02:01,0.795,0.92,0.5749707602339181
FLDCKSYIL,A*02:01,0.8,0.92,0.5749707602339181
FLDCKSYIL,A*02:01,0.805,0.92,0.5749707602339181
FLDCKSYIL,A*02:01,0.81,0.92,0.5749707602339181
FLDCKSYIL,A*02:01,0.8150000000000001,0.92,0.5749707602339181
FLDCKSYIL,A*02:01,0.8200000000000001,0.94,0.5749707602339181
FLDCKSYIL,A*02:01,0.8250000000000001,0.94,0.5749707602339181
FLDCKSYIL,A*02:01,0.8300000000000001,0.94,0.5749707602339181
FLDCKSYIL,A*02:01,0.835,0.94,0.5749707602339181
FLDCKSYIL,A*02:01,0.84,0.94,0.5749707602339181
FLDCKSYIL,A*02:01,0.845,0.94,0.5749707602339181
FLDCKSYIL,A*02:01,0.85,0.94,0.5749707602339181
FLDCKSYIL,A*02:01,0.855,0.94,0.5749707602339181
FLDCKSYIL,A*02:01,0.86,0.94,0.5749707602339181
FLDCKSYIL,A*02:01,0.865,0.94,0.5749707602339181
FLDCKSYIL,A*02:01,0.87,0.94,0.5749707602339181
FLDCKSYIL,A*02:01,0.875,0.96,0.5749707602339181
FLDCKSYIL,A*02:01,0.88,0.96,0.5749707602339181
FLDCKSYIL,A*02:01,0.885,0.96,0.5749707602339181
FLDCKSYIL,A*02:01,0.89,0.96,0.5749707602339181
FLDCKSYIL,A*02:01,0.895,0.96,0.5749707602339181
FLDCKSYIL,A*02:01,0.9,0.96,0.5749707602339181
FLDCKSYIL,A*02:01,0.905,0.98,0.5749707602339181
FLDCKSYIL,A*02:01,0.91,0.98,0.5749707602339181
FLDCKSYIL,A*02:01,0.915,0.98,0.5749707602339181
FLDCKSYIL,A*02:01,0.92,0.98,0.5749707602339181
FLDCKSYIL,A*02:01,0.925,0.98,0.5749707602339181
FLDCKSYIL,A*02:01,0.93,0.98,0.5749707602339181
FLDCKSYIL,A*02:01,0.935,1.0,0.5749707602339181
FLDCKSYIL,A*02:01,0.9400000000000001,1.0,0.5749707602339181
FLDCKSYIL,A*02:01,0.9450000000000001,1.0,0.5749707602339181
FLDCKSYIL,A*02:01,0.9500000000000001,1.0,0.5749707602339181
FLDCKSYIL,A*02:01,0.9550000000000001,1.0,0.5749707602339181
FLDCKSYIL,A*02:01,0.96,1.0,0.5749707602339181
FLDCKSYIL,A*02:01,0.965,1.0,0.5749707602339181
FLDCKSYIL,A*02:01,0.97,1.0,0.5749707602339181
FLDCKSYIL,A*02:01,0.975,1.0,0.5749707602339181
FLDCKSYIL,A*02:01,0.98,1.0,0.5749707602339181
FLDCKSYIL,A*02:01,0.985,1.0,0.5749707602339181
FLDCKSYIL,A*02:01,0.99,1.0,0.5749707602339181
FLDCKSYIL,A*02:01,0.995,1.0,0.5749707602339181
FLDCKSYIL,A*02:01,1.0,1.0,0.5749707602339181
GENALTYAL,B*40:01,0.0,0.02,0.7773099415204678
GENALTYAL,B*40:01,0.005,0.12,0.7773099415204678
GENALTYAL,B*40:01,0.01,0.28,0.7773099415204678
GENALTYAL,B*40:01,0.015,0.38,0.7773099415204678
GENALTYAL,B*40:01,0.02,0.46,0.7773099415204678
GENALTYAL,B*40:01,0.025,0.5,0.7773099415204678
GENALTYAL,B*40:01,0.03,0.56,0.7773099415204678
GENALTYAL,B*40:01,0.035,0.58,0.7773099415204678
GENALTYAL,B*40:01,0.04,0.58,0.7773099415204678
GENALTYAL,B*40:01,0.045,0.58,0.7773099415204678
GENALTYAL,B*40:01,0.05,0.6,0.7773099415204678
GENALTYAL,B*40:01,0.055,0.64,0.7773099415204678
GENALTYAL,B*40:01,0.06,0.7,0.7773099415204678
GENALTYAL,B*40:01,0.065,0.7,0.7773099415204678
GENALTYAL,B*40:01,0.07,0.7,0.7773099415204678
GENALTYAL,B*40:01,0.075,0.72,0.7773099415204678
GENALTYAL,B*40:01,0.08,0.76,0.7773099415204678
GENALTYAL,B*40:01,0.085,0.76,0.7773099415204678
GENALTYAL,B*40:01,0.09,0.76,0.7773099415204678
GENALTYAL,B*40:01,0.095,0.76,0.7773099415204678
GENALTYAL,B*40:01,0.1,0.76,0.7773099415204678
GENALTYAL,B*40:01,0.105,0.76,0.7773099415204678
GENALTYAL,B*40:01,0.11,0.78,0.7773099415204678
GENALTYAL,B*40:01,0.115,0.78,0.7773099415204678
GENALTYAL,B*40:01,0.12,0.78,0.7773099415204678
GENALTYAL,B*40:01,0.125,0.78,0.7773099415204678
GENALTYAL,B*40:01,0.13,0.78,0.7773099415204678
GENALTYAL,B*40:01,0.135,0.78,0.7773099415204678
GENALTYAL,B*40:01,0.14,0.78,0.7773099415204678
GENALTYAL,B*40:01,0.145,0.78,0.7773099415204678
GENALTYAL,B*40:01,0.15,0.78,0.7773099415204678
GENALTYAL,B*40:01,0.155,0.8,0.7773099415204678
GENALTYAL,B*40:01,0.16,0.84,0.7773099415204678
GENALTYAL,B*40:01,0.165,0.84,0.7773099415204678
GENALTYAL,B*40:01,0.17,0.84,0.7773099415204678
GENALTYAL,B*40:01,0.17500000000000002,0.84,0.7773099415204678
GENALTYAL,B*40:01,0.18,0.84,0.7773099415204678
GENALTYAL,B*40:01,0.185,0.84,0.7773099415204678
GENALTYAL,B*40:01,0.19,0.84,0.7773099415204678
GENALTYAL,B*40:01,0.195,0.84,0.7773099415204678
GENALTYAL,B*40:01,0.2,0.84,0.7773099415204678
GENALTYAL,B*40:01,0.20500000000000002,0.84,0.7773099415204678
GENALTYAL,B*40:01,0.21,0.86,0.7773099415204678
GENALTYAL,B*40:01,0.215,0.86,0.7773099415204678
GENALTYAL,B*40:01,0.22,0.86,0.7773099415204678
GENALTYAL,B*40:01,0.225,0.86,0.7773099415204678
GENALTYAL,B*40:01,0.23,0.86,0.7773099415204678
GENALTYAL,B*40:01,0.23500000000000001,0.86,0.7773099415204678
GENALTYAL,B*40:01,0.24,0.88,0.7773099415204678
GENALTYAL,B*40:01,0.245,0.88,0.7773099415204678
GENALTYAL,B*40:01,0.25,0.88,0.7773099415204678
GENALTYAL,B*40:01,0.255,0.88,0.7773099415204678
GENALTYAL,B*40:01,0.26,0.9,0.7773099415204678
GENALTYAL,B*40:01,0.265,0.9,0.7773099415204678
GENALTYAL,B*40:01,0.27,0.9,0.7773099415204678
GENALTYAL,B*40:01,0.275,0.9,0.7773099415204678
GENALTYAL,B*40:01,0.28,0.9,0.7773099415204678
GENALTYAL,B*40:01,0.28500000000000003,0.9,0.7773099415204678
GENALTYAL,B*40:01,0.29,0.9,0.7773099415204678
GENALTYAL,B*40:01,0.295,0.9,0.7773099415204678
GENALTYAL,B*40:01,0.3,0.9,0.7773099415204678
GENALTYAL,B*40:01,0.305,0.9,0.7773099415204678
GENALTYAL,B*40:01,0.31,0.9,0.7773099415204678
GENALTYAL,B*40:01,0.315,0.9,0.7773099415204678
GENALTYAL,B*40:01,0.32,0.9,0.7773099415204678
GENALTYAL,B*40:01,0.325,0.9,0.7773099415204678
GENALTYAL,B*40:01,0.33,0.9,0.7773099415204678
GENALTYAL,B*40:01,0.335,0.9,0.7773099415204678
GENALTYAL,B*40:01,0.34,0.9,0.7773099415204678
GENALTYAL,B*40:01,0.34500000000000003,0.9,0.7773099415204678
GENALTYAL,B*40:01,0.35000000000000003,0.9,0.7773099415204678
GENALTYAL,B*40:01,0.355,0.9,0.7773099415204678
GENALTYAL,B*40:01,0.36,0.9,0.7773099415204678
GENALTYAL,B*40:01,0.365,0.92,0.7773099415204678
GENALTYAL,B*40:01,0.37,0.92,0.7773099415204678
GENALTYAL,B*40:01,0.375,0.92,0.7773099415204678
GENALTYAL,B*40:01,0.38,0.92,0.7773099415204678
GENALTYAL,B*40:01,0.385,0.92,0.7773099415204678
GENALTYAL,B*40:01,0.39,0.92,0.7773099415204678
GENALTYAL,B*40:01,0.395,0.92,0.7773099415204678
GENALTYAL,B*40:01,0.4,0.92,0.7773099415204678
GENALTYAL,B*40:01,0.405,0.92,0.7773099415204678
GENALTYAL,B*40:01,0.41000000000000003,0.94,0.7773099415204678
GENALTYAL,B*40:01,0.41500000000000004,0.94,0.7773099415204678
GENALTYAL,B*40:01,0.42,0.94,0.7773099415204678
GENALTYAL,B*40:01,0.425,0.94,0.7773099415204678
GENALTYAL,B*40:01,0.43,0.94,0.7773099415204678
GENALTYAL,B*40:01,0.435,0.94,0.7773099415204678
GENALTYAL,B*40:01,0.44,0.94,0.7773099415204678
GENALTYAL,B*40:01,0.445,0.94,0.7773099415204678
GENALTYAL,B*40:01,0.45,0.94,0.7773099415204678
GENALTYAL,B*40:01,0.455,0.94,0.7773099415204678
GENALTYAL,B*40:01,0.46,0.94,0.7773099415204678
GENALTYAL,B*40:01,0.465,0.94,0.7773099415204678
GENALTYAL,B*40:01,0.47000000000000003,0.94,0.7773099415204678
GENALTYAL,B*40:01,0.47500000000000003,0.94,0.7773099415204678
GENALTYAL,B*40:01,0.48,0.98,0.7773099415204678
GENALTYAL,B*40:01,0.485,0.98,0.7773099415204678
GENALTYAL,B*40:01,0.49,0.98,0.7773099415204678
GENALTYAL,B*40:01,0.495,0.98,0.7773099415204678
GENALTYAL,B*40:01,0.5,0.98,0.7773099415204678
GENALTYAL,B*40:01,0.505,0.98,0.7773099415204678
GENALTYAL,B*40:01,0.51,0.98,0.7773099415204678
GENALTYAL,B*40:01,0.515,0.98,0.7773099415204678
GENALTYAL,B*40:01,0.52,0.98,0.7773099415204678
GENALTYAL,B*40:01,0.525,0.98,0.7773099415204678
GENALTYAL,B*40:01,0.53,0.98,0.7773099415204678
GENALTYAL,B*40:01,0.535,0.98,0.7773099415204678
GENALTYAL,B*40:01,0.54,0.98,0.7773099415204678
GENALTYAL,B*40:01,0.545,0.98,0.7773099415204678
GENALTYAL,B*40:01,0.55,0.98,0.7773099415204678
GENALTYAL,B*40:01,0.555,0.98,0.7773099415204678
GENALTYAL,B*40:01,0.56,0.98,0.7773099415204678
GENALTYAL,B*40:01,0.5650000000000001,0.98,0.7773099415204678
GENALTYAL,B*40:01,0.5700000000000001,0.98,0.7773099415204678
GENALTYAL,B*40:01,0.5750000000000001,0.98,0.7773099415204678
GENALTYAL,B*40:01,0.58,0.98,0.7773099415204678
GENALTYAL,B*40:01,0.585,0.98,0.7773099415204678
GENALTYAL,B*40:01,0.59,0.98,0.7773099415204678
GENALTYAL,B*40:01,0.595,0.98,0.7773099415204678
GENALTYAL,B*40:01,0.6,0.98,0.7773099415204678
GENALTYAL,B*40:01,0.605,0.98,0.7773099415204678
GENALTYAL,B*40:01,0.61,0.98,0.7773099415204678
GENALTYAL,B*40:01,0.615,0.98,0.7773099415204678
GENALTYAL,B*40:01,0.62,0.98,0.7773099415204678
GENALTYAL,B*40:01,0.625,0.98,0.7773099415204678
GENALTYAL,B*40:01,0.63,0.98,0.7773099415204678
GENALTYAL,B*40:01,0.635,0.98,0.7773099415204678
GENALTYAL,B*40:01,0.64,0.98,0.7773099415204678
GENALTYAL,B*40:01,0.645,0.98,0.7773099415204678
GENALTYAL,B*40:01,0.65,0.98,0.7773099415204678
GENALTYAL,B*40:01,0.655,0.98,0.7773099415204678
GENALTYAL,B*40:01,0.66,0.98,0.7773099415204678
GENALTYAL,B*40:01,0.665,0.98,0.7773099415204678
GENALTYAL,B*40:01,0.67,0.98,0.7773099415204678
GENALTYAL,B*40:01,0.675,0.98,0.7773099415204678
GENALTYAL,B*40:01,0.68,0.98,0.7773099415204678
GENALTYAL,B*40:01,0.685,0.98,0.7773099415204678
GENALTYAL,B*40:01,0.6900000000000001,0.98,0.7773099415204678
GENALTYAL,B*40:01,0.6950000000000001,0.98,0.7773099415204678
GENALTYAL,B*40:01,0.7000000000000001,0.98,0.7773099415204678
GENALTYAL,B*40:01,0.705,0.98,0.7773099415204678
GENALTYAL,B*40:01,0.71,0.98,0.7773099415204678
GENALTYAL,B*40:01,0.715,0.98,0.7773099415204678
GENALTYAL,B*40:01,0.72,0.98,0.7773099415204678
GENALTYAL,B*40:01,0.725,0.98,0.7773099415204678
GENALTYAL,B*40:01,0.73,0.98,0.7773099415204678
GENALTYAL,B*40:01,0.735,0.98,0.7773099415204678
GENALTYAL,B*40:01,0.74,0.98,0.7773099415204678
GENALTYAL,B*40:01,0.745,1.0,0.7773099415204678
GENALTYAL,B*40:01,0.75,1.0,0.7773099415204678
GENALTYAL,B*40:01,0.755,1.0,0.7773099415204678
GENALTYAL,B*40:01,0.76,1.0,0.7773099415204678
GENALTYAL,B*40:01,0.765,1.0,0.7773099415204678
GENALTYAL,B*40:01,0.77,1.0,0.7773099415204678
GENALTYAL,B*40:01,0.775,1.0,0.7773099415204678
GENALTYAL,B*40:01,0.78,1.0,0.7773099415204678
GENALTYAL,B*40:01,0.785,1.0,0.7773099415204678
GENALTYAL,B*40:01,0.79,1.0,0.7773099415204678
GENALTYAL,B*40:01,0.795,1.0,0.7773099415204678
GENALTYAL,B*40:01,0.8,1.0,0.7773099415204678
GENALTYAL,B*40:01,0.805,1.0,0.7773099415204678
GENALTYAL,B*40:01,0.81,1.0,0.7773099415204678
GENALTYAL,B*40:01,0.8150000000000001,1.0,0.7773099415204678
GENALTYAL,B*40:01,0.8200000000000001,1.0,0.7773099415204678
GENALTYAL,B*40:01,0.8250000000000001,1.0,0.7773099415204678
GENALTYAL,B*40:01,0.8300000000000001,1.0,0.7773099415204678
GENALTYAL,B*40:01,0.835,1.0,0.7773099415204678
GENALTYAL,B*40:01,0.84,1.0,0.7773099415204678
GENALTYAL,B*40:01,0.845,1.0,0.7773099415204678
GENALTYAL,B*40:01,0.85,1.0,0.7773099415204678
GENALTYAL,B*40:01,0.855,1.0,0.7773099415204678
GENALTYAL,B*40:01,0.86,1.0,0.7773099415204678
GENALTYAL,B*40:01,0.865,1.0,0.7773099415204678
GENALTYAL,B*40:01,0.87,1.0,0.7773099415204678
GENALTYAL,B*40:01,0.875,1.0,0.7773099415204678
GENALTYAL,B*40:01,0.88,1.0,0.7773099415204678
GENALTYAL,B*40:01,0.885,1.0,0.7773099415204678
GENALTYAL,B*40:01,0.89,1.0,0.7773099415204678
GENALTYAL,B*40:01,0.895,1.0,0.7773099415204678
GENALTYAL,B*40:01,0.9,1.0,0.7773099415204678
GENALTYAL,B*40:01,0.905,1.0,0.7773099415204678
GENALTYAL,B*40:01,0.91,1.0,0.7773099415204678
GENALTYAL,B*40:01,0.915,1.0,0.7773099415204678
GENALTYAL,B*40:01,0.92,1.0,0.7773099415204678
GENALTYAL,B*40:01,0.925,1.0,0.7773099415204678
GENALTYAL,B*40:01,0.93,1.0,0.7773099415204678
GENALTYAL,B*40:01,0.935,1.0,0.7773099415204678
GENALTYAL,B*40:01,0.9400000000000001,1.0,0.7773099415204678
GENALTYAL,B*40:01,0.9450000000000001,1.0,0.7773099415204678
GENALTYAL,B*40:01,0.9500000000000001,1.0,0.7773099415204678
GENALTYAL,B*40:01,0.9550000000000001,1.0,0.7773099415204678
GENALTYAL,B*40:01,0.96,1.0,0.7773099415204678
GENALTYAL,B*40:01,0.965,1.0,0.7773099415204678
GENALTYAL,B*40:01,0.97,1.0,0.7773099415204678
GENALTYAL,B*40:01,0.975,1.0,0.7773099415204678
GENALTYAL,B*40:01,0.98,1.0,0.7773099415204678
GENALTYAL,B*40:01,0.985,1.0,0.7773099415204678
GENALTYAL,B*40:01,0.99,1.0,0.7773099415204678
GENALTYAL,B*40:01,0.995,1.0,0.7773099415204678
GENALTYAL,B*40:01,1.0,1.0,0.7773099415204678
GEVLACYAL,B*40:01,0.0,0.06,0.6523976608187134
GEVLACYAL,B*40:01,0.005,0.14,0.6523976608187134
GEVLACYAL,B*40:01,0.01,0.22,0.6523976608187134
GEVLACYAL,B*40:01,0.015,0.3,0.6523976608187134
GEVLACYAL,B*40:01,0.02,0.3,0.6523976608187134
GEVLACYAL,B*40:01,0.025,0.3,0.6523976608187134
GEVLACYAL,B*40:01,0.03,0.34,0.6523976608187134
GEVLACYAL,B*40:01,0.035,0.34,0.6523976608187134
GEVLACYAL,B*40:01,0.04,0.34,0.6523976608187134
GEVLACYAL,B*40:01,0.045,0.34,0.6523976608187134
GEVLACYAL,B*40:01,0.05,0.34,0.6523976608187134
GEVLACYAL,B*40:01,0.055,0.36,0.6523976608187134
GEVLACYAL,B*40:01,0.06,0.36,0.6523976608187134
GEVLACYAL,B*40:01,0.065,0.36,0.6523976608187134
GEVLACYAL,B*40:01,0.07,0.36,0.6523976608187134
GEVLACYAL,B*40:01,0.075,0.38,0.6523976608187134
GEVLACYAL,B*40:01,0.08,0.42,0.6523976608187134
GEVLACYAL,B*40:01,0.085,0.42,0.6523976608187134
GEVLACYAL,B*40:01,0.09,0.44,0.6523976608187134
GEVLACYAL,B*40:01,0.095,0.46,0.6523976608187134
GEVLACYAL,B*40:01,0.1,0.46,0.6523976608187134
GEVLACYAL,B*40:01,0.105,0.46,0.6523976608187134
GEVLACYAL,B*40:01,0.11,0.46,0.6523976608187134
GEVLACYAL,B*40:01,0.115,0.48,0.6523976608187134
GEVLACYAL,B*40:01,0.12,0.5,0.6523976608187134
GEVLACYAL,B*40:01,0.125,0.5,0.6523976608187134
GEVLACYAL,B*40:01,0.13,0.5,0.6523976608187134
GEVLACYAL,B*40:01,0.135,0.5,0.6523976608187134
GEVLACYAL,B*40:01,0.14,0.5,0.6523976608187134
GEVLACYAL,B*40:01,0.145,0.5,0.6523976608187134
GEVLACYAL,B*40:01,0.15,0.5,0.6523976608187134
GEVLACYAL,B*40:01,0.155,0.5,0.6523976608187134
GEVLACYAL,B*40:01,0.16,0.52,0.6523976608187134
GEVLACYAL,B*40:01,0.165,0.56,0.6523976608187134
GEVLACYAL,B*40:01,0.17,0.58,0.6523976608187134
GEVLACYAL,B*40:01,0.17500000000000002,0.6,0.6523976608187134
GEVLACYAL,B*40:01,0.18,0.6,0.6523976608187134
GEVLACYAL,B*40:01,0.185,0.6,0.6523976608187134
GEVLACYAL,B*40:01,0.19,0.6,0.6523976608187134
GEVLACYAL,B*40:01,0.195,0.62,0.6523976608187134
GEVLACYAL,B*40:01,0.2,0.62,0.6523976608187134
GEVLACYAL,B*40:01,0.20500000000000002,0.64,0.6523976608187134
GEVLACYAL,B*40:01,0.21,0.64,0.6523976608187134
GEVLACYAL,B*40:01,0.215,0.64,0.6523976608187134
GEVLACYAL,B*40:01,0.22,0.66,0.6523976608187134
GEVLACYAL,B*40:01,0.225,0.66,0.6523976608187134
GEVLACYAL,B*40:01,0.23,0.66,0.6523976608187134
GEVLACYAL,B*40:01,0.23500000000000001,0.66,0.6523976608187134
GEVLACYAL,B*40:01,0.24,0.66,0.6523976608187134
GEVLACYAL,B*40:01,0.245,0.66,0.6523976608187134
GEVLACYAL,B*40:01,0.25,0.66,0.6523976608187134
GEVLACYAL,B*40:01,0.255,0.66,0.6523976608187134
GEVLACYAL,B*40:01,0.26,0.66,0.6523976608187134
GEVLACYAL,B*40:01,0.265,0.66,0.6523976608187134
GEVLACYAL,B*40:01,0.27,0.66,0.6523976608187134
GEVLACYAL,B*40:01,0.275,0.66,0.6523976608187134
GEVLACYAL,B*40:01,0.28,0.66,0.6523976608187134
GEVLACYAL,B*40:01,0.28500000000000003,0.66,0.6523976608187134
GEVLACYAL,B*40:01,0.29,0.66,0.6523976608187134
GEVLACYAL,B*40:01,0.295,0.66,0.6523976608187134
GEVLACYAL,B*40:01,0.3,0.66,0.6523976608187134
GEVLACYAL,B*40:01,0.305,0.66,0.6523976608187134
GEVLACYAL,B*40:01,0.31,0.68,0.6523976608187134
GEVLACYAL,B*40:01,0.315,0.68,0.6523976608187134
GEVLACYAL,B*40:01,0.32,0.68,0.6523976608187134
GEVLACYAL,B*40:01,0.325,0.68,0.6523976608187134
GEVLACYAL,B*40:01,0.33,0.68,0.6523976608187134
GEVLACYAL,B*40:01,0.335,0.68,0.6523976608187134
GEVLACYAL,B*40:01,0.34,0.68,0.6523976608187134
GEVLACYAL,B*40:01,0.34500000000000003,0.68,0.6523976608187134
GEVLACYAL,B*40:01,0.35000000000000003,0.68,0.6523976608187134
GEVLACYAL,B*40:01,0.355,0.68,0.6523976608187134
GEVLACYAL,B*40:01,0.36,0.68,0.6523976608187134
GEVLACYAL,B*40:01,0.365,0.68,0.6523976608187134
GEVLACYAL,B*40:01,0.37,0.68,0.6523976608187134
GEVLACYAL,B*40:01,0.375,0.68,0.6523976608187134
GEVLACYAL,B*40:01,0.38,0.68,0.6523976608187134
GEVLACYAL,B*40:01,0.385,0.68,0.6523976608187134
GEVLACYAL,B*40:01,0.39,0.7,0.6523976608187134
GEVLACYAL,B*40:01,0.395,0.7,0.6523976608187134
GEVLACYAL,B*40:01,0.4,0.7,0.6523976608187134
GEVLACYAL,B*40:01,0.405,0.7,0.6523976608187134
GEVLACYAL,B*40:01,0.41000000000000003,0.7,0.6523976608187134
GEVLACYAL,B*40:01,0.41500000000000004,0.7,0.6523976608187134
GEVLACYAL,B*40:01,0.42,0.7,0.6523976608187134
GEVLACYAL,B*40:01,0.425,0.7,0.6523976608187134
GEVLACYAL,B*40:01,0.43,0.7,0.6523976608187134
GEVLACYAL,B*40:01,0.435,0.7,0.6523976608187134
GEVLACYAL,B*40:01,0.44,0.7,0.6523976608187134
GEVLACYAL,B*40:01,0.445,0.7,0.6523976608187134
GEVLACYAL,B*40:01,0.45,0.7,0.6523976608187134
GEVLACYAL,B*40:01,0.455,0.7,0.6523976608187134
GEVLACYAL,B*40:01,0.46,0.7,0.6523976608187134
GEVLACYAL,B*40:01,0.465,0.7,0.6523976608187134
GEVLACYAL,B*40:01,0.47000000000000003,0.72,0.6523976608187134
GEVLACYAL,B*40:01,0.47500000000000003,0.74,0.6523976608187134
GEVLACYAL,B*40:01,0.48,0.74,0.6523976608187134
GEVLACYAL,B*40:01,0.485,0.74,0.6523976608187134
GEVLACYAL,B*40:01,0.49,0.74,0.6523976608187134
GEVLACYAL,B*40:01,0.495,0.74,0.6523976608187134
GEVLACYAL,B*40:01,0.5,0.74,0.6523976608187134
GEVLACYAL,B*40:01,0.505,0.76,0.6523976608187134
GEVLACYAL,B*40:01,0.51,0.76,0.6523976608187134
GEVLACYAL,B*40:01,0.515,0.78,0.6523976608187134
GEVLACYAL,B*40:01,0.52,0.78,0.6523976608187134
GEVLACYAL,B*40:01,0.525,0.78,0.6523976608187134
GEVLACYAL,B*40:01,0.53,0.78,0.6523976608187134
GEVLACYAL,B*40:01,0.535,0.78,0.6523976608187134
GEVLACYAL,B*40:01,0.54,0.78,0.6523976608187134
GEVLACYAL,B*40:01,0.545,0.78,0.6523976608187134
GEVLACYAL,B*40:01,0.55,0.78,0.6523976608187134
GEVLACYAL,B*40:01,0.555,0.78,0.6523976608187134
GEVLACYAL,B*40:01,0.56,0.78,0.6523976608187134
GEVLACYAL,B*40:01,0.5650000000000001,0.78,0.6523976608187134
GEVLACYAL,B*40:01,0.5700000000000001,0.78,0.6523976608187134
GEVLACYAL,B*40:01,0.5750000000000001,0.78,0.6523976608187134
GEVLACYAL,B*40:01,0.58,0.78,0.6523976608187134
GEVLACYAL,B*40:01,0.585,0.8,0.6523976608187134
GEVLACYAL,B*40:01,0.59,0.8,0.6523976608187134
GEVLACYAL,B*40:01,0.595,0.8,0.6523976608187134
GEVLACYAL,B*40:01,0.6,0.82,0.6523976608187134
GEVLACYAL,B*40:01,0.605,0.82,0.6523976608187134
GEVLACYAL,B*40:01,0.61,0.82,0.6523976608187134
GEVLACYAL,B*40:01,0.615,0.82,0.6523976608187134
GEVLACYAL,B*40:01,0.62,0.82,0.6523976608187134
GEVLACYAL,B*40:01,0.625,0.84,0.6523976608187134
GEVLACYAL,B*40:01,0.63,0.84,0.6523976608187134
GEVLACYAL,B*40:01,0.635,0.84,0.6523976608187134
GEVLACYAL,B*40:01,0.64,0.84,0.6523976608187134
GEVLACYAL,B*40:01,0.645,0.84,0.6523976608187134
GEVLACYAL,B*40:01,0.65,0.84,0.6523976608187134
GEVLACYAL,B*40:01,0.655,0.86,0.6523976608187134
GEVLACYAL,B*40:01,0.66,0.86,0.6523976608187134
GEVLACYAL,B*40:01,0.665,0.86,0.6523976608187134
GEVLACYAL,B*40:01,0.67,0.86,0.6523976608187134
GEVLACYAL,B*40:01,0.675,0.86,0.6523976608187134
GEVLACYAL,B*40:01,0.68,0.86,0.6523976608187134
GEVLACYAL,B*40:01,0.685,0.86,0.6523976608187134
GEVLACYAL,B*40:01,0.6900000000000001,0.86,0.6523976608187134
GEVLACYAL,B*40:01,0.6950000000000001,0.86,0.6523976608187134
GEVLACYAL,B*40:01,0.7000000000000001,0.86,0.6523976608187134
GEVLACYAL,B*40:01,0.705,0.88,0.6523976608187134
GEVLACYAL,B*40:01,0.71,0.88,0.6523976608187134
GEVLACYAL,B*40:01,0.715,0.88,0.6523976608187134
GEVLACYAL,B*40:01,0.72,0.88,0.6523976608187134
GEVLACYAL,B*40:01,0.725,0.88,0.6523976608187134
GEVLACYAL,B*40:01,0.73,0.88,0.6523976608187134
GEVLACYAL,B*40:01,0.735,0.88,0.6523976608187134
GEVLACYAL,B*40:01,0.74,0.88,0.6523976608187134
GEVLACYAL,B*40:01,0.745,0.88,0.6523976608187134
GEVLACYAL,B*40:01,0.75,0.88,0.6523976608187134
GEVLACYAL,B*40:01,0.755,0.88,0.6523976608187134
GEVLACYAL,B*40:01,0.76,0.88,0.6523976608187134
GEVLACYAL,B*40:01,0.765,0.88,0.6523976608187134
GEVLACYAL,B*40:01,0.77,0.88,0.6523976608187134
GEVLACYAL,B*40:01,0.775,0.88,0.6523976608187134
GEVLACYAL,B*40:01,0.78,0.88,0.6523976608187134
GEVLACYAL,B*40:01,0.785,0.88,0.6523976608187134
GEVLACYAL,B*40:01,0.79,0.88,0.6523976608187134
GEVLACYAL,B*40:01,0.795,0.88,0.6523976608187134
GEVLACYAL,B*40:01,0.8,0.88,0.6523976608187134
GEVLACYAL,B*40:01,0.805,0.88,0.6523976608187134
GEVLACYAL,B*40:01,0.81,0.88,0.6523976608187134
GEVLACYAL,B*40:01,0.8150000000000001,0.88,0.6523976608187134
GEVLACYAL,B*40:01,0.8200000000000001,0.9,0.6523976608187134
GEVLACYAL,B*40:01,0.8250000000000001,0.9,0.6523976608187134
GEVLACYAL,B*40:01,0.8300000000000001,0.9,0.6523976608187134
GEVLACYAL,B*40:01,0.835,0.9,0.6523976608187134
GEVLACYAL,B*40:01,0.84,0.92,0.6523976608187134
GEVLACYAL,B*40:01,0.845,0.92,0.6523976608187134
GEVLACYAL,B*40:01,0.85,0.92,0.6523976608187134
GEVLACYAL,B*40:01,0.855,0.94,0.6523976608187134
GEVLACYAL,B*40:01,0.86,0.94,0.6523976608187134
GEVLACYAL,B*40:01,0.865,0.94,0.6523976608187134
GEVLACYAL,B*40:01,0.87,0.94,0.6523976608187134
GEVLACYAL,B*40:01,0.875,0.94,0.6523976608187134
GEVLACYAL,B*40:01,0.88,0.94,0.6523976608187134
GEVLACYAL,B*40:01,0.885,0.94,0.6523976608187134
GEVLACYAL,B*40:01,0.89,0.94,0.6523976608187134
GEVLACYAL,B*40:01,0.895,0.94,0.6523976608187134
GEVLACYAL,B*40:01,0.9,0.94,0.6523976608187134
GEVLACYAL,B*40:01,0.905,0.94,0.6523976608187134
GEVLACYAL,B*40:01,0.91,0.94,0.6523976608187134
GEVLACYAL,B*40:01,0.915,0.94,0.6523976608187134
GEVLACYAL,B*40:01,0.92,0.94,0.6523976608187134
GEVLACYAL,B*40:01,0.925,0.94,0.6523976608187134
GEVLACYAL,B*40:01,0.93,0.94,0.6523976608187134
GEVLACYAL,B*40:01,0.935,0.94,0.6523976608187134
GEVLACYAL,B*40:01,0.9400000000000001,0.96,0.6523976608187134
GEVLACYAL,B*40:01,0.9450000000000001,0.96,0.6523976608187134
GEVLACYAL,B*40:01,0.9500000000000001,0.98,0.6523976608187134
GEVLACYAL,B*40:01,0.9550000000000001,0.98,0.6523976608187134
GEVLACYAL,B*40:01,0.96,1.0,0.6523976608187134
GEVLACYAL,B*40:01,0.965,1.0,0.6523976608187134
GEVLACYAL,B*40:01,0.97,1.0,0.6523976608187134
GEVLACYAL,B*40:01,0.975,1.0,0.6523976608187134
GEVLACYAL,B*40:01,0.98,1.0,0.6523976608187134
GEVLACYAL,B*40:01,0.985,1.0,0.6523976608187134
GEVLACYAL,B*40:01,0.99,1.0,0.6523976608187134
GEVLACYAL,B*40:01,0.995,1.0,0.6523976608187134
GEVLACYAL,B*40:01,1.0,1.0,0.6523976608187134
HLDDYPYLM,A*02:01,0.0,0.02,0.552046783625731
HLDDYPYLM,A*02:01,0.005,0.04,0.552046783625731
HLDDYPYLM,A*02:01,0.01,0.04,0.552046783625731
HLDDYPYLM,A*02:01,0.015,0.04,0.552046783625731
HLDDYPYLM,A*02:01,0.02,0.08,0.552046783625731
HLDDYPYLM,A*02:01,0.025,0.08,0.552046783625731
HLDDYPYLM,A*02:01,0.03,0.08,0.552046783625731
HLDDYPYLM,A*02:01,0.035,0.12,0.552046783625731
HLDDYPYLM,A*02:01,0.04,0.14,0.552046783625731
HLDDYPYLM,A*02:01,0.045,0.14,0.552046783625731
HLDDYPYLM,A*02:01,0.05,0.16,0.552046783625731
HLDDYPYLM,A*02:01,0.055,0.16,0.552046783625731
HLDDYPYLM,A*02:01,0.06,0.16,0.552046783625731
HLDDYPYLM,A*02:01,0.065,0.2,0.552046783625731
HLDDYPYLM,A*02:01,0.07,0.2,0.552046783625731
HLDDYPYLM,A*02:01,0.075,0.2,0.552046783625731
HLDDYPYLM,A*02:01,0.08,0.24,0.552046783625731
HLDDYPYLM,A*02:01,0.085,0.26,0.552046783625731
HLDDYPYLM,A*02:01,0.09,0.26,0.552046783625731
HLDDYPYLM,A*02:01,0.095,0.26,0.552046783625731
HLDDYPYLM,A*02:01,0.1,0.28,0.552046783625731
HLDDYPYLM,A*02:01,0.105,0.3,0.552046783625731
HLDDYPYLM,A*02:01,0.11,0.3,0.552046783625731
HLDDYPYLM,A*02:01,0.115,0.32,0.552046783625731
HLDDYPYLM,A*02:01,0.12,0.32,0.552046783625731
HLDDYPYLM,A*02:01,0.125,0.34,0.552046783625731
HLDDYPYLM,A*02:01,0.13,0.36,0.552046783625731
HLDDYPYLM,A*02:01,0.135,0.38,0.552046783625731
HLDDYPYLM,A*02:01,0.14,0.38,0.552046783625731
HLDDYPYLM,A*02:01,0.145,0.38,0.552046783625731
HLDDYPYLM,A*02:01,0.15,0.38,0.552046783625731
HLDDYPYLM,A*02:01,0.155,0.38,0.552046783625731
HLDDYPYLM,A*02:01,0.16,0.4,0.552046783625731
HLDDYPYLM,A*02:01,0.165,0.44,0.552046783625731
HLDDYPYLM,A*02:01,0.17,0.44,0.552046783625731
HLDDYPYLM,A*02:01,0.17500000000000002,0.44,0.552046783625731
HLDDYPYLM,A*02:01,0.18,0.44,0.552046783625731
HLDDYPYLM,A*02:01,0.185,0.44,0.552046783625731
HLDDYPYLM,A*02:01,0.19,0.44,0.552046783625731
HLDDYPYLM,A*02:01,0.195,0.46,0.552046783625731
HLDDYPYLM,A*02:01,0.2,0.48,0.552046783625731
HLDDYPYLM,A*02:01,0.20500000000000002,0.5,0.552046783625731
HLDDYPYLM,A*02:01,0.21,0.52,0.552046783625731
HLDDYPYLM,A*02:01,0.215,0.52,0.552046783625731
HLDDYPYLM,A*02:01,0.22,0.56,0.552046783625731
HLDDYPYLM,A*02:01,0.225,0.56,0.552046783625731
HLDDYPYLM,A*02:01,0.23,0.56,0.552046783625731
HLDDYPYLM,A*02:01,0.23500000000000001,0.56,0.552046783625731
HLDDYPYLM,A*02:01,0.24,0.58,0.552046783625731
HLDDYPYLM,A*02:01,0.245,0.58,0.552046783625731
HLDDYPYLM,A*02:01,0.25,0.58,0.552046783625731
HLDDYPYLM,A*02:01,0.255,0.58,0.552046783625731
HLDDYPYLM,A*02:01,0.26,0.58,0.552046783625731
HLDDYPYLM,A*02:01,0.265,0.58,0.552046783625731
HLDDYPYLM,A*02:01,0.27,0.58,0.552046783625731
HLDDYPYLM,A*02:01,0.275,0.58,0.552046783625731
HLDDYPYLM,A*02:01,0.28,0.58,0.552046783625731
HLDDYPYLM,A*02:01,0.28500000000000003,0.6,0.552046783625731
HLDDYPYLM,A*02:01,0.29,0.6,0.552046783625731
HLDDYPYLM,A*02:01,0.295,0.6,0.552046783625731
HLDDYPYLM,A*02:01,0.3,0.6,0.552046783625731
HLDDYPYLM,A*02:01,0.305,0.62,0.552046783625731
HLDDYPYLM,A*02:01,0.31,0.62,0.552046783625731
HLDDYPYLM,A*02:01,0.315,0.64,0.552046783625731
HLDDYPYLM,A*02:01,0.32,0.64,0.552046783625731
HLDDYPYLM,A*02:01,0.325,0.64,0.552046783625731
HLDDYPYLM,A*02:01,0.33,0.64,0.552046783625731
HLDDYPYLM,A*02:01,0.335,0.64,0.552046783625731
HLDDYPYLM,A*02:01,0.34,0.64,0.552046783625731
HLDDYPYLM,A*02:01,0.34500000000000003,0.64,0.552046783625731
HLDDYPYLM,A*02:01,0.35000000000000003,0.64,0.552046783625731
HLDDYPYLM,A*02:01,0.355,0.64,0.552046783625731
HLDDYPYLM,A*02:01,0.36,0.64,0.552046783625731
HLDDYPYLM,A*02:01,0.365,0.64,0.552046783625731
HLDDYPYLM,A*02:01,0.37,0.64,0.552046783625731
HLDDYPYLM,A*02:01,0.375,0.64,0.552046783625731
HLDDYPYLM,A*02:01,0.38,0.64,0.552046783625731
HLDDYPYLM,A*02:01,0.385,0.66,0.552046783625731
HLDDYPYLM,A*02:01,0.39,0.68,0.552046783625731
HLDDYPYLM,A*02:01,0.395,0.68,0.552046783625731
HLDDYPYLM,A*02:01,0.4,0.68,0.552046783625731
HLDDYPYLM,A*02:01,0.405,0.68,0.552046783625731
HLDDYPYLM,A*02:01,0.41000000000000003,0.68,0.552046783625731
HLDDYPYLM,A*02:01,0.41500000000000004,0.68,0.552046783625731
HLDDYPYLM,A*02:01,0.42,0.68,0.552046783625731
HLDDYPYLM,A*02:01,0.425,0.68,0.552046783625731
HLDDYPYLM,A*02:01,0.43,0.68,0.552046783625731
HLDDYPYLM,A*02:01,0.435,0.68,0.552046783625731
HLDDYPYLM,A*02:01,0.44,0.68,0.552046783625731
HLDDYPYLM,A*02:01,0.445,0.68,0.552046783625731
HLDDYPYLM,A*02:01,0.45,0.68,0.552046783625731
HLDDYPYLM,A*02:01,0.455,0.68,0.552046783625731
HLDDYPYLM,A*02:01,0.46,0.68,0.552046783625731
HLDDYPYLM,A*02:01,0.465,0.68,0.552046783625731
HLDDYPYLM,A*02:01,0.47000000000000003,0.68,0.552046783625731
HLDDYPYLM,A*02:01,0.47500000000000003,0.7,0.552046783625731
HLDDYPYLM,A*02:01,0.48,0.7,0.552046783625731
HLDDYPYLM,A*02:01,0.485,0.7,0.552046783625731
HLDDYPYLM,A*02:01,0.49,0.7,0.552046783625731
HLDDYPYLM,A*02:01,0.495,0.7,0.552046783625731
HLDDYPYLM,A*02:01,0.5,0.7,0.552046783625731
HLDDYPYLM,A*02:01,0.505,0.7,0.552046783625731
HLDDYPYLM,A*02:01,0.51,0.7,0.552046783625731
HLDDYPYLM,A*02:01,0.515,0.7,0.552046783625731
HLDDYPYLM,A*02:01,0.52,0.7,0.552046783625731
HLDDYPYLM,A*02:01,0.525,0.7,0.552046783625731
HLDDYPYLM,A*02:01,0.53,0.7,0.552046783625731
HLDDYPYLM,A*02:01,0.535,0.72,0.552046783625731
HLDDYPYLM,A*02:01,0.54,0.72,0.552046783625731
HLDDYPYLM,A*02:01,0.545,0.72,0.552046783625731
HLDDYPYLM,A*02:01,0.55,0.74,0.552046783625731
HLDDYPYLM,A*02:01,0.555,0.74,0.552046783625731
HLDDYPYLM,A*02:01,0.56,0.74,0.552046783625731
HLDDYPYLM,A*02:01,0.5650000000000001,0.74,0.552046783625731
HLDDYPYLM,A*02:01,0.5700000000000001,0.74,0.552046783625731
HLDDYPYLM,A*02:01,0.5750000000000001,0.74,0.552046783625731
HLDDYPYLM,A*02:01,0.58,0.74,0.552046783625731
HLDDYPYLM,A*02:01,0.585,0.74,0.552046783625731
HLDDYPYLM,A*02:01,0.59,0.74,0.552046783625731
HLDDYPYLM,A*02:01,0.595,0.74,0.552046783625731
HLDDYPYLM,A*02:01,0.6,0.74,0.552046783625731
HLDDYPYLM,A*02:01,0.605,0.74,0.552046783625731
HLDDYPYLM,A*02:01,0.61,0.76,0.552046783625731
HLDDYPYLM,A*02:01,0.615,0.76,0.552046783625731
HLDDYPYLM,A*02:01,0.62,0.76,0.552046783625731
HLDDYPYLM,A*02:01,0.625,0.76,0.552046783625731
HLDDYPYLM,A*02:01,0.63,0.76,0.552046783625731
HLDDYPYLM,A*02:01,0.635,0.76,0.552046783625731
HLDDYPYLM,A*02:01,0.64,0.76,0.552046783625731
HLDDYPYLM,A*02:01,0.645,0.76,0.552046783625731
HLDDYPYLM,A*02:01,0.65,0.78,0.552046783625731
HLDDYPYLM,A*02:01,0.655,0.78,0.552046783625731
HLDDYPYLM,A*02:01,0.66,0.78,0.552046783625731
HLDDYPYLM,A*02:01,0.665,0.78,0.552046783625731
HLDDYPYLM,A*02:01,0.67,0.8,0.552046783625731
HLDDYPYLM,A*02:01,0.675,0.8,0.552046783625731
HLDDYPYLM,A*02:01,0.68,0.8,0.552046783625731
HLDDYPYLM,A*02:01,0.685,0.8,0.552046783625731
HLDDYPYLM,A*02:01,0.6900000000000001,0.8,0.552046783625731
HLDDYPYLM,A*02:01,0.6950000000000001,0.8,0.552046783625731
HLDDYPYLM,A*02:01,0.7000000000000001,0.8,0.552046783625731
HLDDYPYLM,A*02:01,0.705,0.8,0.552046783625731
HLDDYPYLM,A*02:01,0.71,0.8,0.552046783625731
HLDDYPYLM,A*02:01,0.715,0.8,0.552046783625731
HLDDYPYLM,A*02:01,0.72,0.8,0.552046783625731
HLDDYPYLM,A*02:01,0.725,0.8,0.552046783625731
HLDDYPYLM,A*02:01,0.73,0.8,0.552046783625731
HLDDYPYLM,A*02:01,0.735,0.8,0.552046783625731
HLDDYPYLM,A*02:01,0.74,0.8,0.552046783625731
HLDDYPYLM,A*02:01,0.745,0.8,0.552046783625731
HLDDYPYLM,A*02:01,0.75,0.8,0.552046783625731
HLDDYPYLM,A*02:01,0.755,0.8,0.552046783625731
HLDDYPYLM,A*02:01,0.76,0.8,0.552046783625731
HLDDYPYLM,A*02:01,0.765,0.8,0.552046783625731
HLDDYPYLM,A*02:01,0.77,0.8,0.552046783625731
HLDDYPYLM,A*02:01,0.775,0.8,0.552046783625731
HLDDYPYLM,A*02:01,0.78,0.8,0.552046783625731
HLDDYPYLM,A*02:01,0.785,0.8,0.552046783625731
HLDDYPYLM,A*02:01,0.79,0.8,0.552046783625731
HLDDYPYLM,A*02:01,0.795,0.82,0.552046783625731
HLDDYPYLM,A*02:01,0.8,0.82,0.552046783625731
HLDDYPYLM,A*02:01,0.805,0.84,0.552046783625731
HLDDYPYLM,A*02:01,0.81,0.84,0.552046783625731
HLDDYPYLM,A*02:01,0.8150000000000001,0.84,0.552046783625731
HLDDYPYLM,A*02:01,0.8200000000000001,0.84,0.552046783625731
HLDDYPYLM,A*02:01,0.8250000000000001,0.84,0.552046783625731
HLDDYPYLM,A*02:01,0.8300000000000001,0.84,0.552046783625731
HLDDYPYLM,A*02:01,0.835,0.84,0.552046783625731
HLDDYPYLM,A*02:01,0.84,0.84,0.552046783625731
HLDDYPYLM,A*02:01,0.845,0.84,0.552046783625731
HLDDYPYLM,A*02:01,0.85,0.88,0.552046783625731
HLDDYPYLM,A*02:01,0.855,0.88,0.552046783625731
HLDDYPYLM,A*02:01,0.86,0.88,0.552046783625731
HLDDYPYLM,A*02:01,0.865,0.88,0.552046783625731
HLDDYPYLM,A*02:01,0.87,0.88,0.552046783625731
HLDDYPYLM,A*02:01,0.875,0.88,0.552046783625731
HLDDYPYLM,A*02:01,0.88,0.9,0.552046783625731
HLDDYPYLM,A*02:01,0.885,0.92,0.552046783625731
HLDDYPYLM,A*02:01,0.89,0.92,0.552046783625731
HLDDYPYLM,A*02:01,0.895,0.92,0.552046783625731
HLDDYPYLM,A*02:01,0.9,0.92,0.552046783625731
HLDDYPYLM,A*02:01,0.905,0.92,0.552046783625731
HLDDYPYLM,A*02:01,0.91,0.92,0.552046783625731
HLDDYPYLM,A*02:01,0.915,0.92,0.552046783625731
HLDDYPYLM,A*02:01,0.92,0.92,0.552046783625731
HLDDYPYLM,A*02:01,0.925,0.92,0.552046783625731
HLDDYPYLM,A*02:01,0.93,0.92,0.552046783625731
HLDDYPYLM,A*02:01,0.935,0.92,0.552046783625731
HLDDYPYLM,A*02:01,0.9400000000000001,0.92,0.552046783625731
HLDDYPYLM,A*02:01,0.9450000000000001,0.92,0.552046783625731
HLDDYPYLM,A*02:01,0.9500000000000001,0.92,0.552046783625731
HLDDYPYLM,A*02:01,0.9550000000000001,0.92,0.552046783625731
HLDDYPYLM,A*02:01,0.96,0.92,0.552046783625731
HLDDYPYLM,A*02:01,0.965,0.92,0.552046783625731
HLDDYPYLM,A*02:01,0.97,0.92,0.552046783625731
HLDDYPYLM,A*02:01,0.975,0.94,0.552046783625731
HLDDYPYLM,A*02:01,0.98,0.98,0.552046783625731
HLDDYPYLM,A*02:01,0.985,1.0,0.552046783625731
HLDDYPYLM,A*02:01,0.99,1.0,0.552046783625731
HLDDYPYLM,A*02:01,0.995,1.0,0.552046783625731
HLDDYPYLM,A*02:01,1.0,1.0,0.552046783625731
ILHTHVPEV,A*02:01,0.0,0.3,0.7146198830409357
ILHTHVPEV,A*02:01,0.005,0.38,0.7146198830409357
ILHTHVPEV,A*02:01,0.01,0.4,0.7146198830409357
ILHTHVPEV,A*02:01,0.015,0.4,0.7146198830409357
ILHTHVPEV,A*02:01,0.02,0.44,0.7146198830409357
ILHTHVPEV,A*02:01,0.025,0.44,0.7146198830409357
ILHTHVPEV,A*02:01,0.03,0.44,0.7146198830409357
ILHTHVPEV,A*02:01,0.035,0.44,0.7146198830409357
ILHTHVPEV,A*02:01,0.04,0.44,0.7146198830409357
ILHTHVPEV,A*02:01,0.045,0.46,0.7146198830409357
ILHTHVPEV,A*02:01,0.05,0.46,0.7146198830409357
ILHTHVPEV,A*02:01,0.055,0.46,0.7146198830409357
ILHTHVPEV,A*02:01,0.06,0.46,0.7146198830409357
ILHTHVPEV,A*02:01,0.065,0.5,0.7146198830409357
ILHTHVPEV,A*02:01,0.07,0.5,0.7146198830409357
ILHTHVPEV,A*02:01,0.075,0.5,0.7146198830409357
ILHTHVPEV,A*02:01,0.08,0.52,0.7146198830409357
ILHTHVPEV,A*02:01,0.085,0.52,0.7146198830409357
ILHTHVPEV,A*02:01,0.09,0.52,0.7146198830409357
ILHTHVPEV,A*02:01,0.095,0.52,0.7146198830409357
ILHTHVPEV,A*02:01,0.1,0.54,0.7146198830409357
ILHTHVPEV,A*02:01,0.105,0.54,0.7146198830409357
ILHTHVPEV,A*02:01,0.11,0.54,0.7146198830409357
ILHTHVPEV,A*02:01,0.115,0.56,0.7146198830409357
ILHTHVPEV,A*02:01,0.12,0.56,0.7146198830409357
ILHTHVPEV,A*02:01,0.125,0.58,0.7146198830409357
ILHTHVPEV,A*02:01,0.13,0.58,0.7146198830409357
ILHTHVPEV,A*02:01,0.135,0.58,0.7146198830409357
ILHTHVPEV,A*02:01,0.14,0.58,0.7146198830409357
ILHTHVPEV,A*02:01,0.145,0.58,0.7146198830409357
ILHTHVPEV,A*02:01,0.15,0.58,0.7146198830409357
ILHTHVPEV,A*02:01,0.155,0.58,0.7146198830409357
ILHTHVPEV,A*02:01,0.16,0.6,0.7146198830409357
ILHTHVPEV,A*02:01,0.165,0.6,0.7146198830409357
ILHTHVPEV,A*02:01,0.17,0.6,0.7146198830409357
ILHTHVPEV,A*02:01,0.17500000000000002,0.6,0.7146198830409357
ILHTHVPEV,A*02:01,0.18,0.6,0.7146198830409357
ILHTHVPEV,A*02:01,0.185,0.6,0.7146198830409357
ILHTHVPEV,A*02:01,0.19,0.6,0.7146198830409357
ILHTHVPEV,A*02:01,0.195,0.6,0.7146198830409357
ILHTHVPEV,A*02:01,0.2,0.6,0.7146198830409357
ILHTHVPEV,A*02:01,0.20500000000000002,0.6,0.7146198830409357
ILHTHVPEV,A*02:01,0.21,0.6,0.7146198830409357
ILHTHVPEV,A*02:01,0.215,0.62,0.7146198830409357
ILHTHVPEV,A*02:01,0.22,0.62,0.7146198830409357
ILHTHVPEV,A*02:01,0.225,0.62,0.7146198830409357
ILHTHVPEV,A*02:01,0.23,0.62,0.7146198830409357
ILHTHVPEV,A*02:01,0.23500000000000001,0.62,0.7146198830409357
ILHTHVPEV,A*02:01,0.24,0.62,0.7146198830409357
ILHTHVPEV,A*02:01,0.245,0.62,0.7146198830409357
ILHTHVPEV,A*02:01,0.25,0.62,0.7146198830409357
ILHTHVPEV,A*02:01,0.255,0.62,0.7146198830409357
ILHTHVPEV,A*02:01,0.26,0.62,0.7146198830409357
ILHTHVPEV,A*02:01,0.265,0.62,0.7146198830409357
ILHTHVPEV,A*02:01,0.27,0.62,0.7146198830409357
ILHTHVPEV,A*02:01,0.275,0.64,0.7146198830409357
ILHTHVPEV,A*02:01,0.28,0.66,0.7146198830409357
ILHTHVPEV,A*02:01,0.28500000000000003,0.66,0.7146198830409357
ILHTHVPEV,A*02:01,0.29,0.66,0.7146198830409357
ILHTHVPEV,A*02:01,0.295,0.66,0.7146198830409357
ILHTHVPEV,A*02:01,0.3,0.66,0.7146198830409357
ILHTHVPEV,A*02:01,0.305,0.66,0.7146198830409357
ILHTHVPEV,A*02:01,0.31,0.66,0.7146198830409357
ILHTHVPEV,A*02:01,0.315,0.66,0.7146198830409357
ILHTHVPEV,A*02:01,0.32,0.66,0.7146198830409357
ILHTHVPEV,A*02:01,0.325,0.66,0.7146198830409357
ILHTHVPEV,A*02:01,0.33,0.66,0.7146198830409357
ILHTHVPEV,A*02:01,0.335,0.66,0.7146198830409357
ILHTHVPEV,A*02:01,0.34,0.66,0.7146198830409357
ILHTHVPEV,A*02:01,0.34500000000000003,0.66,0.7146198830409357
ILHTHVPEV,A*02:01,0.35000000000000003,0.66,0.7146198830409357
ILHTHVPEV,A*02:01,0.355,0.66,0.7146198830409357
ILHTHVPEV,A*02:01,0.36,0.68,0.7146198830409357
ILHTHVPEV,A*02:01,0.365,0.68,0.7146198830409357
ILHTHVPEV,A*02:01,0.37,0.68,0.7146198830409357
ILHTHVPEV,A*02:01,0.375,0.68,0.7146198830409357
ILHTHVPEV,A*02:01,0.38,0.68,0.7146198830409357
ILHTHVPEV,A*02:01,0.385,0.68,0.7146198830409357
ILHTHVPEV,A*02:01,0.39,0.68,0.7146198830409357
ILHTHVPEV,A*02:01,0.395,0.68,0.7146198830409357
ILHTHVPEV,A*02:01,0.4,0.68,0.7146198830409357
ILHTHVPEV,A*02:01,0.405,0.68,0.7146198830409357
ILHTHVPEV,A*02:01,0.41000000000000003,0.68,0.7146198830409357
ILHTHVPEV,A*02:01,0.41500000000000004,0.68,0.7146198830409357
ILHTHVPEV,A*02:01,0.42,0.68,0.7146198830409357
ILHTHVPEV,A*02:01,0.425,0.68,0.7146198830409357
ILHTHVPEV,A*02:01,0.43,0.68,0.7146198830409357
ILHTHVPEV,A*02:01,0.435,0.68,0.7146198830409357
ILHTHVPEV,A*02:01,0.44,0.68,0.7146198830409357
ILHTHVPEV,A*02:01,0.445,0.68,0.7146198830409357
ILHTHVPEV,A*02:01,0.45,0.68,0.7146198830409357
ILHTHVPEV,A*02:01,0.455,0.68,0.7146198830409357
ILHTHVPEV,A*02:01,0.46,0.68,0.7146198830409357
ILHTHVPEV,A*02:01,0.465,0.68,0.7146198830409357
ILHTHVPEV,A*02:01,0.47000000000000003,0.68,0.7146198830409357
ILHTHVPEV,A*02:01,0.47500000000000003,0.68,0.7146198830409357
ILHTHVPEV,A*02:01,0.48,0.68,0.7146198830409357
ILHTHVPEV,A*02:01,0.485,0.68,0.7146198830409357
ILHTHVPEV,A*02:01,0.49,0.68,0.7146198830409357
ILHTHVPEV,A*02:01,0.495,0.68,0.7146198830409357
ILHTHVPEV,A*02:01,0.5,0.68,0.7146198830409357
ILHTHVPEV,A*02:01,0.505,0.68,0.7146198830409357
ILHTHVPEV,A*02:01,0.51,0.68,0.7146198830409357
ILHTHVPEV,A*02:01,0.515,0.72,0.7146198830409357
ILHTHVPEV,A*02:01,0.52,0.72,0.7146198830409357
ILHTHVPEV,A*02:01,0.525,0.72,0.7146198830409357
ILHTHVPEV,A*02:01,0.53,0.72,0.7146198830409357
ILHTHVPEV,A*02:01,0.535,0.74,0.7146198830409357
ILHTHVPEV,A*02:01,0.54,0.74,0.7146198830409357
ILHTHVPEV,A*02:01,0.545,0.74,0.7146198830409357
ILHTHVPEV,A*02:01,0.55,0.74,0.7146198830409357
ILHTHVPEV,A*02:01,0.555,0.76,0.7146198830409357
ILHTHVPEV,A*02:01,0.56,0.76,0.7146198830409357
ILHTHVPEV,A*02:01,0.5650000000000001,0.76,0.7146198830409357
ILHTHVPEV,A*02:01,0.5700000000000001,0.78,0.7146198830409357
ILHTHVPEV,A*02:01,0.5750000000000001,0.78,0.7146198830409357
ILHTHVPEV,A*02:01,0.58,0.78,0.7146198830409357
ILHTHVPEV,A*02:01,0.585,0.78,0.7146198830409357
ILHTHVPEV,A*02:01,0.59,0.78,0.7146198830409357
ILHTHVPEV,A*02:01,0.595,0.78,0.7146198830409357
ILHTHVPEV,A*02:01,0.6,0.78,0.7146198830409357
ILHTHVPEV,A*02:01,0.605,0.78,0.7146198830409357
ILHTHVPEV,A*02:01,0.61,0.78,0.7146198830409357
ILHTHVPEV,A*02:01,0.615,0.78,0.7146198830409357
ILHTHVPEV,A*02:01,0.62,0.78,0.7146198830409357
ILHTHVPEV,A*02:01,0.625,0.78,0.7146198830409357
ILHTHVPEV,A*02:01,0.63,0.78,0.7146198830409357
ILHTHVPEV,A*02:01,0.635,0.78,0.7146198830409357
ILHTHVPEV,A*02:01,0.64,0.8,0.7146198830409357
ILHTHVPEV,A*02:01,0.645,0.8,0.7146198830409357
ILHTHVPEV,A*02:01,0.65,0.82,0.7146198830409357
ILHTHVPEV,A*02:01,0.655,0.82,0.7146198830409357
ILHTHVPEV,A*02:01,0.66,0.84,0.7146198830409357
ILHTHVPEV,A*02:01,0.665,0.84,0.7146198830409357
ILHTHVPEV,A*02:01,0.67,0.88,0.7146198830409357
ILHTHVPEV,A*02:01,0.675,0.88,0.7146198830409357
ILHTHVPEV,A*02:01,0.68,0.88,0.7146198830409357
ILHTHVPEV,A*02:01,0.685,0.88,0.7146198830409357
ILHTHVPEV,A*02:01,0.6900000000000001,0.88,0.7146198830409357
ILHTHVPEV,A*02:01,0.6950000000000001,0.88,0.7146198830409357
ILHTHVPEV,A*02:01,0.7000000000000001,0.88,0.7146198830409357
ILHTHVPEV,A*02:01,0.705,0.88,0.7146198830409357
ILHTHVPEV,A*02:01,0.71,0.88,0.7146198830409357
ILHTHVPEV,A*02:01,0.715,0.88,0.7146198830409357
ILHTHVPEV,A*02:01,0.72,0.88,0.7146198830409357
ILHTHVPEV,A*02:01,0.725,0.88,0.7146198830409357
ILHTHVPEV,A*02:01,0.73,0.88,0.7146198830409357
ILHTHVPEV,A*02:01,0.735,0.88,0.7146198830409357
ILHTHVPEV,A*02:01,0.74,0.88,0.7146198830409357
ILHTHVPEV,A*02:01,0.745,0.88,0.7146198830409357
ILHTHVPEV,A*02:01,0.75,0.88,0.7146198830409357
ILHTHVPEV,A*02:01,0.755,0.88,0.7146198830409357
ILHTHVPEV,A*02:01,0.76,0.88,0.7146198830409357
ILHTHVPEV,A*02:01,0.765,0.88,0.7146198830409357
ILHTHVPEV,A*02:01,0.77,0.88,0.7146198830409357
ILHTHVPEV,A*02:01,0.775,0.88,0.7146198830409357
ILHTHVPEV,A*02:01,0.78,0.88,0.7146198830409357
ILHTHVPEV,A*02:01,0.785,0.88,0.7146198830409357
ILHTHVPEV,A*02:01,0.79,0.88,0.7146198830409357
ILHTHVPEV,A*02:01,0.795,0.9,0.7146198830409357
ILHTHVPEV,A*02:01,0.8,0.9,0.7146198830409357
ILHTHVPEV,A*02:01,0.805,0.9,0.7146198830409357
ILHTHVPEV,A*02:01,0.81,0.9,0.7146198830409357
ILHTHVPEV,A*02:01,0.8150000000000001,0.9,0.7146198830409357
ILHTHVPEV,A*02:01,0.8200000000000001,0.9,0.7146198830409357
ILHTHVPEV,A*02:01,0.8250000000000001,0.9,0.7146198830409357
ILHTHVPEV,A*02:01,0.8300000000000001,0.9,0.7146198830409357
ILHTHVPEV,A*02:01,0.835,0.9,0.7146198830409357
ILHTHVPEV,A*02:01,0.84,0.9,0.7146198830409357
ILHTHVPEV,A*02:01,0.845,0.9,0.7146198830409357
ILHTHVPEV,A*02:01,0.85,0.9,0.7146198830409357
ILHTHVPEV,A*02:01,0.855,0.9,0.7146198830409357
ILHTHVPEV,A*02:01,0.86,0.92,0.7146198830409357
ILHTHVPEV,A*02:01,0.865,0.94,0.7146198830409357
ILHTHVPEV,A*02:01,0.87,0.94,0.7146198830409357
ILHTHVPEV,A*02:01,0.875,0.94,0.7146198830409357
ILHTHVPEV,A*02:01,0.88,0.94,0.7146198830409357
ILHTHVPEV,A*02:01,0.885,0.94,0.7146198830409357
ILHTHVPEV,A*02:01,0.89,0.94,0.7146198830409357
ILHTHVPEV,A*02:01,0.895,0.94,0.7146198830409357
ILHTHVPEV,A*02:01,0.9,0.94,0.7146198830409357
ILHTHVPEV,A*02:01,0.905,0.96,0.7146198830409357
ILHTHVPEV,A*02:01,0.91,0.96,0.7146198830409357
ILHTHVPEV,A*02:01,0.915,0.96,0.7146198830409357
ILHTHVPEV,A*02:01,0.92,0.98,0.7146198830409357
ILHTHVPEV,A*02:01,0.925,0.98,0.7146198830409357
ILHTHVPEV,A*02:01,0.93,0.98,0.7146198830409357
ILHTHVPEV,A*02:01,0.935,0.98,0.7146198830409357
ILHTHVPEV,A*02:01,0.9400000000000001,0.98,0.7146198830409357
ILHTHVPEV,A*02:01,0.9450000000000001,0.98,0.7146198830409357
ILHTHVPEV,A*02:01,0.9500000000000001,0.98,0.7146198830409357
ILHTHVPEV,A*02:01,0.9550000000000001,0.98,0.7146198830409357
ILHTHVPEV,A*02:01,0.96,0.98,0.7146198830409357
ILHTHVPEV,A*02:01,0.965,0.98,0.7146198830409357
ILHTHVPEV,A*02:01,0.97,0.98,0.7146198830409357
ILHTHVPEV,A*02:01,0.975,0.98,0.7146198830409357
ILHTHVPEV,A*02:01,0.98,0.98,0.7146198830409357
ILHTHVPEV,A*02:01,0.985,0.98,0.7146198830409357
ILHTHVPEV,A*02:01,0.99,0.98,0.7146198830409357
ILHTHVPEV,A*02:01,0.995,1.0,0.7146198830409357
ILHTHVPEV,A*02:01,1.0,1.0,0.7146198830409357
ILMHATYFL,A*02:01,0.0,0.08,0.6884210526315789
ILMHATYFL,A*02:01,0.005,0.24,0.6884210526315789
ILMHATYFL,A*02:01,0.01,0.26,0.6884210526315789
ILMHATYFL,A*02:01,0.015,0.26,0.6884210526315789
ILMHATYFL,A*02:01,0.02,0.32,0.6884210526315789
ILMHATYFL,A*02:01,0.025,0.32,0.6884210526315789
ILMHATYFL,A*02:01,0.03,0.34,0.6884210526315789
ILMHATYFL,A*02:01,0.035,0.36,0.6884210526315789
ILMHATYFL,A*02:01,0.04,0.36,0.6884210526315789
ILMHATYFL,A*02:01,0.045,0.42,0.6884210526315789
ILMHATYFL,A*02:01,0.05,0.42,0.6884210526315789
ILMHATYFL,A*02:01,0.055,0.44,0.6884210526315789
ILMHATYFL,A*02:01,0.06,0.5,0.6884210526315789
ILMHATYFL,A*02:01,0.065,0.5,0.6884210526315789
ILMHATYFL,A*02:01,0.07,0.52,0.6884210526315789
ILMHATYFL,A*02:01,0.075,0.52,0.6884210526315789
ILMHATYFL,A*02:01,0.08,0.52,0.6884210526315789
ILMHATYFL,A*02:01,0.085,0.52,0.6884210526315789
ILMHATYFL,A*02:01,0.09,0.52,0.6884210526315789
ILMHATYFL,A*02:01,0.095,0.52,0.6884210526315789
ILMHATYFL,A*02:01,0.1,0.54,0.6884210526315789
ILMHATYFL,A*02:01,0.105,0.56,0.6884210526315789
ILMHATYFL,A*02:01,0.11,0.56,0.6884210526315789
ILMHATYFL,A*02:01,0.115,0.58,0.6884210526315789
ILMHATYFL,A*02:01,0.12,0.58,0.6884210526315789
ILMHATYFL,A*02:01,0.125,0.58,0.6884210526315789
ILMHATYFL,A*02:01,0.13,0.58,0.6884210526315789
ILMHATYFL,A*02:01,0.135,0.58,0.6884210526315789
ILMHATYFL,A*02:01,0.14,0.58,0.6884210526315789
ILMHATYFL,A*02:01,0.145,0.58,0.6884210526315789
ILMHATYFL,A*02:01,0.15,0.58,0.6884210526315789
ILMHATYFL,A*02:01,0.155,0.58,0.6884210526315789
ILMHATYFL,A*02:01,0.16,0.6,0.6884210526315789
ILMHATYFL,A*02:01,0.165,0.6,0.6884210526315789
ILMHATYFL,A*02:01,0.17,0.62,0.6884210526315789
ILMHATYFL,A*02:01,0.17500000000000002,0.62,0.6884210526315789
ILMHATYFL,A*02:01,0.18,0.62,0.6884210526315789
ILMHATYFL,A*02:01,0.185,0.66,0.6884210526315789
ILMHATYFL,A*02:01,0.19,0.66,0.6884210526315789
ILMHATYFL,A*02:01,0.195,0.66,0.6884210526315789
ILMHATYFL,A*02:01,0.2,0.68,0.6884210526315789
ILMHATYFL,A*02:01,0.20500000000000002,0.68,0.6884210526315789
ILMHATYFL,A*02:01,0.21,0.68,0.6884210526315789
ILMHATYFL,A*02:01,0.215,0.68,0.6884210526315789
ILMHATYFL,A*02:01,0.22,0.68,0.6884210526315789
ILMHATYFL,A*02:01,0.225,0.7,0.6884210526315789
ILMHATYFL,A*02:01,0.23,0.7,0.6884210526315789
ILMHATYFL,A*02:01,0.23500000000000001,0.7,0.6884210526315789
ILMHATYFL,A*02:01,0.24,0.7,0.6884210526315789
ILMHATYFL,A*02:01,0.245,0.7,0.6884210526315789
ILMHATYFL,A*02:01,0.25,0.7,0.6884210526315789
ILMHATYFL,A*02:01,0.255,0.7,0.6884210526315789
ILMHATYFL,A*02:01,0.26,0.7,0.6884210526315789
ILMHATYFL,A*02:01,0.265,0.72,0.6884210526315789
ILMHATYFL,A*02:01,0.27,0.72,0.6884210526315789
ILMHATYFL,A*02:01,0.275,0.72,0.6884210526315789
ILMHATYFL,A*02:01,0.28,0.72,0.6884210526315789
ILMHATYFL,A*02:01,0.28500000000000003,0.72,0.6884210526315789
ILMHATYFL,A*02:01,0.29,0.72,0.6884210526315789
ILMHATYFL,A*02:01,0.295,0.72,0.6884210526315789
ILMHATYFL,A*02:01,0.3,0.72,0.6884210526315789
ILMHATYFL,A*02:01,0.305,0.74,0.6884210526315789
ILMHATYFL,A*02:01,0.31,0.74,0.6884210526315789
ILMHATYFL,A*02:01,0.315,0.78,0.6884210526315789
ILMHATYFL,A*02:01,0.32,0.82,0.6884210526315789
ILMHATYFL,A*02:01,0.325,0.82,0.6884210526315789
ILMHATYFL,A*02:01,0.33,0.82,0.6884210526315789
ILMHATYFL,A*02:01,0.335,0.82,0.6884210526315789
ILMHATYFL,A*02:01,0.34,0.82,0.6884210526315789
ILMHATYFL,A*02:01,0.34500000000000003,0.82,0.6884210526315789
ILMHATYFL,A*02:01,0.35000000000000003,0.84,0.6884210526315789
ILMHATYFL,A*02:01,0.355,0.84,0.6884210526315789
ILMHATYFL,A*02:01,0.36,0.84,0.6884210526315789
ILMHATYFL,A*02:01,0.365,0.84,0.6884210526315789
ILMHATYFL,A*02:01,0.37,0.84,0.6884210526315789
ILMHATYFL,A*02:01,0.375,0.84,0.6884210526315789
ILMHATYFL,A*02:01,0.38,0.84,0.6884210526315789
ILMHATYFL,A*02:01,0.385,0.84,0.6884210526315789
ILMHATYFL,A*02:01,0.39,0.84,0.6884210526315789
ILMHATYFL,A*02:01,0.395,0.84,0.6884210526315789
ILMHATYFL,A*02:01,0.4,0.88,0.6884210526315789
ILMHATYFL,A*02:01,0.405,0.88,0.6884210526315789
ILMHATYFL,A*02:01,0.41000000000000003,0.88,0.6884210526315789
ILMHATYFL,A*02:01,0.41500000000000004,0.88,0.6884210526315789
ILMHATYFL,A*02:01,0.42,0.88,0.6884210526315789
ILMHATYFL,A*02:01,0.425,0.88,0.6884210526315789
ILMHATYFL,A*02:01,0.43,0.88,0.6884210526315789
ILMHATYFL,A*02:01,0.435,0.9,0.6884210526315789
ILMHATYFL,A*02:01,0.44,0.9,0.6884210526315789
ILMHATYFL,A*02:01,0.445,0.92,0.6884210526315789
ILMHATYFL,A*02:01,0.45,0.92,0.6884210526315789
ILMHATYFL,A*02:01,0.455,0.94,0.6884210526315789
ILMHATYFL,A*02:01,0.46,0.94,0.6884210526315789
ILMHATYFL,A*02:01,0.465,0.94,0.6884210526315789
ILMHATYFL,A*02:01,0.47000000000000003,0.94,0.6884210526315789
ILMHATYFL,A*02:01,0.47500000000000003,0.94,0.6884210526315789
ILMHATYFL,A*02:01,0.48,0.94,0.6884210526315789
ILMHATYFL,A*02:01,0.485,0.94,0.6884210526315789
ILMHATYFL,A*02:01,0.49,0.94,0.6884210526315789
ILMHATYFL,A*02:01,0.495,0.94,0.6884210526315789
ILMHATYFL,A*02:01,0.5,0.94,0.6884210526315789
ILMHATYFL,A*02:01,0.505,0.94,0.6884210526315789
ILMHATYFL,A*02:01,0.51,0.94,0.6884210526315789
ILMHATYFL,A*02:01,0.515,0.94,0.6884210526315789
ILMHATYFL,A*02:01,0.52,0.94,0.6884210526315789
ILMHATYFL,A*02:01,0.525,0.96,0.6884210526315789
ILMHATYFL,A*02:01,0.53,0.96,0.6884210526315789
ILMHATYFL,A*02:01,0.535,0.96,0.6884210526315789
ILMHATYFL,A*02:01,0.54,0.96,0.6884210526315789
ILMHATYFL,A*02:01,0.545,0.96,0.6884210526315789
ILMHATYFL,A*02:01,0.55,0.96,0.6884210526315789
ILMHATYFL,A*02:01,0.555,0.96,0.6884210526315789
ILMHATYFL,A*02:01,0.56,0.96,0.6884210526315789
ILMHATYFL,A*02:01,0.5650000000000001,0.96,0.6884210526315789
ILMHATYFL,A*02:01,0.5700000000000001,0.96,0.6884210526315789
ILMHATYFL,A*02:01,0.5750000000000001,0.96,0.6884210526315789
ILMHATYFL,A*02:01,0.58,0.96,0.6884210526315789
ILMHATYFL,A*02:01,0.585,0.96,0.6884210526315789
ILMHATYFL,A*02:01,0.59,0.96,0.6884210526315789
ILMHATYFL,A*02:01,0.595,0.96,0.6884210526315789
ILMHATYFL,A*02:01,0.6,0.96,0.6884210526315789
ILMHATYFL,A*02:01,0.605,0.96,0.6884210526315789
ILMHATYFL,A*02:01,0.61,0.96,0.6884210526315789
ILMHATYFL,A*02:01,0.615,0.96,0.6884210526315789
ILMHATYFL,A*02:01,0.62,0.96,0.6884210526315789
ILMHATYFL,A*02:01,0.625,0.96,0.6884210526315789
ILMHATYFL,A*02:01,0.63,0.96,0.6884210526315789
ILMHATYFL,A*02:01,0.635,0.96,0.6884210526315789
ILMHATYFL,A*02:01,0.64,0.96,0.6884210526315789
ILMHATYFL,A*02:01,0.645,0.96,0.6884210526315789
ILMHATYFL,A*02:01,0.65,0.96,0.6884210526315789
ILMHATYFL,A*02:01,0.655,0.96,0.6884210526315789
ILMHATYFL,A*02:01,0.66,0.96,0.6884210526315789
ILMHATYFL,A*02:01,0.665,0.96,0.6884210526315789
ILMHATYFL,A*02:01,0.67,0.96,0.6884210526315789
ILMHATYFL,A*02:01,0.675,0.96,0.6884210526315789
ILMHATYFL,A*02:01,0.68,0.96,0.6884210526315789
ILMHATYFL,A*02:01,0.685,0.96,0.6884210526315789
ILMHATYFL,A*02:01,0.6900000000000001,0.96,0.6884210526315789
ILMHATYFL,A*02:01,0.6950000000000001,0.96,0.6884210526315789
ILMHATYFL,A*02:01,0.7000000000000001,0.96,0.6884210526315789
ILMHATYFL,A*02:01,0.705,0.96,0.6884210526315789
ILMHATYFL,A*02:01,0.71,0.96,0.6884210526315789
ILMHATYFL,A*02:01,0.715,0.96,0.6884210526315789
ILMHATYFL,A*02:01,0.72,0.96,0.6884210526315789
ILMHATYFL,A*02:01,0.725,0.96,0.6884210526315789
ILMHATYFL,A*02:01,0.73,0.96,0.6884210526315789
ILMHATYFL,A*02:01,0.735,0.96,0.6884210526315789
ILMHATYFL,A*02:01,0.74,0.96,0.6884210526315789
ILMHATYFL,A*02:01,0.745,0.96,0.6884210526315789
ILMHATYFL,A*02:01,0.75,0.96,0.6884210526315789
ILMHATYFL,A*02:01,0.755,0.96,0.6884210526315789
ILMHATYFL,A*02:01,0.76,0.96,0.6884210526315789
ILMHATYFL,A*02:01,0.765,0.96,0.6884210526315789
ILMHATYFL,A*02:01,0.77,0.96,0.6884210526315789
ILMHATYFL,A*02:01,0.775,0.96,0.6884210526315789
ILMHATYFL,A*02:01,0.78,0.96,0.6884210526315789
ILMHATYFL,A*02:01,0.785,0.96,0.6884210526315789
ILMHATYFL,A*02:01,0.79,0.96,0.6884210526315789
ILMHATYFL,A*02:01,0.795,0.96,0.6884210526315789
ILMHATYFL,A*02:01,0.8,0.96,0.6884210526315789
ILMHATYFL,A*02:01,0.805,0.96,0.6884210526315789
ILMHATYFL,A*02:01,0.81,0.96,0.6884210526315789
ILMHATYFL,A*02:01,0.8150000000000001,0.96,0.6884210526315789
ILMHATYFL,A*02:01,0.8200000000000001,0.96,0.6884210526315789
ILMHATYFL,A*02:01,0.8250000000000001,0.96,0.6884210526315789
ILMHATYFL,A*02:01,0.8300000000000001,0.96,0.6884210526315789
ILMHATYFL,A*02:01,0.835,0.96,0.6884210526315789
ILMHATYFL,A*02:01,0.84,0.96,0.6884210526315789
ILMHATYFL,A*02:01,0.845,0.96,0.6884210526315789
ILMHATYFL,A*02:01,0.85,0.96,0.6884210526315789
ILMHATYFL,A*02:01,0.855,0.96,0.6884210526315789
ILMHATYFL,A*02:01,0.86,0.96,0.6884210526315789
ILMHATYFL,A*02:01,0.865,0.96,0.6884210526315789
ILMHATYFL,A*02:01,0.87,0.96,0.6884210526315789
ILMHATYFL,A*02:01,0.875,0.96,0.6884210526315789
ILMHATYFL,A*02:01,0.88,0.96,0.6884210526315789
ILMHATYFL,A*02:01,0.885,0.96,0.6884210526315789
ILMHATYFL,A*02:01,0.89,0.96,0.6884210526315789
ILMHATYFL,A*02:01,0.895,0.96,0.6884210526315789
ILMHATYFL,A*02:01,0.9,0.96,0.6884210526315789
ILMHATYFL,A*02:01,0.905,0.96,0.6884210526315789
ILMHATYFL,A*02:01,0.91,0.96,0.6884210526315789
ILMHATYFL,A*02:01,0.915,0.96,0.6884210526315789
ILMHATYFL,A*02:01,0.92,0.96,0.6884210526315789
ILMHATYFL,A*02:01,0.925,0.96,0.6884210526315789
ILMHATYFL,A*02:01,0.93,0.96,0.6884210526315789
ILMHATYFL,A*02:01,0.935,0.96,0.6884210526315789
ILMHATYFL,A*02:01,0.9400000000000001,0.96,0.6884210526315789
ILMHATYFL,A*02:01,0.9450000000000001,0.96,0.6884210526315789
ILMHATYFL,A*02:01,0.9500000000000001,0.98,0.6884210526315789
ILMHATYFL,A*02:01,0.9550000000000001,0.98,0.6884210526315789
ILMHATYFL,A*02:01,0.96,0.98,0.6884210526315789
ILMHATYFL,A*02:01,0.965,0.98,0.6884210526315789
ILMHATYFL,A*02:01,0.97,0.98,0.6884210526315789
ILMHATYFL,A*02:01,0.975,0.98,0.6884210526315789
ILMHATYFL,A*02:01,0.98,0.98,0.6884210526315789
ILMHATYFL,A*02:01,0.985,0.98,0.6884210526315789
ILMHATYFL,A*02:01,0.99,0.98,0.6884210526315789
ILMHATYFL,A*02:01,0.995,0.98,0.6884210526315789
ILMHATYFL,A*02:01,1.0,1.0,0.6884210526315789
KLYPFLWFA,A*02:01,0.0,0.12,0.7798830409356725
KLYPFLWFA,A*02:01,0.005,0.28,0.7798830409356725
KLYPFLWFA,A*02:01,0.01,0.4,0.7798830409356725
KLYPFLWFA,A*02:01,0.015,0.48,0.7798830409356725
KLYPFLWFA,A*02:01,0.02,0.56,0.7798830409356725
KLYPFLWFA,A*02:01,0.025,0.56,0.7798830409356725
KLYPFLWFA,A*02:01,0.03,0.56,0.7798830409356725
KLYPFLWFA,A*02:01,0.035,0.56,0.7798830409356725
KLYPFLWFA,A*02:01,0.04,0.6,0.7798830409356725
KLYPFLWFA,A*02:01,0.045,0.6,0.7798830409356725
KLYPFLWFA,A*02:01,0.05,0.64,0.7798830409356725
KLYPFLWFA,A*02:01,0.055,0.64,0.7798830409356725
KLYPFLWFA,A*02:01,0.06,0.64,0.7798830409356725
KLYPFLWFA,A*02:01,0.065,0.64,0.7798830409356725
KLYPFLWFA,A*02:01,0.07,0.64,0.7798830409356725
KLYPFLWFA,A*02:01,0.075,0.66,0.7798830409356725
KLYPFLWFA,A*02:01,0.08,0.7,0.7798830409356725
KLYPFLWFA,A*02:01,0.085,0.7,0.7798830409356725
KLYPFLWFA,A*02:01,0.09,0.7,0.7798830409356725
KLYPFLWFA,A*02:01,0.095,0.7,0.7798830409356725
KLYPFLWFA,A*02:01,0.1,0.7,0.7798830409356725
KLYPFLWFA,A*02:01,0.105,0.7,0.7798830409356725
KLYPFLWFA,A*02:01,0.11,0.7,0.7798830409356725
KLYPFLWFA,A*02:01,0.115,0.72,0.7798830409356725
KLYPFLWFA,A*02:01,0.12,0.72,0.7798830409356725
KLYPFLWFA,A*02:01,0.125,0.72,0.7798830409356725
KLYPFLWFA,A*02:01,0.13,0.72,0.7798830409356725
KLYPFLWFA,A*02:01,0.135,0.72,0.7798830409356725
KLYPFLWFA,A*02:01,0.14,0.72,0.7798830409356725
KLYPFLWFA,A*02:01,0.145,0.72,0.7798830409356725
KLYPFLWFA,A*02:01,0.15,0.72,0.7798830409356725
KLYPFLWFA,A*02:01,0.155,0.74,0.7798830409356725
KLYPFLWFA,A*02:01,0.16,0.74,0.7798830409356725
KLYPFLWFA,A*02:01,0.165,0.74,0.7798830409356725
KLYPFLWFA,A*02:01,0.17,0.74,0.7798830409356725
KLYPFLWFA,A*02:01,0.17500000000000002,0.74,0.7798830409356725
KLYPFLWFA,A*02:01,0.18,0.74,0.7798830409356725
KLYPFLWFA,A*02:01,0.185,0.74,0.7798830409356725
KLYPFLWFA,A*02:01,0.19,0.74,0.7798830409356725
KLYPFLWFA,A*02:01,0.195,0.76,0.7798830409356725
KLYPFLWFA,A*02:01,0.2,0.78,0.7798830409356725
KLYPFLWFA,A*02:01,0.20500000000000002,0.8,0.7798830409356725
KLYPFLWFA,A*02:01,0.21,0.8,0.7798830409356725
KLYPFLWFA,A*02:01,0.215,0.8,0.7798830409356725
KLYPFLWFA,A*02:01,0.22,0.8,0.7798830409356725
KLYPFLWFA,A*02:01,0.225,0.8,0.7798830409356725
KLYPFLWFA,A*02:01,0.23,0.8,0.7798830409356725
KLYPFLWFA,A*02:01,0.23500000000000001,0.8,0.7798830409356725
KLYPFLWFA,A*02:01,0.24,0.8,0.7798830409356725
KLYPFLWFA,A*02:01,0.245,0.8,0.7798830409356725
KLYPFLWFA,A*02:01,0.25,0.8,0.7798830409356725
KLYPFLWFA,A*02:01,0.255,0.8,0.7798830409356725
KLYPFLWFA,A*02:01,0.26,0.8,0.7798830409356725
KLYPFLWFA,A*02:01,0.265,0.8,0.7798830409356725
KLYPFLWFA,A*02:01,0.27,0.8,0.7798830409356725
KLYPFLWFA,A*02:01,0.275,0.8,0.7798830409356725
KLYPFLWFA,A*02:01,0.28,0.82,0.7798830409356725
KLYPFLWFA,A*02:01,0.28500000000000003,0.84,0.7798830409356725
KLYPFLWFA,A*02:01,0.29,0.86,0.7798830409356725
KLYPFLWFA,A*02:01,0.295,0.86,0.7798830409356725
KLYPFLWFA,A*02:01,0.3,0.86,0.7798830409356725
KLYPFLWFA,A*02:01,0.305,0.86,0.7798830409356725
KLYPFLWFA,A*02:01,0.31,0.86,0.7798830409356725
KLYPFLWFA,A*02:01,0.315,0.86,0.7798830409356725
KLYPFLWFA,A*02:01,0.32,0.86,0.7798830409356725
KLYPFLWFA,A*02:01,0.325,0.86,0.7798830409356725
KLYPFLWFA,A*02:01,0.33,0.86,0.7798830409356725
KLYPFLWFA,A*02:01,0.335,0.86,0.7798830409356725
KLYPFLWFA,A*02:01,0.34,0.88,0.7798830409356725
KLYPFLWFA,A*02:01,0.34500000000000003,0.88,0.7798830409356725
KLYPFLWFA,A*02:01,0.35000000000000003,0.88,0.7798830409356725
KLYPFLWFA,A*02:01,0.355,0.88,0.7798830409356725
KLYPFLWFA,A*02:01,0.36,0.88,0.7798830409356725
KLYPFLWFA,A*02:01,0.365,0.88,0.7798830409356725
KLYPFLWFA,A*02:01,0.37,0.88,0.7798830409356725
KLYPFLWFA,A*02:01,0.375,0.88,0.7798830409356725
KLYPFLWFA,A*02:01,0.38,0.9,0.7798830409356725
KLYPFLWFA,A*02:01,0.385,0.9,0.7798830409356725
KLYPFLWFA,A*02:01,0.39,0.9,0.7798830409356725
KLYPFLWFA,A*02:01,0.395,0.9,0.7798830409356725
KLYPFLWFA,A*02:01,0.4,0.9,0.7798830409356725
KLYPFLWFA,A*02:01,0.405,0.9,0.7798830409356725
KLYPFLWFA,A*02:01,0.41000000000000003,0.9,0.7798830409356725
KLYPFLWFA,A*02:01,0.41500000000000004,0.9,0.7798830409356725
KLYPFLWFA,A*02:01,0.42,0.9,0.7798830409356725
KLYPFLWFA,A*02:01,0.425,0.9,0.7798830409356725
KLYPFLWFA,A*02:01,0.43,0.9,0.7798830409356725
KLYPFLWFA,A*02:01,0.435,0.9,0.7798830409356725
KLYPFLWFA,A*02:01,0.44,0.9,0.7798830409356725
KLYPFLWFA,A*02:01,0.445,0.9,0.7798830409356725
KLYPFLWFA,A*02:01,0.45,0.92,0.7798830409356725
KLYPFLWFA,A*02:01,0.455,0.92,0.7798830409356725
KLYPFLWFA,A*02:01,0.46,0.92,0.7798830409356725
KLYPFLWFA,A*02:01,0.465,0.92,0.7798830409356725
KLYPFLWFA,A*02:01,0.47000000000000003,0.92,0.7798830409356725
KLYPFLWFA,A*02:01,0.47500000000000003,0.92,0.7798830409356725
KLYPFLWFA,A*02:01,0.48,0.92,0.7798830409356725
KLYPFLWFA,A*02:01,0.485,0.92,0.7798830409356725
KLYPFLWFA,A*02:01,0.49,0.92,0.7798830409356725
KLYPFLWFA,A*02:01,0.495,0.92,0.7798830409356725
KLYPFLWFA,A*02:01,0.5,0.92,0.7798830409356725
KLYPFLWFA,A*02:01,0.505,0.94,0.7798830409356725
KLYPFLWFA,A*02:01,0.51,0.94,0.7798830409356725
KLYPFLWFA,A*02:01,0.515,0.94,0.7798830409356725
KLYPFLWFA,A*02:01,0.52,0.94,0.7798830409356725
KLYPFLWFA,A*02:01,0.525,0.94,0.7798830409356725
KLYPFLWFA,A*02:01,0.53,0.94,0.7798830409356725
KLYPFLWFA,A*02:01,0.535,0.94,0.7798830409356725
KLYPFLWFA,A*02:01,0.54,0.94,0.7798830409356725
KLYPFLWFA,A*02:01,0.545,0.96,0.7798830409356725
KLYPFLWFA,A*02:01,0.55,0.96,0.7798830409356725
KLYPFLWFA,A*02:01,0.555,0.96,0.7798830409356725
KLYPFLWFA,A*02:01,0.56,0.96,0.7798830409356725
KLYPFLWFA,A*02:01,0.5650000000000001,0.96,0.7798830409356725
KLYPFLWFA,A*02:01,0.5700000000000001,0.96,0.7798830409356725
KLYPFLWFA,A*02:01,0.5750000000000001,0.96,0.7798830409356725
KLYPFLWFA,A*02:01,0.58,0.96,0.7798830409356725
KLYPFLWFA,A*02:01,0.585,0.96,0.7798830409356725
KLYPFLWFA,A*02:01,0.59,0.96,0.7798830409356725
KLYPFLWFA,A*02:01,0.595,0.96,0.7798830409356725
KLYPFLWFA,A*02:01,0.6,0.96,0.7798830409356725
KLYPFLWFA,A*02:01,0.605,0.96,0.7798830409356725
KLYPFLWFA,A*02:01,0.61,0.96,0.7798830409356725
KLYPFLWFA,A*02:01,0.615,0.96,0.7798830409356725
KLYPFLWFA,A*02:01,0.62,0.96,0.7798830409356725
KLYPFLWFA,A*02:01,0.625,0.96,0.7798830409356725
KLYPFLWFA,A*02:01,0.63,0.96,0.7798830409356725
KLYPFLWFA,A*02:01,0.635,0.96,0.7798830409356725
KLYPFLWFA,A*02:01,0.64,0.96,0.7798830409356725
KLYPFLWFA,A*02:01,0.645,0.96,0.7798830409356725
KLYPFLWFA,A*02:01,0.65,0.96,0.7798830409356725
KLYPFLWFA,A*02:01,0.655,0.96,0.7798830409356725
KLYPFLWFA,A*02:01,0.66,0.96,0.7798830409356725
KLYPFLWFA,A*02:01,0.665,0.96,0.7798830409356725
KLYPFLWFA,A*02:01,0.67,0.96,0.7798830409356725
KLYPFLWFA,A*02:01,0.675,0.96,0.7798830409356725
KLYPFLWFA,A*02:01,0.68,0.98,0.7798830409356725
KLYPFLWFA,A*02:01,0.685,0.98,0.7798830409356725
KLYPFLWFA,A*02:01,0.6900000000000001,0.98,0.7798830409356725
KLYPFLWFA,A*02:01,0.6950000000000001,0.98,0.7798830409356725
KLYPFLWFA,A*02:01,0.7000000000000001,0.98,0.7798830409356725
KLYPFLWFA,A*02:01,0.705,0.98,0.7798830409356725
KLYPFLWFA,A*02:01,0.71,0.98,0.7798830409356725
KLYPFLWFA,A*02:01,0.715,0.98,0.7798830409356725
KLYPFLWFA,A*02:01,0.72,0.98,0.7798830409356725
KLYPFLWFA,A*02:01,0.725,0.98,0.7798830409356725
KLYPFLWFA,A*02:01,0.73,0.98,0.7798830409356725
KLYPFLWFA,A*02:01,0.735,0.98,0.7798830409356725
KLYPFLWFA,A*02:01,0.74,0.98,0.7798830409356725
KLYPFLWFA,A*02:01,0.745,0.98,0.7798830409356725
KLYPFLWFA,A*02:01,0.75,0.98,0.7798830409356725
KLYPFLWFA,A*02:01,0.755,0.98,0.7798830409356725
KLYPFLWFA,A*02:01,0.76,0.98,0.7798830409356725
KLYPFLWFA,A*02:01,0.765,0.98,0.7798830409356725
KLYPFLWFA,A*02:01,0.77,0.98,0.7798830409356725
KLYPFLWFA,A*02:01,0.775,0.98,0.7798830409356725
KLYPFLWFA,A*02:01,0.78,0.98,0.7798830409356725
KLYPFLWFA,A*02:01,0.785,0.98,0.7798830409356725
KLYPFLWFA,A*02:01,0.79,0.98,0.7798830409356725
KLYPFLWFA,A*02:01,0.795,0.98,0.7798830409356725
KLYPFLWFA,A*02:01,0.8,0.98,0.7798830409356725
KLYPFLWFA,A*02:01,0.805,0.98,0.7798830409356725
KLYPFLWFA,A*02:01,0.81,0.98,0.7798830409356725
KLYPFLWFA,A*02:01,0.8150000000000001,0.98,0.7798830409356725
KLYPFLWFA,A*02:01,0.8200000000000001,0.98,0.7798830409356725
KLYPFLWFA,A*02:01,0.8250000000000001,0.98,0.7798830409356725
KLYPFLWFA,A*02:01,0.8300000000000001,0.98,0.7798830409356725
KLYPFLWFA,A*02:01,0.835,0.98,0.7798830409356725
KLYPFLWFA,A*02:01,0.84,0.98,0.7798830409356725
KLYPFLWFA,A*02:01,0.845,0.98,0.7798830409356725
KLYPFLWFA,A*02:01,0.85,0.98,0.7798830409356725
KLYPFLWFA,A*02:01,0.855,0.98,0.7798830409356725
KLYPFLWFA,A*02:01,0.86,0.98,0.7798830409356725
KLYPFLWFA,A*02:01,0.865,0.98,0.7798830409356725
KLYPFLWFA,A*02:01,0.87,0.98,0.7798830409356725
KLYPFLWFA,A*02:01,0.875,1.0,0.7798830409356725
KLYPFLWFA,A*02:01,0.88,1.0,0.7798830409356725
KLYPFLWFA,A*02:01,0.885,1.0,0.7798830409356725
KLYPFLWFA,A*02:01,0.89,1.0,0.7798830409356725
KLYPFLWFA,A*02:01,0.895,1.0,0.7798830409356725
KLYPFLWFA,A*02:01,0.9,1.0,0.7798830409356725
KLYPFLWFA,A*02:01,0.905,1.0,0.7798830409356725
KLYPFLWFA,A*02:01,0.91,1.0,0.7798830409356725
KLYPFLWFA,A*02:01,0.915,1.0,0.7798830409356725
KLYPFLWFA,A*02:01,0.92,1.0,0.7798830409356725
KLYPFLWFA,A*02:01,0.925,1.0,0.7798830409356725
KLYPFLWFA,A*02:01,0.93,1.0,0.7798830409356725
KLYPFLWFA,A*02:01,0.935,1.0,0.7798830409356725
KLYPFLWFA,A*02:01,0.9400000000000001,1.0,0.7798830409356725
KLYPFLWFA,A*02:01,0.9450000000000001,1.0,0.7798830409356725
KLYPFLWFA,A*02:01,0.9500000000000001,1.0,0.7798830409356725
KLYPFLWFA,A*02:01,0.9550000000000001,1.0,0.7798830409356725
KLYPFLWFA,A*02:01,0.96,1.0,0.7798830409356725
KLYPFLWFA,A*02:01,0.965,1.0,0.7798830409356725
KLYPFLWFA,A*02:01,0.97,1.0,0.7798830409356725
KLYPFLWFA,A*02:01,0.975,1.0,0.7798830409356725
KLYPFLWFA,A*02:01,0.98,1.0,0.7798830409356725
KLYPFLWFA,A*02:01,0.985,1.0,0.7798830409356725
KLYPFLWFA,A*02:01,0.99,1.0,0.7798830409356725
KLYPFLWFA,A*02:01,0.995,1.0,0.7798830409356725
KLYPFLWFA,A*02:01,1.0,1.0,0.7798830409356725
MEMPDYLLL,B*40:01,0.0,0.0,0.5478362573099416
MEMPDYLLL,B*40:01,0.005,0.02,0.5478362573099416
MEMPDYLLL,B*40:01,0.01,0.02,0.5478362573099416
MEMPDYLLL,B*40:01,0.015,0.08,0.5478362573099416
MEMPDYLLL,B*40:01,0.02,0.1,0.5478362573099416
MEMPDYLLL,B*40:01,0.025,0.1,0.5478362573099416
MEMPDYLLL,B*40:01,0.03,0.14,0.5478362573099416
MEMPDYLLL,B*40:01,0.035,0.14,0.5478362573099416
MEMPDYLLL,B*40:01,0.04,0.16,0.5478362573099416
MEMPDYLLL,B*40:01,0.045,0.18,0.5478362573099416
MEMPDYLLL,B*40:01,0.05,0.18,0.5478362573099416
MEMPDYLLL,B*40:01,0.055,0.18,0.5478362573099416
MEMPDYLLL,B*40:01,0.06,0.18,0.5478362573099416
MEMPDYLLL,B*40:01,0.065,0.18,0.5478362573099416
MEMPDYLLL,B*40:01,0.07,0.18,0.5478362573099416
MEMPDYLLL,B*40:01,0.075,0.18,0.5478362573099416
MEMPDYLLL,B*40:01,0.08,0.18,0.5478362573099416
MEMPDYLLL,B*40:01,0.085,0.18,0.5478362573099416
MEMPDYLLL,B*40:01,0.09,0.18,0.5478362573099416
MEMPDYLLL,B*40:01,0.095,0.18,0.5478362573099416
MEMPDYLLL,B*40:01,0.1,0.2,0.5478362573099416
MEMPDYLLL,B*40:01,0.105,0.2,0.5478362573099416
MEMPDYLLL,B*40:01,0.11,0.2,0.5478362573099416
MEMPDYLLL,B*40:01,0.115,0.2,0.5478362573099416
MEMPDYLLL,B*40:01,0.12,0.2,0.5478362573099416
MEMPDYLLL,B*40:01,0.125,0.2,0.5478362573099416
MEMPDYLLL,B*40:01,0.13,0.2,0.5478362573099416
MEMPDYLLL,B*40:01,0.135,0.2,0.5478362573099416
MEMPDYLLL,B*40:01,0.14,0.2,0.5478362573099416
MEMPDYLLL,B*40:01,0.145,0.2,0.5478362573099416
MEMPDYLLL,B*40:01,0.15,0.2,0.5478362573099416
MEMPDYLLL,B*40:01,0.155,0.2,0.5478362573099416
MEMPDYLLL,B*40:01,0.16,0.26,0.5478362573099416
MEMPDYLLL,B*40:01,0.165,0.26,0.5478362573099416
MEMPDYLLL,B*40:01,0.17,0.26,0.5478362573099416
MEMPDYLLL,B*40:01,0.17500000000000002,0.26,0.5478362573099416
MEMPDYLLL,B*40:01,0.18,0.28,0.5478362573099416
MEMPDYLLL,B*40:01,0.185,0.28,0.5478362573099416
MEMPDYLLL,B*40:01,0.19,0.28,0.5478362573099416
MEMPDYLLL,B*40:01,0.195,0.28,0.5478362573099416
MEMPDYLLL,B*40:01,0.2,0.3,0.5478362573099416
MEMPDYLLL,B*40:01,0.20500000000000002,0.3,0.5478362573099416
MEMPDYLLL,B*40:01,0.21,0.3,0.5478362573099416
MEMPDYLLL,B*40:01,0.215,0.34,0.5478362573099416
MEMPDYLLL,B*40:01,0.22,0.34,0.5478362573099416
MEMPDYLLL,B*40:01,0.225,0.34,0.5478362573099416
MEMPDYLLL,B*40:01,0.23,0.34,0.5478362573099416
MEMPDYLLL,B*40:01,0.23500000000000001,0.34,0.5478362573099416
MEMPDYLLL,B*40:01,0.24,0.34,0.5478362573099416
MEMPDYLLL,B*40:01,0.245,0.36,0.5478362573099416
MEMPDYLLL,B*40:01,0.25,0.38,0.5478362573099416
MEMPDYLLL,B*40:01,0.255,0.4,0.5478362573099416
MEMPDYLLL,B*40:01,0.26,0.4,0.5478362573099416
MEMPDYLLL,B*40:01,0.265,0.4,0.5478362573099416
MEMPDYLLL,B*40:01,0.27,0.4,0.5478362573099416
MEMPDYLLL,B*40:01,0.275,0.4,0.5478362573099416
MEMPDYLLL,B*40:01,0.28,0.4,0.5478362573099416
MEMPDYLLL,B*40:01,0.28500000000000003,0.4,0.5478362573099416
MEMPDYLLL,B*40:01,0.29,0.42,0.5478362573099416
MEMPDYLLL,B*40:01,0.295,0.42,0.5478362573099416
MEMPDYLLL,B*40:01,0.3,0.42,0.5478362573099416
MEMPDYLLL,B*40:01,0.305,0.42,0.5478362573099416
MEMPDYLLL,B*40:01,0.31,0.42,0.5478362573099416
MEMPDYLLL,B*40:01,0.315,0.42,0.5478362573099416
MEMPDYLLL,B*40:01,0.32,0.44,0.5478362573099416
MEMPDYLLL,B*40:01,0.325,0.44,0.5478362573099416
MEMPDYLLL,B*40:01,0.33,0.44,0.5478362573099416
MEMPDYLLL,B*40:01,0.335,0.44,0.5478362573099416
MEMPDYLLL,B*40:01,0.34,0.48,0.5478362573099416
MEMPDYLLL,B*40:01,0.34500000000000003,0.5,0.5478362573099416
MEMPDYLLL,B*40:01,0.35000000000000003,0.5,0.5478362573099416
MEMPDYLLL,B*40:01,0.355,0.5,0.5478362573099416
MEMPDYLLL,B*40:01,0.36,0.52,0.5478362573099416
MEMPDYLLL,B*40:01,0.365,0.52,0.5478362573099416
MEMPDYLLL,B*40:01,0.37,0.56,0.5478362573099416
MEMPDYLLL,B*40:01,0.375,0.58,0.5478362573099416
MEMPDYLLL,B*40:01,0.38,0.58,0.5478362573099416
MEMPDYLLL,B*40:01,0.385,0.58,0.5478362573099416
MEMPDYLLL,B*40:01,0.39,0.58,0.5478362573099416
MEMPDYLLL,B*40:01,0.395,0.58,0.5478362573099416
MEMPDYLLL,B*40:01,0.4,0.6,0.5478362573099416
MEMPDYLLL,B*40:01,0.405,0.6,0.5478362573099416
MEMPDYLLL,B*40:01,0.41000000000000003,0.6,0.5478362573099416
MEMPDYLLL,B*40:01,0.41500000000000004,0.6,0.5478362573099416
MEMPDYLLL,B*40:01,0.42,0.62,0.5478362573099416
MEMPDYLLL,B*40:01,0.425,0.62,0.5478362573099416
MEMPDYLLL,B*40:01,0.43,0.62,0.5478362573099416
MEMPDYLLL,B*40:01,0.435,0.62,0.5478362573099416
MEMPDYLLL,B*40:01,0.44,0.62,0.5478362573099416
MEMPDYLLL,B*40:01,0.445,0.62,0.5478362573099416
MEMPDYLLL,B*40:01,0.45,0.62,0.5478362573099416
MEMPDYLLL,B*40:01,0.455,0.62,0.5478362573099416
MEMPDYLLL,B*40:01,0.46,0.62,0.5478362573099416
MEMPDYLLL,B*40:01,0.465,0.62,0.5478362573099416
MEMPDYLLL,B*40:01,0.47000000000000003,0.62,0.5478362573099416
MEMPDYLLL,B*40:01,0.47500000000000003,0.64,0.5478362573099416
MEMPDYLLL,B*40:01,0.48,0.64,0.5478362573099416
MEMPDYLLL,B*40:01,0.485,0.64,0.5478362573099416
MEMPDYLLL,B*40:01,0.49,0.64,0.5478362573099416
MEMPDYLLL,B*40:01,0.495,0.64,0.5478362573099416
MEMPDYLLL,B*40:01,0.5,0.66,0.5478362573099416
MEMPDYLLL,B*40:01,0.505,0.66,0.5478362573099416
MEMPDYLLL,B*40:01,0.51,0.66,0.5478362573099416
MEMPDYLLL,B*40:01,0.515,0.66,0.5478362573099416
MEMPDYLLL,B*40:01,0.52,0.68,0.5478362573099416
MEMPDYLLL,B*40:01,0.525,0.68,0.5478362573099416
MEMPDYLLL,B*40:01,0.53,0.68,0.5478362573099416
MEMPDYLLL,B*40:01,0.535,0.68,0.5478362573099416
MEMPDYLLL,B*40:01,0.54,0.7,0.5478362573099416
MEMPDYLLL,B*40:01,0.545,0.7,0.5478362573099416
MEMPDYLLL,B*40:01,0.55,0.7,0.5478362573099416
MEMPDYLLL,B*40:01,0.555,0.7,0.5478362573099416
MEMPDYLLL,B*40:01,0.56,0.7,0.5478362573099416
MEMPDYLLL,B*40:01,0.5650000000000001,0.72,0.5478362573099416
MEMPDYLLL,B*40:01,0.5700000000000001,0.72,0.5478362573099416
MEMPDYLLL,B*40:01,0.5750000000000001,0.72,0.5478362573099416
MEMPDYLLL,B*40:01,0.58,0.74,0.5478362573099416
MEMPDYLLL,B*40:01,0.585,0.74,0.5478362573099416
MEMPDYLLL,B*40:01,0.59,0.74,0.5478362573099416
MEMPDYLLL,B*40:01,0.595,0.76,0.5478362573099416
MEMPDYLLL,B*40:01,0.6,0.76,0.5478362573099416
MEMPDYLLL,B*40:01,0.605,0.78,0.5478362573099416
MEMPDYLLL,B*40:01,0.61,0.8,0.5478362573099416
MEMPDYLLL,B*40:01,0.615,0.8,0.5478362573099416
MEMPDYLLL,B*40:01,0.62,0.8,0.5478362573099416
MEMPDYLLL,B*40:01,0.625,0.8,0.5478362573099416
MEMPDYLLL,B*40:01,0.63,0.8,0.5478362573099416
MEMPDYLLL,B*40:01,0.635,0.82,0.5478362573099416
MEMPDYLLL,B*40:01,0.64,0.86,0.5478362573099416
MEMPDYLLL,B*40:01,0.645,0.86,0.5478362573099416
MEMPDYLLL,B*40:01,0.65,0.86,0.5478362573099416
MEMPDYLLL,B*40:01,0.655,0.86,0.5478362573099416
MEMPDYLLL,B*40:01,0.66,0.86,0.5478362573099416
MEMPDYLLL,B*40:01,0.665,0.88,0.5478362573099416
MEMPDYLLL,B*40:01,0.67,0.88,0.5478362573099416
MEMPDYLLL,B*40:01,0.675,0.88,0.5478362573099416
MEMPDYLLL,B*40:01,0.68,0.88,0.5478362573099416
MEMPDYLLL,B*40:01,0.685,0.88,0.5478362573099416
MEMPDYLLL,B*40:01,0.6900000000000001,0.88,0.5478362573099416
MEMPDYLLL,B*40:01,0.6950000000000001,0.88,0.5478362573099416
MEMPDYLLL,B*40:01,0.7000000000000001,0.88,0.5478362573099416
MEMPDYLLL,B*40:01,0.705,0.88,0.5478362573099416
MEMPDYLLL,B*40:01,0.71,0.88,0.5478362573099416
MEMPDYLLL,B*40:01,0.715,0.88,0.5478362573099416
MEMPDYLLL,B*40:01,0.72,0.88,0.5478362573099416
MEMPDYLLL,B*40:01,0.725,0.88,0.5478362573099416
MEMPDYLLL,B*40:01,0.73,0.88,0.5478362573099416
MEMPDYLLL,B*40:01,0.735,0.88,0.5478362573099416
MEMPDYLLL,B*40:01,0.74,0.88,0.5478362573099416
MEMPDYLLL,B*40:01,0.745,0.88,0.5478362573099416
MEMPDYLLL,B*40:01,0.75,0.88,0.5478362573099416
MEMPDYLLL,B*40:01,0.755,0.9,0.5478362573099416
MEMPDYLLL,B*40:01,0.76,0.9,0.5478362573099416
MEMPDYLLL,B*40:01,0.765,0.9,0.5478362573099416
MEMPDYLLL,B*40:01,0.77,0.9,0.5478362573099416
MEMPDYLLL,B*40:01,0.775,0.92,0.5478362573099416
MEMPDYLLL,B*40:01,0.78,0.92,0.5478362573099416
MEMPDYLLL,B*40:01,0.785,0.92,0.5478362573099416
MEMPDYLLL,B*40:01,0.79,0.94,0.5478362573099416
MEMPDYLLL,B*40:01,0.795,0.94,0.5478362573099416
MEMPDYLLL,B*40:01,0.8,0.94,0.5478362573099416
MEMPDYLLL,B*40:01,0.805,0.94,0.5478362573099416
MEMPDYLLL,B*40:01,0.81,0.94,0.5478362573099416
MEMPDYLLL,B*40:01,0.8150000000000001,0.96,0.5478362573099416
MEMPDYLLL,B*40:01,0.8200000000000001,0.96,0.5478362573099416
MEMPDYLLL,B*40:01,0.8250000000000001,0.98,0.5478362573099416
MEMPDYLLL,B*40:01,0.8300000000000001,0.98,0.5478362573099416
MEMPDYLLL,B*40:01,0.835,0.98,0.5478362573099416
MEMPDYLLL,B*40:01,0.84,0.98,0.5478362573099416
MEMPDYLLL,B*40:01,0.845,0.98,0.5478362573099416
MEMPDYLLL,B*40:01,0.85,0.98,0.5478362573099416
MEMPDYLLL,B*40:01,0.855,0.98,0.5478362573099416
MEMPDYLLL,B*40:01,0.86,0.98,0.5478362573099416
MEMPDYLLL,B*40:01,0.865,0.98,0.5478362573099416
MEMPDYLLL,B*40:01,0.87,0.98,0.5478362573099416
MEMPDYLLL,B*40:01,0.875,0.98,0.5478362573099416
MEMPDYLLL,B*40:01,0.88,1.0,0.5478362573099416
MEMPDYLLL,B*40:01,0.885,1.0,0.5478362573099416
MEMPDYLLL,B*40:01,0.89,1.0,0.5478362573099416
MEMPDYLLL,B*40:01,0.895,1.0,0.5478362573099416
MEMPDYLLL,B*40:01,0.9,1.0,0.5478362573099416
MEMPDYLLL,B*40:01,0.905,1.0,0.5478362573099416
MEMPDYLLL,B*40:01,0.91,1.0,0.5478362573099416
MEMPDYLLL,B*40:01,0.915,1.0,0.5478362573099416
MEMPDYLLL,B*40:01,0.92,1.0,0.5478362573099416
MEMPDYLLL,B*40:01,0.925,1.0,0.5478362573099416
MEMPDYLLL,B*40:01,0.93,1.0,0.5478362573099416
MEMPDYLLL,B*40:01,0.935,1.0,0.5478362573099416
MEMPDYLLL,B*40:01,0.9400000000000001,1.0,0.5478362573099416
MEMPDYLLL,B*40:01,0.9450000000000001,1.0,0.5478362573099416
MEMPDYLLL,B*40:01,0.9500000000000001,1.0,0.5478362573099416
MEMPDYLLL,B*40:01,0.9550000000000001,1.0,0.5478362573099416
MEMPDYLLL,B*40:01,0.96,1.0,0.5478362573099416
MEMPDYLLL,B*40:01,0.965,1.0,0.5478362573099416
MEMPDYLLL,B*40:01,0.97,1.0,0.5478362573099416
MEMPDYLLL,B*40:01,0.975,1.0,0.5478362573099416
MEMPDYLLL,B*40:01,0.98,1.0,0.5478362573099416
MEMPDYLLL,B*40:01,0.985,1.0,0.5478362573099416
MEMPDYLLL,B*40:01,0.99,1.0,0.5478362573099416
MEMPDYLLL,B*40:01,0.995,1.0,0.5478362573099416
MEMPDYLLL,B*40:01,1.0,1.0,0.5478362573099416
MENWSALEL,B*40:01,0.0,0.08,0.6921637426900584
MENWSALEL,B*40:01,0.005,0.14,0.6921637426900584
MENWSALEL,B*40:01,0.01,0.16,0.6921637426900584
MENWSALEL,B*40:01,0.015,0.2,0.6921637426900584
MENWSALEL,B*40:01,0.02,0.22,0.6921637426900584
MENWSALEL,B*40:01,0.025,0.36,0.6921637426900584
MENWSALEL,B*40:01,0.03,0.38,0.6921637426900584
MENWSALEL,B*40:01,0.035,0.42,0.6921637426900584
MENWSALEL,B*40:01,0.04,0.44,0.6921637426900584
MENWSALEL,B*40:01,0.045,0.44,0.6921637426900584
MENWSALEL,B*40:01,0.05,0.44,0.6921637426900584
MENWSALEL,B*40:01,0.055,0.44,0.6921637426900584
MENWSALEL,B*40:01,0.06,0.5,0.6921637426900584
MENWSALEL,B*40:01,0.065,0.5,0.6921637426900584
MENWSALEL,B*40:01,0.07,0.5,0.6921637426900584
MENWSALEL,B*40:01,0.075,0.52,0.6921637426900584
MENWSALEL,B*40:01,0.08,0.54,0.6921637426900584
MENWSALEL,B*40:01,0.085,0.58,0.6921637426900584
MENWSALEL,B*40:01,0.09,0.6,0.6921637426900584
MENWSALEL,B*40:01,0.095,0.62,0.6921637426900584
MENWSALEL,B*40:01,0.1,0.64,0.6921637426900584
MENWSALEL,B*40:01,0.105,0.64,0.6921637426900584
MENWSALEL,B*40:01,0.11,0.64,0.6921637426900584
MENWSALEL,B*40:01,0.115,0.64,0.6921637426900584
MENWSALEL,B*40:01,0.12,0.68,0.6921637426900584
MENWSALEL,B*40:01,0.125,0.68,0.6921637426900584
MENWSALEL,B*40:01,0.13,0.68,0.6921637426900584
MENWSALEL,B*40:01,0.135,0.7,0.6921637426900584
MENWSALEL,B*40:01,0.14,0.7,0.6921637426900584
MENWSALEL,B*40:01,0.145,0.72,0.6921637426900584
MENWSALEL,B*40:01,0.15,0.72,0.6921637426900584
MENWSALEL,B*40:01,0.155,0.72,0.6921637426900584
MENWSALEL,B*40:01,0.16,0.72,0.6921637426900584
MENWSALEL,B*40:01,0.165,0.72,0.6921637426900584
MENWSALEL,B*40:01,0.17,0.72,0.6921637426900584
MENWSALEL,B*40:01,0.17500000000000002,0.72,0.6921637426900584
MENWSALEL,B*40:01,0.18,0.72,0.6921637426900584
MENWSALEL,B*40:01,0.185,0.72,0.6921637426900584
MENWSALEL,B*40:01,0.19,0.72,0.6921637426900584
MENWSALEL,B*40:01,0.195,0.74,0.6921637426900584
MENWSALEL,B*40:01,0.2,0.74,0.6921637426900584
MENWSALEL,B*40:01,0.20500000000000002,0.74,0.6921637426900584
MENWSALEL,B*40:01,0.21,0.74,0.6921637426900584
MENWSALEL,B*40:01,0.215,0.74,0.6921637426900584
MENWSALEL,B*40:01,0.22,0.74,0.6921637426900584
MENWSALEL,B*40:01,0.225,0.76,0.6921637426900584
MENWSALEL,B*40:01,0.23,0.76,0.6921637426900584
MENWSALEL,B*40:01,0.23500000000000001,0.76,0.6921637426900584
MENWSALEL,B*40:01,0.24,0.76,0.6921637426900584
MENWSALEL,B*40:01,0.245,0.78,0.6921637426900584
MENWSALEL,B*40:01,0.25,0.78,0.6921637426900584
MENWSALEL,B*40:01,0.255,0.78,0.6921637426900584
MENWSALEL,B*40:01,0.26,0.78,0.6921637426900584
MENWSALEL,B*40:01,0.265,0.8,0.6921637426900584
MENWSALEL,B*40:01,0.27,0.8,0.6921637426900584
MENWSALEL,B*40:01,0.275,0.8,0.6921637426900584
MENWSALEL,B*40:01,0.28,0.8,0.6921637426900584
MENWSALEL,B*40:01,0.28500000000000003,0.82,0.6921637426900584
MENWSALEL,B*40:01,0.29,0.82,0.6921637426900584
MENWSALEL,B*40:01,0.295,0.82,0.6921637426900584
MENWSALEL,B*40:01,0.3,0.84,0.6921637426900584
MENWSALEL,B*40:01,0.305,0.84,0.6921637426900584
MENWSALEL,B*40:01,0.31,0.84,0.6921637426900584
MENWSALEL,B*40:01,0.315,0.84,0.6921637426900584
MENWSALEL,B*40:01,0.32,0.84,0.6921637426900584
MENWSALEL,B*40:01,0.325,0.84,0.6921637426900584
MENWSALEL,B*40:01,0.33,0.84,0.6921637426900584
MENWSALEL,B*40:01,0.335,0.84,0.6921637426900584
MENWSALEL,B*40:01,0.34,0.84,0.6921637426900584
MENWSALEL,B*40:01,0.34500000000000003,0.84,0.6921637426900584
MENWSALEL,B*40:01,0.35000000000000003,0.84,0.6921637426900584
MENWSALEL,B*40:01,0.355,0.84,0.6921637426900584
MENWSALEL,B*40:01,0.36,0.84,0.6921637426900584
MENWSALEL,B*40:01,0.365,0.84,0.6921637426900584
MENWSALEL,B*40:01,0.37,0.84,0.6921637426900584
MENWSALEL,B*40:01,0.375,0.84,0.6921637426900584
MENWSALEL,B*40:01,0.38,0.9,0.6921637426900584
MENWSALEL,B*40:01,0.385,0.9,0.6921637426900584
MENWSALEL,B*40:01,0.39,0.9,0.6921637426900584
MENWSALEL,B*40:01,0.395,0.9,0.6921637426900584
MENWSALEL,B*40:01,0.4,0.92,0.6921637426900584
MENWSALEL,B*40:01,0.405,0.92,0.6921637426900584
MENWSALEL,B*40:01,0.41000000000000003,0.92,0.6921637426900584
MENWSALEL,B*40:01,0.41500000000000004,0.92,0.6921637426900584
MENWSALEL,B*40:01,0.42,0.92,0.6921637426900584
MENWSALEL,B*40:01,0.425,0.92,0.6921637426900584
MENWSALEL,B*40:01,0.43,0.92,0.6921637426900584
MENWSALEL,B*40:01,0.435,0.92,0.6921637426900584
MENWSALEL,B*40:01,0.44,0.92,0.6921637426900584
MENWSALEL,B*40:01,0.445,0.92,0.6921637426900584
MENWSALEL,B*40:01,0.45,0.92,0.6921637426900584
MENWSALEL,B*40:01,0.455,0.92,0.6921637426900584
MENWSALEL,B*40:01,0.46,0.92,0.6921637426900584
MENWSALEL,B*40:01,0.465,0.92,0.6921637426900584
MENWSALEL,B*40:01,0.47000000000000003,0.92,0.6921637426900584
MENWSALEL,B*40:01,0.47500000000000003,0.92,0.6921637426900584
MENWSALEL,B*40:01,0.48,0.92,0.6921637426900584
MENWSALEL,B*40:01,0.485,0.92,0.6921637426900584
MENWSALEL,B*40:01,0.49,0.92,0.6921637426900584
MENWSALEL,B*40:01,0.495,0.92,0.6921637426900584
MENWSALEL,B*40:01,0.5,0.92,0.6921637426900584
MENWSALEL,B*40:01,0.505,0.92,0.6921637426900584
MENWSALEL,B*40:01,0.51,0.92,0.6921637426900584
MENWSALEL,B*40:01,0.515,0.92,0.6921637426900584
MENWSALEL,B*40:01,0.52,0.94,0.6921637426900584
MENWSALEL,B*40:01,0.525,0.96,0.6921637426900584
MENWSALEL,B*40:01,0.53,0.96,0.6921637426900584
MENWSALEL,B*40:01,0.535,0.96,0.6921637426900584
MENWSALEL,B*40:01,0.54,0.96,0.6921637426900584
MENWSALEL,B*40:01,0.545,0.96,0.6921637426900584
MENWSALEL,B*40:01,0.55,0.96,0.6921637426900584
MENWSALEL,B*40:01,0.555,0.96,0.6921637426900584
MENWSALEL,B*40:01,0.56,0.96,0.6921637426900584
MENWSALEL,B*40:01,0.5650000000000001,0.96,0.6921637426900584
MENWSALEL,B*40:01,0.5700000000000001,0.98,0.6921637426900584
MENWSALEL,B*40:01,0.5750000000000001,0.98,0.6921637426900584
MENWSALEL,B*40:01,0.58,0.98,0.6921637426900584
MENWSALEL,B*40:01,0.585,1.0,0.6921637426900584
MENWSALEL,B*40:01,0.59,1.0,0.6921637426900584
MENWSALEL,B*40:01,0.595,1.0,0.6921637426900584
MENWSALEL,B*40:01,0.6,1.0,0.6921637426900584
MENWSALEL,B*40:01,0.605,1.0,0.6921637426900584
MENWSALEL,B*40:01,0.61,1.0,0.6921637426900584
MENWSALEL,B*40:01,0.615,1.0,0.6921637426900584
MENWSALEL,B*40:01,0.62,1.0,0.6921637426900584
MENWSALEL,B*40:01,0.625,1.0,0.6921637426900584
MENWSALEL,B*40:01,0.63,1.0,0.6921637426900584
MENWSALEL,B*40:01,0.635,1.0,0.6921637426900584
MENWSALEL,B*40:01,0.64,1.0,0.6921637426900584
MENWSALEL,B*40:01,0.645,1.0,0.6921637426900584
MENWSALEL,B*40:01,0.65,1.0,0.6921637426900584
MENWSALEL,B*40:01,0.655,1.0,0.6921637426900584
MENWSALEL,B*40:01,0.66,1.0,0.6921637426900584
MENWSALEL,B*40:01,0.665,1.0,0.6921637426900584
MENWSALEL,B*40:01,0.67,1.0,0.6921637426900584
MENWSALEL,B*40:01,0.675,1.0,0.6921637426900584
MENWSALEL,B*40:01,0.68,1.0,0.6921637426900584
MENWSALEL,B*40:01,0.685,1.0,0.6921637426900584
MENWSALEL,B*40:01,0.6900000000000001,1.0,0.6921637426900584
MENWSALEL,B*40:01,0.6950000000000001,1.0,0.6921637426900584
MENWSALEL,B*40:01,0.7000000000000001,1.0,0.6921637426900584
MENWSALEL,B*40:01,0.705,1.0,0.6921637426900584
MENWSALEL,B*40:01,0.71,1.0,0.6921637426900584
MENWSALEL,B*40:01,0.715,1.0,0.6921637426900584
MENWSALEL,B*40:01,0.72,1.0,0.6921637426900584
MENWSALEL,B*40:01,0.725,1.0,0.6921637426900584
MENWSALEL,B*40:01,0.73,1.0,0.6921637426900584
MENWSALEL,B*40:01,0.735,1.0,0.6921637426900584
MENWSALEL,B*40:01,0.74,1.0,0.6921637426900584
MENWSALEL,B*40:01,0.745,1.0,0.6921637426900584
MENWSALEL,B*40:01,0.75,1.0,0.6921637426900584
MENWSALEL,B*40:01,0.755,1.0,0.6921637426900584
MENWSALEL,B*40:01,0.76,1.0,0.6921637426900584
MENWSALEL,B*40:01,0.765,1.0,0.6921637426900584
MENWSALEL,B*40:01,0.77,1.0,0.6921637426900584
MENWSALEL,B*40:01,0.775,1.0,0.6921637426900584
MENWSALEL,B*40:01,0.78,1.0,0.6921637426900584
MENWSALEL,B*40:01,0.785,1.0,0.6921637426900584
MENWSALEL,B*40:01,0.79,1.0,0.6921637426900584
MENWSALEL,B*40:01,0.795,1.0,0.6921637426900584
MENWSALEL,B*40:01,0.8,1.0,0.6921637426900584
MENWSALEL,B*40:01,0.805,1.0,0.6921637426900584
MENWSALEL,B*40:01,0.81,1.0,0.6921637426900584
MENWSALEL,B*40:01,0.8150000000000001,1.0,0.6921637426900584
MENWSALEL,B*40:01,0.8200000000000001,1.0,0.6921637426900584
MENWSALEL,B*40:01,0.8250000000000001,1.0,0.6921637426900584
MENWSALEL,B*40:01,0.8300000000000001,1.0,0.6921637426900584
MENWSALEL,B*40:01,0.835,1.0,0.6921637426900584
MENWSALEL,B*40:01,0.84,1.0,0.6921637426900584
MENWSALEL,B*40:01,0.845,1.0,0.6921637426900584
MENWSALEL,B*40:01,0.85,1.0,0.6921637426900584
MENWSALEL,B*40:01,0.855,1.0,0.6921637426900584
MENWSALEL,B*40:01,0.86,1.0,0.6921637426900584
MENWSALEL,B*40:01,0.865,1.0,0.6921637426900584
MENWSALEL,B*40:01,0.87,1.0,0.6921637426900584
MENWSALEL,B*40:01,0.875,1.0,0.6921637426900584
MENWSALEL,B*40:01,0.88,1.0,0.6921637426900584
MENWSALEL,B*40:01,0.885,1.0,0.6921637426900584
MENWSALEL,B*40:01,0.89,1.0,0.6921637426900584
MENWSALEL,B*40:01,0.895,1.0,0.6921637426900584
MENWSALEL,B*40:01,0.9,1.0,0.6921637426900584
MENWSALEL,B*40:01,0.905,1.0,0.6921637426900584
MENWSALEL,B*40:01,0.91,1.0,0.6921637426900584
MENWSALEL,B*40:01,0.915,1.0,0.6921637426900584
MENWSALEL,B*40:01,0.92,1.0,0.6921637426900584
MENWSALEL,B*40:01,0.925,1.0,0.6921637426900584
MENWSALEL,B*40:01,0.93,1.0,0.6921637426900584
MENWSALEL,B*40:01,0.935,1.0,0.6921637426900584
MENWSALEL,B*40:01,0.9400000000000001,1.0,0.6921637426900584
MENWSALEL,B*40:01,0.9450000000000001,1.0,0.6921637426900584
MENWSALEL,B*40:01,0.9500000000000001,1.0,0.6921637426900584
MENWSALEL,B*40:01,0.9550000000000001,1.0,0.6921637426900584
MENWSALEL,B*40:01,0.96,1.0,0.6921637426900584
MENWSALEL,B*40:01,0.965,1.0,0.6921637426900584
MENWSALEL,B*40:01,0.97,1.0,0.6921637426900584
MENWSALEL,B*40:01,0.975,1.0,0.6921637426900584
MENWSALEL,B*40:01,0.98,1.0,0.6921637426900584
MENWSALEL,B*40:01,0.985,1.0,0.6921637426900584
MENWSALEL,B*40:01,0.99,1.0,0.6921637426900584
MENWSALEL,B*40:01,0.995,1.0,0.6921637426900584
MENWSALEL,B*40:01,1.0,1.0,0.6921637426900584
MTDYDYLEV,A*02:01,0.0,0.0,0.6940350877192982
MTDYDYLEV,A*02:01,0.005,0.14,0.6940350877192982
MTDYDYLEV,A*02:01,0.01,0.24,0.6940350877192982
MTDYDYLEV,A*02:01,0.015,0.24,0.6940350877192982
MTDYDYLEV,A*02:01,0.02,0.26,0.6940350877192982
MTDYDYLEV,A*02:01,0.025,0.34,0.6940350877192982
MTDYDYLEV,A*02:01,0.03,0.38,0.6940350877192982
MTDYDYLEV,A*02:01,0.035,0.38,0.6940350877192982
MTDYDYLEV,A*02:01,0.04,0.4,0.6940350877192982
MTDYDYLEV,A*02:01,0.045,0.42,0.6940350877192982
MTDYDYLEV,A*02:01,0.05,0.44,0.6940350877192982
MTDYDYLEV,A*02:01,0.055,0.44,0.6940350877192982
MTDYDYLEV,A*02:01,0.06,0.5,0.6940350877192982
MTDYDYLEV,A*02:01,0.065,0.52,0.6940350877192982
MTDYDYLEV,A*02:01,0.07,0.54,0.6940350877192982
MTDYDYLEV,A*02:01,0.075,0.56,0.6940350877192982
MTDYDYLEV,A*02:01,0.08,0.56,0.6940350877192982
MTDYDYLEV,A*02:01,0.085,0.56,0.6940350877192982
MTDYDYLEV,A*02:01,0.09,0.56,0.6940350877192982
MTDYDYLEV,A*02:01,0.095,0.56,0.6940350877192982
MTDYDYLEV,A*02:01,0.1,0.6,0.6940350877192982
MTDYDYLEV,A*02:01,0.105,0.6,0.6940350877192982
MTDYDYLEV,A*02:01,0.11,0.6,0.6940350877192982
MTDYDYLEV,A*02:01,0.115,0.6,0.6940350877192982
MTDYDYLEV,A*02:01,0.12,0.6,0.6940350877192982
MTDYDYLEV,A*02:01,0.125,0.6,0.6940350877192982
MTDYDYLEV,A*02:01,0.13,0.62,0.6940350877192982
MTDYDYLEV,A*02:01,0.135,0.62,0.6940350877192982
MTDYDYLEV,A*02:01,0.14,0.62,0.6940350877192982
MTDYDYLEV,A*02:01,0.145,0.66,0.6940350877192982
MTDYDYLEV,A*02:01,0.15,0.66,0.6940350877192982
MTDYDYLEV,A*02:01,0.155,0.66,0.6940350877192982
MTDYDYLEV,A*02:01,0.16,0.66,0.6940350877192982
MTDYDYLEV,A*02:01,0.165,0.66,0.6940350877192982
MTDYDYLEV,A*02:01,0.17,0.66,0.6940350877192982
MTDYDYLEV,A*02:01,0.17500000000000002,0.66,0.6940350877192982
MTDYDYLEV,A*02:01,0.18,0.66,0.6940350877192982
MTDYDYLEV,A*02:01,0.185,0.66,0.6940350877192982
MTDYDYLEV,A*02:01,0.19,0.66,0.6940350877192982
MTDYDYLEV,A*02:01,0.195,0.68,0.6940350877192982
MTDYDYLEV,A*02:01,0.2,0.7,0.6940350877192982
MTDYDYLEV,A*02:01,0.20500000000000002,0.7,0.6940350877192982
MTDYDYLEV,A*02:01,0.21,0.7,0.6940350877192982
MTDYDYLEV,A*02:01,0.215,0.7,0.6940350877192982
MTDYDYLEV,A*02:01,0.22,0.7,0.6940350877192982
MTDYDYLEV,A*02:01,0.225,0.7,0.6940350877192982
MTDYDYLEV,A*02:01,0.23,0.7,0.6940350877192982
MTDYDYLEV,A*02:01,0.23500000000000001,0.72,0.6940350877192982
MTDYDYLEV,A*02:01,0.24,0.72,0.6940350877192982
MTDYDYLEV,A*02:01,0.245,0.74,0.6940350877192982
MTDYDYLEV,A*02:01,0.25,0.74,0.6940350877192982
MTDYDYLEV,A*02:01,0.255,0.74,0.6940350877192982
MTDYDYLEV,A*02:01,0.26,0.74,0.6940350877192982
MTDYDYLEV,A*02:01,0.265,0.74,0.6940350877192982
MTDYDYLEV,A*02:01,0.27,0.74,0.6940350877192982
MTDYDYLEV,A*02:01,0.275,0.74,0.6940350877192982
MTDYDYLEV,A*02:01,0.28,0.74,0.6940350877192982
MTDYDYLEV,A*02:01,0.28500000000000003,0.74,0.6940350877192982
MTDYDYLEV,A*02:01,0.29,0.74,0.6940350877192982
MTDYDYLEV,A*02:01,0.295,0.74,0.6940350877192982
MTDYDYLEV,A*02:01,0.3,0.76,0.6940350877192982
MTDYDYLEV,A*02:01,0.305,0.76,0.6940350877192982
MTDYDYLEV,A*02:01,0.31,0.76,0.6940350877192982
MTDYDYLEV,A*02:01,0.315,0.76,0.6940350877192982
MTDYDYLEV,A*02:01,0.32,0.78,0.6940350877192982
MTDYDYLEV,A*02:01,0.325,0.78,0.6940350877192982
MTDYDYLEV,A*02:01,0.33,0.78,0.6940350877192982
MTDYDYLEV,A*02:01,0.335,0.78,0.6940350877192982
MTDYDYLEV,A*02:01,0.34,0.78,0.6940350877192982
MTDYDYLEV,A*02:01,0.34500000000000003,0.82,0.6940350877192982
MTDYDYLEV,A*02:01,0.35000000000000003,0.82,0.6940350877192982
MTDYDYLEV,A*02:01,0.355,0.82,0.6940350877192982
MTDYDYLEV,A*02:01,0.36,0.82,0.6940350877192982
MTDYDYLEV,A*02:01,0.365,0.82,0.6940350877192982
MTDYDYLEV,A*02:01,0.37,0.82,0.6940350877192982
MTDYDYLEV,A*02:01,0.375,0.82,0.6940350877192982
MTDYDYLEV,A*02:01,0.38,0.82,0.6940350877192982
MTDYDYLEV,A*02:01,0.385,0.82,0.6940350877192982
MTDYDYLEV,A*02:01,0.39,0.82,0.6940350877192982
MTDYDYLEV,A*02:01,0.395,0.82,0.6940350877192982
MTDYDYLEV,A*02:01,0.4,0.82,0.6940350877192982
MTDYDYLEV,A*02:01,0.405,0.82,0.6940350877192982
MTDYDYLEV,A*02:01,0.41000000000000003,0.82,0.6940350877192982
MTDYDYLEV,A*02:01,0.41500000000000004,0.82,0.6940350877192982
MTDYDYLEV,A*02:01,0.42,0.84,0.6940350877192982
MTDYDYLEV,A*02:01,0.425,0.84,0.6940350877192982
MTDYDYLEV,A*02:01,0.43,0.84,0.6940350877192982
MTDYDYLEV,A*02:01,0.435,0.84,0.6940350877192982
MTDYDYLEV,A*02:01,0.44,0.84,0.6940350877192982
MTDYDYLEV,A*02:01,0.445,0.84,0.6940350877192982
MTDYDYLEV,A*02:01,0.45,0.84,0.6940350877192982
MTDYDYLEV,A*02:01,0.455,0.84,0.6940350877192982
MTDYDYLEV,A*02:01,0.46,0.84,0.6940350877192982
MTDYDYLEV,A*02:01,0.465,0.86,0.6940350877192982
MTDYDYLEV,A*02:01,0.47000000000000003,0.86,0.6940350877192982
MTDYDYLEV,A*02:01,0.47500000000000003,0.86,0.6940350877192982
MTDYDYLEV,A*02:01,0.48,0.86,0.6940350877192982
MTDYDYLEV,A*02:01,0.485,0.86,0.6940350877192982
MTDYDYLEV,A*02:01,0.49,0.88,0.6940350877192982
MTDYDYLEV,A*02:01,0.495,0.88,0.6940350877192982
MTDYDYLEV,A*02:01,0.5,0.9,0.6940350877192982
MTDYDYLEV,A*02:01,0.505,0.9,0.6940350877192982
MTDYDYLEV,A*02:01,0.51,0.9,0.6940350877192982
MTDYDYLEV,A*02:01,0.515,0.9,0.6940350877192982
MTDYDYLEV,A*02:01,0.52,0.9,0.6940350877192982
MTDYDYLEV,A*02:01,0.525,0.9,0.6940350877192982
MTDYDYLEV,A*02:01,0.53,0.9,0.6940350877192982
MTDYDYLEV,A*02:01,0.535,0.9,0.6940350877192982
MTDYDYLEV,A*02:01,0.54,0.9,0.6940350877192982
MTDYDYLEV,A*02:01,0.545,0.9,0.6940350877192982
MTDYDYLEV,A*02:01,0.55,0.9,0.6940350877192982
MTDYDYLEV,A*02:01,0.555,0.9,0.6940350877192982
MTDYDYLEV,A*02:01,0.56,0.9,0.6940350877192982
MTDYDYLEV,A*02:01,0.5650000000000001,0.9,0.6940350877192982
MTDYDYLEV,A*02:01,0.5700000000000001,0.9,0.6940350877192982
MTDYDYLEV,A*02:01,0.5750000000000001,0.9,0.6940350877192982
MTDYDYLEV,A*02:01,0.58,0.9,0.6940350877192982
MTDYDYLEV,A*02:01,0.585,0.92,0.6940350877192982
MTDYDYLEV,A*02:01,0.59,0.92,0.6940350877192982
MTDYDYLEV,A*02:01,0.595,0.92,0.6940350877192982
MTDYDYLEV,A*02:01,0.6,0.92,0.6940350877192982
MTDYDYLEV,A*02:01,0.605,0.92,0.6940350877192982
MTDYDYLEV,A*02:01,0.61,0.92,0.6940350877192982
MTDYDYLEV,A*02:01,0.615,0.92,0.6940350877192982
MTDYDYLEV,A*02:01,0.62,0.92,0.6940350877192982
MTDYDYLEV,A*02:01,0.625,0.92,0.6940350877192982
MTDYDYLEV,A*02:01,0.63,0.92,0.6940350877192982
MTDYDYLEV,A*02:01,0.635,0.92,0.6940350877192982
MTDYDYLEV,A*02:01,0.64,0.92,0.6940350877192982
MTDYDYLEV,A*02:01,0.645,0.92,0.6940350877192982
MTDYDYLEV,A*02:01,0.65,0.92,0.6940350877192982
MTDYDYLEV,A*02:01,0.655,0.92,0.6940350877192982
MTDYDYLEV,A*02:01,0.66,0.92,0.6940350877192982
MTDYDYLEV,A*02:01,0.665,0.92,0.6940350877192982
MTDYDYLEV,A*02:01,0.67,0.92,0.6940350877192982
MTDYDYLEV,A*02:01,0.675,0.92,0.6940350877192982
MTDYDYLEV,A*02:01,0.68,0.92,0.6940350877192982
MTDYDYLEV,A*02:01,0.685,0.92,0.6940350877192982
MTDYDYLEV,A*02:01,0.6900000000000001,0.92,0.6940350877192982
MTDYDYLEV,A*02:01,0.6950000000000001,0.92,0.6940350877192982
MTDYDYLEV,A*02:01,0.7000000000000001,0.92,0.6940350877192982
MTDYDYLEV,A*02:01,0.705,0.92,0.6940350877192982
MTDYDYLEV,A*02:01,0.71,0.92,0.6940350877192982
MTDYDYLEV,A*02:01,0.715,0.92,0.6940350877192982
MTDYDYLEV,A*02:01,0.72,0.92,0.6940350877192982
MTDYDYLEV,A*02:01,0.725,0.92,0.6940350877192982
MTDYDYLEV,A*02:01,0.73,0.94,0.6940350877192982
MTDYDYLEV,A*02:01,0.735,0.94,0.6940350877192982
MTDYDYLEV,A*02:01,0.74,0.94,0.6940350877192982
MTDYDYLEV,A*02:01,0.745,0.94,0.6940350877192982
MTDYDYLEV,A*02:01,0.75,0.94,0.6940350877192982
MTDYDYLEV,A*02:01,0.755,0.94,0.6940350877192982
MTDYDYLEV,A*02:01,0.76,0.96,0.6940350877192982
MTDYDYLEV,A*02:01,0.765,0.96,0.6940350877192982
MTDYDYLEV,A*02:01,0.77,0.96,0.6940350877192982
MTDYDYLEV,A*02:01,0.775,0.96,0.6940350877192982
MTDYDYLEV,A*02:01,0.78,0.96,0.6940350877192982
MTDYDYLEV,A*02:01,0.785,0.96,0.6940350877192982
MTDYDYLEV,A*02:01,0.79,0.96,0.6940350877192982
MTDYDYLEV,A*02:01,0.795,0.96,0.6940350877192982
MTDYDYLEV,A*02:01,0.8,0.96,0.6940350877192982
MTDYDYLEV,A*02:01,0.805,0.96,0.6940350877192982
MTDYDYLEV,A*02:01,0.81,0.96,0.6940350877192982
MTDYDYLEV,A*02:01,0.8150000000000001,0.96,0.6940350877192982
MTDYDYLEV,A*02:01,0.8200000000000001,0.96,0.6940350877192982
MTDYDYLEV,A*02:01,0.8250000000000001,0.98,0.6940350877192982
MTDYDYLEV,A*02:01,0.8300000000000001,0.98,0.6940350877192982
MTDYDYLEV,A*02:01,0.835,0.98,0.6940350877192982
MTDYDYLEV,A*02:01,0.84,0.98,0.6940350877192982
MTDYDYLEV,A*02:01,0.845,0.98,0.6940350877192982
MTDYDYLEV,A*02:01,0.85,0.98,0.6940350877192982
MTDYDYLEV,A*02:01,0.855,0.98,0.6940350877192982
MTDYDYLEV,A*02:01,0.86,0.98,0.6940350877192982
MTDYDYLEV,A*02:01,0.865,0.98,0.6940350877192982
MTDYDYLEV,A*02:01,0.87,0.98,0.6940350877192982
MTDYDYLEV,A*02:01,0.875,0.98,0.6940350877192982
MTDYDYLEV,A*02:01,0.88,0.98,0.6940350877192982
MTDYDYLEV,A*02:01,0.885,0.98,0.6940350877192982
MTDYDYLEV,A*02:01,0.89,0.98,0.6940350877192982
MTDYDYLEV,A*02:01,0.895,0.98,0.6940350877192982
MTDYDYLEV,A*02:01,0.9,0.98,0.6940350877192982
MTDYDYLEV,A*02:01,0.905,0.98,0.6940350877192982
MTDYDYLEV,A*02:01,0.91,0.98,0.6940350877192982
MTDYDYLEV,A*02:01,0.915,0.98,0.6940350877192982
MTDYDYLEV,A*02:01,0.92,0.98,0.6940350877192982
MTDYDYLEV,A*02:01,0.925,0.98,0.6940350877192982
MTDYDYLEV,A*02:01,0.93,1.0,0.6940350877192982
MTDYDYLEV,A*02:01,0.935,1.0,0.6940350877192982
MTDYDYLEV,A*02:01,0.9400000000000001,1.0,0.6940350877192982
MTDYDYLEV,A*02:01,0.9450000000000001,1.0,0.6940350877192982
MTDYDYLEV,A*02:01,0.9500000000000001,1.0,0.6940350877192982
MTDYDYLEV,A*02:01,0.9550000000000001,1.0,0.6940350877192982
MTDYDYLEV,A*02:01,0.96,1.0,0.6940350877192982
MTDYDYLEV,A*02:01,0.965,1.0,0.6940350877192982
MTDYDYLEV,A*02:01,0.97,1.0,0.6940350877192982
MTDYDYLEV,A*02:01,0.975,1.0,0.6940350877192982
MTDYDYLEV,A*02:01,0.98,1.0,0.6940350877192982
MTDYDYLEV,A*02:01,0.985,1.0,0.6940350877192982
MTDYDYLEV,A*02:01,0.99,1.0,0.6940350877192982
MTDYDYLEV,A*02:01,0.995,1.0,0.6940350877192982
MTDYDYLEV,A*02:01,1.0,1.0,0.6940350877192982
REDDYSVWL,B*40:01,0.0,0.08,0.6128654970760234
REDDYSVWL,B*40:01,0.005,0.12,0.6128654970760234
REDDYSVWL,B*40:01,0.01,0.16,0.6128654970760234
REDDYSVWL,B*40:01,0.015,0.16,0.6128654970760234
REDDYSVWL,B*40:01,0.02,0.22,0.6128654970760234
REDDYSVWL,B*40:01,0.025,0.22,0.6128654970760234
REDDYSVWL,B*40:01,0.03,0.26,0.6128654970760234
REDDYSVWL,B*40:01,0.035,0.26,0.6128654970760234
REDDYSVWL,B*40:01,0.04,0.26,0.6128654970760234
REDDYSVWL,B*40:01,0.045,0.26,0.6128654970760234
REDDYSVWL,B*40:01,0.05,0.3,0.6128654970760234
REDDYSVWL,B*40:01,0.055,0.3,0.6128654970760234
REDDYSVWL,B*40:01,0.06,0.3,0.6128654970760234
REDDYSVWL,B*40:01,0.065,0.32,0.6128654970760234
REDDYSVWL,B*40:01,0.07,0.32,0.6128654970760234
REDDYSVWL,B*40:01,0.075,0.32,0.6128654970760234
REDDYSVWL,B*40:01,0.08,0.32,0.6128654970760234
REDDYSVWL,B*40:01,0.085,0.34,0.6128654970760234
REDDYSVWL,B*40:01,0.09,0.34,0.6128654970760234
REDDYSVWL,B*40:01,0.095,0.34,0.6128654970760234
REDDYSVWL,B*40:01,0.1,0.34,0.6128654970760234
REDDYSVWL,B*40:01,0.105,0.34,0.6128654970760234
REDDYSVWL,B*40:01,0.11,0.36,0.6128654970760234
REDDYSVWL,B*40:01,0.115,0.36,0.6128654970760234
REDDYSVWL,B*40:01,0.12,0.38,0.6128654970760234
REDDYSVWL,B*40:01,0.125,0.38,0.6128654970760234
REDDYSVWL,B*40:01,0.13,0.4,0.6128654970760234
REDDYSVWL,B*40:01,0.135,0.4,0.6128654970760234
REDDYSVWL,B*40:01,0.14,0.4,0.6128654970760234
REDDYSVWL,B*40:01,0.145,0.4,0.6128654970760234
REDDYSVWL,B*40:01,0.15,0.4,0.6128654970760234
REDDYSVWL,B*40:01,0.155,0.42,0.6128654970760234
REDDYSVWL,B*40:01,0.16,0.44,0.6128654970760234
REDDYSVWL,B*40:01,0.165,0.44,0.6128654970760234
REDDYSVWL,B*40:01,0.17,0.44,0.6128654970760234
REDDYSVWL,B*40:01,0.17500000000000002,0.46,0.6128654970760234
REDDYSVWL,B*40:01,0.18,0.48,0.6128654970760234
REDDYSVWL,B*40:01,0.185,0.5,0.6128654970760234
REDDYSVWL,B*40:01,0.19,0.52,0.6128654970760234
REDDYSVWL,B*40:01,0.195,0.52,0.6128654970760234
REDDYSVWL,B*40:01,0.2,0.52,0.6128654970760234
REDDYSVWL,B*40:01,0.20500000000000002,0.52,0.6128654970760234
REDDYSVWL,B*40:01,0.21,0.52,0.6128654970760234
REDDYSVWL,B*40:01,0.215,0.54,0.6128654970760234
REDDYSVWL,B*40:01,0.22,0.56,0.6128654970760234
REDDYSVWL,B*40:01,0.225,0.56,0.6128654970760234
REDDYSVWL,B*40:01,0.23,0.56,0.6128654970760234
REDDYSVWL,B*40:01,0.23500000000000001,0.56,0.6128654970760234
REDDYSVWL,B*40:01,0.24,0.56,0.6128654970760234
REDDYSVWL,B*40:01,0.245,0.56,0.6128654970760234
REDDYSVWL,B*40:01,0.25,0.56,0.6128654970760234
REDDYSVWL,B*40:01,0.255,0.58,0.6128654970760234
REDDYSVWL,B*40:01,0.26,0.58,0.6128654970760234
REDDYSVWL,B*40:01,0.265,0.58,0.6128654970760234
REDDYSVWL,B*40:01,0.27,0.58,0.6128654970760234
REDDYSVWL,B*40:01,0.275,0.58,0.6128654970760234
REDDYSVWL,B*40:01,0.28,0.58,0.6128654970760234
REDDYSVWL,B*40:01,0.28500000000000003,0.58,0.6128654970760234
REDDYSVWL,B*40:01,0.29,0.58,0.6128654970760234
REDDYSVWL,B*40:01,0.295,0.58,0.6128654970760234
REDDYSVWL,B*40:01,0.3,0.58,0.6128654970760234
REDDYSVWL,B*40:01,0.305,0.58,0.6128654970760234
REDDYSVWL,B*40:01,0.31,0.6,0.6128654970760234
REDDYSVWL,B*40:01,0.315,0.6,0.6128654970760234
REDDYSVWL,B*40:01,0.32,0.62,0.6128654970760234
REDDYSVWL,B*40:01,0.325,0.62,0.6128654970760234
REDDYSVWL,B*40:01,0.33,0.64,0.6128654970760234
REDDYSVWL,B*40:01,0.335,0.64,0.6128654970760234
REDDYSVWL,B*40:01,0.34,0.64,0.6128654970760234
REDDYSVWL,B*40:01,0.34500000000000003,0.66,0.6128654970760234
REDDYSVWL,B*40:01,0.35000000000000003,0.68,0.6128654970760234
REDDYSVWL,B*40:01,0.355,0.68,0.6128654970760234
REDDYSVWL,B*40:01,0.36,0.68,0.6128654970760234
REDDYSVWL,B*40:01,0.365,0.68,0.6128654970760234
REDDYSVWL,B*40:01,0.37,0.7,0.6128654970760234
REDDYSVWL,B*40:01,0.375,0.72,0.6128654970760234
REDDYSVWL,B*40:01,0.38,0.72,0.6128654970760234
REDDYSVWL,B*40:01,0.385,0.72,0.6128654970760234
REDDYSVWL,B*40:01,0.39,0.72,0.6128654970760234
REDDYSVWL,B*40:01,0.395,0.72,0.6128654970760234
REDDYSVWL,B*40:01,0.4,0.72,0.6128654970760234
REDDYSVWL,B*40:01,0.405,0.72,0.6128654970760234
REDDYSVWL,B*40:01,0.41000000000000003,0.72,0.6128654970760234
REDDYSVWL,B*40:01,0.41500000000000004,0.72,0.6128654970760234
REDDYSVWL,B*40:01,0.42,0.74,0.6128654970760234
REDDYSVWL,B*40:01,0.425,0.76,0.6128654970760234
REDDYSVWL,B*40:01,0.43,0.76,0.6128654970760234
REDDYSVWL,B*40:01,0.435,0.76,0.6128654970760234
REDDYSVWL,B*40:01,0.44,0.76,0.6128654970760234
REDDYSVWL,B*40:01,0.445,0.76,0.6128654970760234
REDDYSVWL,B*40:01,0.45,0.76,0.6128654970760234
REDDYSVWL,B*40:01,0.455,0.76,0.6128654970760234
REDDYSVWL,B*40:01,0.46,0.76,0.6128654970760234
REDDYSVWL,B*40:01,0.465,0.76,0.6128654970760234
REDDYSVWL,B*40:01,0.47000000000000003,0.78,0.6128654970760234
REDDYSVWL,B*40:01,0.47500000000000003,0.78,0.6128654970760234
REDDYSVWL,B*40:01,0.48,0.78,0.6128654970760234
REDDYSVWL,B*40:01,0.485,0.8,0.6128654970760234
REDDYSVWL,B*40:01,0.49,0.8,0.6128654970760234
REDDYSVWL,B*40:01,0.495,0.8,0.6128654970760234
REDDYSVWL,B*40:01,0.5,0.8,0.6128654970760234
REDDYSVWL,B*40:01,0.505,0.8,0.6128654970760234
REDDYSVWL,B*40:01,0.51,0.82,0.6128654970760234
REDDYSVWL,B*40:01,0.515,0.82,0.6128654970760234
REDDYSVWL,B*40:01,0.52,0.82,0.6128654970760234
REDDYSVWL,B*40:01,0.525,0.82,0.6128654970760234
REDDYSVWL,B*40:01,0.53,0.82,0.6128654970760234
REDDYSVWL,B*40:01,0.535,0.82,0.6128654970760234
REDDYSVWL,B*40:01,0.54,0.82,0.6128654970760234
REDDYSVWL,B*40:01,0.545,0.82,0.6128654970760234
REDDYSVWL,B*40:01,0.55,0.82,0.6128654970760234
REDDYSVWL,B*40:01,0.555,0.82,0.6128654970760234
REDDYSVWL,B*40:01,0.56,0.82,0.6128654970760234
REDDYSVWL,B*40:01,0.5650000000000001,0.82,0.6128654970760234
REDDYSVWL,B*40:01,0.5700000000000001,0.82,0.6128654970760234
REDDYSVWL,B*40:01,0.5750000000000001,0.82,0.6128654970760234
REDDYSVWL,B*40:01,0.58,0.84,0.6128654970760234
REDDYSVWL,B*40:01,0.585,0.84,0.6128654970760234
REDDYSVWL,B*40:01,0.59,0.84,0.6128654970760234
REDDYSVWL,B*40:01,0.595,0.88,0.6128654970760234
REDDYSVWL,B*40:01,0.6,0.9,0.6128654970760234
REDDYSVWL,B*40:01,0.605,0.9,0.6128654970760234
REDDYSVWL,B*40:01,0.61,0.9,0.6128654970760234
REDDYSVWL,B*40:01,0.615,0.9,0.6128654970760234
REDDYSVWL,B*40:01,0.62,0.9,0.6128654970760234
REDDYSVWL,B*40:01,0.625,0.9,0.6128654970760234
REDDYSVWL,B*40:01,0.63,0.9,0.6128654970760234
REDDYSVWL,B*40:01,0.635,0.9,0.6128654970760234
REDDYSVWL,B*40:01,0.64,0.9,0.6128654970760234
REDDYSVWL,B*40:01,0.645,0.9,0.6128654970760234
REDDYSVWL,B*40:01,0.65,0.9,0.6128654970760234
REDDYSVWL,B*40:01,0.655,0.9,0.6128654970760234
REDDYSVWL,B*40:01,0.66,0.9,0.6128654970760234
REDDYSVWL,B*40:01,0.665,0.9,0.6128654970760234
REDDYSVWL,B*40:01,0.67,0.9,0.6128654970760234
REDDYSVWL,B*40:01,0.675,0.9,0.6128654970760234
REDDYSVWL,B*40:01,0.68,0.9,0.6128654970760234
REDDYSVWL,B*40:01,0.685,0.9,0.6128654970760234
REDDYSVWL,B*40:01,0.6900000000000001,0.92,0.6128654970760234
REDDYSVWL,B*40:01,0.6950000000000001,0.92,0.6128654970760234
REDDYSVWL,B*40:01,0.7000000000000001,0.92,0.6128654970760234
REDDYSVWL,B*40:01,0.705,0.92,0.6128654970760234
REDDYSVWL,B*40:01,0.71,0.94,0.6128654970760234
REDDYSVWL,B*40:01,0.715,0.94,0.6128654970760234
REDDYSVWL,B*40:01,0.72,0.96,0.6128654970760234
REDDYSVWL,B*40:01,0.725,0.96,0.6128654970760234
REDDYSVWL,B*40:01,0.73,0.96,0.6128654970760234
REDDYSVWL,B*40:01,0.735,0.96,0.6128654970760234
REDDYSVWL,B*40:01,0.74,0.96,0.6128654970760234
REDDYSVWL,B*40:01,0.745,0.96,0.6128654970760234
REDDYSVWL,B*40:01,0.75,0.96,0.6128654970760234
REDDYSVWL,B*40:01,0.755,0.96,0.6128654970760234
REDDYSVWL,B*40:01,0.76,0.96,0.6128654970760234
REDDYSVWL,B*40:01,0.765,0.96,0.6128654970760234
REDDYSVWL,B*40:01,0.77,0.96,0.6128654970760234
REDDYSVWL,B*40:01,0.775,0.96,0.6128654970760234
REDDYSVWL,B*40:01,0.78,0.96,0.6128654970760234
REDDYSVWL,B*40:01,0.785,0.96,0.6128654970760234
REDDYSVWL,B*40:01,0.79,0.96,0.6128654970760234
REDDYSVWL,B*40:01,0.795,0.96,0.6128654970760234
REDDYSVWL,B*40:01,0.8,0.96,0.6128654970760234
REDDYSVWL,B*40:01,0.805,0.96,0.6128654970760234
REDDYSVWL,B*40:01,0.81,0.96,0.6128654970760234
REDDYSVWL,B*40:01,0.8150000000000001,0.96,0.6128654970760234
REDDYSVWL,B*40:01,0.8200000000000001,0.96,0.6128654970760234
REDDYSVWL,B*40:01,0.8250000000000001,0.96,0.6128654970760234
REDDYSVWL,B*40:01,0.8300000000000001,0.96,0.6128654970760234
REDDYSVWL,B*40:01,0.835,0.96,0.6128654970760234
REDDYSVWL,B*40:01,0.84,0.96,0.6128654970760234
REDDYSVWL,B*40:01,0.845,0.96,0.6128654970760234
REDDYSVWL,B*40:01,0.85,0.96,0.6128654970760234
REDDYSVWL,B*40:01,0.855,0.96,0.6128654970760234
REDDYSVWL,B*40:01,0.86,0.96,0.6128654970760234
REDDYSVWL,B*40:01,0.865,0.96,0.6128654970760234
REDDYSVWL,B*40:01,0.87,0.96,0.6128654970760234
REDDYSVWL,B*40:01,0.875,0.98,0.6128654970760234
REDDYSVWL,B*40:01,0.88,0.98,0.6128654970760234
REDDYSVWL,B*40:01,0.885,0.98,0.6128654970760234
REDDYSVWL,B*40:01,0.89,0.98,0.6128654970760234
REDDYSVWL,B*40:01,0.895,0.98,0.6128654970760234
REDDYSVWL,B*40:01,0.9,0.98,0.6128654970760234
REDDYSVWL,B*40:01,0.905,0.98,0.6128654970760234
REDDYSVWL,B*40:01,0.91,0.98,0.6128654970760234
REDDYSVWL,B*40:01,0.915,0.98,0.6128654970760234
REDDYSVWL,B*40:01,0.92,1.0,0.6128654970760234
REDDYSVWL,B*40:01,0.925,1.0,0.6128654970760234
REDDYSVWL,B*40:01,0.93,1.0,0.6128654970760234
REDDYSVWL,B*40:01,0.935,1.0,0.6128654970760234
REDDYSVWL,B*40:01,0.9400000000000001,1.0,0.6128654970760234
REDDYSVWL,B*40:01,0.9450000000000001,1.0,0.6128654970760234
REDDYSVWL,B*40:01,0.9500000000000001,1.0,0.6128654970760234
REDDYSVWL,B*40:01,0.9550000000000001,1.0,0.6128654970760234
REDDYSVWL,B*40:01,0.96,1.0,0.6128654970760234
REDDYSVWL,B*40:01,0.965,1.0,0.6128654970760234
REDDYSVWL,B*40:01,0.97,1.0,0.6128654970760234
REDDYSVWL,B*40:01,0.975,1.0,0.6128654970760234
REDDYSVWL,B*40:01,0.98,1.0,0.6128654970760234
REDDYSVWL,B*40:01,0.985,1.0,0.6128654970760234
REDDYSVWL,B*40:01,0.99,1.0,0.6128654970760234
REDDYSVWL,B*40:01,0.995,1.0,0.6128654970760234
REDDYSVWL,B*40:01,1.0,1.0,0.6128654970760234
SEESAFYVL,B*40:01,0.0,0.02,0.6500584795321638
SEESAFYVL,B*40:01,0.005,0.06,0.6500584795321638
SEESAFYVL,B*40:01,0.01,0.1,0.6500584795321638
SEESAFYVL,B*40:01,0.015,0.14,0.6500584795321638
SEESAFYVL,B*40:01,0.02,0.22,0.6500584795321638
SEESAFYVL,B*40:01,0.025,0.22,0.6500584795321638
SEESAFYVL,B*40:01,0.03,0.22,0.6500584795321638
SEESAFYVL,B*40:01,0.035,0.22,0.6500584795321638
SEESAFYVL,B*40:01,0.04,0.28,0.6500584795321638
SEESAFYVL,B*40:01,0.045,0.36,0.6500584795321638
SEESAFYVL,B*40:01,0.05,0.36,0.6500584795321638
SEESAFYVL,B*40:01,0.055,0.4,0.6500584795321638
SEESAFYVL,B*40:01,0.06,0.42,0.6500584795321638
SEESAFYVL,B*40:01,0.065,0.42,0.6500584795321638
SEESAFYVL,B*40:01,0.07,0.46,0.6500584795321638
SEESAFYVL,B*40:01,0.075,0.46,0.6500584795321638
SEESAFYVL,B*40:01,0.08,0.5,0.6500584795321638
SEESAFYVL,B*40:01,0.085,0.52,0.6500584795321638
SEESAFYVL,B*40:01,0.09,0.52,0.6500584795321638
SEESAFYVL,B*40:01,0.095,0.54,0.6500584795321638
SEESAFYVL,B*40:01,0.1,0.54,0.6500584795321638
SEESAFYVL,B*40:01,0.105,0.54,0.6500584795321638
SEESAFYVL,B*40:01,0.11,0.54,0.6500584795321638
SEESAFYVL,B*40:01,0.115,0.58,0.6500584795321638
SEESAFYVL,B*40:01,0.12,0.58,0.6500584795321638
SEESAFYVL,B*40:01,0.125,0.58,0.6500584795321638
SEESAFYVL,B*40:01,0.13,0.58,0.6500584795321638
SEESAFYVL,B*40:01,0.135,0.6,0.6500584795321638
SEESAFYVL,B*40:01,0.14,0.6,0.6500584795321638
SEESAFYVL,B*40:01,0.145,0.6,0.6500584795321638
SEESAFYVL,B*40:01,0.15,0.6,0.6500584795321638
SEESAFYVL,B*40:01,0.155,0.6,0.6500584795321638
SEESAFYVL,B*40:01,0.16,0.6,0.6500584795321638
SEESAFYVL,B*40:01,0.165,0.6,0.6500584795321638
SEESAFYVL,B*40:01,0.17,0.62,0.6500584795321638
SEESAFYVL,B*40:01,0.17500000000000002,0.62,0.6500584795321638
SEESAFYVL,B*40:01,0.18,0.66,0.6500584795321638
SEESAFYVL,B*40:01,0.185,0.66,0.6500584795321638
SEESAFYVL,B*40:01,0.19,0.66,0.6500584795321638
SEESAFYVL,B*40:01,0.195,0.66,0.6500584795321638
SEESAFYVL,B*40:01,0.2,0.66,0.6500584795321638
SEESAFYVL,B*40:01,0.20500000000000002,0.66,0.6500584795321638
SEESAFYVL,B*40:01,0.21,0.66,0.6500584795321638
SEESAFYVL,B*40:01,0.215,0.66,0.6500584795321638
SEESAFYVL,B*40:01,0.22,0.66,0.6500584795321638
SEESAFYVL,B*40:01,0.225,0.66,0.6500584795321638
SEESAFYVL,B*40:01,0.23,0.66,0.6500584795321638
SEESAFYVL,B*40:01,0.23500000000000001,0.66,0.6500584795321638
SEESAFYVL,B*40:01,0.24,0.66,0.6500584795321638
SEESAFYVL,B*40:01,0.245,0.66,0.6500584795321638
SEESAFYVL,B*40:01,0.25,0.66,0.6500584795321638
SEESAFYVL,B*40:01,0.255,0.66,0.6500584795321638
SEESAFYVL,B*40:01,0.26,0.66,0.6500584795321638
SEESAFYVL,B*40:01,0.265,0.66,0.6500584795321638
SEESAFYVL,B*40:01,0.27,0.66,0.6500584795321638
SEESAFYVL,B*40:01,0.275,0.66,0.6500584795321638
SEESAFYVL,B*40:01,0.28,0.68,0.6500584795321638
SEESAFYVL,B*40:01,0.28500000000000003,0.68,0.6500584795321638
SEESAFYVL,B*40:01,0.29,0.7,0.6500584795321638
SEESAFYVL,B*40:01,0.295,0.72,0.6500584795321638
SEESAFYVL,B*40:01,0.3,0.72,0.6500584795321638
SEESAFYVL,B*40:01,0.305,0.72,0.6500584795321638
SEESAFYVL,B*40:01,0.31,0.74,0.6500584795321638
SEESAFYVL,B*40:01,0.315,0.74,0.6500584795321638
SEESAFYVL,B*40:01,0.32,0.74,0.6500584795321638
SEESAFYVL,B*40:01,0.325,0.74,0.6500584795321638
SEESAFYVL,B*40:01,0.33,0.74,0.6500584795321638
SEESAFYVL,B*40:01,0.335,0.74,0.6500584795321638
SEESAFYVL,B*40:01,0.34,0.74,0.6500584795321638
SEESAFYVL,B*40:01,0.34500000000000003,0.76,0.6500584795321638
SEESAFYVL,B*40:01,0.35000000000000003,0.76,0.6500584795321638
SEESAFYVL,B*40:01,0.355,0.78,0.6500584795321638
SEESAFYVL,B*40:01,0.36,0.78,0.6500584795321638
SEESAFYVL,B*40:01,0.365,0.78,0.6500584795321638
SEESAFYVL,B*40:01,0.37,0.78,0.6500584795321638
SEESAFYVL,B*40:01,0.375,0.78,0.6500584795321638
SEESAFYVL,B*40:01,0.38,0.78,0.6500584795321638
SEESAFYVL,B*40:01,0.385,0.78,0.6500584795321638
SEESAFYVL,B*40:01,0.39,0.8,0.6500584795321638
SEESAFYVL,B*40:01,0.395,0.8,0.6500584795321638
SEESAFYVL,B*40:01,0.4,0.8,0.6500584795321638
SEESAFYVL,B*40:01,0.405,0.8,0.6500584795321638
SEESAFYVL,B*40:01,0.41000000000000003,0.8,0.6500584795321638
SEESAFYVL,B*40:01,0.41500000000000004,0.8,0.6500584795321638
SEESAFYVL,B*40:01,0.42,0.82,0.6500584795321638
SEESAFYVL,B*40:01,0.425,0.82,0.6500584795321638
SEESAFYVL,B*40:01,0.43,0.82,0.6500584795321638
SEESAFYVL,B*40:01,0.435,0.82,0.6500584795321638
SEESAFYVL,B*40:01,0.44,0.82,0.6500584795321638
SEESAFYVL,B*40:01,0.445,0.82,0.6500584795321638
SEESAFYVL,B*40:01,0.45,0.82,0.6500584795321638
SEESAFYVL,B*40:01,0.455,0.82,0.6500584795321638
SEESAFYVL,B*40:01,0.46,0.82,0.6500584795321638
SEESAFYVL,B*40:01,0.465,0.82,0.6500584795321638
SEESAFYVL,B*40:01,0.47000000000000003,0.82,0.6500584795321638
SEESAFYVL,B*40:01,0.47500000000000003,0.84,0.6500584795321638
SEESAFYVL,B*40:01,0.48,0.84,0.6500584795321638
SEESAFYVL,B*40:01,0.485,0.84,0.6500584795321638
SEESAFYVL,B*40:01,0.49,0.84,0.6500584795321638
SEESAFYVL,B*40:01,0.495,0.84,0.6500584795321638
SEESAFYVL,B*40:01,0.5,0.84,0.6500584795321638
SEESAFYVL,B*40:01,0.505,0.84,0.6500584795321638
SEESAFYVL,B*40:01,0.51,0.84,0.6500584795321638
SEESAFYVL,B*40:01,0.515,0.86,0.6500584795321638
SEESAFYVL,B*40:01,0.52,0.86,0.6500584795321638
SEESAFYVL,B*40:01,0.525,0.86,0.6500584795321638
SEESAFYVL,B*40:01,0.53,0.86,0.6500584795321638
SEESAFYVL,B*40:01,0.535,0.86,0.6500584795321638
SEESAFYVL,B*40:01,0.54,0.86,0.6500584795321638
SEESAFYVL,B*40:01,0.545,0.86,0.6500584795321638
SEESAFYVL,B*40:01,0.55,0.88,0.6500584795321638
SEESAFYVL,B*40:01,0.555,0.88,0.6500584795321638
SEESAFYVL,B*40:01,0.56,0.88,0.6500584795321638
SEESAFYVL,B*40:01,0.5650000000000001,0.88,0.6500584795321638
SEESAFYVL,B*40:01,0.5700000000000001,0.88,0.6500584795321638
SEESAFYVL,B*40:01,0.5750000000000001,0.88,0.6500584795321638
SEESAFYVL,B*40:01,0.58,0.88,0.6500584795321638
SEESAFYVL,B*40:01,0.585,0.88,0.6500584795321638
SEESAFYVL,B*40:01,0.59,0.88,0.6500584795321638
SEESAFYVL,B*40:01,0.595,0.88,0.6500584795321638
SEESAFYVL,B*40:01,0.6,0.9,0.6500584795321638
SEESAFYVL,B*40:01,0.605,0.9,0.6500584795321638
SEESAFYVL,B*40:01,0.61,0.9,0.6500584795321638
SEESAFYVL,B*40:01,0.615,0.9,0.6500584795321638
SEESAFYVL,B*40:01,0.62,0.9,0.6500584795321638
SEESAFYVL,B*40:01,0.625,0.9,0.6500584795321638
SEESAFYVL,B*40:01,0.63,0.9,0.6500584795321638
SEESAFYVL,B*40:01,0.635,0.9,0.6500584795321638
SEESAFYVL,B*40:01,0.64,0.9,0.6500584795321638
SEESAFYVL,B*40:01,0.645,0.9,0.6500584795321638
SEESAFYVL,B*40:01,0.65,0.9,0.6500584795321638
SEESAFYVL,B*40:01,0.655,0.9,0.6500584795321638
SEESAFYVL,B*40:01,0.66,0.9,0.6500584795321638
SEESAFYVL,B*40:01,0.665,0.9,0.6500584795321638
SEESAFYVL,B*40:01,0.67,0.92,0.6500584795321638
SEESAFYVL,B*40:01,0.675,0.92,0.6500584795321638
SEESAFYVL,B*40:01,0.68,0.92,0.6500584795321638
SEESAFYVL,B*40:01,0.685,0.92,0.6500584795321638
SEESAFYVL,B*40:01,0.6900000000000001,0.92,0.6500584795321638
SEESAFYVL,B*40:01,0.6950000000000001,0.92,0.6500584795321638
SEESAFYVL,B*40:01,0.7000000000000001,0.92,0.6500584795321638
SEESAFYVL,B*40:01,0.705,0.94,0.6500584795321638
SEESAFYVL,B*40:01,0.71,0.94,0.6500584795321638
SEESAFYVL,B*40:01,0.715,0.94,0.6500584795321638
SEESAFYVL,B*40:01,0.72,0.94,0.6500584795321638
SEESAFYVL,B*40:01,0.725,0.94,0.6500584795321638
SEESAFYVL,B*40:01,0.73,0.94,0.6500584795321638
SEESAFYVL,B*40:01,0.735,0.96,0.6500584795321638
SEESAFYVL,B*40:01,0.74,0.96,0.6500584795321638
SEESAFYVL,B*40:01,0.745,0.96,0.6500584795321638
SEESAFYVL,B*40:01,0.75,0.96,0.6500584795321638
SEESAFYVL,B*40:01,0.755,0.96,0.6500584795321638
SEESAFYVL,B*40:01,0.76,0.96,0.6500584795321638
SEESAFYVL,B*40:01,0.765,0.96,0.6500584795321638
SEESAFYVL,B*40:01,0.77,0.96,0.6500584795321638
SEESAFYVL,B*40:01,0.775,0.96,0.6500584795321638
SEESAFYVL,B*40:01,0.78,0.96,0.6500584795321638
SEESAFYVL,B*40:01,0.785,0.96,0.6500584795321638
SEESAFYVL,B*40:01,0.79,0.96,0.6500584795321638
SEESAFYVL,B*40:01,0.795,0.96,0.6500584795321638
SEESAFYVL,B*40:01,0.8,0.96,0.6500584795321638
SEESAFYVL,B*40:01,0.805,0.96,0.6500584795321638
SEESAFYVL,B*40:01,0.81,0.96,0.6500584795321638
SEESAFYVL,B*40:01,0.8150000000000001,0.96,0.6500584795321638
SEESAFYVL,B*40:01,0.8200000000000001,0.96,0.6500584795321638
SEESAFYVL,B*40:01,0.8250000000000001,0.96,0.6500584795321638
SEESAFYVL,B*40:01,0.8300000000000001,0.96,0.6500584795321638
SEESAFYVL,B*40:01,0.835,0.96,0.6500584795321638
SEESAFYVL,B*40:01,0.84,0.96,0.6500584795321638
SEESAFYVL,B*40:01,0.845,0.96,0.6500584795321638
SEESAFYVL,B*40:01,0.85,0.96,0.6500584795321638
SEESAFYVL,B*40:01,0.855,0.96,0.6500584795321638
SEESAFYVL,B*40:01,0.86,0.96,0.6500584795321638
SEESAFYVL,B*40:01,0.865,0.98,0.6500584795321638
SEESAFYVL,B*40:01,0.87,0.98,0.6500584795321638
SEESAFYVL,B*40:01,0.875,0.98,0.6500584795321638
SEESAFYVL,B*40:01,0.88,0.98,0.6500584795321638
SEESAFYVL,B*40:01,0.885,0.98,0.6500584795321638
SEESAFYVL,B*40:01,0.89,0.98,0.6500584795321638
SEESAFYVL,B*40:01,0.895,0.98,0.6500584795321638
SEESAFYVL,B*40:01,0.9,0.98,0.6500584795321638
SEESAFYVL,B*40:01,0.905,0.98,0.6500584795321638
SEESAFYVL,B*40:01,0.91,0.98,0.6500584795321638
SEESAFYVL,B*40:01,0.915,0.98,0.6500584795321638
SEESAFYVL,B*40:01,0.92,0.98,0.6500584795321638
SEESAFYVL,B*40:01,0.925,0.98,0.6500584795321638
SEESAFYVL,B*40:01,0.93,0.98,0.6500584795321638
SEESAFYVL,B*40:01,0.935,0.98,0.6500584795321638
SEESAFYVL,B*40:01,0.9400000000000001,0.98,0.6500584795321638
SEESAFYVL,B*40:01,0.9450000000000001,0.98,0.6500584795321638
SEESAFYVL,B*40:01,0.9500000000000001,0.98,0.6500584795321638
SEESAFYVL,B*40:01,0.9550000000000001,0.98,0.6500584795321638
SEESAFYVL,B*40:01,0.96,0.98,0.6500584795321638
SEESAFYVL,B*40:01,0.965,0.98,0.6500584795321638
SEESAFYVL,B*40:01,0.97,0.98,0.6500584795321638
SEESAFYVL,B*40:01,0.975,0.98,0.6500584795321638
SEESAFYVL,B*40:01,0.98,0.98,0.6500584795321638
SEESAFYVL,B*40:01,0.985,1.0,0.6500584795321638
SEESAFYVL,B*40:01,0.99,1.0,0.6500584795321638
SEESAFYVL,B*40:01,0.995,1.0,0.6500584795321638
SEESAFYVL,B*40:01,1.0,1.0,0.6500584795321638
SQFNWTIYL,A*02:01,0.0,0.08,0.6923976608187135
SQFNWTIYL,A*02:01,0.005,0.1,0.6923976608187135
SQFNWTIYL,A*02:01,0.01,0.22,0.6923976608187135
SQFNWTIYL,A*02:01,0.015,0.3,0.6923976608187135
SQFNWTIYL,A*02:01,0.02,0.34,0.6923976608187135
SQFNWTIYL,A*02:01,0.025,0.4,0.6923976608187135
SQFNWTIYL,A*02:01,0.03,0.42,0.6923976608187135
SQFNWTIYL,A*02:01,0.035,0.42,0.6923976608187135
SQFNWTIYL,A*02:01,0.04,0.44,0.6923976608187135
SQFNWTIYL,A*02:01,0.045,0.44,0.6923976608187135
SQFNWTIYL,A*02:01,0.05,0.46,0.6923976608187135
SQFNWTIYL,A*02:01,0.055,0.46,0.6923976608187135
SQFNWTIYL,A*02:01,0.06,0.46,0.6923976608187135
SQFNWTIYL,A*02:01,0.065,0.46,0.6923976608187135
SQFNWTIYL,A*02:01,0.07,0.48,0.6923976608187135
SQFNWTIYL,A*02:01,0.075,0.48,0.6923976608187135
SQFNWTIYL,A*02:01,0.08,0.52,0.6923976608187135
SQFNWTIYL,A*02:01,0.085,0.54,0.6923976608187135
SQFNWTIYL,A*02:01,0.09,0.54,0.6923976608187135
SQFNWTIYL,A*02:01,0.095,0.54,0.6923976608187135
SQFNWTIYL,A*02:01,0.1,0.54,0.6923976608187135
SQFNWTIYL,A*02:01,0.105,0.54,0.6923976608187135
SQFNWTIYL,A*02:01,0.11,0.56,0.6923976608187135
SQFNWTIYL,A*02:01,0.115,0.56,0.6923976608187135
SQFNWTIYL,A*02:01,0.12,0.56,0.6923976608187135
SQFNWTIYL,A*02:01,0.125,0.56,0.6923976608187135
SQFNWTIYL,A*02:01,0.13,0.58,0.6923976608187135
SQFNWTIYL,A*02:01,0.135,0.58,0.6923976608187135
SQFNWTIYL,A*02:01,0.14,0.58,0.6923976608187135
SQFNWTIYL,A*02:01,0.145,0.58,0.6923976608187135
SQFNWTIYL,A*02:01,0.15,0.58,0.6923976608187135
SQFNWTIYL,A*02:01,0.155,0.6,0.6923976608187135
SQFNWTIYL,A*02:01,0.16,0.6,0.6923976608187135
SQFNWTIYL,A*02:01,0.165,0.62,0.6923976608187135
SQFNWTIYL,A*02:01,0.17,0.62,0.6923976608187135
SQFNWTIYL,A*02:01,0.17500000000000002,0.62,0.6923976608187135
SQFNWTIYL,A*02:01,0.18,0.62,0.6923976608187135
SQFNWTIYL,A*02:01,0.185,0.62,0.6923976608187135
SQFNWTIYL,A*02:01,0.19,0.62,0.6923976608187135
SQFNWTIYL,A*02:01,0.195,0.64,0.6923976608187135
SQFNWTIYL,A*02:01,0.2,0.64,0.6923976608187135
SQFNWTIYL,A*02:01,0.20500000000000002,0.64,0.6923976608187135
SQFNWTIYL,A*02:01,0.21,0.64,0.6923976608187135
SQFNWTIYL,A*02:01,0.215,0.64,0.6923976608187135
SQFNWTIYL,A*02:01,0.22,0.64,0.6923976608187135
SQFNWTIYL,A*02:01,0.225,0.66,0.6923976608187135
SQFNWTIYL,A*02:01,0.23,0.66,0.6923976608187135
SQFNWTIYL,A*02:01,0.23500000000000001,0.66,0.6923976608187135
SQFNWTIYL,A*02:01,0.24,0.66,0.6923976608187135
SQFNWTIYL,A*02:01,0.245,0.66,0.6923976608187135
SQFNWTIYL,A*02:01,0.25,0.66,0.6923976608187135
SQFNWTIYL,A*02:01,0.255,0.66,0.6923976608187135
SQFNWTIYL,A*02:01,0.26,0.68,0.6923976608187135
SQFNWTIYL,A*02:01,0.265,0.68,0.6923976608187135
SQFNWTIYL,A*02:01,0.27,0.68,0.6923976608187135
SQFNWTIYL,A*02:01,0.275,0.68,0.6923976608187135
SQFNWTIYL,A*02:01,0.28,0.7,0.6923976608187135
SQFNWTIYL,A*02:01,0.28500000000000003,0.7,0.6923976608187135
SQFNWTIYL,A*02:01,0.29,0.7,0.6923976608187135
SQFNWTIYL,A*02:01,0.295,0.7,0.6923976608187135
SQFNWTIYL,A*02:01,0.3,0.7,0.6923976608187135
SQFNWTIYL,A*02:01,0.305,0.7,0.6923976608187135
SQFNWTIYL,A*02:01,0.31,0.72,0.6923976608187135
SQFNWTIYL,A*02:01,0.315,0.72,0.6923976608187135
SQFNWTIYL,A*02:01,0.32,0.72,0.6923976608187135
SQFNWTIYL,A*02:01,0.325,0.72,0.6923976608187135
SQFNWTIYL,A*02:01,0.33,0.72,0.6923976608187135
SQFNWTIYL,A*02:01,0.335,0.72,0.6923976608187135
SQFNWTIYL,A*02:01,0.34,0.74,0.6923976608187135
SQFNWTIYL,A*02:01,0.34500000000000003,0.74,0.6923976608187135
SQFNWTIYL,A*02:01,0.35000000000000003,0.76,0.6923976608187135
SQFNWTIYL,A*02:01,0.355,0.76,0.6923976608187135
SQFNWTIYL,A*02:01,0.36,0.8,0.6923976608187135
SQFNWTIYL,A*02:01,0.365,0.8,0.6923976608187135
SQFNWTIYL,A*02:01,0.37,0.8,0.6923976608187135
SQFNWTIYL,A*02:01,0.375,0.8,0.6923976608187135
SQFNWTIYL,A*02:01,0.38,0.8,0.6923976608187135
SQFNWTIYL,A*02:01,0.385,0.8,0.6923976608187135
SQFNWTIYL,A*02:01,0.39,0.8,0.6923976608187135
SQFNWTIYL,A*02:01,0.395,0.8,0.6923976608187135
SQFNWTIYL,A*02:01,0.4,0.8,0.6923976608187135
SQFNWTIYL,A*02:01,0.405,0.8,0.6923976608187135
SQFNWTIYL,A*02:01,0.41000000000000003,0.8,0.6923976608187135
SQFNWTIYL,A*02:01,0.41500000000000004,0.8,0.6923976608187135
SQFNWTIYL,A*02:01,0.42,0.8,0.6923976608187135
SQFNWTIYL,A*02:01,0.425,0.82,0.6923976608187135
SQFNWTIYL,A*02:01,0.43,0.82,0.6923976608187135
SQFNWTIYL,A*02:01,0.435,0.82,0.6923976608187135
SQFNWTIYL,A*02:01,0.44,0.82,0.6923976608187135
SQFNWTIYL,A*02:01,0.445,0.82,0.6923976608187135
SQFNWTIYL,A*02:01,0.45,0.82,0.6923976608187135
SQFNWTIYL,A*02:01,0.455,0.82,0.6923976608187135
SQFNWTIYL,A*02:01,0.46,0.82,0.6923976608187135
SQFNWTIYL,A*02:01,0.465,0.82,0.6923976608187135
SQFNWTIYL,A*02:01,0.47000000000000003,0.82,0.6923976608187135
SQFNWTIYL,A*02:01,0.47500000000000003,0.82,0.6923976608187135
SQFNWTIYL,A*02:01,0.48,0.82,0.6923976608187135
SQFNWTIYL,A*02:01,0.485,0.82,0.6923976608187135
SQFNWTIYL,A*02:01,0.49,0.82,0.6923976608187135
SQFNWTIYL,A*02:01,0.495,0.82,0.6923976608187135
SQFNWTIYL,A*02:01,0.5,0.82,0.6923976608187135
SQFNWTIYL,A*02:01,0.505,0.82,0.6923976608187135
SQFNWTIYL,A*02:01,0.51,0.82,0.6923976608187135
SQFNWTIYL,A*02:01,0.515,0.82,0.6923976608187135
SQFNWTIYL,A*02:01,0.52,0.84,0.6923976608187135
SQFNWTIYL,A*02:01,0.525,0.84,0.6923976608187135
SQFNWTIYL,A*02:01,0.53,0.84,0.6923976608187135
SQFNWTIYL,A*02:01,0.535,0.84,0.6923976608187135
SQFNWTIYL,A*02:01,0.54,0.84,0.6923976608187135
SQFNWTIYL,A*02:01,0.545,0.84,0.6923976608187135
SQFNWTIYL,A*02:01,0.55,0.84,0.6923976608187135
SQFNWTIYL,A*02:01,0.555,0.84,0.6923976608187135
SQFNWTIYL,A*02:01,0.56,0.84,0.6923976608187135
SQFNWTIYL,A*02:01,0.5650000000000001,0.84,0.6923976608187135
SQFNWTIYL,A*02:01,0.5700000000000001,0.84,0.6923976608187135
SQFNWTIYL,A*02:01,0.5750000000000001,0.84,0.6923976608187135
SQFNWTIYL,A*02:01,0.58,0.84,0.6923976608187135
SQFNWTIYL,A*02:01,0.585,0.84,0.6923976608187135
SQFNWTIYL,A*02:01,0.59,0.88,0.6923976608187135
SQFNWTIYL,A*02:01,0.595,0.88,0.6923976608187135
SQFNWTIYL,A*02:01,0.6,0.88,0.6923976608187135
SQFNWTIYL,A*02:01,0.605,0.88,0.6923976608187135
SQFNWTIYL,A*02:01,0.61,0.9,0.6923976608187135
SQFNWTIYL,A*02:01,0.615,0.9,0.6923976608187135
SQFNWTIYL,A*02:01,0.62,0.9,0.6923976608187135
SQFNWTIYL,A*02:01,0.625,0.9,0.6923976608187135
SQFNWTIYL,A*02:01,0.63,0.9,0.6923976608187135
SQFNWTIYL,A*02:01,0.635,0.9,0.6923976608187135
SQFNWTIYL,A*02:01,0.64,0.92,0.6923976608187135
SQFNWTIYL,A*02:01,0.645,0.92,0.6923976608187135
SQFNWTIYL,A*02:01,0.65,0.92,0.6923976608187135
SQFNWTIYL,A*02:01,0.655,0.92,0.6923976608187135
SQFNWTIYL,A*02:01,0.66,0.92,0.6923976608187135
SQFNWTIYL,A*02:01,0.665,0.92,0.6923976608187135
SQFNWTIYL,A*02:01,0.67,0.92,0.6923976608187135
SQFNWTIYL,A*02:01,0.675,0.92,0.6923976608187135
SQFNWTIYL,A*02:01,0.68,0.92,0.6923976608187135
SQFNWTIYL,A*02:01,0.685,0.92,0.6923976608187135
SQFNWTIYL,A*02:01,0.6900000000000001,0.92,0.6923976608187135
SQFNWTIYL,A*02:01,0.6950000000000001,0.92,0.6923976608187135
SQFNWTIYL,A*02:01,0.7000000000000001,0.92,0.6923976608187135
SQFNWTIYL,A*02:01,0.705,0.92,0.6923976608187135
SQFNWTIYL,A*02:01,0.71,0.92,0.6923976608187135
SQFNWTIYL,A*02:01,0.715,0.92,0.6923976608187135
SQFNWTIYL,A*02:01,0.72,0.92,0.6923976608187135
SQFNWTIYL,A*02:01,0.725,0.92,0.6923976608187135
SQFNWTIYL,A*02:01,0.73,0.92,0.6923976608187135
SQFNWTIYL,A*02:01,0.735,0.92,0.6923976608187135
SQFNWTIYL,A*02:01,0.74,0.92,0.6923976608187135
SQFNWTIYL,A*02:01,0.745,0.92,0.6923976608187135
SQFNWTIYL,A*02:01,0.75,0.92,0.6923976608187135
SQFNWTIYL,A*02:01,0.755,0.92,0.6923976608187135
SQFNWTIYL,A*02:01,0.76,0.92,0.6923976608187135
SQFNWTIYL,A*02:01,0.765,0.96,0.6923976608187135
SQFNWTIYL,A*02:01,0.77,0.96,0.6923976608187135
SQFNWTIYL,A*02:01,0.775,0.96,0.6923976608187135
SQFNWTIYL,A*02:01,0.78,0.96,0.6923976608187135
SQFNWTIYL,A*02:01,0.785,0.96,0.6923976608187135
SQFNWTIYL,A*02:01,0.79,0.96,0.6923976608187135
SQFNWTIYL,A*02:01,0.795,0.96,0.6923976608187135
SQFNWTIYL,A*02:01,0.8,0.96,0.6923976608187135
SQFNWTIYL,A*02:01,0.805,0.96,0.6923976608187135
SQFNWTIYL,A*02:01,0.81,0.96,0.6923976608187135
SQFNWTIYL,A*02:01,0.8150000000000001,0.96,0.6923976608187135
SQFNWTIYL,A*02:01,0.8200000000000001,0.96,0.6923976608187135
SQFNWTIYL,A*02:01,0.8250000000000001,0.96,0.6923976608187135
SQFNWTIYL,A*02:01,0.8300000000000001,0.96,0.6923976608187135
SQFNWTIYL,A*02:01,0.835,0.96,0.6923976608187135
SQFNWTIYL,A*02:01,0.84,0.96,0.6923976608187135
SQFNWTIYL,A*02:01,0.845,0.96,0.6923976608187135
SQFNWTIYL,A*02:01,0.85,0.96,0.6923976608187135
SQFNWTIYL,A*02:01,0.855,0.96,0.6923976608187135
SQFNWTIYL,A*02:01,0.86,0.96,0.6923976608187135
SQFNWTIYL,A*02:01,0.865,0.96,0.6923976608187135
SQFNWTIYL,A*02:01,0.87,0.96,0.6923976608187135
SQFNWTIYL,A*02:01,0.875,0.96,0.6923976608187135
SQFNWTIYL,A*02:01,0.88,0.96,0.6923976608187135
SQFNWTIYL,A*02:01,0.885,0.96,0.6923976608187135
SQFNWTIYL,A*02:01,0.89,0.98,0.6923976608187135
SQFNWTIYL,A*02:01,0.895,0.98,0.6923976608187135
SQFNWTIYL,A*02:01,0.9,0.98,0.6923976608187135
SQFNWTIYL,A*02:01,0.905,0.98,0.6923976608187135
SQFNWTIYL,A*02:01,0.91,0.98,0.6923976608187135
SQFNWTIYL,A*02:01,0.915,0.98,0.6923976608187135
SQFNWTIYL,A*02:01,0.92,0.98,0.6923976608187135
SQFNWTIYL,A*02:01,0.925,0.98,0.6923976608187135
SQFNWTIYL,A*02:01,0.93,0.98,0.6923976608187135
SQFNWTIYL,A*02:01,0.935,1.0,0.6923976608187135
SQFNWTIYL,A*02:01,0.9400000000000001,1.0,0.6923976608187135
SQFNWTIYL,A*02:01,0.9450000000000001,1.0,0.6923976608187135
SQFNWTIYL,A*02:01,0.9500000000000001,1.0,0.6923976608187135
SQFNWTIYL,A*02:01,0.9550000000000001,1.0,0.6923976608187135
SQFNWTIYL,A*02:01,0.96,1.0,0.6923976608187135
SQFNWTIYL,A*02:01,0.965,1.0,0.6923976608187135
SQFNWTIYL,A*02:01,0.97,1.0,0.6923976608187135
SQFNWTIYL,A*02:01,0.975,1.0,0.6923976608187135
SQFNWTIYL,A*02:01,0.98,1.0,0.6923976608187135
SQFNWTIYL,A*02:01,0.985,1.0,0.6923976608187135
SQFNWTIYL,A*02:01,0.99,1.0,0.6923976608187135
SQFNWTIYL,A*02:01,0.995,1.0,0.6923976608187135
SQFNWTIYL,A*02:01,1.0,1.0,0.6923976608187135
TVYPYGTSL,A*02:01,0.0,0.0,0.5249122807017543
TVYPYGTSL,A*02:01,0.005,0.02,0.5249122807017543
TVYPYGTSL,A*02:01,0.01,0.02,0.5249122807017543
TVYPYGTSL,A*02:01,0.015,0.02,0.5249122807017543
TVYPYGTSL,A*02:01,0.02,0.06,0.5249122807017543
TVYPYGTSL,A*02:01,0.025,0.06,0.5249122807017543
TVYPYGTSL,A*02:01,0.03,0.06,0.5249122807017543
TVYPYGTSL,A*02:01,0.035,0.08,0.5249122807017543
TVYPYGTSL,A*02:01,0.04,0.08,0.5249122807017543
TVYPYGTSL,A*02:01,0.045,0.08,0.5249122807017543
TVYPYGTSL,A*02:01,0.05,0.08,0.5249122807017543
TVYPYGTSL,A*02:01,0.055,0.1,0.5249122807017543
TVYPYGTSL,A*02:01,0.06,0.1,0.5249122807017543
TVYPYGTSL,A*02:01,0.065,0.1,0.5249122807017543
TVYPYGTSL,A*02:01,0.07,0.1,0.5249122807017543
TVYPYGTSL,A*02:01,0.075,0.12,0.5249122807017543
TVYPYGTSL,A*02:01,0.08,0.16,0.5249122807017543
TVYPYGTSL,A*02:01,0.085,0.18,0.5249122807017543
TVYPYGTSL,A*02:01,0.09,0.18,0.5249122807017543
TVYPYGTSL,A*02:01,0.095,0.2,0.5249122807017543
TVYPYGTSL,A*02:01,0.1,0.24,0.5249122807017543
TVYPYGTSL,A*02:01,0.105,0.24,0.5249122807017543
TVYPYGTSL,A*02:01,0.11,0.28,0.5249122807017543
TVYPYGTSL,A*02:01,0.115,0.28,0.5249122807017543
TVYPYGTSL,A*02:01,0.12,0.28,0.5249122807017543
TVYPYGTSL,A*02:01,0.125,0.28,0.5249122807017543
TVYPYGTSL,A*02:01,0.13,0.32,0.5249122807017543
TVYPYGTSL,A*02:01,0.135,0.34,0.5249122807017543
TVYPYGTSL,A*02:01,0.14,0.36,0.5249122807017543
TVYPYGTSL,A*02:01,0.145,0.36,0.5249122807017543
TVYPYGTSL,A*02:01,0.15,0.36,0.5249122807017543
TVYPYGTSL,A*02:01,0.155,0.38,0.5249122807017543
TVYPYGTSL,A*02:01,0.16,0.38,0.5249122807017543
TVYPYGTSL,A*02:01,0.165,0.38,0.5249122807017543
TVYPYGTSL,A*02:01,0.17,0.42,0.5249122807017543
TVYPYGTSL,A*02:01,0.17500000000000002,0.42,0.5249122807017543
TVYPYGTSL,A*02:01,0.18,0.42,0.5249122807017543
TVYPYGTSL,A*02:01,0.185,0.44,0.5249122807017543
TVYPYGTSL,A*02:01,0.19,0.44,0.5249122807017543
TVYPYGTSL,A*02:01,0.195,0.46,0.5249122807017543
TVYPYGTSL,A*02:01,0.2,0.46,0.5249122807017543
TVYPYGTSL,A*02:01,0.20500000000000002,0.46,0.5249122807017543
TVYPYGTSL,A*02:01,0.21,0.46,0.5249122807017543
TVYPYGTSL,A*02:01,0.215,0.46,0.5249122807017543
TVYPYGTSL,A*02:01,0.22,0.48,0.5249122807017543
TVYPYGTSL,A*02:01,0.225,0.5,0.5249122807017543
TVYPYGTSL,A*02:01,0.23,0.54,0.5249122807017543
TVYPYGTSL,A*02:01,0.23500000000000001,0.56,0.5249122807017543
TVYPYGTSL,A*02:01,0.24,0.56,0.5249122807017543
TVYPYGTSL,A*02:01,0.245,0.56,0.5249122807017543
TVYPYGTSL,A*02:01,0.25,0.56,0.5249122807017543
TVYPYGTSL,A*02:01,0.255,0.58,0.5249122807017543
TVYPYGTSL,A*02:01,0.26,0.58,0.5249122807017543
TVYPYGTSL,A*02:01,0.265,0.58,0.5249122807017543
TVYPYGTSL,A*02:01,0.27,0.6,0.5249122807017543
TVYPYGTSL,A*02:01,0.275,0.6,0.5249122807017543
TVYPYGTSL,A*02:01,0.28,0.6,0.5249122807017543
TVYPYGTSL,A*02:01,0.28500000000000003,0.62,0.5249122807017543
TVYPYGTSL,A*02:01,0.29,0.64,0.5249122807017543
TVYPYGTSL,A*02:01,0.295,0.64,0.5249122807017543
TVYPYGTSL,A*02:01,0.3,0.68,0.5249122807017543
TVYPYGTSL,A*02:01,0.305,0.68,0.5249122807017543
TVYPYGTSL,A*02:01,0.31,0.7,0.5249122807017543
TVYPYGTSL,A*02:01,0.315,0.7,0.5249122807017543
TVYPYGTSL,A*02:01,0.32,0.7,0.5249122807017543
TVYPYGTSL,A*02:01,0.325,0.7,0.5249122807017543
TVYPYGTSL,A*02:01,0.33,0.7,0.5249122807017543
TVYPYGTSL,A*02:01,0.335,0.72,0.5249122807017543
TVYPYGTSL,A*02:01,0.34,0.72,0.5249122807017543
TVYPYGTSL,A*02:01,0.34500000000000003,0.72,0.5249122807017543
TVYPYGTSL,A*02:01,0.35000000000000003,0.72,0.5249122807017543
TVYPYGTSL,A*02:01,0.355,0.72,0.5249122807017543
TVYPYGTSL,A*02:01,0.36,0.76,0.5249122807017543
TVYPYGTSL,A*02:01,0.365,0.76,0.5249122807017543
TVYPYGTSL,A*02:01,0.37,0.76,0.5249122807017543
TVYPYGTSL,A*02:01,0.375,0.8,0.5249122807017543
TVYPYGTSL,A*02:01,0.38,0.8,0.5249122807017543
TVYPYGTSL,A*02:01,0.385,0.8,0.5249122807017543
TVYPYGTSL,A*02:01,0.39,0.8,0.5249122807017543
TVYPYGTSL,A*02:01,0.395,0.82,0.5249122807017543
TVYPYGTSL,A*02:01,0.4,0.84,0.5249122807017543
TVYPYGTSL,A*02:01,0.405,0.84,0.5249122807017543
TVYPYGTSL,A*02:01,0.41000000000000003,0.84,0.5249122807017543
TVYPYGTSL,A*02:01,0.41500000000000004,0.86,0.5249122807017543
TVYPYGTSL,A*02:01,0.42,0.86,0.5249122807017543
TVYPYGTSL,A*02:01,0.425,0.86,0.5249122807017543
TVYPYGTSL,A*02:01,0.43,0.86,0.5249122807017543
TVYPYGTSL,A*02:01,0.435,0.86,0.5249122807017543
TVYPYGTSL,A*02:01,0.44,0.86,0.5249122807017543
TVYPYGTSL,A*02:01,0.445,0.86,0.5249122807017543
TVYPYGTSL,A*02:01,0.45,0.86,0.5249122807017543
TVYPYGTSL,A*02:01,0.455,0.88,0.5249122807017543
TVYPYGTSL,A*02:01,0.46,0.88,0.5249122807017543
TVYPYGTSL,A*02:01,0.465,0.88,0.5249122807017543
TVYPYGTSL,A*02:01,0.47000000000000003,0.88,0.5249122807017543
TVYPYGTSL,A*02:01,0.47500000000000003,0.88,0.5249122807017543
TVYPYGTSL,A*02:01,0.48,0.88,0.5249122807017543
TVYPYGTSL,A*02:01,0.485,0.9,0.5249122807017543
TVYPYGTSL,A*02:01,0.49,0.9,0.5249122807017543
TVYPYGTSL,A*02:01,0.495,0.9,0.5249122807017543
TVYPYGTSL,A*02:01,0.5,0.9,0.5249122807017543
TVYPYGTSL,A*02:01,0.505,0.9,0.5249122807017543
TVYPYGTSL,A*02:01,0.51,0.9,0.5249122807017543
TVYPYGTSL,A*02:01,0.515,0.9,0.5249122807017543
TVYPYGTSL,A*02:01,0.52,0.9,0.5249122807017543
TVYPYGTSL,A*02:01,0.525,0.9,0.5249122807017543
TVYPYGTSL,A*02:01,0.53,0.9,0.5249122807017543
TVYPYGTSL,A*02:01,0.535,0.92,0.5249122807017543
TVYPYGTSL,A*02:01,0.54,0.92,0.5249122807017543
TVYPYGTSL,A*02:01,0.545,0.92,0.5249122807017543
TVYPYGTSL,A*02:01,0.55,0.92,0.5249122807017543
TVYPYGTSL,A*02:01,0.555,0.92,0.5249122807017543
TVYPYGTSL,A*02:01,0.56,0.92,0.5249122807017543
TVYPYGTSL,A*02:01,0.5650000000000001,0.92,0.5249122807017543
TVYPYGTSL,A*02:01,0.5700000000000001,0.92,0.5249122807017543
TVYPYGTSL,A*02:01,0.5750000000000001,0.92,0.5249122807017543
TVYPYGTSL,A*02:01,0.58,0.94,0.5249122807017543
TVYPYGTSL,A*02:01,0.585,0.94,0.5249122807017543
TVYPYGTSL,A*02:01,0.59,0.94,0.5249122807017543
TVYPYGTSL,A*02:01,0.595,0.94,0.5249122807017543
TVYPYGTSL,A*02:01,0.6,0.94,0.5249122807017543
TVYPYGTSL,A*02:01,0.605,0.94,0.5249122807017543
TVYPYGTSL,A*02:01,0.61,0.94,0.5249122807017543
TVYPYGTSL,A*02:01,0.615,0.94,0.5249122807017543
TVYPYGTSL,A*02:01,0.62,0.94,0.5249122807017543
TVYPYGTSL,A*02:01,0.625,0.94,0.5249122807017543
TVYPYGTSL,A*02:01,0.63,0.94,0.5249122807017543
TVYPYGTSL,A*02:01,0.635,0.94,0.5249122807017543
TVYPYGTSL,A*02:01,0.64,0.94,0.5249122807017543
TVYPYGTSL,A*02:01,0.645,0.94,0.5249122807017543
TVYPYGTSL,A*02:01,0.65,0.94,0.5249122807017543
TVYPYGTSL,A*02:01,0.655,0.94,0.5249122807017543
TVYPYGTSL,A*02:01,0.66,0.94,0.5249122807017543
TVYPYGTSL,A*02:01,0.665,0.94,0.5249122807017543
TVYPYGTSL,A*02:01,0.67,0.94,0.5249122807017543
TVYPYGTSL,A*02:01,0.675,0.94,0.5249122807017543
TVYPYGTSL,A*02:01,0.68,0.94,0.5249122807017543
TVYPYGTSL,A*02:01,0.685,0.94,0.5249122807017543
TVYPYGTSL,A*02:01,0.6900000000000001,0.94,0.5249122807017543
TVYPYGTSL,A*02:01,0.6950000000000001,0.94,0.5249122807017543
TVYPYGTSL,A*02:01,0.7000000000000001,0.94,0.5249122807017543
TVYPYGTSL,A*02:01,0.705,0.94,0.5249122807017543
TVYPYGTSL,A*02:01,0.71,0.94,0.5249122807017543
TVYPYGTSL,A*02:01,0.715,0.94,0.5249122807017543
TVYPYGTSL,A*02:01,0.72,0.94,0.5249122807017543
TVYPYGTSL,A*02:01,0.725,0.94,0.5249122807017543
TVYPYGTSL,A*02:01,0.73,0.94,0.5249122807017543
TVYPYGTSL,A*02:01,0.735,0.94,0.5249122807017543
TVYPYGTSL,A*02:01,0.74,0.94,0.5249122807017543
TVYPYGTSL,A*02:01,0.745,0.94,0.5249122807017543
TVYPYGTSL,A*02:01,0.75,0.94,0.5249122807017543
TVYPYGTSL,A*02:01,0.755,0.94,0.5249122807017543
TVYPYGTSL,A*02:01,0.76,0.94,0.5249122807017543
TVYPYGTSL,A*02:01,0.765,0.94,0.5249122807017543
TVYPYGTSL,A*02:01,0.77,0.94,0.5249122807017543
TVYPYGTSL,A*02:01,0.775,0.96,0.5249122807017543
TVYPYGTSL,A*02:01,0.78,0.98,0.5249122807017543
TVYPYGTSL,A*02:01,0.785,0.98,0.5249122807017543
TVYPYGTSL,A*02:01,0.79,0.98,0.5249122807017543
TVYPYGTSL,A*02:01,0.795,0.98,0.5249122807017543
TVYPYGTSL,A*02:01,0.8,0.98,0.5249122807017543
TVYPYGTSL,A*02:01,0.805,0.98,0.5249122807017543
TVYPYGTSL,A*02:01,0.81,0.98,0.5249122807017543
TVYPYGTSL,A*02:01,0.8150000000000001,0.98,0.5249122807017543
TVYPYGTSL,A*02:01,0.8200000000000001,0.98,0.5249122807017543
TVYPYGTSL,A*02:01,0.8250000000000001,0.98,0.5249122807017543
TVYPYGTSL,A*02:01,0.8300000000000001,0.98,0.5249122807017543
TVYPYGTSL,A*02:01,0.835,0.98,0.5249122807017543
TVYPYGTSL,A*02:01,0.84,0.98,0.5249122807017543
TVYPYGTSL,A*02:01,0.845,0.98,0.5249122807017543
TVYPYGTSL,A*02:01,0.85,0.98,0.5249122807017543
TVYPYGTSL,A*02:01,0.855,0.98,0.5249122807017543
TVYPYGTSL,A*02:01,0.86,0.98,0.5249122807017543
TVYPYGTSL,A*02:01,0.865,0.98,0.5249122807017543
TVYPYGTSL,A*02:01,0.87,0.98,0.5249122807017543
TVYPYGTSL,A*02:01,0.875,0.98,0.5249122807017543
TVYPYGTSL,A*02:01,0.88,1.0,0.5249122807017543
TVYPYGTSL,A*02:01,0.885,1.0,0.5249122807017543
TVYPYGTSL,A*02:01,0.89,1.0,0.5249122807017543
TVYPYGTSL,A*02:01,0.895,1.0,0.5249122807017543
TVYPYGTSL,A*02:01,0.9,1.0,0.5249122807017543
TVYPYGTSL,A*02:01,0.905,1.0,0.5249122807017543
TVYPYGTSL,A*02:01,0.91,1.0,0.5249122807017543
TVYPYGTSL,A*02:01,0.915,1.0,0.5249122807017543
TVYPYGTSL,A*02:01,0.92,1.0,0.5249122807017543
TVYPYGTSL,A*02:01,0.925,1.0,0.5249122807017543
TVYPYGTSL,A*02:01,0.93,1.0,0.5249122807017543
TVYPYGTSL,A*02:01,0.935,1.0,0.5249122807017543
TVYPYGTSL,A*02:01,0.9400000000000001,1.0,0.5249122807017543
TVYPYGTSL,A*02:01,0.9450000000000001,1.0,0.5249122807017543
TVYPYGTSL,A*02:01,0.9500000000000001,1.0,0.5249122807017543
TVYPYGTSL,A*02:01,0.9550000000000001,1.0,0.5249122807017543
TVYPYGTSL,A*02:01,0.96,1.0,0.5249122807017543
TVYPYGTSL,A*02:01,0.965,1.0,0.5249122807017543
TVYPYGTSL,A*02:01,0.97,1.0,0.5249122807017543
TVYPYGTSL,A*02:01,0.975,1.0,0.5249122807017543
TVYPYGTSL,A*02:01,0.98,1.0,0.5249122807017543
TVYPYGTSL,A*02:01,0.985,1.0,0.5249122807017543
TVYPYGTSL,A*02:01,0.99,1.0,0.5249122807017543
TVYPYGTSL,A*02:01,0.995,1.0,0.5249122807017543
TVYPYGTSL,A*02:01,1.0,1.0,0.5249122807017543
YEDGVIFYL,B*40:01,0.0,0.06,0.6669005847953217
YEDGVIFYL,B*40:01,0.005,0.14,0.6669005847953217
YEDGVIFYL,B*40:01,0.01,0.2,0.6669005847953217
YEDGVIFYL,B*40:01,0.015,0.24,0.6669005847953217
YEDGVIFYL,B*40:01,0.02,0.24,0.6669005847953217
YEDGVIFYL,B*40:01,0.025,0.28,0.6669005847953217
YEDGVIFYL,B*40:01,0.03,0.28,0.6669005847953217
YEDGVIFYL,B*40:01,0.035,0.32,0.6669005847953217
YEDGVIFYL,B*40:01,0.04,0.32,0.6669005847953217
YEDGVIFYL,B*40:01,0.045,0.32,0.6669005847953217
YEDGVIFYL,B*40:01,0.05,0.34,0.6669005847953217
YEDGVIFYL,B*40:01,0.055,0.38,0.6669005847953217
YEDGVIFYL,B*40:01,0.06,0.42,0.6669005847953217
YEDGVIFYL,B*40:01,0.065,0.48,0.6669005847953217
YEDGVIFYL,B*40:01,0.07,0.48,0.6669005847953217
YEDGVIFYL,B*40:01,0.075,0.5,0.6669005847953217
YEDGVIFYL,B*40:01,0.08,0.52,0.6669005847953217
YEDGVIFYL,B*40:01,0.085,0.52,0.6669005847953217
YEDGVIFYL,B*40:01,0.09,0.52,0.6669005847953217
YEDGVIFYL,B*40:01,0.095,0.52,0.6669005847953217
YEDGVIFYL,B*40:01,0.1,0.56,0.6669005847953217
YEDGVIFYL,B*40:01,0.105,0.56,0.6669005847953217
YEDGVIFYL,B*40:01,0.11,0.56,0.6669005847953217
YEDGVIFYL,B*40:01,0.115,0.56,0.6669005847953217
YEDGVIFYL,B*40:01,0.12,0.56,0.6669005847953217
YEDGVIFYL,B*40:01,0.125,0.56,0.6669005847953217
YEDGVIFYL,B*40:01,0.13,0.56,0.6669005847953217
YEDGVIFYL,B*40:01,0.135,0.56,0.6669005847953217
YEDGVIFYL,B*40:01,0.14,0.56,0.6669005847953217
YEDGVIFYL,B*40:01,0.145,0.58,0.6669005847953217
YEDGVIFYL,B*40:01,0.15,0.58,0.6669005847953217
YEDGVIFYL,B*40:01,0.155,0.6,0.6669005847953217
YEDGVIFYL,B*40:01,0.16,0.6,0.6669005847953217
YEDGVIFYL,B*40:01,0.165,0.6,0.6669005847953217
YEDGVIFYL,B*40:01,0.17,0.6,0.6669005847953217
YEDGVIFYL,B*40:01,0.17500000000000002,0.6,0.6669005847953217
YEDGVIFYL,B*40:01,0.18,0.6,0.6669005847953217
YEDGVIFYL,B*40:01,0.185,0.62,0.6669005847953217
YEDGVIFYL,B*40:01,0.19,0.62,0.6669005847953217
YEDGVIFYL,B*40:01,0.195,0.62,0.6669005847953217
YEDGVIFYL,B*40:01,0.2,0.62,0.6669005847953217
YEDGVIFYL,B*40:01,0.20500000000000002,0.62,0.6669005847953217
YEDGVIFYL,B*40:01,0.21,0.62,0.6669005847953217
YEDGVIFYL,B*40:01,0.215,0.62,0.6669005847953217
YEDGVIFYL,B*40:01,0.22,0.62,0.6669005847953217
YEDGVIFYL,B*40:01,0.225,0.62,0.6669005847953217
YEDGVIFYL,B*40:01,0.23,0.62,0.6669005847953217
YEDGVIFYL,B*40:01,0.23500000000000001,0.62,0.6669005847953217
YEDGVIFYL,B*40:01,0.24,0.62,0.6669005847953217
YEDGVIFYL,B*40:01,0.245,0.62,0.6669005847953217
YEDGVIFYL,B*40:01,0.25,0.62,0.6669005847953217
YEDGVIFYL,B*40:01,0.255,0.62,0.6669005847953217
YEDGVIFYL,B*40:01,0.26,0.62,0.6669005847953217
YEDGVIFYL,B*40:01,0.265,0.62,0.6669005847953217
YEDGVIFYL,B*40:01,0.27,0.62,0.6669005847953217
YEDGVIFYL,B*40:01,0.275,0.62,0.6669005847953217
YEDGVIFYL,B*40:01,0.28,0.66,0.6669005847953217
YEDGVIFYL,B*40:01,0.28500000000000003,0.66,0.6669005847953217
YEDGVIFYL,B*40:01,0.29,0.68,0.6669005847953217
YEDGVIFYL,B*40:01,0.295,0.68,0.6669005847953217
YEDGVIFYL,B*40:01,0.3,0.68,0.6669005847953217
YEDGVIFYL,B*40:01,0.305,0.68,0.6669005847953217
YEDGVIFYL,B*40:01,0.31,0.68,0.6669005847953217
YEDGVIFYL,B*40:01,0.315,0.7,0.6669005847953217
YEDGVIFYL,B*40:01,0.32,0.7,0.6669005847953217
YEDGVIFYL,B*40:01,0.325,0.7,0.6669005847953217
YEDGVIFYL,B*40:01,0.33,0.72,0.6669005847953217
YEDGVIFYL,B*40:01,0.335,0.72,0.6669005847953217
YEDGVIFYL,B*40:01,0.34,0.74,0.6669005847953217
YEDGVIFYL,B*40:01,0.34500000000000003,0.74,0.6669005847953217
YEDGVIFYL,B*40:01,0.35000000000000003,0.74,0.6669005847953217
YEDGVIFYL,B*40:01,0.355,0.76,0.6669005847953217
YEDGVIFYL,B*40:01,0.36,0.76,0.6669005847953217
YEDGVIFYL,B*40:01,0.365,0.76,0.6669005847953217
YEDGVIFYL,B*40:01,0.37,0.76,0.6669005847953217
YEDGVIFYL,B*40:01,0.375,0.76,0.6669005847953217
YEDGVIFYL,B*40:01,0.38,0.76,0.6669005847953217
YEDGVIFYL,B*40:01,0.385,0.76,0.6669005847953217
YEDGVIFYL,B*40:01,0.39,0.76,0.6669005847953217
YEDGVIFYL,B*40:01,0.395,0.76,0.6669005847953217
YEDGVIFYL,B*40:01,0.4,0.76,0.6669005847953217
YEDGVIFYL,B*40:01,0.405,0.78,0.6669005847953217
YEDGVIFYL,B*40:01,0.41000000000000003,0.78,0.6669005847953217
YEDGVIFYL,B*40:01,0.41500000000000004,0.78,0.6669005847953217
YEDGVIFYL,B*40:01,0.42,0.8,0.6669005847953217
YEDGVIFYL,B*40:01,0.425,0.8,0.6669005847953217
YEDGVIFYL,B*40:01,0.43,0.8,0.6669005847953217
YEDGVIFYL,B*40:01,0.435,0.8,0.6669005847953217
YEDGVIFYL,B*40:01,0.44,0.82,0.6669005847953217
YEDGVIFYL,B*40:01,0.445,0.82,0.6669005847953217
YEDGVIFYL,B*40:01,0.45,0.84,0.6669005847953217
YEDGVIFYL,B*40:01,0.455,0.84,0.6669005847953217
YEDGVIFYL,B*40:01,0.46,0.84,0.6669005847953217
YEDGVIFYL,B*40:01,0.465,0.84,0.6669005847953217
YEDGVIFYL,B*40:01,0.47000000000000003,0.84,0.6669005847953217
YEDGVIFYL,B*40:01,0.47500000000000003,0.84,0.6669005847953217
YEDGVIFYL,B*40:01,0.48,0.84,0.6669005847953217
YEDGVIFYL,B*40:01,0.485,0.84,0.6669005847953217
YEDGVIFYL,B*40:01,0.49,0.84,0.6669005847953217
YEDGVIFYL,B*40:01,0.495,0.84,0.6669005847953217
YEDGVIFYL,B*40:01,0.5,0.84,0.6669005847953217
YEDGVIFYL,B*40:01,0.505,0.84,0.6669005847953217
YEDGVIFYL,B*40:01,0.51,0.84,0.6669005847953217
YEDGVIFYL,B*40:01,0.515,0.84,0.6669005847953217
YEDGVIFYL,B*40:01,0.52,0.84,0.6669005847953217
YEDGVIFYL,B*40:01,0.525,0.86,0.6669005847953217
YEDGVIFYL,B*40:01,0.53,0.86,0.6669005847953217
YEDGVIFYL,B*40:01,0.535,0.86,0.6669005847953217
YEDGVIFYL,B*40:01,0.54,0.86,0.6669005847953217
YEDGVIFYL,B*40:01,0.545,0.86,0.6669005847953217
YEDGVIFYL,B*40:01,0.55,0.86,0.6669005847953217
YEDGVIFYL,B*40:01,0.555,0.86,0.6669005847953217
YEDGVIFYL,B*40:01,0.56,0.88,0.6669005847953217
YEDGVIFYL,B*40:01,0.5650000000000001,0.88,0.6669005847953217
YEDGVIFYL,B*40:01,0.5700000000000001,0.88,0.6669005847953217
YEDGVIFYL,B*40:01,0.5750000000000001,0.88,0.6669005847953217
YEDGVIFYL,B*40:01,0.58,0.88,0.6669005847953217
YEDGVIFYL,B*40:01,0.585,0.88,0.6669005847953217
YEDGVIFYL,B*40:01,0.59,0.88,0.6669005847953217
YEDGVIFYL,B*40:01,0.595,0.88,0.6669005847953217
YEDGVIFYL,B*40:01,0.6,0.88,0.6669005847953217
YEDGVIFYL,B*40:01,0.605,0.9,0.6669005847953217
YEDGVIFYL,B*40:01,0.61,0.9,0.6669005847953217
YEDGVIFYL,B*40:01,0.615,0.9,0.6669005847953217
YEDGVIFYL,B*40:01,0.62,0.9,0.6669005847953217
YEDGVIFYL,B*40:01,0.625,0.92,0.6669005847953217
YEDGVIFYL,B*40:01,0.63,0.92,0.6669005847953217
YEDGVIFYL,B*40:01,0.635,0.92,0.6669005847953217
YEDGVIFYL,B*40:01,0.64,0.92,0.6669005847953217
YEDGVIFYL,B*40:01,0.645,0.92,0.6669005847953217
YEDGVIFYL,B*40:01,0.65,0.92,0.6669005847953217
YEDGVIFYL,B*40:01,0.655,0.92,0.6669005847953217
YEDGVIFYL,B*40:01,0.66,0.92,0.6669005847953217
YEDGVIFYL,B*40:01,0.665,0.92,0.6669005847953217
YEDGVIFYL,B*40:01,0.67,0.92,0.6669005847953217
YEDGVIFYL,B*40:01,0.675,0.92,0.6669005847953217
YEDGVIFYL,B*40:01,0.68,0.92,0.6669005847953217
YEDGVIFYL,B*40:01,0.685,0.92,0.6669005847953217
YEDGVIFYL,B*40:01,0.6900000000000001,0.92,0.6669005847953217
YEDGVIFYL,B*40:01,0.6950000000000001,0.92,0.6669005847953217
YEDGVIFYL,B*40:01,0.7000000000000001,0.92,0.6669005847953217
YEDGVIFYL,B*40:01,0.705,0.92,0.6669005847953217
YEDGVIFYL,B*40:01,0.71,0.92,0.6669005847953217
YEDGVIFYL,B*40:01,0.715,0.92,0.6669005847953217
YEDGVIFYL,B*40:01,0.72,0.92,0.6669005847953217
YEDGVIFYL,B*40:01,0.725,0.92,0.6669005847953217
YEDGVIFYL,B*40:01,0.73,0.92,0.6669005847953217
YEDGVIFYL,B*40:01,0.735,0.92,0.6669005847953217
YEDGVIFYL,B*40:01,0.74,0.94,0.6669005847953217
YEDGVIFYL,B*40:01,0.745,0.96,0.6669005847953217
YEDGVIFYL,B*40:01,0.75,0.98,0.6669005847953217
YEDGVIFYL,B*40:01,0.755,0.98,0.6669005847953217
YEDGVIFYL,B*40:01,0.76,0.98,0.6669005847953217
YEDGVIFYL,B*40:01,0.765,0.98,0.6669005847953217
YEDGVIFYL,B*40:01,0.77,0.98,0.6669005847953217
YEDGVIFYL,B*40:01,0.775,0.98,0.6669005847953217
YEDGVIFYL,B*40:01,0.78,0.98,0.6669005847953217
YEDGVIFYL,B*40:01,0.785,0.98,0.6669005847953217
YEDGVIFYL,B*40:01,0.79,0.98,0.6669005847953217
YEDGVIFYL,B*40:01,0.795,0.98,0.6669005847953217
YEDGVIFYL,B*40:01,0.8,0.98,0.6669005847953217
YEDGVIFYL,B*40:01,0.805,0.98,0.6669005847953217
YEDGVIFYL,B*40:01,0.81,0.98,0.6669005847953217
YEDGVIFYL,B*40:01,0.8150000000000001,0.98,0.6669005847953217
YEDGVIFYL,B*40:01,0.8200000000000001,0.98,0.6669005847953217
YEDGVIFYL,B*40:01,0.8250000000000001,0.98,0.6669005847953217
YEDGVIFYL,B*40:01,0.8300000000000001,0.98,0.6669005847953217
YEDGVIFYL,B*40:01,0.835,0.98,0.6669005847953217
YEDGVIFYL,B*40:01,0.84,0.98,0.6669005847953217
YEDGVIFYL,B*40:01,0.845,0.98,0.6669005847953217
YEDGVIFYL,B*40:01,0.85,0.98,0.6669005847953217
YEDGVIFYL,B*40:01,0.855,0.98,0.6669005847953217
YEDGVIFYL,B*40:01,0.86,0.98,0.6669005847953217
YEDGVIFYL,B*40:01,0.865,0.98,0.6669005847953217
YEDGVIFYL,B*40:01,0.87,0.98,0.6669005847953217
YEDGVIFYL,B*40:01,0.875,0.98,0.6669005847953217
YEDGVIFYL,B*40:01,0.88,0.98,0.6669005847953217
YEDGVIFYL,B*40:01,0.885,0.98,0.6669005847953217
YEDGVIFYL,B*40:01,0.89,0.98,0.6669005847953217
YEDGVIFYL,B*40:01,0.895,0.98,0.6669005847953217
YEDGVIFYL,B*40:01,0.9,0.98,0.6669005847953217
YEDGVIFYL,B*40:01,0.905,0.98,0.6669005847953217
YEDGVIFYL,B*40:01,0.91,0.98,0.6669005847953217
YEDGVIFYL,B*40:01,0.915,0.98,0.6669005847953217
YEDGVIFYL,B*40:01,0.92,0.98,0.6669005847953217
YEDGVIFYL,B*40:01,0.925,0.98,0.6669005847953217
YEDGVIFYL,B*40:01,0.93,0.98,0.6669005847953217
YEDGVIFYL,B*40:01,0.935,0.98,0.6669005847953217
YEDGVIFYL,B*40:01,0.9400000000000001,1.0,0.6669005847953217
YEDGVIFYL,B*40:01,0.9450000000000001,1.0,0.6669005847953217
YEDGVIFYL,B*40:01,0.9500000000000001,1.0,0.6669005847953217
YEDGVIFYL,B*40:01,0.9550000000000001,1.0,0.6669005847953217
YEDGVIFYL,B*40:01,0.96,1.0,0.6669005847953217
YEDGVIFYL,B*40:01,0.965,1.0,0.6669005847953217
YEDGVIFYL,B*40:01,0.97,1.0,0.6669005847953217
YEDGVIFYL,B*40:01,0.975,1.0,0.6669005847953217
YEDGVIFYL,B*40:01,0.98,1.0,0.6669005847953217
YEDGVIFYL,B*40:01,0.985,1.0,0.6669005847953217
YEDGVIFYL,B*40:01,0.99,1.0,0.6669005847953217
YEDGVIFYL,B*40:01,0.995,1.0,0.6669005847953217
YEDGVIFYL,B*40:01,1.0,1.0,0.6669005847953217
YENGSTPVL,B*40:01,0.0,0.0,0.6044444444444445
YENGSTPVL,B*40:01,0.005,0.04,0.6044444444444445
YENGSTPVL,B*40:01,0.01,0.06,0.6044444444444445
YENGSTPVL,B*40:01,0.015,0.06,0.6044444444444445
YENGSTPVL,B*40:01,0.02,0.08,0.6044444444444445
YENGSTPVL,B*40:01,0.025,0.18,0.6044444444444445
YENGSTPVL,B*40:01,0.03,0.2,0.6044444444444445
YENGSTPVL,B*40:01,0.035,0.2,0.6044444444444445
YENGSTPVL,B*40:01,0.04,0.22,0.6044444444444445
YENGSTPVL,B*40:01,0.045,0.22,0.6044444444444445
YENGSTPVL,B*40:01,0.05,0.3,0.6044444444444445
YENGSTPVL,B*40:01,0.055,0.3,0.6044444444444445
YENGSTPVL,B*40:01,0.06,0.3,0.6044444444444445
YENGSTPVL,B*40:01,0.065,0.3,0.6044444444444445
YENGSTPVL,B*40:01,0.07,0.32,0.6044444444444445
YENGSTPVL,B*40:01,0.075,0.36,0.6044444444444445
YENGSTPVL,B*40:01,0.08,0.38,0.6044444444444445
YENGSTPVL,B*40:01,0.085,0.42,0.6044444444444445
YENGSTPVL,B*40:01,0.09,0.42,0.6044444444444445
YENGSTPVL,B*40:01,0.095,0.42,0.6044444444444445
YENGSTPVL,B*40:01,0.1,0.42,0.6044444444444445
YENGSTPVL,B*40:01,0.105,0.42,0.6044444444444445
YENGSTPVL,B*40:01,0.11,0.42,0.6044444444444445
YENGSTPVL,B*40:01,0.115,0.44,0.6044444444444445
YENGSTPVL,B*40:01,0.12,0.46,0.6044444444444445
YENGSTPVL,B*40:01,0.125,0.46,0.6044444444444445
YENGSTPVL,B*40:01,0.13,0.46,0.6044444444444445
YENGSTPVL,B*40:01,0.135,0.46,0.6044444444444445
YENGSTPVL,B*40:01,0.14,0.46,0.6044444444444445
YENGSTPVL,B*40:01,0.145,0.46,0.6044444444444445
YENGSTPVL,B*40:01,0.15,0.46,0.6044444444444445
YENGSTPVL,B*40:01,0.155,0.46,0.6044444444444445
YENGSTPVL,B*40:01,0.16,0.46,0.6044444444444445
YENGSTPVL,B*40:01,0.165,0.46,0.6044444444444445
YENGSTPVL,B*40:01,0.17,0.48,0.6044444444444445
YENGSTPVL,B*40:01,0.17500000000000002,0.48,0.6044444444444445
YENGSTPVL,B*40:01,0.18,0.48,0.6044444444444445
YENGSTPVL,B*40:01,0.185,0.48,0.6044444444444445
YENGSTPVL,B*40:01,0.19,0.5,0.6044444444444445
YENGSTPVL,B*40:01,0.195,0.5,0.6044444444444445
YENGSTPVL,B*40:01,0.2,0.5,0.6044444444444445
YENGSTPVL,B*40:01,0.20500000000000002,0.5,0.6044444444444445
YENGSTPVL,B*40:01,0.21,0.52,0.6044444444444445
YENGSTPVL,B*40:01,0.215,0.52,0.6044444444444445
YENGSTPVL,B*40:01,0.22,0.54,0.6044444444444445
YENGSTPVL,B*40:01,0.225,0.54,0.6044444444444445
YENGSTPVL,B*40:01,0.23,0.54,0.6044444444444445
YENGSTPVL,B*40:01,0.23500000000000001,0.54,0.6044444444444445
YENGSTPVL,B*40:01,0.24,0.54,0.6044444444444445
YENGSTPVL,B*40:01,0.245,0.56,0.6044444444444445
YENGSTPVL,B*40:01,0.25,0.56,0.6044444444444445
YENGSTPVL,B*40:01,0.255,0.56,0.6044444444444445
YENGSTPVL,B*40:01,0.26,0.58,0.6044444444444445
YENGSTPVL,B*40:01,0.265,0.58,0.6044444444444445
YENGSTPVL,B*40:01,0.27,0.58,0.6044444444444445
YENGSTPVL,B*40:01,0.275,0.58,0.6044444444444445
YENGSTPVL,B*40:01,0.28,0.58,0.6044444444444445
YENGSTPVL,B*40:01,0.28500000000000003,0.58,0.6044444444444445
YENGSTPVL,B*40:01,0.29,0.58,0.6044444444444445
YENGSTPVL,B*40:01,0.295,0.58,0.6044444444444445
YENGSTPVL,B*40:01,0.3,0.58,0.6044444444444445
YENGSTPVL,B*40:01,0.305,0.58,0.6044444444444445
YENGSTPVL,B*40:01,0.31,0.6,0.6044444444444445
YENGSTPVL,B*40:01,0.315,0.62,0.6044444444444445
YENGSTPVL,B*40:01,0.32,0.64,0.6044444444444445
YENGSTPVL,B*40:01,0.325,0.64,0.6044444444444445
YENGSTPVL,B*40:01,0.33,0.64,0.6044444444444445
YENGSTPVL,B*40:01,0.335,0.64,0.6044444444444445
YENGSTPVL,B*40:01,0.34,0.64,0.6044444444444445
YENGSTPVL,B*40:01,0.34500000000000003,0.64,0.6044444444444445
YENGSTPVL,B*40:01,0.35000000000000003,0.64,0.6044444444444445
YENGSTPVL,B*40:01,0.355,0.64,0.6044444444444445
YENGSTPVL,B*40:01,0.36,0.64,0.6044444444444445
YENGSTPVL,B*40:01,0.365,0.64,0.6044444444444445
YENGSTPVL,B*40:01,0.37,0.64,0.6044444444444445
YENGSTPVL,B*40:01,0.375,0.64,0.6044444444444445
YENGSTPVL,B*40:01,0.38,0.66,0.6044444444444445
YENGSTPVL,B*40:01,0.385,0.66,0.6044444444444445
YENGSTPVL,B*40:01,0.39,0.68,0.6044444444444445
YENGSTPVL,B*40:01,0.395,0.68,0.6044444444444445
YENGSTPVL,B*40:01,0.4,0.68,0.6044444444444445
YENGSTPVL,B*40:01,0.405,0.68,0.6044444444444445
YENGSTPVL,B*40:01,0.41000000000000003,0.68,0.6044444444444445
YENGSTPVL,B*40:01,0.41500000000000004,0.68,0.6044444444444445
YENGSTPVL,B*40:01,0.42,0.7,0.6044444444444445
YENGSTPVL,B*40:01,0.425,0.7,0.6044444444444445
YENGSTPVL,B*40:01,0.43,0.7,0.6044444444444445
YENGSTPVL,B*40:01,0.435,0.72,0.6044444444444445
YENGSTPVL,B*40:01,0.44,0.72,0.6044444444444445
YENGSTPVL,B*40:01,0.445,0.74,0.6044444444444445
YENGSTPVL,B*40:01,0.45,0.74,0.6044444444444445
YENGSTPVL,B*40:01,0.455,0.76,0.6044444444444445
YENGSTPVL,B*40:01,0.46,0.76,0.6044444444444445
YENGSTPVL,B*40:01,0.465,0.76,0.6044444444444445
YENGSTPVL,B*40:01,0.47000000000000003,0.76,0.6044444444444445
YENGSTPVL,B*40:01,0.47500000000000003,0.76,0.6044444444444445
YENGSTPVL,B*40:01,0.48,0.76,0.6044444444444445
YENGSTPVL,B*40:01,0.485,0.76,0.6044444444444445
YENGSTPVL,B*40:01,0.49,0.78,0.6044444444444445
YENGSTPVL,B*40:01,0.495,0.78,0.6044444444444445
YENGSTPVL,B*40:01,0.5,0.78,0.6044444444444445
YENGSTPVL,B*40:01,0.505,0.78,0.6044444444444445
YENGSTPVL,B*40:01,0.51,0.78,0.6044444444444445
YENGSTPVL,B*40:01,0.515,0.78,0.6044444444444445
YENGSTPVL,B*40:01,0.52,0.78,0.6044444444444445
YENGSTPVL,B*40:01,0.525,0.78,0.6044444444444445
YENGSTPVL,B*40:01,0.53,0.78,0.6044444444444445
YENGSTPVL,B*40:01,0.535,0.78,0.6044444444444445
YENGSTPVL,B*40:01,0.54,0.78,0.6044444444444445
YENGSTPVL,B*40:01,0.545,0.78,0.6044444444444445
YENGSTPVL,B*40:01,0.55,0.78,0.6044444444444445
YENGSTPVL,B*40:01,0.555,0.78,0.6044444444444445
YENGSTPVL,B*40:01,0.56,0.78,0.6044444444444445
YENGSTPVL,B*40:01,0.5650000000000001,0.78,0.6044444444444445
YENGSTPVL,B*40:01,0.5700000000000001,0.78,0.6044444444444445
YENGSTPVL,B*40:01,0.5750000000000001,0.78,0.6044444444444445
YENGSTPVL,B*40:01,0.58,0.78,0.6044444444444445
YENGSTPVL,B*40:01,0.585,0.78,0.6044444444444445
YENGSTPVL,B*40:01,0.59,0.78,0.6044444444444445
YENGSTPVL,B*40:01,0.595,0.78,0.6044444444444445
YENGSTPVL,B*40:01,0.6,0.8,0.6044444444444445
YENGSTPVL,B*40:01,0.605,0.8,0.6044444444444445
YENGSTPVL,B*40:01,0.61,0.8,0.6044444444444445
YENGSTPVL,B*40:01,0.615,0.8,0.6044444444444445
YENGSTPVL,B*40:01,0.62,0.8,0.6044444444444445
YENGSTPVL,B*40:01,0.625,0.84,0.6044444444444445
YENGSTPVL,B*40:01,0.63,0.84,0.6044444444444445
YENGSTPVL,B*40:01,0.635,0.84,0.6044444444444445
YENGSTPVL,B*40:01,0.64,0.84,0.6044444444444445
YENGSTPVL,B*40:01,0.645,0.84,0.6044444444444445
YENGSTPVL,B*40:01,0.65,0.84,0.6044444444444445
YENGSTPVL,B*40:01,0.655,0.84,0.6044444444444445
YENGSTPVL,B*40:01,0.66,0.84,0.6044444444444445
YENGSTPVL,B*40:01,0.665,0.84,0.6044444444444445
YENGSTPVL,B*40:01,0.67,0.84,0.6044444444444445
YENGSTPVL,B*40:01,0.675,0.84,0.6044444444444445
YENGSTPVL,B*40:01,0.68,0.84,0.6044444444444445
YENGSTPVL,B*40:01,0.685,0.84,0.6044444444444445
YENGSTPVL,B*40:01,0.6900000000000001,0.84,0.6044444444444445
YENGSTPVL,B*40:01,0.6950000000000001,0.84,0.6044444444444445
YENGSTPVL,B*40:01,0.7000000000000001,0.84,0.6044444444444445
YENGSTPVL,B*40:01,0.705,0.84,0.6044444444444445
YENGSTPVL,B*40:01,0.71,0.84,0.6044444444444445
YENGSTPVL,B*40:01,0.715,0.84,0.6044444444444445
YENGSTPVL,B*40:01,0.72,0.84,0.6044444444444445
YENGSTPVL,B*40:01,0.725,0.84,0.6044444444444445
YENGSTPVL,B*40:01,0.73,0.84,0.6044444444444445
YENGSTPVL,B*40:01,0.735,0.84,0.6044444444444445
YENGSTPVL,B*40:01,0.74,0.84,0.6044444444444445
YENGSTPVL,B*40:01,0.745,0.84,0.6044444444444445
YENGSTPVL,B*40:01,0.75,0.86,0.6044444444444445
YENGSTPVL,B*40:01,0.755,0.86,0.6044444444444445
YENGSTPVL,B*40:01,0.76,0.86,0.6044444444444445
YENGSTPVL,B*40:01,0.765,0.86,0.6044444444444445
YENGSTPVL,B*40:01,0.77,0.86,0.6044444444444445
YENGSTPVL,B*40:01,0.775,0.88,0.6044444444444445
YENGSTPVL,B*40:01,0.78,0.9,0.6044444444444445
YENGSTPVL,B*40:01,0.785,0.9,0.6044444444444445
YENGSTPVL,B*40:01,0.79,0.9,0.6044444444444445
YENGSTPVL,B*40:01,0.795,0.9,0.6044444444444445
YENGSTPVL,B*40:01,0.8,0.9,0.6044444444444445
YENGSTPVL,B*40:01,0.805,0.9,0.6044444444444445
YENGSTPVL,B*40:01,0.81,0.92,0.6044444444444445
YENGSTPVL,B*40:01,0.8150000000000001,0.92,0.6044444444444445
YENGSTPVL,B*40:01,0.8200000000000001,0.92,0.6044444444444445
YENGSTPVL,B*40:01,0.8250000000000001,0.92,0.6044444444444445
YENGSTPVL,B*40:01,0.8300000000000001,0.92,0.6044444444444445
YENGSTPVL,B*40:01,0.835,0.92,0.6044444444444445
YENGSTPVL,B*40:01,0.84,0.92,0.6044444444444445
YENGSTPVL,B*40:01,0.845,0.94,0.6044444444444445
YENGSTPVL,B*40:01,0.85,0.94,0.6044444444444445
YENGSTPVL,B*40:01,0.855,0.94,0.6044444444444445
YENGSTPVL,B*40:01,0.86,0.94,0.6044444444444445
YENGSTPVL,B*40:01,0.865,0.94,0.6044444444444445
YENGSTPVL,B*40:01,0.87,0.94,0.6044444444444445
YENGSTPVL,B*40:01,0.875,0.94,0.6044444444444445
YENGSTPVL,B*40:01,0.88,0.94,0.6044444444444445
YENGSTPVL,B*40:01,0.885,0.94,0.6044444444444445
YENGSTPVL,B*40:01,0.89,0.98,0.6044444444444445
YENGSTPVL,B*40:01,0.895,0.98,0.6044444444444445
YENGSTPVL,B*40:01,0.9,0.98,0.6044444444444445
YENGSTPVL,B*40:01,0.905,0.98,0.6044444444444445
YENGSTPVL,B*40:01,0.91,0.98,0.6044444444444445
YENGSTPVL,B*40:01,0.915,0.98,0.6044444444444445
YENGSTPVL,B*40:01,0.92,0.98,0.6044444444444445
YENGSTPVL,B*40:01,0.925,0.98,0.6044444444444445
YENGSTPVL,B*40:01,0.93,0.98,0.6044444444444445
YENGSTPVL,B*40:01,0.935,0.98,0.6044444444444445
YENGSTPVL,B*40:01,0.9400000000000001,0.98,0.6044444444444445
YENGSTPVL,B*40:01,0.9450000000000001,0.98,0.6044444444444445
YENGSTPVL,B*40:01,0.9500000000000001,0.98,0.6044444444444445
YENGSTPVL,B*40:01,0.9550000000000001,0.98,0.6044444444444445
YENGSTPVL,B*40:01,0.96,0.98,0.6044444444444445
YENGSTPVL,B*40:01,0.965,0.98,0.6044444444444445
YENGSTPVL,B*40:01,0.97,0.98,0.6044444444444445
YENGSTPVL,B*40:01,0.975,0.98,0.6044444444444445
YENGSTPVL,B*40:01,0.98,0.98,0.6044444444444445
YENGSTPVL,B*40:01,0.985,0.98,0.6044444444444445
YENGSTPVL,B*40:01,0.99,0.98,0.6044444444444445
YENGSTPVL,B*40:01,0.995,1.0,0.6044444444444445
YENGSTPVL,B*40:01,1.0,1.0,0.6044444444444445
YESYIPGAL,B*40:01,0.0,0.0,0.5723976608187135
YESYIPGAL,B*40:01,0.005,0.0,0.5723976608187135
YESYIPGAL,B*40:01,0.01,0.0,0.5723976608187135
YESYIPGAL,B*40:01,0.015,0.04,0.5723976608187135
YESYIPGAL,B*40:01,0.02,0.06,0.5723976608187135
YESYIPGAL,B*40:01,0.025,0.06,0.5723976608187135
YESYIPGAL,B*40:01,0.03,0.1,0.5723976608187135
YESYIPGAL,B*40:01,0.035,0.12,0.5723976608187135
YESYIPGAL,B*40:01,0.04,0.14,0.5723976608187135
YESYIPGAL,B*40:01,0.045,0.16,0.5723976608187135
YESYIPGAL,B*40:01,0.05,0.2,0.5723976608187135
YESYIPGAL,B*40:01,0.055,0.24,0.5723976608187135
YESYIPGAL,B*40:01,0.06,0.26,0.5723976608187135
YESYIPGAL,B*40:01,0.065,0.26,0.5723976608187135
YESYIPGAL,B*40:01,0.07,0.3,0.5723976608187135
YESYIPGAL,B*40:01,0.075,0.32,0.5723976608187135
YESYIPGAL,B*40:01,0.08,0.32,0.5723976608187135
YESYIPGAL,B*40:01,0.085,0.32,0.5723976608187135
YESYIPGAL,B*40:01,0.09,0.32,0.5723976608187135
YESYIPGAL,B*40:01,0.095,0.34,0.5723976608187135
YESYIPGAL,B*40:01,0.1,0.34,0.5723976608187135
YESYIPGAL,B*40:01,0.105,0.34,0.5723976608187135
YESYIPGAL,B*40:01,0.11,0.36,0.5723976608187135
YESYIPGAL,B*40:01,0.115,0.36,0.5723976608187135
YESYIPGAL,B*40:01,0.12,0.36,0.5723976608187135
YESYIPGAL,B*40:01,0.125,0.36,0.5723976608187135
YESYIPGAL,B*40:01,0.13,0.36,0.5723976608187135
YESYIPGAL,B*40:01,0.135,0.36,0.5723976608187135
YESYIPGAL,B*40:01,0.14,0.36,0.5723976608187135
YESYIPGAL,B*40:01,0.145,0.36,0.5723976608187135
YESYIPGAL,B*40:01,0.15,0.36,0.5723976608187135
YESYIPGAL,B*40:01,0.155,0.36,0.5723976608187135
YESYIPGAL,B*40:01,0.16,0.38,0.5723976608187135
YESYIPGAL,B*40:01,0.165,0.38,0.5723976608187135
YESYIPGAL,B*40:01,0.17,0.38,0.5723976608187135
YESYIPGAL,B*40:01,0.17500000000000002,0.38,0.5723976608187135
YESYIPGAL,B*40:01,0.18,0.42,0.5723976608187135
YESYIPGAL,B*40:01,0.185,0.44,0.5723976608187135
YESYIPGAL,B*40:01,0.19,0.46,0.5723976608187135
YESYIPGAL,B*40:01,0.195,0.46,0.5723976608187135
YESYIPGAL,B*40:01,0.2,0.46,0.5723976608187135
YESYIPGAL,B*40:01,0.20500000000000002,0.48,0.5723976608187135
YESYIPGAL,B*40:01,0.21,0.48,0.5723976608187135
YESYIPGAL,B*40:01,0.215,0.54,0.5723976608187135
YESYIPGAL,B*40:01,0.22,0.54,0.5723976608187135
YESYIPGAL,B*40:01,0.225,0.54,0.5723976608187135
YESYIPGAL,B*40:01,0.23,0.54,0.5723976608187135
YESYIPGAL,B*40:01,0.23500000000000001,0.54,0.5723976608187135
YESYIPGAL,B*40:01,0.24,0.54,0.5723976608187135
YESYIPGAL,B*40:01,0.245,0.54,0.5723976608187135
YESYIPGAL,B*40:01,0.25,0.54,0.5723976608187135
YESYIPGAL,B*40:01,0.255,0.54,0.5723976608187135
YESYIPGAL,B*40:01,0.26,0.54,0.5723976608187135
YESYIPGAL,B*40:01,0.265,0.54,0.5723976608187135
YESYIPGAL,B*40:01,0.27,0.54,0.5723976608187135
YESYIPGAL,B*40:01,0.275,0.54,0.5723976608187135
YESYIPGAL,B*40:01,0.28,0.54,0.5723976608187135
YESYIPGAL,B*40:01,0.28500000000000003,0.56,0.5723976608187135
YESYIPGAL,B*40:01,0.29,0.56,0.5723976608187135
YESYIPGAL,B*40:01,0.295,0.56,0.5723976608187135
YESYIPGAL,B*40:01,0.3,0.56,0.5723976608187135
YESYIPGAL,B*40:01,0.305,0.56,0.5723976608187135
YESYIPGAL,B*40:01,0.31,0.56,0.5723976608187135
YESYIPGAL,B*40:01,0.315,0.56,0.5723976608187135
YESYIPGAL,B*40:01,0.32,0.58,0.5723976608187135
YESYIPGAL,B*40:01,0.325,0.58,0.5723976608187135
YESYIPGAL,B*40:01,0.33,0.58,0.5723976608187135
YESYIPGAL,B*40:01,0.335,0.58,0.5723976608187135
YESYIPGAL,B*40:01,0.34,0.6,0.5723976608187135
YESYIPGAL,B*40:01,0.34500000000000003,0.6,0.5723976608187135
YESYIPGAL,B*40:01,0.35000000000000003,0.62,0.5723976608187135
YESYIPGAL,B*40:01,0.355,0.62,0.5723976608187135
YESYIPGAL,B*40:01,0.36,0.64,0.5723976608187135
YESYIPGAL,B*40:01,0.365,0.64,0.5723976608187135
YESYIPGAL,B*40:01,0.37,0.64,0.5723976608187135
YESYIPGAL,B*40:01,0.375,0.64,0.5723976608187135
YESYIPGAL,B*40:01,0.38,0.64,0.5723976608187135
YESYIPGAL,B*40:01,0.385,0.64,0.5723976608187135
YESYIPGAL,B*40:01,0.39,0.64,0.5723976608187135
YESYIPGAL,B*40:01,0.395,0.66,0.5723976608187135
YESYIPGAL,B*40:01,0.4,0.66,0.5723976608187135
YESYIPGAL,B*40:01,0.405,0.68,0.5723976608187135
YESYIPGAL,B*40:01,0.41000000000000003,0.68,0.5723976608187135
YESYIPGAL,B*40:01,0.41500000000000004,0.68,0.5723976608187135
YESYIPGAL,B*40:01,0.42,0.68,0.5723976608187135
YESYIPGAL,B*40:01,0.425,0.68,0.5723976608187135
YESYIPGAL,B*40:01,0.43,0.68,0.5723976608187135
YESYIPGAL,B*40:01,0.435,0.68,0.5723976608187135
YESYIPGAL,B*40:01,0.44,0.68,0.5723976608187135
YESYIPGAL,B*40:01,0.445,0.68,0.5723976608187135
YESYIPGAL,B*40:01,0.45,0.68,0.5723976608187135
YESYIPGAL,B*40:01,0.455,0.68,0.5723976608187135
YESYIPGAL,B*40:01,0.46,0.68,0.5723976608187135
YESYIPGAL,B*40:01,0.465,0.68,0.5723976608187135
YESYIPGAL,B*40:01,0.47000000000000003,0.68,0.5723976608187135
YESYIPGAL,B*40:01,0.47500000000000003,0.68,0.5723976608187135
YESYIPGAL,B*40:01,0.48,0.68,0.5723976608187135
YESYIPGAL,B*40:01,0.485,0.68,0.5723976608187135
YESYIPGAL,B*40:01,0.49,0.68,0.5723976608187135
YESYIPGAL,B*40:01,0.495,0.68,0.5723976608187135
YESYIPGAL,B*40:01,0.5,0.7,0.5723976608187135
YESYIPGAL,B*40:01,0.505,0.72,0.5723976608187135
YESYIPGAL,B*40:01,0.51,0.72,0.5723976608187135
YESYIPGAL,B*40:01,0.515,0.74,0.5723976608187135
YESYIPGAL,B*40:01,0.52,0.74,0.5723976608187135
YESYIPGAL,B*40:01,0.525,0.74,0.5723976608187135
YESYIPGAL,B*40:01,0.53,0.74,0.5723976608187135
YESYIPGAL,B*40:01,0.535,0.74,0.5723976608187135
YESYIPGAL,B*40:01,0.54,0.76,0.5723976608187135
YESYIPGAL,B*40:01,0.545,0.76,0.5723976608187135
YESYIPGAL,B*40:01,0.55,0.76,0.5723976608187135
YESYIPGAL,B*40:01,0.555,0.76,0.5723976608187135
YESYIPGAL,B*40:01,0.56,0.76,0.5723976608187135
YESYIPGAL,B*40:01,0.5650000000000001,0.76,0.5723976608187135
YESYIPGAL,B*40:01,0.5700000000000001,0.76,0.5723976608187135
YESYIPGAL,B*40:01,0.5750000000000001,0.78,0.5723976608187135
YESYIPGAL,B*40:01,0.58,0.78,0.5723976608187135
YESYIPGAL,B*40:01,0.585,0.78,0.5723976608187135
YESYIPGAL,B*40:01,0.59,0.78,0.5723976608187135
YESYIPGAL,B*40:01,0.595,0.78,0.5723976608187135
YESYIPGAL,B*40:01,0.6,0.78,0.5723976608187135
YESYIPGAL,B*40:01,0.605,0.78,0.5723976608187135
YESYIPGAL,B*40:01,0.61,0.78,0.5723976608187135
YESYIPGAL,B*40:01,0.615,0.78,0.5723976608187135
YESYIPGAL,B*40:01,0.62,0.78,0.5723976608187135
YESYIPGAL,B*40:01,0.625,0.78,0.5723976608187135
YESYIPGAL,B*40:01,0.63,0.78,0.5723976608187135
YESYIPGAL,B*40:01,0.635,0.78,0.5723976608187135
YESYIPGAL,B*40:01,0.64,0.8,0.5723976608187135
YESYIPGAL,B*40:01,0.645,0.8,0.5723976608187135
YESYIPGAL,B*40:01,0.65,0.8,0.5723976608187135
YESYIPGAL,B*40:01,0.655,0.8,0.5723976608187135
YESYIPGAL,B*40:01,0.66,0.8,0.5723976608187135
YESYIPGAL,B*40:01,0.665,0.8,0.5723976608187135
YESYIPGAL,B*40:01,0.67,0.8,0.5723976608187135
YESYIPGAL,B*40:01,0.675,0.8,0.5723976608187135
YESYIPGAL,B*40:01,0.68,0.84,0.5723976608187135
YESYIPGAL,B*40:01,0.685,0.84,0.5723976608187135
YESYIPGAL,B*40:01,0.6900000000000001,0.84,0.5723976608187135
YESYIPGAL,B*40:01,0.6950000000000001,0.84,0.5723976608187135
YESYIPGAL,B*40:01,0.7000000000000001,0.84,0.5723976608187135
YESYIPGAL,B*40:01,0.705,0.84,0.5723976608187135
YESYIPGAL,B*40:01,0.71,0.84,0.5723976608187135
YESYIPGAL,B*40:01,0.715,0.84,0.5723976608187135
YESYIPGAL,B*40:01,0.72,0.86,0.5723976608187135
YESYIPGAL,B*40:01,0.725,0.88,0.5723976608187135
YESYIPGAL,B*40:01,0.73,0.88,0.5723976608187135
YESYIPGAL,B*40:01,0.735,0.88,0.5723976608187135
YESYIPGAL,B*40:01,0.74,0.92,0.5723976608187135
YESYIPGAL,B*40:01,0.745,0.92,0.5723976608187135
YESYIPGAL,B*40:01,0.75,0.92,0.5723976608187135
YESYIPGAL,B*40:01,0.755,0.92,0.5723976608187135
YESYIPGAL,B*40:01,0.76,0.92,0.5723976608187135
YESYIPGAL,B*40:01,0.765,0.92,0.5723976608187135
YESYIPGAL,B*40:01,0.77,0.92,0.5723976608187135
YESYIPGAL,B*40:01,0.775,0.94,0.5723976608187135
YESYIPGAL,B*40:01,0.78,0.94,0.5723976608187135
YESYIPGAL,B*40:01,0.785,0.94,0.5723976608187135
YESYIPGAL,B*40:01,0.79,0.94,0.5723976608187135
YESYIPGAL,B*40:01,0.795,0.94,0.5723976608187135
YESYIPGAL,B*40:01,0.8,0.96,0.5723976608187135
YESYIPGAL,B*40:01,0.805,0.96,0.5723976608187135
YESYIPGAL,B*40:01,0.81,0.96,0.5723976608187135
YESYIPGAL,B*40:01,0.8150000000000001,0.96,0.5723976608187135
YESYIPGAL,B*40:01,0.8200000000000001,0.96,0.5723976608187135
YESYIPGAL,B*40:01,0.8250000000000001,0.98,0.5723976608187135
YESYIPGAL,B*40:01,0.8300000000000001,0.98,0.5723976608187135
YESYIPGAL,B*40:01,0.835,0.98,0.5723976608187135
YESYIPGAL,B*40:01,0.84,0.98,0.5723976608187135
YESYIPGAL,B*40:01,0.845,0.98,0.5723976608187135
YESYIPGAL,B*40:01,0.85,0.98,0.5723976608187135
YESYIPGAL,B*40:01,0.855,0.98,0.5723976608187135
YESYIPGAL,B*40:01,0.86,0.98,0.5723976608187135
YESYIPGAL,B*40:01,0.865,0.98,0.5723976608187135
YESYIPGAL,B*40:01,0.87,0.98,0.5723976608187135
YESYIPGAL,B*40:01,0.875,0.98,0.5723976608187135
YESYIPGAL,B*40:01,0.88,0.98,0.5723976608187135
YESYIPGAL,B*40:01,0.885,1.0,0.5723976608187135
YESYIPGAL,B*40:01,0.89,1.0,0.5723976608187135
YESYIPGAL,B*40:01,0.895,1.0,0.5723976608187135
YESYIPGAL,B*40:01,0.9,1.0,0.5723976608187135
YESYIPGAL,B*40:01,0.905,1.0,0.5723976608187135
YESYIPGAL,B*40:01,0.91,1.0,0.5723976608187135
YESYIPGAL,B*40:01,0.915,1.0,0.5723976608187135
YESYIPGAL,B*40:01,0.92,1.0,0.5723976608187135
YESYIPGAL,B*40:01,0.925,1.0,0.5723976608187135
YESYIPGAL,B*40:01,0.93,1.0,0.5723976608187135
YESYIPGAL,B*40:01,0.935,1.0,0.5723976608187135
YESYIPGAL,B*40:01,0.9400000000000001,1.0,0.5723976608187135
YESYIPGAL,B*40:01,0.9450000000000001,1.0,0.5723976608187135
YESYIPGAL,B*40:01,0.9500000000000001,1.0,0.5723976608187135
YESYIPGAL,B*40:01,0.9550000000000001,1.0,0.5723976608187135
YESYIPGAL,B*40:01,0.96,1.0,0.5723976608187135
YESYIPGAL,B*40:01,0.965,1.0,0.5723976608187135
YESYIPGAL,B*40:01,0.97,1.0,0.5723976608187135
YESYIPGAL,B*40:01,0.975,1.0,0.5723976608187135
YESYIPGAL,B*40:01,0.98,1.0,0.5723976608187135
YESYIPGAL,B*40:01,0.985,1.0,0.5723976608187135
YESYIPGAL,B*40:01,0.99,1.0,0.5723976608187135
YESYIPGAL,B*40:01,0.995,1.0,0.5723976608187135
YESYIPGAL,B*40:01,1.0,1.0,0.5723976608187135
YLFNADIWI,A*02:01,0.0,0.26,0.6886549707602339
YLFNADIWI,A*02:01,0.005,0.28,0.6886549707602339
YLFNADIWI,A*02:01,0.01,0.28,0.6886549707602339
YLFNADIWI,A*02:01,0.015,0.32,0.6886549707602339
YLFNADIWI,A*02:01,0.02,0.36,0.6886549707602339
YLFNADIWI,A*02:01,0.025,0.38,0.6886549707602339
YLFNADIWI,A*02:01,0.03,0.38,0.6886549707602339
YLFNADIWI,A*02:01,0.035,0.38,0.6886549707602339
YLFNADIWI,A*02:01,0.04,0.44,0.6886549707602339
YLFNADIWI,A*02:01,0.045,0.44,0.6886549707602339
YLFNADIWI,A*02:01,0.05,0.44,0.6886549707602339
YLFNADIWI,A*02:01,0.055,0.44,0.6886549707602339
YLFNADIWI,A*02:01,0.06,0.46,0.6886549707602339
YLFNADIWI,A*02:01,0.065,0.46,0.6886549707602339
YLFNADIWI,A*02:01,0.07,0.46,0.6886549707602339
YLFNADIWI,A*02:01,0.075,0.46,0.6886549707602339
YLFNADIWI,A*02:01,0.08,0.46,0.6886549707602339
YLFNADIWI,A*02:01,0.085,0.46,0.6886549707602339
YLFNADIWI,A*02:01,0.09,0.46,0.6886549707602339
YLFNADIWI,A*02:01,0.095,0.46,0.6886549707602339
YLFNADIWI,A*02:01,0.1,0.46,0.6886549707602339
YLFNADIWI,A*02:01,0.105,0.46,0.6886549707602339
YLFNADIWI,A*02:01,0.11,0.46,0.6886549707602339
YLFNADIWI,A*02:01,0.115,0.48,0.6886549707602339
YLFNADIWI,A*02:01,0.12,0.48,0.6886549707602339
YLFNADIWI,A*02:01,0.125,0.5,0.6886549707602339
YLFNADIWI,A*02:01,0.13,0.5,0.6886549707602339
YLFNADIWI,A*02:01,0.135,0.5,0.6886549707602339
YLFNADIWI,A*02:01,0.14,0.52,0.6886549707602339
YLFNADIWI,A*02:01,0.145,0.52,0.6886549707602339
YLFNADIWI,A*02:01,0.15,0.56,0.6886549707602339
YLFNADIWI,A*02:01,0.155,0.56,0.6886549707602339
YLFNADIWI,A*02:01,0.16,0.56,0.6886549707602339
YLFNADIWI,A*02:01,0.165,0.56,0.6886549707602339
YLFNADIWI,A*02:01,0.17,0.56,0.6886549707602339
YLFNADIWI,A*02:01,0.17500000000000002,0.56,0.6886549707602339
YLFNADIWI,A*02:01,0.18,0.56,0.6886549707602339
YLFNADIWI,A*02:01,0.185,0.56,0.6886549707602339
YLFNADIWI,A*02:01,0.19,0.56,0.6886549707602339
YLFNADIWI,A*02:01,0.195,0.56,0.6886549707602339
YLFNADIWI,A*02:01,0.2,0.56,0.6886549707602339
YLFNADIWI,A*02:01,0.20500000000000002,0.56,0.6886549707602339
YLFNADIWI,A*02:01,0.21,0.58,0.6886549707602339
YLFNADIWI,A*02:01,0.215,0.6,0.6886549707602339
YLFNADIWI,A*02:01,0.22,0.62,0.6886549707602339
YLFNADIWI,A*02:01,0.225,0.62,0.6886549707602339
YLFNADIWI,A*02:01,0.23,0.62,0.6886549707602339
YLFNADIWI,A*02:01,0.23500000000000001,0.62,0.6886549707602339
YLFNADIWI,A*02:01,0.24,0.62,0.6886549707602339
YLFNADIWI,A*02:01,0.245,0.62,0.6886549707602339
YLFNADIWI,A*02:01,0.25,0.62,0.6886549707602339
YLFNADIWI,A*02:01,0.255,0.64,0.6886549707602339
YLFNADIWI,A*02:01,0.26,0.64,0.6886549707602339
YLFNADIWI,A*02:01,0.265,0.66,0.6886549707602339
YLFNADIWI,A*02:01,0.27,0.66,0.6886549707602339
YLFNADIWI,A*02:01,0.275,0.66,0.6886549707602339
YLFNADIWI,A*02:01,0.28,0.66,0.6886549707602339
YLFNADIWI,A*02:01,0.28500000000000003,0.66,0.6886549707602339
YLFNADIWI,A*02:01,0.29,0.66,0.6886549707602339
YLFNADIWI,A*02:01,0.295,0.66,0.6886549707602339
YLFNADIWI,A*02:01,0.3,0.66,0.6886549707602339
YLFNADIWI,A*02:01,0.305,0.66,0.6886549707602339
YLFNADIWI,A*02:01,0.31,0.66,0.6886549707602339
YLFNADIWI,A*02:01,0.315,0.68,0.6886549707602339
YLFNADIWI,A*02:01,0.32,0.7,0.6886549707602339
YLFNADIWI,A*02:01,0.325,0.7,0.6886549707602339
YLFNADIWI,A*02:01,0.33,0.7,0.6886549707602339
YLFNADIWI,A*02:01,0.335,0.7,0.6886549707602339
YLFNADIWI,A*02:01,0.34,0.7,0.6886549707602339
YLFNADIWI,A*02:01,0.34500000000000003,0.7,0.6886549707602339
YLFNADIWI,A*02:01,0.35000000000000003,0.72,0.6886549707602339
YLFNADIWI,A*02:01,0.355,0.72,0.6886549707602339
YLFNADIWI,A*02:01,0.36,0.72,0.6886549707602339
YLFNADIWI,A*02:01,0.365,0.72,0.6886549707602339
YLFNADIWI,A*02:01,0.37,0.72,0.6886549707602339
YLFNADIWI,A*02:01,0.375,0.72,0.6886549707602339
YLFNADIWI,A*02:01,0.38,0.74,0.6886549707602339
YLFNADIWI,A*02:01,0.385,0.74,0.6886549707602339
YLFNADIWI,A*02:01,0.39,0.76,0.6886549707602339
YLFNADIWI,A*02:01,0.395,0.78,0.6886549707602339
YLFNADIWI,A*02:01,0.4,0.78,0.6886549707602339
YLFNADIWI,A*02:01,0.405,0.78,0.6886549707602339
YLFNADIWI,A*02:01,0.41000000000000003,0.78,0.6886549707602339
YLFNADIWI,A*02:01,0.41500000000000004,0.78,0.6886549707602339
YLFNADIWI,A*02:01,0.42,0.78,0.6886549707602339
YLFNADIWI,A*02:01,0.425,0.82,0.6886549707602339
YLFNADIWI,A*02:01,0.43,0.82,0.6886549707602339
YLFNADIWI,A*02:01,0.435,0.82,0.6886549707602339
YLFNADIWI,A*02:01,0.44,0.82,0.6886549707602339
YLFNADIWI,A*02:01,0.445,0.82,0.6886549707602339
YLFNADIWI,A*02:01,0.45,0.82,0.6886549707602339
YLFNADIWI,A*02:01,0.455,0.82,0.6886549707602339
YLFNADIWI,A*02:01,0.46,0.82,0.6886549707602339
YLFNADIWI,A*02:01,0.465,0.82,0.6886549707602339
YLFNADIWI,A*02:01,0.47000000000000003,0.82,0.6886549707602339
YLFNADIWI,A*02:01,0.47500000000000003,0.82,0.6886549707602339
YLFNADIWI,A*02:01,0.48,0.82,0.6886549707602339
YLFNADIWI,A*02:01,0.485,0.82,0.6886549707602339
YLFNADIWI,A*02:01,0.49,0.82,0.6886549707602339
YLFNADIWI,A*02:01,0.495,0.82,0.6886549707602339
YLFNADIWI,A*02:01,0.5,0.82,0.6886549707602339
YLFNADIWI,A*02:01,0.505,0.82,0.6886549707602339
YLFNADIWI,A*02:01,0.51,0.82,0.6886549707602339
YLFNADIWI,A*02:01,0.515,0.82,0.6886549707602339
YLFNADIWI,A*02:01,0.52,0.82,0.6886549707602339
YLFNADIWI,A*02:01,0.525,0.82,0.6886549707602339
YLFNADIWI,A*02:01,0.53,0.82,0.6886549707602339
YLFNADIWI,A*02:01,0.535,0.82,0.6886549707602339
YLFNADIWI,A*02:01,0.54,0.82,0.6886549707602339
YLFNADIWI,A*02:01,0.545,0.82,0.6886549707602339
YLFNADIWI,A*02:01,0.55,0.82,0.6886549707602339
YLFNADIWI,A*02:01,0.555,0.82,0.6886549707602339
YLFNADIWI,A*02:01,0.56,0.84,0.6886549707602339
YLFNADIWI,A*02:01,0.5650000000000001,0.84,0.6886549707602339
YLFNADIWI,A*02:01,0.5700000000000001,0.84,0.6886549707602339
YLFNADIWI,A*02:01,0.5750000000000001,0.84,0.6886549707602339
YLFNADIWI,A*02:01,0.58,0.84,0.6886549707602339
YLFNADIWI,A*02:01,0.585,0.84,0.6886549707602339
YLFNADIWI,A*02:01,0.59,0.86,0.6886549707602339
YLFNADIWI,A*02:01,0.595,0.86,0.6886549707602339
YLFNADIWI,A*02:01,0.6,0.86,0.6886549707602339
YLFNADIWI,A*02:01,0.605,0.88,0.6886549707602339
YLFNADIWI,A*02:01,0.61,0.88,0.6886549707602339
YLFNADIWI,A*02:01,0.615,0.88,0.6886549707602339
YLFNADIWI,A*02:01,0.62,0.88,0.6886549707602339
YLFNADIWI,A*02:01,0.625,0.88,0.6886549707602339
YLFNADIWI,A*02:01,0.63,0.88,0.6886549707602339
YLFNADIWI,A*02:01,0.635,0.88,0.6886549707602339
YLFNADIWI,A*02:01,0.64,0.88,0.6886549707602339
YLFNADIWI,A*02:01,0.645,0.88,0.6886549707602339
YLFNADIWI,A*02:01,0.65,0.88,0.6886549707602339
YLFNADIWI,A*02:01,0.655,0.88,0.6886549707602339
YLFNADIWI,A*02:01,0.66,0.88,0.6886549707602339
YLFNADIWI,A*02:01,0.665,0.88,0.6886549707602339
YLFNADIWI,A*02:01,0.67,0.88,0.6886549707602339
YLFNADIWI,A*02:01,0.675,0.88,0.6886549707602339
YLFNADIWI,A*02:01,0.68,0.88,0.6886549707602339
YLFNADIWI,A*02:01,0.685,0.88,0.6886549707602339
YLFNADIWI,A*02:01,0.6900000000000001,0.88,0.6886549707602339
YLFNADIWI,A*02:01,0.6950000000000001,0.88,0.6886549707602339
YLFNADIWI,A*02:01,0.7000000000000001,0.88,0.6886549707602339
YLFNADIWI,A*02:01,0.705,0.88,0.6886549707602339
YLFNADIWI,A*02:01,0.71,0.88,0.6886549707602339
YLFNADIWI,A*02:01,0.715,0.88,0.6886549707602339
YLFNADIWI,A*02:01,0.72,0.88,0.6886549707602339
YLFNADIWI,A*02:01,0.725,0.88,0.6886549707602339
YLFNADIWI,A*02:01,0.73,0.88,0.6886549707602339
YLFNADIWI,A*02:01,0.735,0.88,0.6886549707602339
YLFNADIWI,A*02:01,0.74,0.88,0.6886549707602339
YLFNADIWI,A*02:01,0.745,0.88,0.6886549707602339
YLFNADIWI,A*02:01,0.75,0.88,0.6886549707602339
YLFNADIWI,A*02:01,0.755,0.88,0.6886549707602339
YLFNADIWI,A*02:01,0.76,0.88,0.6886549707602339
YLFNADIWI,A*02:01,0.765,0.88,0.6886549707602339
YLFNADIWI,A*02:01,0.77,0.88,0.6886549707602339
YLFNADIWI,A*02:01,0.775,0.88,0.6886549707602339
YLFNADIWI,A*02:01,0.78,0.88,0.6886549707602339
YLFNADIWI,A*02:01,0.785,0.88,0.6886549707602339
YLFNADIWI,A*02:01,0.79,0.88,0.6886549707602339
YLFNADIWI,A*02:01,0.795,0.88,0.6886549707602339
YLFNADIWI,A*02:01,0.8,0.9,0.6886549707602339
YLFNADIWI,A*02:01,0.805,0.9,0.6886549707602339
YLFNADIWI,A*02:01,0.81,0.9,0.6886549707602339
YLFNADIWI,A*02:01,0.8150000000000001,0.9,0.6886549707602339
YLFNADIWI,A*02:01,0.8200000000000001,0.9,0.6886549707602339
YLFNADIWI,A*02:01,0.8250000000000001,0.9,0.6886549707602339
YLFNADIWI,A*02:01,0.8300000000000001,0.9,0.6886549707602339
YLFNADIWI,A*02:01,0.835,0.94,0.6886549707602339
YLFNADIWI,A*02:01,0.84,0.94,0.6886549707602339
YLFNADIWI,A*02:01,0.845,0.94,0.6886549707602339
YLFNADIWI,A*02:01,0.85,0.94,0.6886549707602339
YLFNADIWI,A*02:01,0.855,0.94,0.6886549707602339
YLFNADIWI,A*02:01,0.86,0.96,0.6886549707602339
YLFNADIWI,A*02:01,0.865,0.96,0.6886549707602339
YLFNADIWI,A*02:01,0.87,0.96,0.6886549707602339
YLFNADIWI,A*02:01,0.875,0.96,0.6886549707602339
YLFNADIWI,A*02:01,0.88,0.96,0.6886549707602339
YLFNADIWI,A*02:01,0.885,0.96,0.6886549707602339
YLFNADIWI,A*02:01,0.89,0.96,0.6886549707602339
YLFNADIWI,A*02:01,0.895,0.96,0.6886549707602339
YLFNADIWI,A*02:01,0.9,0.98,0.6886549707602339
YLFNADIWI,A*02:01,0.905,0.98,0.6886549707602339
YLFNADIWI,A*02:01,0.91,0.98,0.6886549707602339
YLFNADIWI,A*02:01,0.915,0.98,0.6886549707602339
YLFNADIWI,A*02:01,0.92,0.98,0.6886549707602339
YLFNADIWI,A*02:01,0.925,0.98,0.6886549707602339
YLFNADIWI,A*02:01,0.93,0.98,0.6886549707602339
YLFNADIWI,A*02:01,0.935,0.98,0.6886549707602339
YLFNADIWI,A*02:01,0.9400000000000001,1.0,0.6886549707602339
YLFNADIWI,A*02:01,0.9450000000000001,1.0,0.6886549707602339
YLFNADIWI,A*02:01,0.9500000000000001,1.0,0.6886549707602339
YLFNADIWI,A*02:01,0.9550000000000001,1.0,0.6886549707602339
YLFNADIWI,A*02:01,0.96,1.0,0.6886549707602339
YLFNADIWI,A*02:01,0.965,1.0,0.6886549707602339
YLFNADIWI,A*02:01,0.97,1.0,0.6886549707602339
YLFNADIWI,A*02:01,0.975,1.0,0.6886549707602339
YLFNADIWI,A*02:01,0.98,1.0,0.6886549707602339
YLFNADIWI,A*02:01,0.985,1.0,0.6886549707602339
YLFNADIWI,A*02:01,0.99,1.0,0.6886549707602339
YLFNADIWI,A*02:01,0.995,1.0,0.6886549707602339
YLFNADIWI,A*02:01,1.0,1.0,0.6886549707602339
YMFYDGYDV,A*02:01,0.0,0.0,0.5812865497076023
YMFYDGYDV,A*02:01,0.005,0.04,0.5812865497076023
YMFYDGYDV,A*02:01,0.01,0.06,0.5812865497076023
YMFYDGYDV,A*02:01,0.015,0.1,0.5812865497076023
YMFYDGYDV,A*02:01,0.02,0.1,0.5812865497076023
YMFYDGYDV,A*02:01,0.025,0.12,0.5812865497076023
YMFYDGYDV,A*02:01,0.03,0.14,0.5812865497076023
YMFYDGYDV,A*02:01,0.035,0.14,0.5812865497076023
YMFYDGYDV,A*02:01,0.04,0.14,0.5812865497076023
YMFYDGYDV,A*02:01,0.045,0.14,0.5812865497076023
YMFYDGYDV,A*02:01,0.05,0.16,0.5812865497076023
YMFYDGYDV,A*02:01,0.055,0.2,0.5812865497076023
YMFYDGYDV,A*02:01,0.06,0.26,0.5812865497076023
YMFYDGYDV,A*02:01,0.065,0.26,0.5812865497076023
YMFYDGYDV,A*02:01,0.07,0.3,0.5812865497076023
YMFYDGYDV,A*02:01,0.075,0.34,0.5812865497076023
YMFYDGYDV,A*02:01,0.08,0.34,0.5812865497076023
YMFYDGYDV,A*02:01,0.085,0.36,0.5812865497076023
YMFYDGYDV,A*02:01,0.09,0.36,0.5812865497076023
YMFYDGYDV,A*02:01,0.095,0.36,0.5812865497076023
YMFYDGYDV,A*02:01,0.1,0.36,0.5812865497076023
YMFYDGYDV,A*02:01,0.105,0.38,0.5812865497076023
YMFYDGYDV,A*02:01,0.11,0.38,0.5812865497076023
YMFYDGYDV,A*02:01,0.115,0.38,0.5812865497076023
YMFYDGYDV,A*02:01,0.12,0.4,0.5812865497076023
YMFYDGYDV,A*02:01,0.125,0.42,0.5812865497076023
YMFYDGYDV,A*02:01,0.13,0.42,0.5812865497076023
YMFYDGYDV,A*02:01,0.135,0.42,0.5812865497076023
YMFYDGYDV,A*02:01,0.14,0.42,0.5812865497076023
YMFYDGYDV,A*02:01,0.145,0.42,0.5812865497076023
YMFYDGYDV,A*02:01,0.15,0.42,0.5812865497076023
YMFYDGYDV,A*02:01,0.155,0.42,0.5812865497076023
YMFYDGYDV,A*02:01,0.16,0.42,0.5812865497076023
YMFYDGYDV,A*02:01,0.165,0.42,0.5812865497076023
YMFYDGYDV,A*02:01,0.17,0.42,0.5812865497076023
YMFYDGYDV,A*02:01,0.17500000000000002,0.42,0.5812865497076023
YMFYDGYDV,A*02:01,0.18,0.44,0.5812865497076023
YMFYDGYDV,A*02:01,0.185,0.46,0.5812865497076023
YMFYDGYDV,A*02:01,0.19,0.46,0.5812865497076023
YMFYDGYDV,A*02:01,0.195,0.46,0.5812865497076023
YMFYDGYDV,A*02:01,0.2,0.48,0.5812865497076023
YMFYDGYDV,A*02:01,0.20500000000000002,0.48,0.5812865497076023
YMFYDGYDV,A*02:01,0.21,0.48,0.5812865497076023
YMFYDGYDV,A*02:01,0.215,0.5,0.5812865497076023
YMFYDGYDV,A*02:01,0.22,0.5,0.5812865497076023
YMFYDGYDV,A*02:01,0.225,0.5,0.5812865497076023
YMFYDGYDV,A*02:01,0.23,0.5,0.5812865497076023
YMFYDGYDV,A*02:01,0.23500000000000001,0.5,0.5812865497076023
YMFYDGYDV,A*02:01,0.24,0.5,0.5812865497076023
YMFYDGYDV,A*02:01,0.245,0.52,0.5812865497076023
YMFYDGYDV,A*02:01,0.25,0.56,0.5812865497076023
YMFYDGYDV,A*02:01,0.255,0.58,0.5812865497076023
YMFYDGYDV,A*02:01,0.26,0.58,0.5812865497076023
YMFYDGYDV,A*02:01,0.265,0.6,0.5812865497076023
YMFYDGYDV,A*02:01,0.27,0.6,0.5812865497076023
YMFYDGYDV,A*02:01,0.275,0.6,0.5812865497076023
YMFYDGYDV,A*02:01,0.28,0.6,0.5812865497076023
YMFYDGYDV,A*02:01,0.28500000000000003,0.6,0.5812865497076023
YMFYDGYDV,A*02:01,0.29,0.6,0.5812865497076023
YMFYDGYDV,A*02:01,0.295,0.6,0.5812865497076023
YMFYDGYDV,A*02:01,0.3,0.62,0.5812865497076023
YMFYDGYDV,A*02:01,0.305,0.62,0.5812865497076023
YMFYDGYDV,A*02:01,0.31,0.62,0.5812865497076023
YMFYDGYDV,A*02:01,0.315,0.62,0.5812865497076023
YMFYDGYDV,A*02:01,0.32,0.62,0.5812865497076023
YMFYDGYDV,A*02:01,0.325,0.62,0.5812865497076023
YMFYDGYDV,A*02:01,0.33,0.62,0.5812865497076023
YMFYDGYDV,A*02:01,0.335,0.64,0.5812865497076023
YMFYDGYDV,A*02:01,0.34,0.66,0.5812865497076023
YMFYDGYDV,A*02:01,0.34500000000000003,0.66,0.5812865497076023
YMFYDGYDV,A*02:01,0.35000000000000003,0.66,0.5812865497076023
YMFYDGYDV,A*02:01,0.355,0.66,0.5812865497076023
YMFYDGYDV,A*02:01,0.36,0.7,0.5812865497076023
YMFYDGYDV,A*02:01,0.365,0.72,0.5812865497076023
YMFYDGYDV,A*02:01,0.37,0.72,0.5812865497076023
YMFYDGYDV,A*02:01,0.375,0.74,0.5812865497076023
YMFYDGYDV,A*02:01,0.38,0.74,0.5812865497076023
YMFYDGYDV,A*02:01,0.385,0.76,0.5812865497076023
YMFYDGYDV,A*02:01,0.39,0.8,0.5812865497076023
YMFYDGYDV,A*02:01,0.395,0.82,0.5812865497076023
YMFYDGYDV,A*02:01,0.4,0.82,0.5812865497076023
YMFYDGYDV,A*02:01,0.405,0.82,0.5812865497076023
YMFYDGYDV,A*02:01,0.41000000000000003,0.82,0.5812865497076023
YMFYDGYDV,A*02:01,0.41500000000000004,0.82,0.5812865497076023
YMFYDGYDV,A*02:01,0.42,0.82,0.5812865497076023
YMFYDGYDV,A*02:01,0.425,0.82,0.5812865497076023
YMFYDGYDV,A*02:01,0.43,0.82,0.5812865497076023
YMFYDGYDV,A*02:01,0.435,0.82,0.5812865497076023
YMFYDGYDV,A*02:01,0.44,0.82,0.5812865497076023
YMFYDGYDV,A*02:01,0.445,0.82,0.5812865497076023
YMFYDGYDV,A*02:01,0.45,0.82,0.5812865497076023
YMFYDGYDV,A*02:01,0.455,0.82,0.5812865497076023
YMFYDGYDV,A*02:01,0.46,0.82,0.5812865497076023
YMFYDGYDV,A*02:01,0.465,0.82,0.5812865497076023
YMFYDGYDV,A*02:01,0.47000000000000003,0.82,0.5812865497076023
YMFYDGYDV,A*02:01,0.47500000000000003,0.82,0.5812865497076023
YMFYDGYDV,A*02:01,0.48,0.82,0.5812865497076023
YMFYDGYDV,A*02:01,0.485,0.82,0.5812865497076023
YMFYDGYDV,A*02:01,0.49,0.82,0.5812865497076023
YMFYDGYDV,A*02:01,0.495,0.82,0.5812865497076023
YMFYDGYDV,A*02:01,0.5,0.82,0.5812865497076023
YMFYDGYDV,A*02:01,0.505,0.82,0.5812865497076023
YMFYDGYDV,A*02:01,0.51,0.86,0.5812865497076023
YMFYDGYDV,A*02:01,0.515,0.86,0.5812865497076023
YMFYDGYDV,A*02:01,0.52,0.86,0.5812865497076023
YMFYDGYDV,A*02:01,0.525,0.86,0.5812865497076023
YMFYDGYDV,A*02:01,0.53,0.86,0.5812865497076023
YMFYDGYDV,A*02:01,0.535,0.86,0.5812865497076023
YMFYDGYDV,A*02:01,0.54,0.86,0.5812865497076023
YMFYDGYDV,A*02:01,0.545,0.86,0.5812865497076023
YMFYDGYDV,A*02:01,0.55,0.88,0.5812865497076023
YMFYDGYDV,A*02:01,0.555,0.88,0.5812865497076023
YMFYDGYDV,A*02:01,0.56,0.9,0.5812865497076023
YMFYDGYDV,A*02:01,0.5650000000000001,0.92,0.5812865497076023
YMFYDGYDV,A*02:01,0.5700000000000001,0.92,0.5812865497076023
YMFYDGYDV,A*02:01,0.5750000000000001,0.92,0.5812865497076023
YMFYDGYDV,A*02:01,0.58,0.92,0.5812865497076023
YMFYDGYDV,A*02:01,0.585,0.92,0.5812865497076023
YMFYDGYDV,A*02:01,0.59,0.92,0.5812865497076023
YMFYDGYDV,A*02:01,0.595,0.92,0.5812865497076023
YMFYDGYDV,A*02:01,0.6,0.92,0.5812865497076023
YMFYDGYDV,A*02:01,0.605,0.92,0.5812865497076023
YMFYDGYDV,A*02:01,0.61,0.92,0.5812865497076023
YMFYDGYDV,A*02:01,0.615,0.92,0.5812865497076023
YMFYDGYDV,A*02:01,0.62,0.92,0.5812865497076023
YMFYDGYDV,A*02:01,0.625,0.94,0.5812865497076023
YMFYDGYDV,A*02:01,0.63,0.94,0.5812865497076023
YMFYDGYDV,A*02:01,0.635,0.94,0.5812865497076023
YMFYDGYDV,A*02:01,0.64,0.94,0.5812865497076023
YMFYDGYDV,A*02:01,0.645,0.94,0.5812865497076023
YMFYDGYDV,A*02:01,0.65,0.94,0.5812865497076023
YMFYDGYDV,A*02:01,0.655,0.94,0.5812865497076023
YMFYDGYDV,A*02:01,0.66,0.94,0.5812865497076023
YMFYDGYDV,A*02:01,0.665,0.94,0.5812865497076023
YMFYDGYDV,A*02:01,0.67,0.94,0.5812865497076023
YMFYDGYDV,A*02:01,0.675,0.94,0.5812865497076023
YMFYDGYDV,A*02:01,0.68,0.94,0.5812865497076023
YMFYDGYDV,A*02:01,0.685,0.94,0.5812865497076023
YMFYDGYDV,A*02:01,0.6900000000000001,0.94,0.5812865497076023
YMFYDGYDV,A*02:01,0.6950000000000001,0.94,0.5812865497076023
YMFYDGYDV,A*02:01,0.7000000000000001,0.94,0.5812865497076023
YMFYDGYDV,A*02:01,0.705,0.94,0.5812865497076023
YMFYDGYDV,A*02:01,0.71,0.94,0.5812865497076023
YMFYDGYDV,A*02:01,0.715,0.94,0.5812865497076023
YMFYDGYDV,A*02:01,0.72,0.94,0.5812865497076023
YMFYDGYDV,A*02:01,0.725,0.94,0.5812865497076023
YMFYDGYDV,A*02:01,0.73,0.96,0.5812865497076023
YMFYDGYDV,A*02:01,0.735,0.96,0.5812865497076023
YMFYDGYDV,A*02:01,0.74,0.96,0.5812865497076023
YMFYDGYDV,A*02:01,0.745,0.96,0.5812865497076023
YMFYDGYDV,A*02:01,0.75,0.96,0.5812865497076023
YMFYDGYDV,A*02:01,0.755,0.96,0.5812865497076023
YMFYDGYDV,A*02:01,0.76,0.98,0.5812865497076023
YMFYDGYDV,A*02:01,0.765,0.98,0.5812865497076023
YMFYDGYDV,A*02:01,0.77,0.98,0.5812865497076023
YMFYDGYDV,A*02:01,0.775,0.98,0.5812865497076023
YMFYDGYDV,A*02:01,0.78,0.98,0.5812865497076023
YMFYDGYDV,A*02:01,0.785,0.98,0.5812865497076023
YMFYDGYDV,A*02:01,0.79,0.98,0.5812865497076023
YMFYDGYDV,A*02:01,0.795,0.98,0.5812865497076023
YMFYDGYDV,A*02:01,0.8,0.98,0.5812865497076023
YMFYDGYDV,A*02:01,0.805,0.98,0.5812865497076023
YMFYDGYDV,A*02:01,0.81,0.98,0.5812865497076023
YMFYDGYDV,A*02:01,0.8150000000000001,0.98,0.5812865497076023
YMFYDGYDV,A*02:01,0.8200000000000001,0.98,0.5812865497076023
YMFYDGYDV,A*02:01,0.8250000000000001,0.98,0.5812865497076023
YMFYDGYDV,A*02:01,0.8300000000000001,0.98,0.5812865497076023
YMFYDGYDV,A*02:01,0.835,0.98,0.5812865497076023
YMFYDGYDV,A*02:01,0.84,0.98,0.5812865497076023
YMFYDGYDV,A*02:01,0.845,0.98,0.5812865497076023
YMFYDGYDV,A*02:01,0.85,0.98,0.5812865497076023
YMFYDGYDV,A*02:01,0.855,0.98,0.5812865497076023
YMFYDGYDV,A*02:01,0.86,0.98,0.5812865497076023
YMFYDGYDV,A*02:01,0.865,0.98,0.5812865497076023
YMFYDGYDV,A*02:01,0.87,0.98,0.5812865497076023
YMFYDGYDV,A*02:01,0.875,0.98,0.5812865497076023
YMFYDGYDV,A*02:01,0.88,1.0,0.5812865497076023
YMFYDGYDV,A*02:01,0.885,1.0,0.5812865497076023
YMFYDGYDV,A*02:01,0.89,1.0,0.5812865497076023
YMFYDGYDV,A*02:01,0.895,1.0,0.5812865497076023
YMFYDGYDV,A*02:01,0.9,1.0,0.5812865497076023
YMFYDGYDV,A*02:01,0.905,1.0,0.5812865497076023
YMFYDGYDV,A*02:01,0.91,1.0,0.5812865497076023
YMFYDGYDV,A*02:01,0.915,1.0,0.5812865497076023
YMFYDGYDV,A*02:01,0.92,1.0,0.5812865497076023
YMFYDGYDV,A*02:01,0.925,1.0,0.5812865497076023
YMFYDGYDV,A*02:01,0.93,1.0,0.5812865497076023
YMFYDGYDV,A*02:01,0.935,1.0,0.5812865497076023
YMFYDGYDV,A*02:01,0.9400000000000001,1.0,0.5812865497076023
YMFYDGYDV,A*02:01,0.9450000000000001,1.0,0.5812865497076023
YMFYDGYDV,A*02:01,0.9500000000000001,1.0,0.5812865497076023
YMFYDGYDV,A*02:01,0.9550000000000001,1.0,0.5812865497076023
YMFYDGYDV,A*02:01,0.96,1.0,0.5812865497076023
YMFYDGYDV,A*02:01,0.965,1.0,0.5812865497076023
YMFYDGYDV,A*02:01,0.97,1.0,0.5812865497076023
YMFYDGYDV,A*02:01,0.975,1.0,0.5812865497076023
YMFYDGYDV,A*02:01,0.98,1.0,0.5812865497076023
YMFYDGYDV,A*02:01,0.985,1.0,0.5812865497076023
YMFYDGYDV,A*02:01,0.99,1.0,0.5812865497076023
YMFYDGYDV,A*02:01,0.995,1.0,0.5812865497076023
YMFYDGYDV,A*02:01,1.0,1.0,0.5812865497076023
macro,,0.0,0.0,0.6440584795321638
macro,,0.005,0.12300000000000004,0.6440584795321638
macro,,0.01,0.1680000000000001,0.6440584795321638
macro,,0.015,0.202,0.6440584795321638
macro,,0.02,0.23500000000000001,0.6440584795321638
macro,,0.025,0.26399999999999996,0.6440584795321638
macro,,0.03,0.2819999999999999,0.6440584795321638
macro,,0.035,0.292,0.6440584795321638
macro,,0.04,0.30900000000000005,0.6440584795321638
macro,,0.045,0.32200000000000006,0.6440584795321638
macro,,0.05,0.338,0.6440584795321638
macro,,0.055,0.35400000000000004,0.6440584795321638
macro,,0.06,0.376,0.6440584795321638
macro,,0.065,0.3869999999999999,0.6440584795321638
macro,,0.07,0.3990000000000001,0.6440584795321638
macro,,0.075,0.41100000000000014,0.6440584795321638
macro,,0.08,0.43099999999999994,0.6440584795321638
macro,,0.085,0.441,0.6440584795321638
macro,,0.09,0.44299999999999995,0.6440584795321638
macro,,0.095,0.449,0.6440584795321638
macro,,0.1,0.45999999999999996,0.6440584795321638
macro,,0.105,0.4640000000000001,0.6440584795321638
macro,,0.11,0.471,0.6440584795321638
macro,,0.115,0.484,0.6440584795321638
macro,,0.12,0.49300000000000005,0.6440584795321638
macro,,0.125,0.497,0.6440584795321638
macro,,0.13,0.503,0.6440584795321638
macro,,0.135,0.507,0.6440584795321638
macro,,0.14,0.5090000000000001,0.6440584795321638
macro,,0.145,0.513,0.6440584795321638
macro,,0.15,0.515,0.6440584795321638
macro,,0.155,0.522,0.6440584795321638
macro,,0.16,0.5330000000000001,0.6440584795321638
macro,,0.165,0.538,0.6440584795321638
macro,,0.17,0.546,0.6440584795321638
macro,,0.17500000000000002,0.548,0.6440584795321638
macro,,0.18,0.5549999999999999,0.6440584795321638
macro,,0.185,0.563,0.6440584795321638
macro,,0.19,0.5660000000000001,0.6440584795321638
macro,,0.195,0.5740000000000001,0.6440584795321638
macro,,0.2,0.5800000000000002,0.6440584795321638
macro,,0.20500000000000002,0.5840000000000001,0.6440584795321638
macro,,0.21,0.5890000000000001,0.6440584795321638
macro,,0.215,0.598,0.6440584795321638
macro,,0.22,0.605,0.6440584795321638
macro,,0.225,0.6089999999999999,0.6440584795321638
macro,,0.23,0.612,0.6440584795321638
macro,,0.23500000000000001,0.6159999999999999,0.6440584795321638
macro,,0.24,0.6179999999999999,0.6440584795321638
macro,,0.245,0.6239999999999999,0.6440584795321638
macro,,0.25,0.627,0.6440584795321638
macro,,0.255,0.6330000000000001,0.6440584795321638
macro,,0.26,0.636,0.6440584795321638
macro,,0.265,0.6399999999999999,0.6440584795321638
macro,,0.27,0.6409999999999999,0.6440584795321638
macro,,0.275,0.6419999999999999,0.6440584795321638
macro,,0.28,0.6489999999999999,0.6440584795321638
macro,,0.28500000000000003,0.654,0.6440584795321638
macro,,0.29,0.6599999999999999,0.6440584795321638
macro,,0.295,0.661,0.6440584795321638
macro,,0.3,0.6659999999999999,0.6440584795321638
macro,,0.305,0.6679999999999999,0.6440584795321638
macro,,0.31,0.674,0.6440584795321638
macro,,0.315,0.6809999999999999,0.6440584795321638
macro,,0.32,0.689,0.6440584795321638
macro,,0.325,0.689,0.6440584795321638
macro,,0.33,0.6910000000000001,0.6440584795321638
macro,,0.335,0.6940000000000002,0.6440584795321638
macro,,0.34,0.7020000000000001,0.6440584795321638
macro,,0.34500000000000003,0.7070000000000001,0.6440584795321638
macro,,0.35000000000000003,0.7120000000000001,0.6440584795321638
macro,,0.355,0.7140000000000001,0.6440584795321638
macro,,0.36,0.724,0.6440584795321638
macro,,0.365,0.7280000000000001,0.6440584795321638
macro,,0.37,0.7320000000000001,0.6440584795321638
macro,,0.375,0.7370000000000002,0.6440584795321638
macro,,0.38,0.7450000000000002,0.6440584795321638
macro,,0.385,0.7470000000000001,0.6440584795321638
macro,,0.39,0.7540000000000002,0.6440584795321638
macro,,0.395,0.7580000000000001,0.6440584795321638
macro,,0.4,0.764,0.6440584795321638
macro,,0.405,0.768,0.6440584795321638
macro,,0.41000000000000003,0.77,0.6440584795321638
macro,,0.41500000000000004,0.771,0.6440584795321638
macro,,0.42,0.777,0.6440584795321638
macro,,0.425,0.781,0.6440584795321638
macro,,0.43,0.781,0.6440584795321638
macro,,0.435,0.7830000000000001,0.6440584795321638
macro,,0.44,0.7850000000000001,0.6440584795321638
macro,,0.445,0.7870000000000001,0.6440584795321638
macro,,0.45,0.789,0.6440584795321638
macro,,0.455,0.792,0.6440584795321638
macro,,0.46,0.792,0.6440584795321638
macro,,0.465,0.793,0.6440584795321638
macro,,0.47000000000000003,0.795,0.6440584795321638
macro,,0.47500000000000003,0.8,0.6440584795321638
macro,,0.48,0.8019999999999999,0.6440584795321638
macro,,0.485,0.8039999999999999,0.6440584795321638
macro,,0.49,0.8059999999999998,0.6440584795321638
macro,,0.495,0.8059999999999998,0.6440584795321638
macro,,0.5,0.8089999999999999,0.6440584795321638
macro,,0.505,0.812,0.6440584795321638
macro,,0.51,0.8150000000000001,0.6440584795321638
macro,,0.515,0.8220000000000001,0.6440584795321638
macro,,0.52,0.825,0.6440584795321638
macro,,0.525,0.828,0.6440584795321638
macro,,0.53,0.828,0.6440584795321638
macro,,0.535,0.8309999999999998,0.6440584795321638
macro,,0.54,0.835,0.6440584795321638
macro,,0.545,0.836,0.6440584795321638
macro,,0.55,0.8400000000000001,0.6440584795321638
macro,,0.555,0.841,0.6440584795321638
macro,,0.56,0.845,0.6440584795321638
macro,,0.5650000000000001,0.8490000000000002,0.6440584795321638
macro,,0.5700000000000001,0.8510000000000002,0.6440584795321638
macro,,0.5750000000000001,0.8520000000000001,0.6440584795321638
macro,,0.58,0.8550000000000001,0.6440584795321638
macro,,0.585,0.8580000000000002,0.6440584795321638
macro,,0.59,0.8610000000000001,0.6440584795321638
macro,,0.595,0.8640000000000002,0.6440584795321638
macro,,0.6,0.8690000000000001,0.6440584795321638
macro,,0.605,0.8720000000000002,0.6440584795321638
macro,,0.61,0.8760000000000001,0.6440584795321638
macro,,0.615,0.8760000000000001,0.6440584795321638
macro,,0.62,0.8760000000000001,0.6440584795321638
macro,,0.625,0.881,0.6440584795321638
macro,,0.63,0.881,0.6440584795321638
macro,,0.635,0.883,0.6440584795321638
macro,,0.64,0.889,0.6440584795321638
macro,,0.645,0.889,0.6440584795321638
macro,,0.65,0.891,0.6440584795321638
macro,,0.655,0.892,0.6440584795321638
macro,,0.66,0.893,0.6440584795321638
macro,,0.665,0.8939999999999999,0.6440584795321638
macro,,0.67,0.898,0.6440584795321638
macro,,0.675,0.898,0.6440584795321638
macro,,0.68,0.901,0.6440584795321638
macro,,0.685,0.9020000000000001,0.6440584795321638
macro,,0.6900000000000001,0.9030000000000001,0.6440584795321638
macro,,0.6950000000000001,0.9030000000000001,0.6440584795321638
macro,,0.7000000000000001,0.9040000000000001,0.6440584795321638
macro,,0.705,0.906,0.6440584795321638
macro,,0.71,0.907,0.6440584795321638
macro,,0.715,0.907,0.6440584795321638
macro,,0.72,0.909,0.6440584795321638
macro,,0.725,0.9099999999999999,0.6440584795321638
macro,,0.73,0.9119999999999999,0.6440584795321638
macro,,0.735,0.914,0.6440584795321638
macro,,0.74,0.917,0.6440584795321638
macro,,0.745,0.9190000000000002,0.6440584795321638
macro,,0.75,0.921,0.6440584795321638
macro,,0.755,0.922,0.6440584795321638
macro,,0.76,0.9250000000000002,0.6440584795321638
macro,,0.765,0.9270000000000002,0.6440584795321638
macro,,0.77,0.9270000000000002,0.6440584795321638
macro,,0.775,0.9310000000000003,0.6440584795321638
macro,,0.78,0.9340000000000002,0.6440584795321638
macro,,0.785,0.9340000000000002,0.6440584795321638
macro,,0.79,0.9350000000000002,0.6440584795321638
macro,,0.795,0.937,0.6440584795321638
macro,,0.8,0.9390000000000001,0.6440584795321638
macro,,0.805,0.9400000000000001,0.6440584795321638
macro,,0.81,0.9410000000000001,0.6440584795321638
macro,,0.8150000000000001,0.9420000000000004,0.6440584795321638
macro,,0.8200000000000001,0.9440000000000003,0.6440584795321638
macro,,0.8250000000000001,0.9470000000000003,0.6440584795321638
macro,,0.8300000000000001,0.9470000000000003,0.6440584795321638
macro,,0.835,0.9490000000000004,0.6440584795321638
macro,,0.84,0.9520000000000003,0.6440584795321638
macro,,0.845,0.9530000000000003,0.6440584795321638
macro,,0.85,0.9550000000000004,0.6440584795321638
macro,,0.855,0.9560000000000004,0.6440584795321638
macro,,0.86,0.9590000000000003,0.6440584795321638
macro,,0.865,0.9630000000000003,0.6440584795321638
macro,,0.87,0.9630000000000003,0.6440584795321638
macro,,0.875,0.9660000000000002,0.6440584795321638
macro,,0.88,0.9700000000000003,0.6440584795321638
macro,,0.885,0.9720000000000002,0.6440584795321638
macro,,0.89,0.9750000000000002,0.6440584795321638
macro,,0.895,0.9750000000000002,0.6440584795321638
macro,,0.9,0.9760000000000002,0.6440584795321638
macro,,0.905,0.9780000000000001,0.6440584795321638
macro,,0.91,0.9780000000000001,0.6440584795321638
macro,,0.915,0.9780000000000001,0.6440584795321638
macro,,0.92,0.9800000000000001,0.6440584795321638
macro,,0.925,0.9800000000000001,0.6440584795321638
macro,,0.93,0.9810000000000001,0.6440584795321638
macro,,0.935,0.983,0.6440584795321638
macro,,0.9400000000000001,0.9870000000000001,0.6440584795321638
macro,,0.9450000000000001,0.9870000000000001,0.6440584795321638
macro,,0.9500000000000001,0.9890000000000001,0.6440584795321638
macro,,0.9550000000000001,0.9890000000000001,0.6440584795321638
macro,,0.96,0.991,0.6440584795321638
macro,,0.965,0.992,0.6440584795321638
macro,,0.97,0.992,0.6440584795321638
macro,,0.975,0.993,0.6440584795321638
macro,,0.98,0.9950000000000001,0.6440584795321638
macro,,0.985,0.9970000000000001,0.6440584795321638
macro,,0.99,0.9970000000000001,0.6440584795321638
macro,,0.995,0.999,0.6440584795321638
macro,,1.0,1.0,0.6440584795321638
binormal,,0.0,0.0,0.6
binormal,,0.005,0.05614035653401551,0.6
binormal,,0.01,0.09035967296645558,0.6
binormal,,0.015,0.11854612832818628,0.6
binormal,,0.02,0.14322436839159175,0.6
binormal,,0.025,0.1654855873294686,0.6
binormal,,0.03,0.18593148209928984,0.6
binormal,,0.035,0.20493959457894562,0.6
binormal,,0.04,0.22276699084067636,0.6
binormal,,0.045,0.2395989312879041,0.6
binormal,,0.05,0.25557463945821624,0.6
binormal,,0.055,0.27080217025450504,0.6
binormal,,0.06,0.28536756336135516,0.6
binormal,,0.065,0.2993407721227019,0.6
binormal,,0.07,0.3127796643952121,0.6
binormal,,0.075,0.3257328150918644,0.6
binormal,,0.08,0.33824151138145425,0.6
binormal,,0.085,0.3503412277186272,0.6
binormal,,0.09,0.3620627337088548,0.6
binormal,,0.095,0.37343294144090156,0.6
binormal,,0.1,0.3844755639816423,0.6
binormal,,0.105,0.395211634410197,0.6
binormal,,0.11,0.4056599201280961,0.6
binormal,,0.115,0.41583725734969046,0.6
binormal,,0.12,0.4257588239332342,0.6
binormal,,0.125,0.43543836399963853,0.6
binormal,,0.13,0.44488837443491114,0.6
binormal,,0.135,0.45412026095276076,0.6
binormal,,0.14,0.46314446962201616,0.6
binormal,,0.145,0.4719705984491289,0.6
binormal,,0.15,0.48060749261928265,0.6
binormal,,0.155,0.48906332625073345,0.6
binormal,,0.16,0.4973456729427815,0.6
binormal,,0.165,0.5054615669533318,0.6
binormal,,0.17,0.5134175564949665,0.6
binormal,,0.17500000000000002,0.5212197503652624,0.6
binormal,,0.18,0.5288738589103481,0.6
binormal,,0.185,0.5363852301475365,0.6
binormal,,0.19,0.5437588817335591,0.6
binormal,,0.195,0.5509995293521635,0.6
binormal,,0.2,0.5581116120029839,0.6
binormal,,0.20500000000000002,0.5650993145983816,0.6
binormal,,0.21,0.5719665882129998,0.6
binormal,,0.215,0.5787171682795264,0.6
binormal,,0.22,0.5853545909815155,0.6
binormal,,0.225,0.5918822080585145,0.6
binormal,,0.23,0.5983032002088506,0.6
binormal,,0.23500000000000001,0.604620589250262,0.6
binormal,,0.24,0.6108372491772542,0.6
binormal,,0.245,0.6169559162359853,0.6
binormal,,0.25,0.6229791981220698,0.6
binormal,,0.255,0.6289095823935165,0.6
binormal,,0.26,0.6347494441797129,0.6
binormal,,0.265,0.6405010532576376,0.6
binormal,,0.27,0.6461665805580843,0.6
binormal,,0.275,0.6517481041574122,0.6
binormal,,0.28,0.6572476148040215,0.6
binormal,,0.28500000000000003,0.6626670210232587,0.6
binormal,,0.29,0.6680081538396613,0.6
binormal,,0.295,0.6732727711512513,0.6
binormal,,0.3,0.6784625617869082,0.6
binormal,,0.305,0.6835791492746149,0.6
binormal,,0.31,0.6886240953455188,0.6
binormal,,0.315,0.6935989031962319,0.6
binormal,,0.32,0.6985050205295668,0.6
binormal,,0.325,0.7033438423919277,0.6
binormal,,0.33,0.7081167138238235,0.6
binormal,,0.335,0.7128249323384032,0.6
binormal,,0.34,0.7174697502415285,0.6
binormal,,0.34500000000000003,0.7220523768056446,0.6
binormal,,0.35000000000000003,0.7265739803086041,0.6
binormal,,0.355,0.7310356899475965,0.6
binormal,,0.36,0.7354385976374438,0.6
binormal,,0.365,0.73978375970171,0.6
binormal,,0.37,0.7440721984643547,0.6
binormal,,0.375,0.7483049037490013,0.6
binormal,,0.38,0.7524828342922989,0.6
binormal,,0.385,0.7566069190773256,0.6
binormal,,0.39,0.7606780585924937,0.6
binormal,,0.395,0.7646971260209787,0.6
binormal,,0.4,0.7686649683652951,0.6
binormal,,0.405,0.7725824075112794,0.6
binormal,,0.41000000000000003,0.7764502412354103,0.6
binormal,,0.41500000000000004,0.780269244159094,0.6
binormal,,0.42,0.7840401686532701,0.6
binormal,,0.425,0.7877637456964393,0.6
binormal,,0.43,0.7914406856889873,0.6
binormal,,0.435,0.7950716792264676,0.6
binormal,,0.44,0.7986573978343127,0.6
binormal,,0.445,0.8021984946662671,0.6
binormal,,0.45,0.805695605168675,0.6
binormal,,0.455,0.8091493477125982,0.6
binormal,,0.46,0.8125603241956145,0.6
binormal,,0.465,0.8159291206150093,0.6
binormal,,0.47000000000000003,0.8192563076139594,0.6
binormal,,0.47500000000000003,0.8225424410022044,0.6
binormal,,0.48,0.8257880622525948,0.6
binormal,,0.485,0.8289936989748171,0.6
binormal,,0.49,0.8321598653675093,0.6
binormal,,0.495,0.8352870626499045,0.6
binormal,,0.5,0.8383757794740592,0.6
binormal,,0.505,0.8414264923186635,0.6
binormal,,0.51,0.8444396658653613,0.6
binormal,,0.515,0.8474157533584488,0.6
binormal,,0.52,0.8503551969487702,0.6
binormal,,0.525,0.8532584280225723,0.6
binormal,,0.53,0.8561258675160346,0.6
binormal,,0.535,0.8589579262161464,0.6
binormal,,0.54,0.8617550050485601,0.6
binormal,,0.545,0.8645174953530101,0.6
binormal,,0.55,0.8672457791468531,0.6
binormal,,0.555,0.869940229377244,0.6
binormal,,0.56,0.8726012101624383,0.6
binormal,,0.5650000000000001,0.8752290770226718,0.6
binormal,,0.5700000000000001,0.8778241771010484,0.6
binormal,,0.5750000000000001,0.8803868493748308,0.6
binormal,,0.58,0.8829174248575096,0.6
binormal,,0.585,0.8854162267919979,0.6
binormal,,0.59,0.8878835708352779,0.6
binormal,,0.595,0.8903197652347982,0.6
binormal,,0.6,0.8927251109969067,0.6
binormal,,0.605,0.8950999020475768,0.6
binormal,,0.61,0.8974444253856684,0.6
binormal,,0.615,0.8997589612289434,0.6
binormal,,0.62,0.9020437831530399,0.6
binormal,,0.625,0.9042991582235883,0.6
binormal,,0.63,0.9065253471216357,0.6
binormal,,0.635,0.9087226042625274,0.6
binormal,,0.64,0.9108911779083783,0.6
binormal,,0.645,0.9130313102742448,0.6
binormal,,0.65,0.9151432376280991,0.6
binormal,,0.655,0.9172271903846805,0.6
binormal,,0.66,0.9192833931932882,0.6
binormal,,0.665,0.921312065019558,0.6
binormal,,0.67,0.9233134192212473,0.6
binormal,,0.675,0.9252876636180377,0.6
binormal,,0.68,0.9272350005553353,0.6
binormal,,0.685,0.9291556269620389,0.6
binormal,,0.6900000000000001,0.9310497344022175,0.6
binormal,,0.6950000000000001,0.9329175091206146,0.6
binormal,,0.7000000000000001,0.9347591320818773,0.6
binormal,,0.705,0.9365747790033769,0.6
binormal,,0.71,0.9383646203814598,0.6
binormal,,0.715,0.9401288215109367,0.6
binormal,,0.72,0.9418675424975856,0.6
binormal,,0.725,0.9435809382634035,0.6
binormal,,0.73,0.9452691585443033,0.6
binormal,,0.735,0.9469323478799063,0.6
binormal,,0.74,0.9485706455950305,0.6
binormal,,0.745,0.9501841857724175,0.6
binormal,,0.75,0.951773097216182,0.6
binormal,,0.755,0.9533375034053924,0.6
binormal,,0.76,0.9548775224371161,0.6
binormal,,0.765,0.9563932669581724,0.6
binormal,,0.77,0.9578848440847317,0.6
binormal,,0.775,0.9593523553087898,0.6
binormal,,0.78,0.9607958963904082,0.6
binormal,,0.785,0.9622155572344623,0.6
binormal,,0.79,0.9636114217504689,0.6
binormal,,0.795,0.9649835676938545,0.6
binormal,,0.8,0.9663320664868038,0.6
binormal,,0.805,0.967656983016547,0.6
binormal,,0.81,0.9689583754086353,0.6
binormal,,0.8150000000000001,0.9702362947723782,0.6
binormal,,0.8200000000000001,0.971490784915182,0.6
binormal,,0.8250000000000001,0.9727218820220117,0.6
binormal,,0.8300000000000001,0.9739296142955826,0.6
binormal,,0.835,0.9751140015521607,0.6
binormal,,0.84,0.9762750547669657,0.6
binormal,,0.845,0.9774127755621167,0.6
binormal,,0.85,0.9785271556287725,0.6
binormal,,0.855,0.979618176073553,0.6
binormal,,0.86,0.9806858066774058,0.6
binormal,,0.865,0.9817300050527041,0.6
binormal,,0.87,0.982750715681409,0.6
binormal,,0.875,0.9837478688134206,0.6
binormal,,0.88,0.9847213791995644,0.6
binormal,,0.885,0.9856711446276851,0.6
binormal,,0.89,0.9865970442226449,0.6
binormal,,0.895,0.9874989364610407,0.6
binormal,,0.9,0.9883766568383415,0.6
binormal,,0.905,0.9892300151087138,0.6
binormal,,0.91,0.9900587919943197,0.6
binormal,,0.915,0.9908627352287966,0.6
binormal,,0.92,0.9916415547551155,0.6
binormal,,0.925,0.9923949168351713,0.6
binormal,,0.93,0.9931224367380275,0.6
binormal,,0.935,0.9938236695407235,0.6
binormal,,0.9400000000000001,0.9944980983751607,0.6
binormal,,0.9450000000000001,0.9951451191441286,0.6
binormal,,0.9500000000000001,0.9957640202331058,0.6
binormal,,0.9550000000000001,0.9963539549207486,0.6
binormal,,0.96,0.9969139027635534,0.6
binormal,,0.965,0.9974426136246292,0.6
binormal,,0.97,0.9979385229494482,0.6
binormal,,0.975,0.998399616224482,0.6
binormal,,0.98,0.9988231956733249,0.6
binormal,,0.985,0.999205435532324,0.6
binormal,,0.99,0.999540392873532,0.6
binormal,,0.995,0.9998171218861472,0.6
binormal,,1.0,0.9999999999985819,0.6
