cohort	tcr_id	epitope	cdr3a	va	ja	cdr3b	vb	jb
olga_random	olga_random_0	olga_ep00	CAMSTSYGGATNKLIF	TRAV12-3	TRAJ32	CASSRRQLGYTF	TRBV28	TRBJ1-2
olga_random	olga_random_1	olga_ep01	CALSTSGGSYIPTF	TRAV19	TRAJ6	CASSYSGTGEGNEKLFF	TRBV6-3	TRBJ1-4
olga_random	olga_random_2	olga_ep02	CAETPAGNNRKLIW	TRAV13-2	TRAJ38	CASSVRGGTYEQYF	TRBV9	TRBJ2-7
olga_random	olga_random_3	olga_ep03	CAFTGTASKLTF	TRAV24	TRAJ44	CASSYYTPNTGELFF	TRBV11-2	TRBJ2-2
olga_random	olga_random_4	olga_ep04	CAAETYQGGSEKLVF	TRAV13-1	TRAJ57	CASSVVPGTGESFYHEQYF	TRBV9	TRBJ2-7
olga_random	olga_random_5	olga_ep05	CAGGQNFVF	TRAV13-2	TRAJ26	CASRAGGSSYNEQFF	TRBV6-1	TRBJ2-1
olga_random	olga_random_6	olga_ep06	CAANQFYF	TRAV29/DV5	TRAJ49	CARKGGISQPQHF	TRBV5-1	TRBJ1-5
olga_random	olga_random_7	olga_ep07	CAENKTYINDYKLSF	TRAV13-2	TRAJ20	CASSPPGRAFF	TRBV7-3	TRBJ1-1
olga_random	olga_random_8	olga_ep08	CASVHGSSNTGKLIF	TRAV24	TRAJ37	CATSRAGGILINTEAFF	TRBV15	TRBJ1-1
olga_random	olga_random_9	olga_ep09	CAGGPNSGNTPLVF	TRAV27	TRAJ29	CASSYSAGLRGTQYF	TRBV6-9	TRBJ2-5
olga_random	olga_random_10	olga_ep10	CAESQGTDNAGNNRKLIW	TRAV13-2	TRAJ38	CASSLYGAGRNEKLFF	TRBV9	TRBJ1-4
olga_random	olga_random_11	olga_ep11	CLVGDIGGGATNKLIF	TRAV4	TRAJ32	CASGSGPSNEQFF	TRBV6-1	TRBJ2-1
olga_random	olga_random_12	olga_ep12	CAFMKRGGSQGNLIF	TRAV38-1	TRAJ42	CATSDLILGGLKSSYEQYF	TRBV24-1	TRBJ2-7
olga_random	olga_random_13	olga_ep13	CAASRNPARPLTGGGNKLTF	TRAV13-1	TRAJ10	CATSDSNRGRAMNTEAFF	TRBV24-1	TRBJ1-1
olga_random	olga_random_14	olga_ep14	CAEWGGSYIPTF	TRAV27	TRAJ6	CASSDSRACTGSNEQFF	TRBV6-4	TRBJ2-1
olga_random	olga_random_15	olga_ep15	CAGKTEGGGTSYGKLTF	TRAV25	TRAJ52	CASSGTIRGNTEAFF	TRBV12-3	TRBJ1-1
olga_random	olga_random_16	olga_ep16	CALSEYRAQKLVF	TRAV19	TRAJ54	CASSLLGYGYTF	TRBV7-3	TRBJ1-2
olga_random	olga_random_17	olga_ep17	CAAGMDSNYQLIW	TRAV23/DV6	TRAJ33	CASSGGSYEQYF	TRBV7-3	TRBJ2-7
olga_random	olga_random_18	olga_ep18	CAARVGGYNKLIF	TRAV13-1	TRAJ4	CASESGDYSNQPQHF	TRBV28	TRBJ1-5
olga_random	olga_random_19	olga_ep19	CAEKMNYGGSQGNLIF	TRAV13-2	TRAJ42	CASSYSRDSGSYEQYF	TRBV6-3	TRBJ2-7
olga_random	olga_random_20	olga_ep00	CAGPGSARQLTF	TRAV27	TRAJ22	CASSCCRESYSNQPQHF	TRBV7-8	TRBJ1-5
olga_random	olga_random_21	olga_ep01	CAANNDMRF	TRAV1-1	TRAJ43	CSARSSGGNEQYF	TRBV20-1	TRBJ2-7
olga_random	olga_random_22	olga_ep02	CALSGAGNNRLAF	TRAV16	TRAJ7	CARNRPGQGSSDTQYF	TRBV6-1	TRBJ2-3
olga_random	olga_random_23	olga_ep03	CAYRSAGNSHTGRRALTF	TRAV38-2/DV8	TRAJ5	CASSEQTETQYF	TRBV10-1	TRBJ2-5
olga_random	olga_random_24	olga_ep04	CVVSSGSGGYNKLIF	TRAV10	TRAJ4	CASSSGLTQGGPSETQYF	TRBV19	TRBJ2-5
olga_random	olga_random_25	olga_ep05	CAGGLSNFNKFYF	TRAV27	TRAJ21	CASGTGTGAPLHF	TRBV12-5	TRBJ1-6
olga_random	olga_random_26	olga_ep06	CAGRGENYGQNFVF	TRAV25	TRAJ26	CASSPGSSGGGYEQYF	TRBV6-4	TRBJ2-7
olga_random	olga_random_27	olga_ep07	CAYRGRYNQGGKLIF	TRAV38-2/DV8	TRAJ23	CATNSEGTGVHSEMNTEAFF	TRBV24-1	TRBJ1-1
olga_random	olga_random_28	olga_ep08	CAARVHNYGQNFVF	TRAV13-1	TRAJ26	CASSQDLPGTGIGYTF	TRBV4-1	TRBJ1-2
olga_random	olga_random_29	olga_ep09	CADTGTASKLTF	TRAV24	TRAJ44	CASSSGETQYF	TRBV27	TRBJ2-5
olga_random	olga_random_30	olga_ep10	CAVRLRADGQKLLF	TRAV21	TRAJ16	CARWRTSIYEQFF	TRBV30	TRBJ2-1
olga_random	olga_random_31	olga_ep11	CAASPQGGGYQKVTF	TRAV13-1	TRAJ13	CASSLKGTSGPNNEQFF	TRBV5-5	TRBJ2-1
olga_random	olga_random_32	olga_ep12	CAENIVGSQGNLIF	TRAV13-2	TRAJ42	CASTLPGANVLTF	TRBV6-4	TRBJ2-6
olga_random	olga_random_33	olga_ep13	CAVVNTGFQKLVF	TRAV12-2	TRAJ8	CASRDPRKLANTEAFF	TRBV2	TRBJ1-1
olga_random	olga_random_34	olga_ep14	CALIRFSGGYNKLIF	TRAV19	TRAJ4	CASSLVRKHTRQETQYF	TRBV12-4	TRBJ2-5
olga_random	olga_random_35	olga_ep15	CAASPNTGNQFYF	TRAV13-1	TRAJ49	CASSRQGNEQYF	TRBV2	TRBJ2-7
olga_random	olga_random_36	olga_ep16	CAVRDCLGGSYIPTF	TRAV1-1	TRAJ6	CASSHVGTAEYEQYF	TRBV3-1	TRBJ2-7
olga_random	olga_random_37	olga_ep17	CAASGGGATNKLIF	TRAV23/DV6	TRAJ32	CSAGTGARNNEQFF	TRBV20-1	TRBJ2-1
olga_random	olga_random_38	olga_ep18	CAFTTGANNLFF	TRAV24	TRAJ36	CSVDLRGLYEQYF	TRBV29-1	TRBJ2-7
olga_random	olga_random_39	olga_ep19	CVVAKSRSGGGADGLTF	TRAV10	TRAJ45	CARNRVGEGTDTQYF	TRBV5-1	TRBJ2-3
olga_random	olga_random_40	olga_ep00	CVAGNYQLIW	TRAV10	TRAJ33	CASRVGSPTGLNGYTF	TRBV27	TRBJ1-2
olga_random	olga_random_41	olga_ep01	CAVQARSGGGADGLTF	TRAV20	TRAJ45	CASLKGGIETQYF	TRBV27	TRBJ2-5
olga_random	olga_random_42	olga_ep02	CIVREGGLQTGNQFYF	TRAV26-1	TRAJ49	CAPAGRSGWGYEQYF	TRBV28	TRBJ2-7
olga_random	olga_random_43	olga_ep03	CAGAGNNRKLIW	TRAV23/DV6	TRAJ38	CASRALAGDGTGELFF	TRBV28	TRBJ2-2
olga_random	olga_random_44	olga_ep04	CAYRRRGSQGNLIF	TRAV38-2/DV8	TRAJ42	CASSLGLAGETQYF	TRBV5-1	TRBJ2-5
olga_random	olga_random_45	olga_ep05	CGTDPGSNFGNEKLTF	TRAV30	TRAJ48	CASSWPPRGRIQRLYNEQFF	TRBV5-6	TRBJ2-1
olga_random	olga_random_46	olga_ep06	CAARENTGKLIF	TRAV25	TRAJ37	CASSPHGNQSYEQYF	TRBV18	TRBJ2-7
olga_random	olga_random_47	olga_ep07	CALSEAGGGFKTIF	TRAV19	TRAJ9	CASSFTGVGNQPQHF	TRBV5-1	TRBJ1-5
olga_random	olga_random_48	olga_ep08	CACAPGGSYIPTF	TRAV24	TRAJ6	CASSIREVMNTEAFF	TRBV7-9	TRBJ1-1
olga_random	olga_random_49	olga_ep09	CAARSNFGNEKLTF	TRAV13-1	TRAJ48	CASSPRSTSCTDTQYF	TRBV18	TRBJ2-3
olga_random	olga_random_50	olga_ep10	CAASAYGGSQGNLIF	TRAV29/DV5	TRAJ42	CASSLLHRDQPQHF	TRBV7-3	TRBJ1-5
olga_random	olga_random_51	olga_ep11	CAGAGGTSYGKLTF	TRAV27	TRAJ52	CASSTSGSGGYF	TRBV5-8	TRBJ2-7
olga_random	olga_random_52	olga_ep12	CIVRVLGYGGATNKLIF	TRAV26-1	TRAJ32	CASSISVAGGSSYEQYF	TRBV19	TRBJ2-7
olga_random	olga_random_53	olga_ep13	CVVRRFSGGYNKLIF	TRAV10	TRAJ4	CASSVDRPGANVLTF	TRBV13	TRBJ2-6
olga_random	olga_random_54	olga_ep14	CAVRRYGGATNKLIF	TRAV1-1	TRAJ32	CAMGGGTYF	TRBV27	TRBJ2-7
olga_random	olga_random_55	olga_ep15	CAVGGSNQAGTALIF	TRAV13-2	TRAJ15	CASSGDGQGWSNSPLHF	TRBV13	TRBJ1-6
olga_random	olga_random_56	olga_ep16	CIVRVAYLSSNTGKLIF	TRAV26-1	TRAJ37	CATSDYVTQPQHF	TRBV24-1	TRBJ1-5
olga_random	olga_random_57	olga_ep17	CAVRFDTNAGKSTF	TRAV1-2	TRAJ27	CASSWDRVMVRGYYEQYF	TRBV7-6	TRBJ2-7
olga_random	olga_random_58	olga_ep18	CAMESNQGGKLIF	TRAV14/DV4	TRAJ23	CASSWPYSGNTIYF	TRBV6-8	TRBJ1-3
olga_random	olga_random_59	olga_ep19	CALSETTGKLIF	TRAV19	TRAJ37	CASKRWDLGRSYNEQFF	TRBV6-6	TRBJ2-1
olga_random	olga_random_60	olga_ep00	CAAPGTALIF	TRAV13-1	TRAJ15	CASSSPGPPSAYEQYF	TRBV7-9	TRBJ2-7
olga_random	olga_random_61	olga_ep01	CAVKGTGANNLFF	TRAV21	TRAJ36	CASSPRDRGNTEAFF	TRBV12-3	TRBJ1-1
olga_random	olga_random_62	olga_ep02	CLVGDRNRGFQKLVF	TRAV4	TRAJ8	CAWSVRSGNEQFF	TRBV30	TRBJ2-1
olga_random	olga_random_63	olga_ep03	CAMSGVYTGNQFYF	TRAV14/DV4	TRAJ49	CSVDPRGTSGETQYF	TRBV29-1	TRBJ2-5
olga_random	olga_random_64	olga_ep04	CAGAPEETGGFKTIF	TRAV27	TRAJ9	CAGTMDLRRTNTEAFF	TRBV6-6	TRBJ1-1
olga_random	olga_random_65	olga_ep05	CAEKPTDSWGKLQF	TRAV5	TRAJ24	CASQSGSVRETQYF	TRBV2	TRBJ2-5
olga_random	olga_random_66	olga_ep06	CALSELKSYYNRFSDGQKLLF	TRAV19	TRAJ16	CASSSRDSSNTEAFF	TRBV7-2	TRBJ1-1
olga_random	olga_random_67	olga_ep07	CAGARNTGKLIF	TRAV27	TRAJ37	CASSPLPCRDRGGTDTQYF	TRBV14	TRBJ2-3
olga_random	olga_random_68	olga_ep08	CLVVSGGYNKLIF	TRAV4	TRAJ4	CASSKVDRGQYNEKLFF	TRBV7-3	TRBJ1-4
olga_random	olga_random_69	olga_ep09	CAEIAHNAGNMLTF	TRAV13-2	TRAJ39	CSPWTGREKLFF	TRBV20-1	TRBJ1-4
olga_random	olga_random_70	olga_ep10	CAVPGNYGQNFVF	TRAV21	TRAJ26	CATSRNLHRDLQGDSNQPQHF	TRBV15	TRBJ1-5
olga_random	olga_random_71	olga_ep11	CAARIPTNAGKSTF	TRAV23/DV6	TRAJ27	CASSLAPAGVGLYEQYF	TRBV7-9	TRBJ2-7
olga_random	olga_random_72	olga_ep12	CARTSYDKVIF	TRAV5	TRAJ50	CASTPRFRPGGNTIYF	TRBV14	TRBJ1-3
olga_random	olga_random_73	olga_ep13	CAENILMKTSYDKVIF	TRAV13-2	TRAJ50	CASRFTWTAKETQYF	TRBV19	TRBJ2-5
olga_random	olga_random_74	olga_ep14	CAARGGSNYKLTF	TRAV36/DV7	TRAJ53	CSVDRQAREQYF	TRBV29-1	TRBJ2-7
olga_random	olga_random_75	olga_ep15	CATDSPPSVKAAGNKLTF	TRAV17	TRAJ17	CASTLPGSSYNEQFF	TRBV6-4	TRBJ2-1
olga_random	olga_random_76	olga_ep16	CAIVRVGGGYQKVTF	TRAV12-3	TRAJ13	CASSLSLEGDNITTGNTIYF	TRBV11-2	TRBJ1-3
olga_random	olga_random_77	olga_ep17	CIVRVARGWDSNYQLIW	TRAV26-1	TRAJ33	CASSLWGGGGQETQYF	TRBV12-4	TRBJ2-5
olga_random	olga_random_78	olga_ep18	CAEIPFSGGYNKLIF	TRAV13-2	TRAJ4	CASSGRSNQPQHF	TRBV13	TRBJ1-5
olga_random	olga_random_79	olga_ep19	CAAIGSGAGSYQLTF	TRAV29/DV5	TRAJ28	CASSETRFVYGYTF	TRBV6-1	TRBJ1-2
olga_random	olga_random_80	olga_ep00	CAENNRVSGGYNKLIF	TRAV13-2	TRAJ4	CSARDLYRGELETQYF	TRBV20-1	TRBJ2-5
olga_random	olga_random_81	olga_ep01	CAAIKGSSNTGKLIF	TRAV29/DV5	TRAJ37	CASSLQGGDVNTEAFF	TRBV7-6	TRBJ1-1
olga_random	olga_random_82	olga_ep02	CALRELREGGSQGNLIF	TRAV9-2	TRAJ42	CSARDPSRGNQAGNYEQYF	TRBV20-1	TRBJ2-7
olga_random	olga_random_83	olga_ep03	CATQFSGGYNKLIF	TRAV17	TRAJ4	CASSYSMGQPQHF	TRBV6-5	TRBJ1-5
olga_random	olga_random_84	olga_ep04	CAEMPSDGQKLLF	TRAV13-2	TRAJ16	CASRYSGTTGELFF	TRBV7-8	TRBJ2-2
olga_random	olga_random_85	olga_ep05	CAFTGFQKLVF	TRAV2	TRAJ8	CASSVAQTGGSLIF	TRBV9	TRBJ2-1
olga_random	olga_random_86	olga_ep06	CAETFGFSGGYNKLIF	TRAV13-2	TRAJ4	CASSRRTGCWSVEQGHTIYF	TRBV13	TRBJ1-3
olga_random	olga_random_87	olga_ep07	CALNDYKLSF	TRAV19	TRAJ20	CSAREPTVMLGNTIYF	TRBV20-1	TRBJ1-3
olga_random	olga_random_88	olga_ep08	CAGHNAGNMLTF	TRAV21	TRAJ39	CASSHSGGRRETQYF	TRBV7-3	TRBJ2-5
olga_random	olga_random_89	olga_ep09	CALMGGGNKLTF	TRAV16	TRAJ10	CASSQAKLAAGKYEQYF	TRBV3-1	TRBJ2-7
olga_random	olga_random_90	olga_ep10	CAASIKVGGGSNYKLTF	TRAV13-1	TRAJ53	CAWRPVPQGKPYEQYF	TRBV30	TRBJ2-7
olga_random	olga_random_91	olga_ep11	CAVETGANSKLTF	TRAV21	TRAJ56	CASSSRDREGPQHF	TRBV7-4	TRBJ1-5
olga_random	olga_random_92	olga_ep12	CAASTNATNAGKSTF	TRAV23/DV6	TRAJ27	CASSDRYFEKLFF	TRBV6-4	TRBJ1-4
olga_random	olga_random_93	olga_ep13	CAENGPRYPPPNTGTASKLTF	TRAV13-2	TRAJ44	CASRAEGDYGYTF	TRBV6-5	TRBJ1-2
olga_random	olga_random_94	olga_ep14	CALTSSSASKIIF	TRAV13-2	TRAJ3	CASRVQGFGYTF	TRBV6-5	TRBJ1-2
olga_random	olga_random_95	olga_ep15	CIVSPERRAGNNRKLIW	TRAV26-1	TRAJ38	CATSDLGEAFF	TRBV24-1	TRBJ1-1
olga_random	olga_random_96	olga_ep16	CAVRDNLDYKLSF	TRAV1-1	TRAJ20	CASSESGRVSYEQYF	TRBV9	TRBJ2-7
olga_random	olga_random_97	olga_ep17	CAASAHHNDMRF	TRAV29/DV5	TRAJ43	CASSCKRRLFFMEETQYF	TRBV10-1	TRBJ2-5
olga_random	olga_random_98	olga_ep18	CAMREGESGTYKYIF	TRAV14/DV4	TRAJ40	CASSGAVANEKLFF	TRBV4-2	TRBJ1-4
olga_random	olga_random_99	olga_ep19	CASPPNTGNQFYF	TRAV38-2/DV8	TRAJ49	CASRRCWGGGAEAFF	TRBV6-4	TRBJ1-1
olga_random	olga_random_100	olga_ep00	CIVRVAGGSNYKLTF	TRAV26-1	TRAJ53	CARDRGSYEQYF	TRBV19	TRBJ2-7
olga_random	olga_random_101	olga_ep01	CIVNTGFQKLVF	TRAV26-1	TRAJ8	CATRCPLRDTERYEQYF	TRBV24-1	TRBJ2-7
olga_random	olga_random_102	olga_ep02	CARDSGGGADGLTF	TRAV16	TRAJ45	CASSLRGSGETQYF	TRBV5-1	TRBJ2-5
olga_random	olga_random_103	olga_ep03	CAVHCGATNKLIF	TRAV20	TRAJ32	CASTDGPFETQYF	TRBV14	TRBJ2-5
olga_random	olga_random_104	olga_ep04	CAAVWMDTGRRALTF	TRAV23/DV6	TRAJ5	CATSDLPEGNSDSNQPQHF	TRBV24-1	TRBJ1-5
olga_random	olga_random_105	olga_ep05	CAVNRVYNQGGKLIF	TRAV12-2	TRAJ23	CASSEALDSPNYGYTF	TRBV2	TRBJ1-2
olga_random	olga_random_106	olga_ep06	CADIQGGSEKLVF	TRAV21	TRAJ57	CASSVGDEQYF	TRBV19	TRBJ2-7
olga_random	olga_random_107	olga_ep07	CIVRVAWVQGGKLIF	TRAV26-1	TRAJ23	CASSFLAFF	TRBV6-5	TRBJ1-1
olga_random	olga_random_108	olga_ep08	CLVGPNQGGKLIF	TRAV4	TRAJ23	CATSEGGISTDTQYF	TRBV24-1	TRBJ2-3
olga_random	olga_random_109	olga_ep09	CAVQAMIKAAGNKLTF	TRAV20	TRAJ17	CARVPSLRKSGGREQETQYF	TRBV10-1	TRBJ2-5
olga_random	olga_random_110	olga_ep10	CALVEDTGRRALTF	TRAV6	TRAJ5	CASSREASGNTIYF	TRBV27	TRBJ1-3
olga_random	olga_random_111	olga_ep11	CAMRECISLGGKLIF	TRAV14/DV4	TRAJ23	CASSELTGGGSGNTIYF	TRBV10-1	TRBJ1-3
olga_random	olga_random_112	olga_ep12	CAVKSNTGKLIF	TRAV21	TRAJ37	CASSLESGGKLGSYEQYF	TRBV7-7	TRBJ2-7
olga_random	olga_random_113	olga_ep13	CVVSARGSSNTGKLIF	TRAV10	TRAJ37	CASSILRVTPDQPQHF	TRBV9	TRBJ1-5
olga_random	olga_random_114	olga_ep14	CAGQGEGGTNAGGTSYGKLTF	TRAV35	TRAJ52	CSVERGDYGYTF	TRBV29-1	TRBJ1-2
olga_random	olga_random_115	olga_ep15	CAVPYYGGSQGNLIF	TRAV36/DV7	TRAJ42	CASSAAYEQYF	TRBV12-3	TRBJ2-7
olga_random	olga_random_116	olga_ep16	CAEILGKLIF	TRAV13-2	TRAJ23	CASSQLQGYEQYF	TRBV14	TRBJ2-7
olga_random	olga_random_117	olga_ep17	CAGSNYGGSQGNLIF	TRAV25	TRAJ42	CASSSGGKAGNTIYF	TRBV7-3	TRBJ1-3
olga_random	olga_random_118	olga_ep18	CAASNFNQGGKLIF	TRAV13-1	TRAJ23	CASSHGDEQFF	TRBV2	TRBJ2-1
olga_random	olga_random_119	olga_ep19	CAVSTDRTGANNLFF	TRAV21	TRAJ36	CASSFRPRVRGGAYNEQFF	TRBV7-6	TRBJ2-1
olga_random	olga_random_120	olga_ep00	CAESSPWVPGRRALTF	TRAV5	TRAJ5	CSARAPLLYEQYF	TRBV20-1	TRBJ2-7
olga_random	olga_random_121	olga_ep01	CAVRPEAAGNKLTF	TRAV1-1	TRAJ17	CSVVTGNTEAFF	TRBV29-1	TRBJ1-1
olga_random	olga_random_122	olga_ep02	CAVSVGGGADGLTF	TRAV41	TRAJ45	CASSQLGGTSYNEQFF	TRBV4-1	TRBJ2-1
olga_random	olga_random_123	olga_ep03	CAASSFNSGGYQKVTF	TRAV13-1	TRAJ13	CASSLAGGARAGNEQFF	TRBV12-4	TRBJ2-1
olga_random	olga_random_124	olga_ep04	CAVFAHTGNQFYF	TRAV22	TRAJ49	CASGLEGTNEKLFF	TRBV12-5	TRBJ1-4
olga_random	olga_random_125	olga_ep05	CAAGGISSGSARQLTF	TRAV13-1	TRAJ22	CASSCYREAYGYTF	TRBV12-3	TRBJ1-2
olga_random	olga_random_126	olga_ep06	CAVPKIIF	TRAV20	TRAJ3	CASSQDIGRKEQFF	TRBV4-1	TRBJ2-1
olga_random	olga_random_127	olga_ep07	CAVWGSGGSNYKLTF	TRAV22	TRAJ53	CASRNLSRDRHIPYGYTF	TRBV5-6	TRBJ1-2
olga_random	olga_random_128	olga_ep08	CLVGLCGGYNKLIF	TRAV4	TRAJ4	CESRGEAGPSYNSPLHF	TRBV27	TRBJ1-6
olga_random	olga_random_129	olga_ep09	CAVSYLYPYSSASKIIF	TRAV21	TRAJ3	CASVPRQSNQPQHF	TRBV27	TRBJ1-5
olga_random	olga_random_130	olga_ep10	CATDEGQAPGFQKLVF	TRAV17	TRAJ8	CASSLAGGAGYEQYF	TRBV7-9	TRBJ2-7
olga_random	olga_random_131	olga_ep11	CALRNARLMF	TRAV19	TRAJ31	CASSYILGRTKVPGLEAFF	TRBV6-8	TRBJ1-1
olga_random	olga_random_132	olga_ep12	CLVGDPNNARLMF	TRAV4	TRAJ31	CASRLGRPMNTEAFF	TRBV2	TRBJ1-1
olga_random	olga_random_133	olga_ep13	CALSENRVYGFQKLVF	TRAV19	TRAJ8	CASSTDRRVRPLNQPQHF	TRBV13	TRBJ1-5
olga_random	olga_random_134	olga_ep14	CAASIIIQGAQKLVF	TRAV29/DV5	TRAJ54	CASSRIPPGGAPLSFEQFF	TRBV14	TRBJ2-1
olga_random	olga_random_135	olga_ep15	CAMSRRPGSARQLTF	TRAV12-3	TRAJ22	CSARANYIQETQYF	TRBV20-1	TRBJ2-5
olga_random	olga_random_136	olga_ep16	CAEEYPSGGGADGLTF	TRAV13-2	TRAJ45	CASSHTPGQDTEAFF	TRBV3-1	TRBJ1-1
olga_random	olga_random_137	olga_ep17	CAENLSGGYNKLIF	TRAV13-2	TRAJ4	CATSDRGRKSEKLFF	TRBV24-1	TRBJ1-4
olga_random	olga_random_138	olga_ep18	CAASRGGGNKLTF	TRAV13-1	TRAJ10	CASSHSGTEGGLDTGELFF	TRBV14	TRBJ2-2
olga_random	olga_random_139	olga_ep19	CAASACGADGLTF	TRAV29/DV5	TRAJ45	CASSQDRSGTGRGLAKNIQYF	TRBV4-1	TRBJ2-4
olga_random	olga_random_140	olga_ep00	CAFSPGYSSASKIIF	TRAV13-1	TRAJ3	CAWSEWKRVGGQETQYF	TRBV30	TRBJ2-5
olga_random	olga_random_141	olga_ep01	CALSENTGTASKLTF	TRAV19	TRAJ44	CATSEPGPISGNTIYF	TRBV24-1	TRBJ1-3
olga_random	olga_random_142	olga_ep02	CAASRRSGGSYIPTF	TRAV23/DV6	TRAJ6	CATSSLKLAGASSPDTQYF	TRBV15	TRBJ2-3
olga_random	olga_random_143	olga_ep03	CAEEMDTGRRALTF	TRAV13-2	TRAJ5	CSACRDEDEQFF	TRBV20-1	TRBJ2-1
olga_random	olga_random_144	olga_ep04	CAGLPSGNTPLVF	TRAV25	TRAJ29	CASSTLAFGSYNEQFF	TRBV7-9	TRBJ2-1
olga_random	olga_random_145	olga_ep05	CLVGAGPPLAGKSTF	TRAV4	TRAJ27	CASSFPRKTGDLLFF	TRBV28	TRBJ1-4
olga_random	olga_random_146	olga_ep06	CILGCRYQTGANNLFF	TRAV26-2	TRAJ36	CASTPTVSPYNEQFF	TRBV9	TRBJ2-1
olga_random	olga_random_147	olga_ep07	CIVTLWSLSDGQKLLF	TRAV26-1	TRAJ16	CRPRSNQPQHF	TRBV20-1	TRBJ1-5
olga_random	olga_random_148	olga_ep08	CAFSRGATNKLIF	TRAV24	TRAJ32	CASSARTRPNEQFF	TRBV7-9	TRBJ2-1
olga_random	olga_random_149	olga_ep09	CVVNFCEEYNFNKFYF	TRAV12-1	TRAJ21	CASTQGANNEQFF	TRBV12-3	TRBJ2-1
olga_random	olga_random_150	olga_ep10	CIVRVDSGGGADGLTF	TRAV26-1	TRAJ45	CSARFRTGNYGYTF	TRBV20-1	TRBJ1-2
olga_random	olga_random_151	olga_ep11	CAERGGNKLTF	TRAV13-2	TRAJ10	CASRTLGQGGGWNTEAFF	TRBV6-5	TRBJ1-1
olga_random	olga_random_152	olga_ep12	CSGAAGNKLTF	TRAV29/DV5	TRAJ17	CSPGQSTEKLFF	TRBV20-1	TRBJ1-4
olga_random	olga_random_153	olga_ep13	CALPAHDYKLSF	TRAV6	TRAJ20	CASRGLAGNQETQYF	TRBV11-3	TRBJ2-5
olga_random	olga_random_154	olga_ep14	CALTDPSNTGNQFYF	TRAV19	TRAJ49	CASSSGQGLMNTEAFF	TRBV7-3	TRBJ1-1
olga_random	olga_random_155	olga_ep15	CDRDDKIIF	TRAV12-3	TRAJ30	CATSDRRNRQETQYF	TRBV24-1	TRBJ2-5
olga_random	olga_random_156	olga_ep16	CAVRKTSYDKVIF	TRAV8-3	TRAJ50	CASSPLGSSYEQYF	TRBV13	TRBJ2-7
olga_random	olga_random_157	olga_ep17	CAGAGPPNFGNEKLTF	TRAV27	TRAJ48	CASSVGQVNQPQHF	TRBV7-2	TRBJ1-5
olga_random	olga_random_158	olga_ep18	CALGNPNEKLTF	TRAV23/DV6	TRAJ48	CASRGVGPMRGETQYF	TRBV10-1	TRBJ2-5
olga_random	olga_random_159	olga_ep19	CAAKDRGSTLGRLYF	TRAV23/DV6	TRAJ18	CARSSGQGGVSGNTIYF	TRBV28	TRBJ1-3
olga_random	olga_random_160	olga_ep00	CAVRQTGSGTYKYIF	TRAV21	TRAJ40	CASSCRQGVNASDYEQYF	TRBV7-3	TRBJ2-7
olga_random	olga_random_161	olga_ep01	CAAIVNSGGSNYKLTF	TRAV13-1	TRAJ53	CASSLAGGSRRNQPQHF	TRBV7-4	TRBJ1-5
olga_random	olga_random_162	olga_ep02	CAENNDSGAGSYQLTF	TRAV13-2	TRAJ28	CASSLAPKRAGCADTQYF	TRBV7-2	TRBJ2-3
olga_random	olga_random_163	olga_ep03	CAVKTEDSGGYNKLIF	TRAV8-1	TRAJ4	CASSQDSGQGADTQYF	TRBV4-1	TRBJ2-3
olga_random	olga_random_164	olga_ep04	CAFRNTGNQFYF	TRAV25	TRAJ49	CASSLWELAGWYYEQYF	TRBV27	TRBJ2-7
olga_random	olga_random_165	olga_ep05	CIVRVVIARNFGNEKLTF	TRAV26-1	TRAJ48	CASSGQGAYYGYTF	TRBV5-1	TRBJ1-2
olga_random	olga_random_166	olga_ep06	CAGRATSGTYKYIF	TRAV12-2	TRAJ40	CAINIRDRLSYGYTF	TRBV10-3	TRBJ1-2
olga_random	olga_random_167	olga_ep07	CALRSSGGSEKLVF	TRAV9-2	TRAJ57	CASSVHRGSYEQYF	TRBV13	TRBJ2-7
olga_random	olga_random_168	olga_ep08	CLVGGDTGGATNKLIF	TRAV4	TRAJ32	CASSATDSNQPQHF	TRBV2	TRBJ1-5
olga_random	olga_random_169	olga_ep09	CAGRSGSARQLTF	TRAV21	TRAJ22	CASSLSPGQVGYTF	TRBV7-3	TRBJ1-2
olga_random	olga_random_170	olga_ep10	CARKNNDMRF	TRAV16	TRAJ43	CASILTGVDENQPQHF	TRBV28	TRBJ1-5
olga_random	olga_random_171	olga_ep11	CAASTLASGTYKYIF	TRAV13-1	TRAJ40	CASRYSYGYTF	TRBV27	TRBJ1-2
olga_random	olga_random_172	olga_ep12	CLVGDIGPYDSNYQLIW	TRAV4	TRAJ33	CASRGNPLGAYEQYF	TRBV6-5	TRBJ2-7
olga_random	olga_random_173	olga_ep13	CVVSAYSGYALNF	TRAV10	TRAJ41	CASTARDGRDEQYF	TRBV4-1	TRBJ2-7
olga_random	olga_random_174	olga_ep14	CLVLHNYGQNFVF	TRAV4	TRAJ26	CASSLGAKTSGRAGEQFF	TRBV27	TRBJ2-1
olga_random	olga_random_175	olga_ep15	CLVGDDGAGANNLFF	TRAV4	TRAJ36	CASSLDTGGGRETQYF	TRBV7-4	TRBJ2-5
olga_random	olga_random_176	olga_ep16	CLVFHLNTGFQKLVF	TRAV4	TRAJ8	CASSIERGPEVHEKLFF	TRBV19	TRBJ1-4
olga_random	olga_random_177	olga_ep17	CAYSRNTGTASKLTF	TRAV38-2/DV8	TRAJ44	CAWSEGKTPGLCKLNTEAFF	TRBV30	TRBJ1-1
olga_random	olga_random_178	olga_ep18	CLEGMDTGRRALTF	TRAV4	TRAJ5	CASSGTDRGHGPGNTEAFF	TRBV28	TRBJ1-1
olga_random	olga_random_179	olga_ep19	CAARVSDGQKLLF	TRAV29/DV5	TRAJ16	CASMSRGNEKLFF	TRBV19	TRBJ1-4
olga_random	olga_random_180	olga_ep00	CAEKGGTDSWGKLQF	TRAV13-2	TRAJ24	CASRLNVTRQETQYF	TRBV19	TRBJ2-5
olga_random	olga_random_181	olga_ep01	CAETKSYNTDKLIF	TRAV13-2	TRAJ34	CASSDGDGTMVYGYTF	TRBV5-1	TRBJ1-2
olga_random	olga_random_182	olga_ep02	CAEIKRPAGGSQGNLIF	TRAV5	TRAJ42	CASSIDTGGQAYEQYF	TRBV19	TRBJ2-7
olga_random	olga_random_183	olga_ep03	CAATPGIAGNNRLAF	TRAV13-1	TRAJ7	CASSLAQAGAPSYEQYF	TRBV7-4	TRBJ2-7
olga_random	olga_random_184	olga_ep04	CAVHSGNTPLVF	TRAV35	TRAJ29	CASRPGRGETQYF	TRBV6-6	TRBJ2-5
olga_random	olga_random_185	olga_ep05	CAVASGGSYIPTF	TRAV1-2	TRAJ6	CASSFQSGMNTEAFF	TRBV12-3	TRBJ1-1
olga_random	olga_random_186	olga_ep06	CALGKLKAAGNKLTF	TRAV19	TRAJ17	CASSCPSGNTGELFF	TRBV11-2	TRBJ2-2
olga_random	olga_random_187	olga_ep07	CAVRRPDGGSNYKLTF	TRAV20	TRAJ53	CASSKAGGPTEAFF	TRBV13	TRBJ1-1
olga_random	olga_random_188	olga_ep08	CAGGNSGGSNYKLTF	TRAV27	TRAJ53	CARPPPTGGGTYEQYF	TRBV19	TRBJ2-7
olga_random	olga_random_189	olga_ep09	CVVSGPHTGGFKTIF	TRAV10	TRAJ9	CASTLKKSDVPEKLFF	TRBV5-6	TRBJ1-4
olga_random	olga_random_190	olga_ep10	CLGRLNDYKLSF	TRAV4	TRAJ20	CASRPPGALEAFF	TRBV6-1	TRBJ1-1
olga_random	olga_random_191	olga_ep11	CALDNNTGGFKTIF	TRAV6	TRAJ9	CASRTANTGGKLDTQYF	TRBV12-3	TRBJ2-3
olga_random	olga_random_192	olga_ep12	CALSADVTGYSSASKIIF	TRAV9-2	TRAJ3	CANTKNQPQHF	TRBV30	TRBJ1-5
olga_random	olga_random_193	olga_ep13	CAEKDNQGGKLIF	TRAV13-2	TRAJ23	CASPETQYF	TRBV6-4	TRBJ2-5
olga_random	olga_random_194	olga_ep14	CAVDEGIPSSNTGKLIF	TRAV7	TRAJ37	CASSLAPGTGSNEKLFF	TRBV7-4	TRBJ1-4
olga_random	olga_random_195	olga_ep15	CAMRGNAGGTSYGKLTF	TRAV14/DV4	TRAJ52	CASSNSLLRGRGETQYF	TRBV6-6	TRBJ2-5
olga_random	olga_random_196	olga_ep16	CALSAEGEYGNKLVF	TRAV19	TRAJ47	CASSFPDGGAYEQYF	TRBV28	TRBJ2-7
olga_random	olga_random_197	olga_ep17	CAVRRRPSGGYNKLIF	TRAV21	TRAJ4	CASSESTSGSGDRGRVEQYF	TRBV10-2	TRBJ2-7
olga_random	olga_random_198	olga_ep18	CALRTFSETGANNLFF	TRAV19	TRAJ36	CASSSHRRGDYGYTF	TRBV7-3	TRBJ1-2
olga_random	olga_random_199	olga_ep19	CAESRGSSNTGKLIF	TRAV5	TRAJ37	CASSEQGVGNTIYF	TRBV10-1	TRBJ1-3
olga_random	olga_random_200	olga_ep00	CAYKGIQGAQKLVF	TRAV38-2/DV8	TRAJ54	CASSYPGGVSQPQHF	TRBV12-3	TRBJ1-5
olga_random	olga_random_201	olga_ep01	CAATAGNNRKLIW	TRAV13-1	TRAJ38	CASRQGREKLFF	TRBV10-1	TRBJ1-4
olga_random	olga_random_202	olga_ep02	CAARVILTGGGNKLTF	TRAV13-1	TRAJ10	CASSHGLAGMQETQYF	TRBV14	TRBJ2-5
olga_random	olga_random_203	olga_ep03	CEGGATNKLIF	TRAV21	TRAJ32	CASSSATDRNYEQYF	TRBV2	TRBJ2-7
olga_random	olga_random_204	olga_ep04	CAENLFARDDKIIF	TRAV13-2	TRAJ30	CASRAGTDTQYF	TRBV6-4	TRBJ2-3
olga_random	olga_random_205	olga_ep05	CAERLDSGYSTLTF	TRAV13-2	TRAJ11	CAGREWQPQHF	TRBV14	TRBJ1-5
olga_random	olga_random_206	olga_ep06	CAARLSLEARLMF	TRAV13-1	TRAJ31	CASSSGDRPIAKNIQYF	TRBV7-4	TRBJ2-4
olga_random	olga_random_207	olga_ep07	CAYRSSGSQGNLIF	TRAV38-2/DV8	TRAJ42	CASSDGGQRHNEQFF	TRBV6-1	TRBJ2-1
olga_random	olga_random_208	olga_ep08	CALLPFGNEKLTF	TRAV16	TRAJ48	CASSLPGWPSNQPQHF	TRBV4-1	TRBJ1-5
olga_random	olga_random_209	olga_ep09	CIVVLLDKLSF	TRAV26-1	TRAJ20	CASSPGQGANNTEAFF	TRBV7-2	TRBJ1-1
olga_random	olga_random_210	olga_ep10	CVVRGNEKLTF	TRAV8-2	TRAJ48	CSARAGRSYEQYF	TRBV20-1	TRBJ2-7
olga_random	olga_random_211	olga_ep11	CAASPSGTASKLTF	TRAV29/DV5	TRAJ44	CASSDKDRGSEAFF	TRBV6-4	TRBJ1-1
olga_random	olga_random_212	olga_ep12	CAAIMFSGGYNKLIF	TRAV23/DV6	TRAJ4	CATSELSGSLGKRSYEQYF	TRBV24-1	TRBJ2-7
olga_random	olga_random_213	olga_ep13	CALTGPGGYNKLIF	TRAV19	TRAJ4	CASSEFPPNRGGYQPQHF	TRBV25-1	TRBJ1-5
olga_random	olga_random_214	olga_ep14	CASGSARQLTF	TRAV13-2	TRAJ22	CAWTPSIWGGRDTQYF	TRBV30	TRBJ2-3
olga_random	olga_random_215	olga_ep15	CAASENPSGTYKYIF	TRAV29/DV5	TRAJ40	CASRDRDQETQYF	TRBV11-2	TRBJ2-5
olga_random	olga_random_216	olga_ep16	CAVVPEYPEYGNKLVF	TRAV8-3	TRAJ47	CATRDLAGRGADTQYF	TRBV24-1	TRBJ2-3
olga_random	olga_random_217	olga_ep17	CLAKSDDKIIF	TRAV4	TRAJ30	CASSFTPGQGREKLFF	TRBV27	TRBJ1-4
olga_random	olga_random_218	olga_ep18	CAVSPLTGGGNKLTF	TRAV21	TRAJ10	CATTPRHDTEAFF	TRBV24-1	TRBJ1-1
olga_random	olga_random_219	olga_ep19	CAVRYFSGMDSNYQLIW	TRAV1-2	TRAJ33	CASSTGTTMPAKNIQYF	TRBV19	TRBJ2-4
olga_random	olga_random_220	olga_ep00	CAVRESGTASKLTF	TRAV22	TRAJ44	CASSPGQGCYEQYF	TRBV12-3	TRBJ2-7
olga_random	olga_random_221	olga_ep01	CIVLSNFGNEKLTF	TRAV26-1	TRAJ48	CATSDGGQGPAHHEQYF	TRBV24-1	TRBJ2-7
olga_random	olga_random_222	olga_ep02	CAASMGSNDYKLSF	TRAV23/DV6	TRAJ20	CASSWGPTDTQYF	TRBV6-3	TRBJ2-3
olga_random	olga_random_223	olga_ep03	CAENTTANTGGFKTIF	TRAV13-2	TRAJ9	CASSLELGWLGNEQFF	TRBV7-9	TRBJ2-1
olga_random	olga_random_224	olga_ep04	CAASAADSWGKLQF	TRAV29/DV5	TRAJ24	CASSQFHRGATGELFF	TRBV5-4	TRBJ2-2
olga_random	olga_random_225	olga_ep05	CAGLVANAGNNRKLIW	TRAV21	TRAJ38	CSASQRLGRLETQYF	TRBV20-1	TRBJ2-5
olga_random	olga_random_226	olga_ep06	CAVRDRKTIYNQGGKLIF	TRAV1-1	TRAJ23	CASSVSGVGDCNQPQHF	TRBV6-1	TRBJ1-5
olga_random	olga_random_227	olga_ep07	CAASVLQGGKLIF	TRAV23/DV6	TRAJ23	CAISESGPSRPSLEDTQYF	TRBV10-3	TRBJ2-3
olga_random	olga_random_228	olga_ep08	CARSSNTGKLIF	TRAV16	TRAJ37	CASSRVVDSGNTIYF	TRBV3-1	TRBJ1-3
olga_random	olga_random_229	olga_ep09	CAVQAKGSGGSNYKLTF	TRAV20	TRAJ53	CASSLEWYSSDTQYF	TRBV7-2	TRBJ2-3
olga_random	olga_random_230	olga_ep10	CAVSMDSNYQLIW	TRAV41	TRAJ33	CAPPALGLDTQYF	TRBV10-1	TRBJ2-3
olga_random	olga_random_231	olga_ep11	CVVSGSGGYNKLIF	TRAV10	TRAJ4	CASSQSGPQGYNTEAFF	TRBV13	TRBJ1-1
olga_random	olga_random_232	olga_ep12	CAVGASSNDYKLSF	TRAV8-3	TRAJ20	CASSLARFTGGNEKLFF	TRBV12-4	TRBJ1-4
olga_random	olga_random_233	olga_ep13	CVVNTGQKLLF	TRAV12-1	TRAJ16	CASSWETGHQPQHF	TRBV11-2	TRBJ1-5
olga_random	olga_random_234	olga_ep14	CALSRSSPRGSQGNLIF	TRAV16	TRAJ42	CASSQDITRNPYNEQFF	TRBV4-3	TRBJ2-1
olga_random	olga_random_235	olga_ep15	CALRRANSGNTPLVF	TRAV9-2	TRAJ29	CASSSPDRSAGSEQQYQPQHF	TRBV11-3	TRBJ1-5
olga_random	olga_random_236	olga_ep16	CALSEGNKSGGSYIPTF	TRAV19	TRAJ6	CASSYGEREQYF	TRBV6-5	TRBJ2-7
olga_random	olga_random_237	olga_ep17	CAVSNYGQNFVF	TRAV21	TRAJ26	CAKAGGLEKADTQYF	TRBV6-3	TRBJ2-3
olga_random	olga_random_238	olga_ep18	CAENRTLTDKLIF	TRAV13-2	TRAJ34	CSAREPPDRDQPQHF	TRBV20-1	TRBJ1-5
olga_random	olga_random_239	olga_ep19	CAVREDSSYKLIF	TRAV1-2	TRAJ12	CSAPYAEQVNSYSNQPQHF	TRBV20-1	TRBJ1-5
olga_random	olga_random_240	olga_ep00	CLVGDDGFQKLVF	TRAV4	TRAJ8	CASSQGAYGYTF	TRBV4-2	TRBJ1-2
olga_random	olga_random_241	olga_ep01	CAGPRGASDKLIF	TRAV25	TRAJ34	CASRGESRTDTQYF	TRBV6-8	TRBJ2-3
olga_random	olga_random_242	olga_ep02	CAYRSAGLGTASKLTF	TRAV38-2/DV8	TRAJ44	CASPCFQGDSYEQYF	TRBV7-3	TRBJ2-7
olga_random	olga_random_243	olga_ep03	CVVNMSKKTSYDKVIF	TRAV12-1	TRAJ50	CATSRDRKPDSGYTF	TRBV15	TRBJ1-2
olga_random	olga_random_244	olga_ep04	CRGIIQGAQKLVF	TRAV36/DV7	TRAJ54	CASGDRGGLYMGEQYF	TRBV6-6	TRBJ2-7
olga_random	olga_random_245	olga_ep05	CVVSGYQKVTF	TRAV8-2	TRAJ13	CASSYSTGNQPQHF	TRBV6-5	TRBJ1-5
olga_random	olga_random_246	olga_ep06	CAARCRGGGADGLTF	TRAV23/DV6	TRAJ45	CASSFAGTGNIAATNEKLFF	TRBV5-1	TRBJ1-4
olga_random	olga_random_247	olga_ep07	CAASIKGGGADGLTF	TRAV13-1	TRAJ45	CASSIAGLGGSSYEQYF	TRBV11-3	TRBJ2-7
olga_random	olga_random_248	olga_ep08	CLVGDISMDSNYQLIW	TRAV4	TRAJ33	CASSPKGQRFYGYTF	TRBV27	TRBJ1-2
olga_random	olga_random_249	olga_ep09	CASVVSGSGGSNYKLTF	TRAV38-1	TRAJ53	CSARDNPGPAQPQHF	TRBV20-1	TRBJ1-5
olga_random	olga_random_250	olga_ep10	CAASIAGTASKLTF	TRAV13-1	TRAJ44	CASSLAYPQGFSYNEQFF	TRBV5-6	TRBJ2-1
olga_random	olga_random_251	olga_ep11	CAASFNVSYSSASKIIF	TRAV23/DV6	TRAJ3	CATSGIPHRHALDLRIQEETQYF	TRBV24-1	TRBJ2-5
olga_random	olga_random_252	olga_ep12	CGTLEPGGGNKLTF	TRAV30	TRAJ10	CASIPFLFPRPGPSRIF	TRBV19	TRBJ2-1
olga_random	olga_random_253	olga_ep13	CAVKLPGMNYGGSQGNLIF	TRAV12-2	TRAJ42	CASSIRSGACSYNSPLHF	TRBV11-2	TRBJ1-6
olga_random	olga_random_254	olga_ep14	CAYRSNNDMRF	TRAV38-2/DV8	TRAJ43	CATCTGETHEKLFF	TRBV6-5	TRBJ1-4
olga_random	olga_random_255	olga_ep15	CVVNKRGQKLLF	TRAV12-1	TRAJ16	CASSPDRKEAFF	TRBV13	TRBJ1-1
olga_random	olga_random_256	olga_ep16	CLVGDMSGKLIF	TRAV4	TRAJ23	CASSSPRLSYEQYF	TRBV27	TRBJ2-7
olga_random	olga_random_257	olga_ep17	CALVSGNTPLVF	TRAV19	TRAJ29	CSARNPNLTNEQFF	TRBV20-1	TRBJ2-1
olga_random	olga_random_258	olga_ep18	CALAKGGSSNTGKLIF	TRAV6	TRAJ37	CASSQGLPGLAGDVATDTQYF	TRBV4-3	TRBJ2-3
olga_random	olga_random_259	olga_ep19	CAGKDVGYQKVTF	TRAV27	TRAJ13	CAWSPRIQRGHSNQPQHF	TRBV30	TRBJ1-5
olga_random	olga_random_260	olga_ep00	CAANASKIIF	TRAV13-1	TRAJ3	CASSAIQVYTGELFF	TRBV2	TRBJ2-2
olga_random	olga_random_261	olga_ep01	CAPRVNSGGSNYKLTF	TRAV21	TRAJ53	CATSACRGGMNTEAFF	TRBV24-1	TRBJ1-1
olga_random	olga_random_262	olga_ep02	CAVRRIVNQGGKLIF	TRAV21	TRAJ23	CASSEADGSLRVSSYNEQFF	TRBV6-1	TRBJ2-1
olga_random	olga_random_263	olga_ep03	CNNDTSGTYKYIF	TRAV5	TRAJ40	CASSGLPGTSGQEQFF	TRBV11-3	TRBJ2-1
olga_random	olga_random_264	olga_ep04	CALSGSGRGGSNYKLTF	TRAV16	TRAJ53	CASSLGARGYPDNYGYTF	TRBV5-1	TRBJ1-2
olga_random	olga_random_265	olga_ep05	CLVGQNTNAGKSTF	TRAV4	TRAJ27	CAWRGPRYEQYF	TRBV30	TRBJ2-7
olga_random	olga_random_266	olga_ep06	CAANTEYGNKLVF	TRAV29/DV5	TRAJ47	CASRGGPNAAYF	TRBV6-2	TRBJ2-3
olga_random	olga_random_267	olga_ep07	CAENRGTCHADKGGSEKLVF	TRAV13-2	TRAJ57	CATSDLTGRGQPQHF	TRBV24-1	TRBJ1-5
olga_random	olga_random_268	olga_ep08	CATVSQGGKLIF	TRAV17	TRAJ23	CASSVGEAETQYF	TRBV9	TRBJ2-5
olga_random	olga_random_269	olga_ep09	CALLRNTGKLIF	TRAV9-2	TRAJ37	CASSGQQETQYF	TRBV7-3	TRBJ2-5
olga_random	olga_random_270	olga_ep10	CAEMSGGKAAGNKLTF	TRAV13-2	TRAJ17	CASSWRGVNPTYEQYF	TRBV11-3	TRBJ2-7
olga_random	olga_random_271	olga_ep11	CAGHLRDAGNMLTF	TRAV35	TRAJ39	CSVAREWGRVGNQETQYF	TRBV29-1	TRBJ2-5
olga_random	olga_random_272	olga_ep12	CAARQKLLF	TRAV13-1	TRAJ16	CASSFRACSSYGYTF	TRBV27	TRBJ1-2
olga_random	olga_random_273	olga_ep13	CAASIGGANDYKLSF	TRAV13-1	TRAJ20	CASSVGTVTGYTF	TRBV9	TRBJ1-2
olga_random	olga_random_274	olga_ep14	CVVSAVPCRDQAGTALIF	TRAV10	TRAJ15	CASSGGPEAGAGNEQFF	TRBV10-1	TRBJ2-1
olga_random	olga_random_275	olga_ep15	CADSGGGADGLTF	TRAV29/DV5	TRAJ45	CATSRDLCETGGHYGYTF	TRBV15	TRBJ1-2
olga_random	olga_random_276	olga_ep16	CAASADGGSQGNLIF	TRAV29/DV5	TRAJ42	CSARDSDFLPRAGNQPQHF	TRBV20-1	TRBJ1-5
olga_random	olga_random_277	olga_ep17	CVVSGGRYGGATNKLIF	TRAV10	TRAJ32	CASSVPVNDQPQHF	TRBV7-9	TRBJ1-5
olga_random	olga_random_278	olga_ep18	CVVSGYALNF	TRAV10	TRAJ41	CASSLVDGGIQPQHF	TRBV7-4	TRBJ1-5
olga_random	olga_random_279	olga_ep19	CAGRQGGSEKLVF	TRAV35	TRAJ57	CAWGRGYEQYF	TRBV30	TRBJ2-7
olga_random	olga_random_280	olga_ep00	CAATSGSQGNLIF	TRAV29/DV5	TRAJ42	CASSQDRERTGTRSEQYF	TRBV4-1	TRBJ2-7
olga_random	olga_random_281	olga_ep01	CAYHSGGGADGLTF	TRAV38-2/DV8	TRAJ45	CSGPRTGGYTF	TRBV29-1	TRBJ1-2
olga_random	olga_random_282	olga_ep02	CAASGENRDDKIIF	TRAV29/DV5	TRAJ30	CASRTPGQAAYEQYF	TRBV6-4	TRBJ2-7
olga_random	olga_random_283	olga_ep03	CIVRVGEYGNKLVF	TRAV26-1	TRAJ47	CAKSTEGLGYQPQHF	TRBV10-3	TRBJ1-5
olga_random	olga_random_284	olga_ep04	CAMREVPIFHNFNKFYF	TRAV14/DV4	TRAJ21	CASAGGYAGYTF	TRBV10-1	TRBJ1-2
olga_random	olga_random_285	olga_ep05	CALTQVYNFNKFYF	TRAV19	TRAJ21	CASSLKPSGTDGTPYEQYF	TRBV14	TRBJ2-7
olga_random	olga_random_286	olga_ep06	CAVDLPHGGATNKLIF	TRAV39	TRAJ32	CATSGGDRDRTQPQHF	TRBV24-1	TRBJ1-5
olga_random	olga_random_287	olga_ep07	CIVRVAGGIRASGTYKYIF	TRAV26-1	TRAJ40	CASRFWLENEQYF	TRBV5-1	TRBJ2-7
olga_random	olga_random_288	olga_ep08	CAVALISNYQLIW	TRAV21	TRAJ33	CASSYRTGEPQHF	TRBV2	TRBJ1-5
olga_random	olga_random_289	olga_ep09	CAASFNSGGSNYKLTF	TRAV29/DV5	TRAJ53	CASSENRIYNEQFF	TRBV6-4	TRBJ2-1
olga_random	olga_random_290	olga_ep10	CACPPAAGNKLTF	TRAV38-2/DV8	TRAJ17	CASSPLPIAGHHRRNQHSYEQYF	TRBV18	TRBJ2-7
olga_random	olga_random_291	olga_ep11	CAASAASGGSNYKLTF	TRAV29/DV5	TRAJ53	CASSLNSEQYF	TRBV7-3	TRBJ2-7
olga_random	olga_random_292	olga_ep12	CAIQGAQKLVF	TRAV17	TRAJ54	CASSLEVRDSGGGWGVGVWEKLFF	TRBV5-1	TRBJ1-4
olga_random	olga_random_293	olga_ep13	CALSEEGSGYSTLTF	TRAV19	TRAJ11	CASSHPQGDTF	TRBV5-1	TRBJ1-2
olga_random	olga_random_294	olga_ep14	CAASMGIRDSNYQLIW	TRAV13-1	TRAJ33	CASSLGLWDRVSDTDTQYF	TRBV5-1	TRBJ2-3
olga_random	olga_random_295	olga_ep15	CAASPFQKLLF	TRAV23/DV6	TRAJ16	CARGQGLDQPQHF	TRBV27	TRBJ1-5
olga_random	olga_random_296	olga_ep16	CLVGGTSRMDSSYKLIF	TRAV4	TRAJ12	CASSQDRRGGSTGELFF	TRBV4-1	TRBJ2-2
olga_random	olga_random_297	olga_ep17	CVVNIRGGTSYGKLTF	TRAV12-1	TRAJ52	CASSVASGWKKGYF	TRBV9	TRBJ2-5
olga_random	olga_random_298	olga_ep18	CAFMKRGAGNMLTF	TRAV38-1	TRAJ39	CASRGASSSYEQYF	TRBV6-4	TRBJ2-7
olga_random	olga_random_299	olga_ep19	CAASNDPWDSSASKIIF	TRAV13-1	TRAJ3	CASSQAGGPTEAFF	TRBV4-2	TRBJ1-1
olga_random	olga_random_300	olga_ep00	CIVRGATGNTPLVF	TRAV26-1	TRAJ29	CASSPETAEAFF	TRBV7-7	TRBJ1-1
olga_random	olga_random_301	olga_ep01	CALSAWEGTYKYIF	TRAV19	TRAJ40	CASSECEDRHSNQPQHF	TRBV10-1	TRBJ1-5
olga_random	olga_random_302	olga_ep02	CAAIPDSNYQLIW	TRAV23/DV6	TRAJ33	CSARRGGGEQYF	TRBV20-1	TRBJ2-7
olga_random	olga_random_303	olga_ep03	CAGVISNFGNEKLTF	TRAV27	TRAJ48	CASSLGMLGAFYNEQFF	TRBV5-1	TRBJ2-1
olga_random	olga_random_304	olga_ep04	CAVKSNTGKLIF	TRAV1-2	TRAJ37	CASSLRGANPCYEQYF	TRBV11-2	TRBJ2-7
olga_random	olga_random_305	olga_ep05	CATDGENAGKSTF	TRAV17	TRAJ27	CRGGPGELFF	TRBV6-5	TRBJ2-2
olga_random	olga_random_306	olga_ep06	CALSSSASKIIF	TRAV19	TRAJ3	CASSKLTDREYEQYF	TRBV11-3	TRBJ2-7
olga_random	olga_random_307	olga_ep07	CALSELNRGSTLGRLYF	TRAV19	TRAJ18	CASSGGECTHNSPLHF	TRBV19	TRBJ1-6
olga_random	olga_random_308	olga_ep08	CVVKRDNYGQNFVF	TRAV12-1	TRAJ26	CASSSRGGGTGSSTDTQYF	TRBV5-4	TRBJ2-3
olga_random	olga_random_309	olga_ep09	CLVGDFCTDKLIF	TRAV4	TRAJ34	CATRAGSYNEQFF	TRBV24-1	TRBJ2-1
olga_random	olga_random_310	olga_ep10	CAGGANTGNQFYF	TRAV27	TRAJ49	CASSPRSTEAFF	TRBV13	TRBJ1-1
olga_random	olga_random_311	olga_ep11	CAYCRVNAGKSTF	TRAV19	TRAJ27	CASSLHLAPELFF	TRBV5-1	TRBJ2-2
olga_random	olga_random_312	olga_ep12	CAVRGGSEKLVF	TRAV35	TRAJ57	CASAGQGAPSYEQYF	TRBV27	TRBJ2-7
olga_random	olga_random_313	olga_ep13	CVVSNYQLIW	TRAV10	TRAJ33	CASSRLYNEQFF	TRBV4-1	TRBJ2-1
olga_random	olga_random_314	olga_ep14	CAEKDMNNNAGNMLTF	TRAV13-2	TRAJ39	CASSLDLWGDTQYF	TRBV5-1	TRBJ2-3
olga_random	olga_random_315	olga_ep15	CAASADSGGSNYKLTF	TRAV29/DV5	TRAJ53	CSAPLDCPKTLAGREQYF	TRBV20-1	TRBJ2-7
olga_random	olga_random_316	olga_ep16	CALSSHISNFGNEKLTF	TRAV16	TRAJ48	CASSLGGPRTLVNEQYF	TRBV11-3	TRBJ2-7
olga_random	olga_random_317	olga_ep17	CIVRRITGGGNKLTF	TRAV26-1	TRAJ10	CSVEIGANGYTF	TRBV29-1	TRBJ1-2
olga_random	olga_random_318	olga_ep18	CLVGVPHAGNMLTF	TRAV4	TRAJ39	CASSPLPGLAGVLVERLRYTEAFF	TRBV27	TRBJ1-1
olga_random	olga_random_319	olga_ep19	CAALANSKLTF	TRAV35	TRAJ56	CASSWGGSGSGNTIYF	TRBV27	TRBJ1-3
olga_random	olga_random_320	olga_ep00	CARGGYQKVTF	TRAV19	TRAJ13	CASSGRETGELFF	TRBV7-3	TRBJ2-2
olga_random	olga_random_321	olga_ep01	CAEHQAQGAQKLVF	TRAV13-2	TRAJ54	CASTGQAFSVGANVLTF	TRBV28	TRBJ2-6
olga_random	olga_random_322	olga_ep02	CAMRQNSGGSNYKLTF	TRAV14/DV4	TRAJ53	CAILGLKYEQYF	TRBV5-1	TRBJ2-7
olga_random	olga_random_323	olga_ep03	CAGQECTAQGGSEKLVF	TRAV35	TRAJ57	CASLRQDTQYF	TRBV7-6	TRBJ2-3
olga_random	olga_random_324	olga_ep04	CVVNKNYARLMF	TRAV12-1	TRAJ31	CSARAAFRLAGHTQYF	TRBV20-1	TRBJ2-3
olga_random	olga_random_325	olga_ep05	CADISGGYNKLIF	TRAV21	TRAJ4	CASSYSASRSYEQYF	TRBV6-5	TRBJ2-7
olga_random	olga_random_326	olga_ep06	CAASEGTGNQFYF	TRAV13-1	TRAJ49	CSASGPRESCKQETQYF	TRBV20-1	TRBJ2-5
olga_random	olga_random_327	olga_ep07	CAFMCYNNNDMRF	TRAV38-1	TRAJ43	CASSPGLAGMVNEQYF	TRBV13	TRBJ2-7
olga_random	olga_random_328	olga_ep08	CAEVTGNQFYF	TRAV13-2	TRAJ49	CATSRDLFREGEKLFF	TRBV15	TRBJ1-4
olga_random	olga_random_329	olga_ep09	CAVQRYSSASKIIF	TRAV20	TRAJ3	CASRPYGRGAKGNIQYF	TRBV6-1	TRBJ2-4
olga_random	olga_random_330	olga_ep10	CAGGSYIPTF	TRAV13-1	TRAJ6	CASSPAQGVVRYGYTF	TRBV2	TRBJ1-2
olga_random	olga_random_331	olga_ep11	CLVGLVFGNEKLTF	TRAV4	TRAJ48	CASSAENRLGSDTQYF	TRBV10-1	TRBJ2-3
olga_random	olga_random_332	olga_ep12	CAMTGSSNTGKLIF	TRAV12-3	TRAJ37	CASIGVPWVLNTEAFF	TRBV6-4	TRBJ1-1
olga_random	olga_random_333	olga_ep13	CAVQADGAAGNKLTF	TRAV20	TRAJ17	CASSRLLAGGLATHVNTEAFF	TRBV18	TRBJ1-1
olga_random	olga_random_334	olga_ep14	CAETTLYANDYKLSF	TRAV13-2	TRAJ20	CSVAPTVSVGQYYIGYTF	TRBV29-1	TRBJ1-2
olga_random	olga_random_335	olga_ep15	CATDFVTGGGNKLTF	TRAV17	TRAJ10	CASSRREETQYF	TRBV19	TRBJ2-5
olga_random	olga_random_336	olga_ep16	CGGFGQKLLF	TRAV1-1	TRAJ16	CASSSRVGLAGCEEETQYF	TRBV5-1	TRBJ2-5
olga_random	olga_random_337	olga_ep17	CAVPFGTNAGKSTF	TRAV8-1	TRAJ27	CASSLVQELFF	TRBV12-3	TRBJ2-2
olga_random	olga_random_338	olga_ep18	CAGPHGQNFVF	TRAV25	TRAJ26	CASSQAPEPSYEQYF	TRBV4-3	TRBJ2-7
olga_random	olga_random_339	olga_ep19	CATDLNSGGSNYKLTF	TRAV17	TRAJ53	CSVQASRGDHSTNEKLFF	TRBV20-1	TRBJ1-4
olga_random	olga_random_340	olga_ep00	CAASRDGNKLVF	TRAV23/DV6	TRAJ47	CASSYRGPGLSNQPQHF	TRBV11-2	TRBJ1-5
olga_random	olga_random_341	olga_ep01	CIVRLIINDMRF	TRAV26-1	TRAJ43	CAWMVGTGRAYEQYF	TRBV30	TRBJ2-7
olga_random	olga_random_342	olga_ep02	CALSGPYSSASKIIF	TRAV9-2	TRAJ3	CASSFGCSLFPLNEQFF	TRBV12-3	TRBJ2-1
olga_random	olga_random_343	olga_ep03	CAASIREAPGSSNTGKLIF	TRAV13-1	TRAJ37	CASSRAKGQGLFF	TRBV4-3	TRBJ1-4
olga_random	olga_random_344	olga_ep04	CAAPRGGADGLTF	TRAV29/DV5	TRAJ45	CASSGETSPQTGTYEQYF	TRBV13	TRBJ2-7
olga_random	olga_random_345	olga_ep05	CLVVTRNRDDKIIF	TRAV4	TRAJ30	CASNRGETEAFF	TRBV6-8	TRBJ1-1
olga_random	olga_random_346	olga_ep06	CAGGEATSYDKVIF	TRAV13-1	TRAJ50	CASRLPGSGANVLTF	TRBV7-2	TRBJ2-6
olga_random	olga_random_347	olga_ep07	CAVQAGSTNAGKSTF	TRAV20	TRAJ27	CASSMARRDGYTF	TRBV19	TRBJ1-2
olga_random	olga_random_348	olga_ep08	CLVGNQAGTALIF	TRAV4	TRAJ15	CASSWEAEGPHGYTF	TRBV7-4	TRBJ1-2
olga_random	olga_random_349	olga_ep09	CAASGGGADGLTF	TRAV13-1	TRAJ45	CASSWDRVGIQYF	TRBV5-1	TRBJ2-4
olga_random	olga_random_350	olga_ep10	CAYRSALYGGSQGNLIF	TRAV38-2/DV8	TRAJ42	CASSGYWGGLGNEQFF	TRBV5-6	TRBJ2-1
olga_random	olga_random_351	olga_ep11	CATLFHSPNRDDKIIF	TRAV17	TRAJ30	CASIRTGWVTNQPQHF	TRBV2	TRBJ1-5
olga_random	olga_random_352	olga_ep12	CAYRSTLPDQGGSEKLVF	TRAV38-2/DV8	TRAJ57	CASSDSNYAARGAIF	TRBV6-4	TRBJ2-1
olga_random	olga_random_353	olga_ep13	CAASILANDRPSARQLTF	TRAV13-1	TRAJ22	CASSQQRGGRGTDTQYF	TRBV4-2	TRBJ2-3
olga_random	olga_random_354	olga_ep14	CAGTPSMNRDDKIIF	TRAV27	TRAJ30	CASSPMVNWDRASYTIYF	TRBV7-2	TRBJ1-3
olga_random	olga_random_355	olga_ep15	CAVTSGDSNYQLIW	TRAV39	TRAJ33	CASTGADSNQPQHF	TRBV7-9	TRBJ1-5
olga_random	olga_random_356	olga_ep16	CIRDDKIIF	TRAV26-2	TRAJ30	CASSYSYCYEQYF	TRBV6-5	TRBJ2-7
olga_random	olga_random_357	olga_ep17	CAASPTGSARQLTF	TRAV23/DV6	TRAJ22	CASSQGEDRGTAFF	TRBV4-1	TRBJ1-1
olga_random	olga_random_358	olga_ep18	CAASDGNQFYF	TRAV13-1	TRAJ49	CATSRGARHQPQHF	TRBV15	TRBJ1-5
olga_random	olga_random_359	olga_ep19	CALDQNEKLTF	TRAV19	TRAJ48	CASSTPRRTGYPGMSTDTQYF	TRBV7-3	TRBJ2-3
olga_random	olga_random_360	olga_ep00	CALANQGGKLIF	TRAV9-2	TRAJ23	CASSWTGEIYGYTF	TRBV19	TRBJ1-2
olga_random	olga_random_361	olga_ep01	CAVRLPYSGGSEKLVF	TRAV21	TRAJ57	CSAEGQGGLNTEAFF	TRBV20-1	TRBJ1-1
olga_random	olga_random_362	olga_ep02	CAANPPTRGADGLTF	TRAV29/DV5	TRAJ45	CASSFARRQGMAGANVLTF	TRBV7-7	TRBJ2-6
olga_random	olga_random_363	olga_ep03	CALVIIQGAQKLVF	TRAV19	TRAJ54	CATSRDLGNLQGGNTEAFF	TRBV15	TRBJ1-1
olga_random	olga_random_364	olga_ep04	CALSGNHYQNNNDMRF	TRAV16	TRAJ43	CASSPQAQGDRAYEQYF	TRBV18	TRBJ2-7
olga_random	olga_random_365	olga_ep05	CLVGNENQGGKLIF	TRAV4	TRAJ23	CATSEGGWGNEQFF	TRBV24-1	TRBJ2-1
olga_random	olga_random_366	olga_ep06	CAEISSGSARQLTF	TRAV1-1	TRAJ22	CASTGEVDTGELFF	TRBV10-1	TRBJ2-2
olga_random	olga_random_367	olga_ep07	CAMREPSGGGADGLTF	TRAV14/DV4	TRAJ45	CASSHSIGPDIQYF	TRBV4-1	TRBJ2-4
olga_random	olga_random_368	olga_ep08	CVVSAPGGAGSYQLTF	TRAV10	TRAJ28	CASRGQGYEQYF	TRBV25-1	TRBJ2-7
olga_random	olga_random_369	olga_ep09	CAVERRSSASKIIF	TRAV22	TRAJ3	CATIAGDRGDVSALHF	TRBV24-1	TRBJ1-6
olga_random	olga_random_370	olga_ep10	CAVGGGGSQGNLIF	TRAV8-3	TRAJ42	CASSRKRGPRTYEQYF	TRBV6-6	TRBJ2-7
olga_random	olga_random_371	olga_ep11	CAFSTSGTYKYIF	TRAV38-2/DV8	TRAJ40	CSARETYRGRSYEQYF	TRBV20-1	TRBJ2-7
olga_random	olga_random_372	olga_ep12	CAERANQAGTALIF	TRAV5	TRAJ15	CASSQVPGTLATGELFF	TRBV4-3	TRBJ2-2
olga_random	olga_random_373	olga_ep13	CAVNAKGYNNAGNMLTF	TRAV8-1	TRAJ39	CASSRPPEGGRCTDTQYF	TRBV13	TRBJ2-3
olga_random	olga_random_374	olga_ep14	CVERAHQAGTALIF	TRAV10	TRAJ15	CASNSPRLYGYTF	TRBV28	TRBJ1-2
olga_random	olga_random_375	olga_ep15	CAASSGKYGNKLVF	TRAV29/DV5	TRAJ47	CASSAHRSVETQYF	TRBV5-1	TRBJ2-5
olga_random	olga_random_376	olga_ep16	CAASIFPQSSGDKLTF	TRAV13-1	TRAJ46	CASSYTTPGVKQYF	TRBV6-5	TRBJ2-7
olga_random	olga_random_377	olga_ep17	CAASRVKEYGNKLVF	TRAV13-1	TRAJ47	CGSPRTGKETQYF	TRBV7-9	TRBJ2-5
olga_random	olga_random_378	olga_ep18	CHPPNFGNEKLTF	TRAV27	TRAJ48	CASSIEAVLGNTIYF	TRBV19	TRBJ1-3
olga_random	olga_random_379	olga_ep19	CGYKLSF	TRAV4	TRAJ20	CATLEPKNIQYF	TRBV24-1	TRBJ2-4
olga_random	olga_random_380	olga_ep00	CALSEKAAGNKLTF	TRAV19	TRAJ17	CASNSMMDREPVCNYGYTF	TRBV9	TRBJ1-2
olga_random	olga_random_381	olga_ep01	CVVPEFNAGNMLTF	TRAV12-1	TRAJ39	CASSPMDRAGTFSGGETQYF	TRBV6-8	TRBJ2-5
olga_random	olga_random_382	olga_ep02	CAAPNDYKLSF	TRAV29/DV5	TRAJ20	CAIIVCPKPGTGKEPGYEQYF	TRBV6-1	TRBJ2-7
olga_random	olga_random_383	olga_ep03	CAGENLAGNMLTF	TRAV27	TRAJ39	CASSCGQGTGPPYGYTF	TRBV7-9	TRBJ1-2
olga_random	olga_random_384	olga_ep04	CAVNLQAGTALIF	TRAV1-1	TRAJ15	CASSWAGLAGGNQPQHF	TRBV7-9	TRBJ1-5
olga_random	olga_random_385	olga_ep05	CALRCPCGATNKLIF	TRAV9-2	TRAJ32	CASSRGGARVRPYNEQFF	TRBV6-2	TRBJ2-1
olga_random	olga_random_386	olga_ep06	CAMFCRGYSSASKIIF	TRAV12-3	TRAJ3	CSARETTGTNYGYTF	TRBV20-1	TRBJ1-2
olga_random	olga_random_387	olga_ep07	CAARRGGGNKLTF	TRAV13-1	TRAJ10	CSARSRADYGYTF	TRBV20-1	TRBJ1-2
olga_random	olga_random_388	olga_ep08	CAESKENAGNMLTF	TRAV13-2	TRAJ39	CASSLGTLGSWLYEQYF	TRBV11-3	TRBJ2-7
olga_random	olga_random_389	olga_ep09	CAVQVSNQAGTALIF	TRAV20	TRAJ15	CASSYGGRF	TRBV9	TRBJ1-2
olga_random	olga_random_390	olga_ep10	CAALDTGRRALTF	TRAV13-1	TRAJ5	CASSYIVGYEQYF	TRBV6-5	TRBJ2-7
olga_random	olga_random_391	olga_ep11	CAASAQAGTALIF	TRAV29/DV5	TRAJ15	CSVVTLDRGRRIHSGANVLTF	TRBV29-1	TRBJ2-6
olga_random	olga_random_392	olga_ep12	CAARYGGATNKLIF	TRAV1-2	TRAJ32	CASSSWTGDEQYF	TRBV13	TRBJ2-7
olga_random	olga_random_393	olga_ep13	CALILYSSASKIIF	TRAV9-2	TRAJ3	CASSLGQGATYGYTF	TRBV11-2	TRBJ1-2
olga_random	olga_random_394	olga_ep14	CVVSEGYSGGGADGLTF	TRAV8-2	TRAJ45	CASSEVSCEQYF	TRBV12-3	TRBJ2-7
olga_random	olga_random_395	olga_ep15	CLVDPVGSSNTGKLIF	TRAV4	TRAJ37	CASSAQASNQPQHF	TRBV11-3	TRBJ1-5
olga_random	olga_random_396	olga_ep16	CAVRGNNAGNNRKLIW	TRAV1-2	TRAJ38	CASRQREWGAGGEQYF	TRBV13	TRBJ2-7
olga_random	olga_random_397	olga_ep17	CAAQAGTALIF	TRAV13-2	TRAJ15	CASSPVPGLAGVYEQYF	TRBV13	TRBJ2-7
olga_random	olga_random_398	olga_ep18	CAVGSRDRTASGGSNYKLTF	TRAV21	TRAJ53	CASSNPGGGNTEAFF	TRBV7-4	TRBJ1-1
olga_random	olga_random_399	olga_ep19	CAGQGRGSTLGRLYF	TRAV35	TRAJ18	CASRGLSPGTGPILETINTGELFF	TRBV2	TRBJ2-2
olga_random	olga_random_400	olga_ep00	CAGVLNAGKSTF	TRAV25	TRAJ27	CSARQDSQRSRDVF	TRBV20-1	TRBJ2-1
olga_random	olga_random_401	olga_ep01	CALSEALVGGATNKLIF	TRAV19	TRAJ32	CASSEFGRASYEQYF	TRBV25-1	TRBJ2-7
olga_random	olga_random_402	olga_ep02	CAVEAVRNNAGNMLTF	TRAV2	TRAJ39	CASSVVAGLKYNEQFF	TRBV9	TRBJ2-1
olga_random	olga_random_403	olga_ep03	CALSANFGGATNKLIF	TRAV16	TRAJ32	CASSVPDRTHSGNTIYF	TRBV10-1	TRBJ1-3
olga_random	olga_random_404	olga_ep04	CARPGKAAGNKLTF	TRAV13-2	TRAJ17	CASSRKGRLNGYYEQYF	TRBV3-1	TRBJ2-7
olga_random	olga_random_405	olga_ep05	CAASNTGFQKLVF	TRAV23/DV6	TRAJ8	CASSYFCGQGKQFF	TRBV6-9	TRBJ2-1
olga_random	olga_random_406	olga_ep06	CLVALDLSMDTGRRALTF	TRAV4	TRAJ5	CSAETGCRNTEAFF	TRBV20-1	TRBJ1-1
olga_random	olga_random_407	olga_ep07	CALTASGGSYIPTF	TRAV9-2	TRAJ6	CASSAMGLNTEAFF	TRBV5-6	TRBJ1-1
olga_random	olga_random_408	olga_ep08	CAVNIENYGGSQGNLIF	TRAV12-2	TRAJ42	CARQTDPNEQFF	TRBV19	TRBJ2-1
olga_random	olga_random_409	olga_ep09	CALSMDSSYKLIF	TRAV19	TRAJ12	CASSWDLMIATEAFF	TRBV5-4	TRBJ1-1
olga_random	olga_random_410	olga_ep10	CAVDTGDDKIIF	TRAV39	TRAJ30	CASSSLLDGTEAFF	TRBV7-9	TRBJ1-1
olga_random	olga_random_411	olga_ep11	CLVGGNQFYF	TRAV4	TRAJ49	CASSIAGQDNQPQHF	TRBV5-8	TRBJ1-5
olga_random	olga_random_412	olga_ep12	CAGQLFNYGQNFVF	TRAV35	TRAJ26	CASTTGAADTQYF	TRBV5-1	TRBJ2-3
olga_random	olga_random_413	olga_ep13	CVVSAADKIIF	TRAV10	TRAJ30	CASSRPGGYEQYF	TRBV13	TRBJ2-7
olga_random	olga_random_414	olga_ep14	CAAPSDSGNTPLVF	TRAV23/DV6	TRAJ29	CATSAELAAFYNEKLFF	TRBV15	TRBJ1-4
olga_random	olga_random_415	olga_ep15	CAVDSMEYGNKLVF	TRAV39	TRAJ47	CASRSTGGEQYF	TRBV10-1	TRBJ2-7
olga_random	olga_random_416	olga_ep16	CIVRVAPGSSNTGKLIF	TRAV26-1	TRAJ37	CSARGDEQYF	TRBV20-1	TRBJ2-7
olga_random	olga_random_417	olga_ep17	CASYSGAGSYQLTF	TRAV21	TRAJ28	CASKSYFGKTQYF	TRBV13	TRBJ2-5
olga_random	olga_random_418	olga_ep18	CAEKTHQTGANNLFF	TRAV13-2	TRAJ36	CASSRPERQYF	TRBV19	TRBJ2-7
olga_random	olga_random_419	olga_ep19	CATGIGGSNYKLTF	TRAV17	TRAJ53	CASSAIPGTVGNTEAFF	TRBV7-4	TRBJ1-1
olga_random	olga_random_420	olga_ep00	CAVRSERGADGLTF	TRAV2	TRAJ45	CASRRAQGLLNYEQYF	TRBV6-4	TRBJ2-7
olga_random	olga_random_421	olga_ep01	CVVSFFKAAGNKLTF	TRAV10	TRAJ17	CASSYSLLGQGHRNEQFF	TRBV6-6	TRBJ2-1
olga_random	olga_random_422	olga_ep02	CAVEQLYTGANSKLTF	TRAV36/DV7	TRAJ56	CASRTGGETQYF	TRBV19	TRBJ2-5
olga_random	olga_random_423	olga_ep03	CAYSVKEGGSNYKLTF	TRAV38-2/DV8	TRAJ53	CARDRGGSDWHGELFF	TRBV10-3	TRBJ2-2
olga_random	olga_random_424	olga_ep04	CLVGAYTGRRALTF	TRAV4	TRAJ5	CASRAYQVLYTF	TRBV10-1	TRBJ1-2
olga_random	olga_random_425	olga_ep05	CAMREGATNKLIF	TRAV14/DV4	TRAJ32	CASSQDLQGRDQETQYF	TRBV3-1	TRBJ2-5
olga_random	olga_random_426	olga_ep06	CAVEALSNAGNMLTF	TRAV36/DV7	TRAJ39	CASSWDRGLDTEAFF	TRBV11-3	TRBJ1-1
olga_random	olga_random_427	olga_ep07	CALDILGTGGGNKLTF	TRAV6	TRAJ10	CSARGFRDREVATSTANEKLFF	TRBV20-1	TRBJ1-4
olga_random	olga_random_428	olga_ep08	CLVSEAGPYNTDKLIF	TRAV4	TRAJ34	CASYQRDGTGYTF	TRBV6-4	TRBJ1-2
olga_random	olga_random_429	olga_ep09	CACEEYGNKLVF	TRAV13-1	TRAJ47	CASSPSGGLNAYNEQFF	TRBV28	TRBJ2-1
olga_random	olga_random_430	olga_ep10	CAVVSANNDMRF	TRAV22	TRAJ43	CASSNQVYGYTF	TRBV7-9	TRBJ1-2
olga_random	olga_random_431	olga_ep11	CACEPGGGADGLTF	TRAV38-2/DV8	TRAJ45	CASPVQGAELSNSYEQYF	TRBV6-4	TRBJ2-7
olga_random	olga_random_432	olga_ep12	CAENRGGSQGNLIF	TRAV13-2	TRAJ42	CASGLNTGGIAFF	TRBV12-5	TRBJ1-1
olga_random	olga_random_433	olga_ep13	CAEIGYRGRLMF	TRAV13-2	TRAJ31	CASSHSERLREMNTEAFF	TRBV9	TRBJ1-1
olga_random	olga_random_434	olga_ep14	CAENIEKLTF	TRAV13-2	TRAJ48	CASSLWGAGELFF	TRBV7-3	TRBJ2-2
olga_random	olga_random_435	olga_ep15	CAASGYNNNDMRF	TRAV29/DV5	TRAJ43	CASLARQGAYEQYF	TRBV7-3	TRBJ2-7
olga_random	olga_random_436	olga_ep16	CAEGDGNQFYF	TRAV29/DV5	TRAJ49	CASSDSIGQKPQETQYF	TRBV6-4	TRBJ2-5
olga_random	olga_random_437	olga_ep17	CAYRSHSCKAAGNKLTF	TRAV38-2/DV8	TRAJ17	CASSRTGGTSETQYF	TRBV27	TRBJ2-5
olga_random	olga_random_438	olga_ep18	CAATTCMDTGRRALTF	TRAV13-1	TRAJ5	CASSQIGTTEAFF	TRBV14	TRBJ1-1
olga_random	olga_random_439	olga_ep19	CIVRAGNTGGFKTIF	TRAV26-1	TRAJ9	CSAGPGVSDSKNTEAFF	TRBV20-1	TRBJ1-1
olga_random	olga_random_440	olga_ep00	CAASVPGNQFYF	TRAV29/DV5	TRAJ49	CASSTDRVRSRPGYTF	TRBV27	TRBJ1-2
olga_random	olga_random_441	olga_ep01	CAPKSSGDKLTF	TRAV19	TRAJ46	CASRGRSGGNTGELFF	TRBV2	TRBJ2-2
olga_random	olga_random_442	olga_ep02	CAVIRNRDDKIIF	TRAV1-1	TRAJ30	CSGALHGGPYGYTF	TRBV29-1	TRBJ1-2
olga_random	olga_random_443	olga_ep03	CAEKGSEQGGSEKLVF	TRAV13-2	TRAJ57	CASSLGQEEEKLFF	TRBV7-3	TRBJ1-4
olga_random	olga_random_444	olga_ep04	CVVNMNSGYSTLTF	TRAV12-1	TRAJ11	CASSNLGQGETQYF	TRBV19	TRBJ2-5
olga_random	olga_random_445	olga_ep05	CALNSYNAGNMLTF	TRAV6	TRAJ39	CASSQDVGGSFGQGESTDTQYF	TRBV3-1	TRBJ2-3
olga_random	olga_random_446	olga_ep06	CAAVRGQNFVF	TRAV29/DV5	TRAJ26	CASSLRRGRGQPQHF	TRBV28	TRBJ1-5
olga_random	olga_random_447	olga_ep07	CAALTGANNLFF	TRAV23/DV6	TRAJ36	CASSVTGIWTGRLGYTF	TRBV13	TRBJ1-2
olga_random	olga_random_448	olga_ep08	CAASALNSGGSYIPTF	TRAV29/DV5	TRAJ6	CASQSDRVTLGYEQYF	TRBV6-5	TRBJ2-7
olga_random	olga_random_449	olga_ep09	CIVRVVISGGGADGLTF	TRAV26-1	TRAJ45	CASSVRGKPQHF	TRBV11-2	TRBJ1-5
olga_random	olga_random_450	olga_ep10	CAGPASGGYNKLIF	TRAV13-2	TRAJ4	CARVLADLYEQYF	TRBV10-1	TRBJ2-7
olga_random	olga_random_451	olga_ep11	CAATDSGYALNF	TRAV13-1	TRAJ41	CASEGAHLETQYF	TRBV10-1	TRBJ2-5
olga_random	olga_random_452	olga_ep12	CATDTTPPYTGANSKLTF	TRAV17	TRAJ56	CASTCKAGGMGTDTQYF	TRBV19	TRBJ2-3
olga_random	olga_random_453	olga_ep13	CAARRECVSGGYNKLIF	TRAV13-1	TRAJ4	CASSPMGLASGASEQYF	TRBV18	TRBJ2-7
olga_random	olga_random_454	olga_ep14	CAGDYIPTF	TRAV24	TRAJ6	CAAGPGPAFF	TRBV12-5	TRBJ1-1
olga_random	olga_random_455	olga_ep15	CAEAGSSNTGKLIF	TRAV13-2	TRAJ37	CALPTGNTEAFF	TRBV7-4	TRBJ1-1
olga_random	olga_random_456	olga_ep16	CALITPPSRGSTLGRLYF	TRAV19	TRAJ18	CAWKPNRGARGQFF	TRBV30	TRBJ2-1
olga_random	olga_random_457	olga_ep17	CALSEAPGSSNTGKLIF	TRAV19	TRAJ37	CSARTLAIYF	TRBV20-1	TRBJ1-3
olga_random	olga_random_458	olga_ep18	CAASVRSQGNLIF	TRAV13-1	TRAJ42	CASSAERRATYEQYF	TRBV10-1	TRBJ2-7
olga_random	olga_random_459	olga_ep19	CAALNNAGNMLTF	TRAV13-1	TRAJ39	CAWSEKTSGLLNSSYNEQFF	TRBV30	TRBJ2-1
olga_random	olga_random_460	olga_ep00	CAVGLGNSGNTPLVF	TRAV21	TRAJ29	CASGCGIGTGPHQPQHF	TRBV12-5	TRBJ1-5
olga_random	olga_random_461	olga_ep01	CAADPGSARQLTF	TRAV25	TRAJ22	CASSAGTGWIKNIQYF	TRBV13	TRBJ2-4
olga_random	olga_random_462	olga_ep02	CAVPPNNARLMF	TRAV21	TRAJ31	CASGLKLHLQTGTEAFF	TRBV12-5	TRBJ1-1
olga_random	olga_random_463	olga_ep03	CAGQLSSGGSNYKLTF	TRAV35	TRAJ53	CGSWYPGTGIQYF	TRBV24-1	TRBJ2-4
olga_random	olga_random_464	olga_ep04	CAMREGGYSTLTF	TRAV14/DV4	TRAJ11	CASRKPRLAETQYF	TRBV5-4	TRBJ2-5
olga_random	olga_random_465	olga_ep05	CAAVKGGGNKLTF	TRAV27	TRAJ10	CASSYHADPGQPQHF	TRBV9	TRBJ1-5
olga_random	olga_random_466	olga_ep06	CAVTKGSGSARQLTF	TRAV1-1	TRAJ22	CASSRVQDEQYF	TRBV6-4	TRBJ2-7
olga_random	olga_random_467	olga_ep07	CAYRSRNGANSKLTF	TRAV38-2/DV8	TRAJ56	CASTRPIVTYNEQFF	TRBV19	TRBJ2-1
olga_random	olga_random_468	olga_ep08	CADVTHSGSARQLTF	TRAV13-2	TRAJ22	CASSPVAEAEQYF	TRBV18	TRBJ2-7
olga_random	olga_random_469	olga_ep09	CAVQALRDRGSTLGRLYF	TRAV20	TRAJ18	CASREAGFTDTQYF	TRBV6-1	TRBJ2-3
olga_random	olga_random_470	olga_ep10	CAASRYSSASKIIF	TRAV23/DV6	TRAJ3	CASREQGEGGELFF	TRBV2	TRBJ2-2
olga_random	olga_random_471	olga_ep11	CAASPYNQGGKLIF	TRAV13-1	TRAJ23	CSAQAEQYF	TRBV20-1	TRBJ2-7
olga_random	olga_random_472	olga_ep12	CAASVDTGKLIF	TRAV29/DV5	TRAJ37	CASTQISNEKLFF	TRBV12-3	TRBJ1-4
olga_random	olga_random_473	olga_ep13	CAVNTGGFKTIF	TRAV21	TRAJ9	CSVCQVYEKLFF	TRBV29-1	TRBJ1-4
olga_random	olga_random_474	olga_ep14	CAVSARGSEMDSNYQLIW	TRAV1-1	TRAJ33	CASSVARGKDTGELFF	TRBV9	TRBJ2-2
olga_random	olga_random_475	olga_ep15	CAIQGEYNQGGKLIF	TRAV14/DV4	TRAJ23	CASSEGQGSASGANVLTF	TRBV9	TRBJ2-6
olga_random	olga_random_476	olga_ep16	CLVGANSGNTPLVF	TRAV4	TRAJ29	CASSDSGRQGFGELFF	TRBV10-2	TRBJ2-2
olga_random	olga_random_477	olga_ep17	CASYSSASKIIF	TRAV17	TRAJ3	CATSDNTANGMNTEAFF	TRBV24-1	TRBJ1-1
olga_random	olga_random_478	olga_ep18	CALSRRSQGNLIF	TRAV19	TRAJ42	CASSPFRHNTEAFF	TRBV18	TRBJ1-1
olga_random	olga_random_479	olga_ep19	CAAAYGNEKLTF	TRAV13-1	TRAJ48	CATSDLVGSTTGTGREKLFF	TRBV24-1	TRBJ1-4
olga_random	olga_random_480	olga_ep00	CAVTRRDKLIF	TRAV21	TRAJ34	CASSQVLGPEDTGELFF	TRBV4-1	TRBJ2-2
olga_random	olga_random_481	olga_ep01	CVVDGNNRLAF	TRAV12-1	TRAJ7	CASSVGRLADTQYF	TRBV9	TRBJ2-3
olga_random	olga_random_482	olga_ep02	CALSRKSWGYQKVTF	TRAV19	TRAJ13	CARPNDFYEQYF	TRBV27	TRBJ2-7
olga_random	olga_random_483	olga_ep03	CATNRLMTSNDMRF	TRAV17	TRAJ43	CASSLRPPGELFF	TRBV11-2	TRBJ2-2
olga_random	olga_random_484	olga_ep04	CAVGGSPTGGFKTIF	TRAV1-1	TRAJ9	CASSGTSGNEQFF	TRBV7-9	TRBJ2-1
olga_random	olga_random_485	olga_ep05	CAASGARNAGNNRKLIW	TRAV13-1	TRAJ38	CASSGQGNQPQHF	TRBV13	TRBJ1-5
olga_random	olga_random_486	olga_ep06	CIVRVGANDSWGKLQF	TRAV26-1	TRAJ24	CASSGPGLGTGELFF	TRBV28	TRBJ2-2
olga_random	olga_random_487	olga_ep07	CAGARRGMEYGNKLVF	TRAV27	TRAJ47	CASSRPRIVSNEQFF	TRBV7-3	TRBJ2-1
olga_random	olga_random_488	olga_ep08	CAVSSNDYKLSF	TRAV1-2	TRAJ20	CSVVPVCHSPLHF	TRBV29-1	TRBJ1-6
olga_random	olga_random_489	olga_ep09	CAATSYSGGGADGLTF	TRAV29/DV5	TRAJ45	CASSKGHGETQYF	TRBV7-9	TRBJ2-5
olga_random	olga_random_490	olga_ep10	CAAGQDLENTDKLIF	TRAV13-1	TRAJ34	CASSPLDRAEWNYGYTF	TRBV5-1	TRBJ1-2
olga_random	olga_random_491	olga_ep11	CACLKAGGYNKLIF	TRAV25	TRAJ4	CASSSAFNEIAKNIQYF	TRBV7-3	TRBJ2-4
olga_random	olga_random_492	olga_ep12	CAENSSGNQFYF	TRAV13-2	TRAJ49	CASSFGSCNQPQHF	TRBV19	TRBJ1-5
olga_random	olga_random_493	olga_ep13	CAVGVIKTYNTDKLIF	TRAV21	TRAJ34	CASNLRVLYEQYF	TRBV6-8	TRBJ2-7
olga_random	olga_random_494	olga_ep14	CAVGKFGGATNKLIF	TRAV36/DV7	TRAJ32	CASSDRGGRTEAFF	TRBV25-1	TRBJ1-1
olga_random	olga_random_495	olga_ep15	CALIWSPQGGSEKLVF	TRAV16	TRAJ57	CAWILPPGNTEAFF	TRBV30	TRBJ1-1
olga_random	olga_random_496	olga_ep16	CAPGSNYKLTF	TRAV12-3	TRAJ53	CASSPGLGENTEAFF	TRBV7-3	TRBJ1-1
olga_random	olga_random_497	olga_ep17	CVSGNTPLVF	TRAV36/DV7	TRAJ29	CACLTSGSESSYNEQFF	TRBV30	TRBJ2-1
olga_random	olga_random_498	olga_ep18	CVVGAGTGGGNKLTF	TRAV10	TRAJ10	CASRGGARGGSGTDTQYF	TRBV6-4	TRBJ2-3
olga_random	olga_random_499	olga_ep19	CAESEYYGQNFVF	TRAV13-2	TRAJ26	CASRGKIRHEKLFF	TRBV19	TRBJ1-4
olga_random	olga_random_500	olga_ep00	CESGGSYIPTF	TRAV17	TRAJ6	CASGGPQHF	TRBV7-3	TRBJ1-5
olga_random	olga_random_501	olga_ep01	CALTRVGASKIIF	TRAV9-2	TRAJ3	CSASVPSSNEKLFF	TRBV20-1	TRBJ1-4
olga_random	olga_random_502	olga_ep02	CAAHSSASKIIF	TRAV13-1	TRAJ3	CASSVPGGKTPLHF	TRBV6-1	TRBJ1-6
olga_random	olga_random_503	olga_ep03	CLLGFEASGTYKYIF	TRAV40	TRAJ40	CASTQIEVWYF	TRBV27	TRBJ2-7
olga_random	olga_random_504	olga_ep04	CAVTSSNTGKLIF	TRAV21	TRAJ37	CASPPGGRSVTEAFF	TRBV27	TRBJ1-1
olga_random	olga_random_505	olga_ep05	CAYRSDNQGGKLIF	TRAV38-2/DV8	TRAJ23	CASSPGSYGYTF	TRBV13	TRBJ1-2
olga_random	olga_random_506	olga_ep06	CAASISTLTF	TRAV13-1	TRAJ11	CASRTGTGVNYEQYF	TRBV6-2	TRBJ2-7
olga_random	olga_random_507	olga_ep07	CVVMEKLTF	TRAV12-1	TRAJ48	CASRVGGTGVDGYTF	TRBV25-1	TRBJ1-2
olga_random	olga_random_508	olga_ep08	CAGLAWGWGGNDYKLSF	TRAV25	TRAJ20	CASSRSYNEQFF	TRBV12-4	TRBJ2-1
olga_random	olga_random_509	olga_ep09	CAMREEFFTGGGNKLTF	TRAV14/DV4	TRAJ10	CSARDSRDRKLNTGELFF	TRBV20-1	TRBJ2-2
olga_random	olga_random_510	olga_ep10	CAYRPDHKLVF	TRAV38-2/DV8	TRAJ47	CATSDFLRSNYGYTF	TRBV24-1	TRBJ1-2
olga_random	olga_random_511	olga_ep11	CAGRVENFGNEKLTF	TRAV25	TRAJ48	CASPGLADEQFF	TRBV9	TRBJ2-1
olga_random	olga_random_512	olga_ep12	CAASSGGSNYKLTF	TRAV13-1	TRAJ53	CASSTRWRAGNEQFF	TRBV6-2	TRBJ2-1
olga_random	olga_random_513	olga_ep13	CALSEAWVATNAGKSTF	TRAV19	TRAJ27	CASIRQDETQYF	TRBV9	TRBJ2-5
olga_random	olga_random_514	olga_ep14	CYPMDSNYQLIW	TRAV27	TRAJ33	CASSTPKLLTNYGYTF	TRBV7-3	TRBJ1-2
olga_random	olga_random_515	olga_ep15	CIVREGCFGNEKLTF	TRAV26-1	TRAJ48	CASSETSWGGDF	TRBV6-1	TRBJ2-7
olga_random	olga_random_516	olga_ep16	CALHSGGSNYKLTF	TRAV9-2	TRAJ53	CASNGIADISEQYF	TRBV10-1	TRBJ2-7
olga_random	olga_random_517	olga_ep17	CAPGSGTYKYIF	TRAV36/DV7	TRAJ40	CASSGAGNTGELFF	TRBV4-1	TRBJ2-2
olga_random	olga_random_518	olga_ep18	CAENILSDYKLSF	TRAV13-2	TRAJ20	CASEGGETQYF	TRBV19	TRBJ2-5
olga_random	olga_random_519	olga_ep19	CAVYQGAQKLVF	TRAV13-1	TRAJ54	CASSLPTSGSAQPQHF	TRBV7-3	TRBJ1-5
olga_random	olga_random_520	olga_ep00	CALSGLTGNNAGNMLTF	TRAV19	TRAJ39	CAINRLLPGLAGESTGELFF	TRBV10-3	TRBJ2-2
olga_random	olga_random_521	olga_ep01	CLVGDDGPGSARQLTF	TRAV4	TRAJ22	CASAEPHSCGNTEAFF	TRBV19	TRBJ1-1
olga_random	olga_random_522	olga_ep02	CAAIPGNQFYF	TRAV13-1	TRAJ49	CASSPFGDDTQYF	TRBV9	TRBJ2-3
olga_random	olga_random_523	olga_ep03	CAENASNDYKLSF	TRAV13-2	TRAJ20	CASSLGRMGSATNEKLFF	TRBV7-4	TRBJ1-4
olga_random	olga_random_524	olga_ep04	CAEPYNQGGKLIF	TRAV5	TRAJ23	CATSDGGGMETLRDF	TRBV24-1	TRBJ2-5
olga_random	olga_random_525	olga_ep05	CVPLMRF	TRAV10	TRAJ43	CASQGQGGVYNSPLHF	TRBV11-1	TRBJ1-6
olga_random	olga_random_526	olga_ep06	CAGQSYTGKLIF	TRAV35	TRAJ37	CASSGPTSAMPTGLYEQYF	TRBV6-5	TRBJ2-7
olga_random	olga_random_527	olga_ep07	CAEKKGGKLIF	TRAV13-2	TRAJ23	CASSLVAGEAGYTF	TRBV7-3	TRBJ1-2
olga_random	olga_random_528	olga_ep08	CAVGESLNGAGSYQLTF	TRAV8-3	TRAJ28	CASILETAYEQYF	TRBV6-4	TRBJ2-7
olga_random	olga_random_529	olga_ep09	CAGSGGATNKLIF	TRAV35	TRAJ32	CASSFTGSTYEQYF	TRBV13	TRBJ2-7
olga_random	olga_random_530	olga_ep10	CAVEWISNFGNEKLTF	TRAV20	TRAJ48	CATGSEQGTKCTDTQYF	TRBV24-1	TRBJ2-3
olga_random	olga_random_531	olga_ep11	CASITGGFKTIF	TRAV6	TRAJ9	CASSDPSRSTDTQYF	TRBV6-4	TRBJ2-3
olga_random	olga_random_532	olga_ep12	CAGGGTHSGGSNYKLTF	TRAV27	TRAJ53	CASGWKIRGVTGELFF	TRBV12-5	TRBJ2-2
olga_random	olga_random_533	olga_ep13	CALRVTSGGSYIPTF	TRAV16	TRAJ6	CSQAGNPNQPQHF	TRBV20-1	TRBJ1-5
olga_random	olga_random_534	olga_ep14	CGTEPVSCDRGSTLGRLYF	TRAV30	TRAJ18	CASSARNDEQYF	TRBV19	TRBJ2-7
olga_random	olga_random_535	olga_ep15	CAGCRRTNTGNQFYF	TRAV29/DV5	TRAJ49	CASSEKRAGGRVNTEAFF	TRBV27	TRBJ1-1
olga_random	olga_random_536	olga_ep16	CAVEDKDSNYQLIW	TRAV2	TRAJ33	CASSLRTDGYNEQFF	TRBV7-6	TRBJ2-1
olga_random	olga_random_537	olga_ep17	CIEPGTASKLTF	TRAV26-1	TRAJ44	CASSGTGTGTDTQYF	TRBV10-2	TRBJ2-3
olga_random	olga_random_538	olga_ep18	CARTQGGSEKLVF	TRAV12-3	TRAJ57	CASSAGRGSNQPQHF	TRBV7-3	TRBJ1-5
olga_random	olga_random_539	olga_ep19	CAGASGTYKYIF	TRAV27	TRAJ40	CASSFGGHSPLHF	TRBV5-6	TRBJ1-6
olga_random	olga_random_540	olga_ep00	CAETSNDYKLSF	TRAV5	TRAJ20	CASSQAQNPRQSSYEQYF	TRBV4-3	TRBJ2-7
olga_random	olga_random_541	olga_ep01	CAAKFRNTPLVF	TRAV13-1	TRAJ29	CASSSAGNTIYF	TRBV7-2	TRBJ1-3
olga_random	olga_random_542	olga_ep02	CAETLIYNQGGKLIF	TRAV13-2	TRAJ23	CASSTTGTGGGNQPQHF	TRBV7-9	TRBJ1-5
olga_random	olga_random_543	olga_ep03	CAGPDSNSGYALNF	TRAV25	TRAJ41	CSAREGAPQHF	TRBV20-1	TRBJ1-5
olga_random	olga_random_544	olga_ep04	CADKRPSGGSYIPTF	TRAV13-2	TRAJ6	CASSGSFPYGGGHYEQYF	TRBV9	TRBJ2-7
olga_random	olga_random_545	olga_ep05	CASASGAGSYQLTF	TRAV21	TRAJ28	CASSPRTPRLAGEIYEQYF	TRBV6-1	TRBJ2-7
olga_random	olga_random_546	olga_ep06	CIVRVEGFGNEKLTF	TRAV26-1	TRAJ48	CASRDRGPLIHGVNTEAFF	TRBV6-4	TRBJ1-1
olga_random	olga_random_547	olga_ep07	CAMNSAAGNKLTF	TRAV12-3	TRAJ17	CAIIPNRTGRGRNEQFF	TRBV10-3	TRBJ2-1
olga_random	olga_random_548	olga_ep08	CAENNSGNTPLVF	TRAV13-2	TRAJ29	CASSGTSGGNTGELFF	TRBV6-5	TRBJ2-2
olga_random	olga_random_549	olga_ep09	CAVSDSNTGKLIF	TRAV21	TRAJ37	CASRTGRTHTGELFF	TRBV12-4	TRBJ2-2
olga_random	olga_random_550	olga_ep10	CAASIRPSGTYKYIF	TRAV13-1	TRAJ40	CASSREPGQNTGELFF	TRBV5-5	TRBJ2-2
olga_random	olga_random_551	olga_ep11	CAMRELGTYKYIF	TRAV14/DV4	TRAJ40	CSASVAGFLTTQHF	TRBV20-1	TRBJ1-5
olga_random	olga_random_552	olga_ep12	CALDMDSNYQLIW	TRAV9-2	TRAJ33	CASSRASTHPLRDRGTQHF	TRBV27	TRBJ1-5
olga_random	olga_random_553	olga_ep13	CAVTTLGAGKSTF	TRAV12-2	TRAJ27	CASSSRSSYGYTF	TRBV12-3	TRBJ1-2
olga_random	olga_random_554	olga_ep14	CAASTHGSSNTGKLIF	TRAV23/DV6	TRAJ37	CASSQMGLDETQYF	TRBV6-3	TRBJ2-5
olga_random	olga_random_555	olga_ep15	CVVTRAAGNKLTF	TRAV10	TRAJ17	CASSKEGTGEGRANVLTF	TRBV9	TRBJ2-6
olga_random	olga_random_556	olga_ep16	CAASRKAASKIIF	TRAV13-1	TRAJ3	CASRDFRTGTSGRKNTGELFF	TRBV6-5	TRBJ2-2
olga_random	olga_random_557	olga_ep17	CAGPGPSGSQGNLIF	TRAV27	TRAJ42	CATSALEFYNEQFF	TRBV24-1	TRBJ2-1
olga_random	olga_random_558	olga_ep18	CAASGLTGGGNKLTF	TRAV13-1	TRAJ10	CASSCLAIYKVDTQYF	TRBV12-4	TRBJ2-3
olga_random	olga_random_559	olga_ep19	CATGNASKLTF	TRAV17	TRAJ44	CASSPDRGPYHSNQPQHF	TRBV7-9	TRBJ1-5
olga_random	olga_random_560	olga_ep00	CAYRRGGGYQKVTF	TRAV38-2/DV8	TRAJ13	CASSFLQRGRLYNEQFF	TRBV5-1	TRBJ2-1
olga_random	olga_random_561	olga_ep01	CAAFGTCTGTASKLTF	TRAV12-2	TRAJ44	CARRAHTGELFF	TRBV6-4	TRBJ2-2
olga_random	olga_random_562	olga_ep02	CAAKLNDYKLSF	TRAV29/DV5	TRAJ20	CASSCRGPVGYTF	TRBV11-3	TRBJ1-2
olga_random	olga_random_563	olga_ep03	CAQGNDYKLSF	TRAV9-2	TRAJ20	CASSKYPSGISRNTGELFF	TRBV5-1	TRBJ2-2
olga_random	olga_random_564	olga_ep04	CAEKELSF	TRAV13-2	TRAJ20	CASGFRDSRTGELFF	TRBV12-5	TRBJ2-2
olga_random	olga_random_565	olga_ep05	CARRKLIF	TRAV13-1	TRAJ23	CASSIRVRSSYEQYF	TRBV11-2	TRBJ2-7
olga_random	olga_random_566	olga_ep06	CAASLGQGGSEKLVF	TRAV29/DV5	TRAJ57	CASSCPLRWQETQYF	TRBV5-6	TRBJ2-5
olga_random	olga_random_567	olga_ep07	CAPNAGGTSYGKLTF	TRAV16	TRAJ52	CASSYPVRHYGYTF	TRBV6-5	TRBJ1-2
olga_random	olga_random_568	olga_ep08	CAVRRDDKIIF	TRAV1-2	TRAJ30	CAIPLGTYWEQYF	TRBV19	TRBJ2-7
olga_random	olga_random_569	olga_ep09	CAELDNYGQNFVF	TRAV13-2	TRAJ26	CPTRDSYEQYF	TRBV29-1	TRBJ2-7
olga_random	olga_random_570	olga_ep10	CAAGRFTGANNLFF	TRAV29/DV5	TRAJ36	CAISEGETQYF	TRBV10-1	TRBJ2-5
olga_random	olga_random_571	olga_ep11	CAEIVPNSNYQLIW	TRAV13-2	TRAJ33	CASSVRGGTGGRDTF	TRBV7-9	TRBJ1-2
olga_random	olga_random_572	olga_ep12	CAVLKTSYDKVIF	TRAV21	TRAJ50	CASSARTFLFYEQYF	TRBV7-8	TRBJ2-7
olga_random	olga_random_573	olga_ep13	CAGHIKVGAGSYQLTF	TRAV35	TRAJ28	CAPKHGGDEQYF	TRBV6-1	TRBJ2-7
olga_random	olga_random_574	olga_ep14	CALNSMIKAAGNKLTF	TRAV16	TRAJ17	CASSRTDRYEQYF	TRBV13	TRBJ2-7
olga_random	olga_random_575	olga_ep15	CALVGGRKGGGNKLTF	TRAV9-2	TRAJ10	CASSPVLTLRVVQYF	TRBV7-9	TRBJ2-7
olga_random	olga_random_576	olga_ep16	CALNEGGGNKLTF	TRAV9-2	TRAJ10	CAWSGRSLYEQYF	TRBV25-1	TRBJ2-7
olga_random	olga_random_577	olga_ep17	CAAREGVSSASKIIF	TRAV13-1	TRAJ3	CASSLGGGRSSYNEQFF	TRBV5-1	TRBJ2-1
olga_random	olga_random_578	olga_ep18	CAASRPPSGGSYIPTF	TRAV13-1	TRAJ6	CATSRVVPLDRNYGYTF	TRBV15	TRBJ1-2
olga_random	olga_random_579	olga_ep19	CADALGGSNYKLTF	TRAV13-2	TRAJ53	CASSLLPLRGNQPQHF	TRBV7-7	TRBJ1-5
olga_random	olga_random_580	olga_ep00	CAMTWYGGSQGNLIF	TRAV12-3	TRAJ42	CASNGGPEDTQYF	TRBV5-4	TRBJ2-3
olga_random	olga_random_581	olga_ep01	CAAENRDDKIIF	TRAV13-1	TRAJ30	CASSRGSQNPFDEQFF	TRBV7-3	TRBJ2-1
olga_random	olga_random_582	olga_ep02	CAASFPSEDSNYQLIW	TRAV13-1	TRAJ33	CASSPRGTGMVHYGYTF	TRBV9	TRBJ1-2
olga_random	olga_random_583	olga_ep03	CAASNAGGTSYGKLTF	TRAV13-1	TRAJ52	CASSRAADYNEQFF	TRBV16	TRBJ2-1
olga_random	olga_random_584	olga_ep04	CALDGLNNAGNMLTF	TRAV6	TRAJ39	CASSSRGLAVFSYNEQFF	TRBV27	TRBJ2-1
olga_random	olga_random_585	olga_ep05	CAVRDRGGGATNKLIF	TRAV1-1	TRAJ32	CASSSGSNGRETEAFF	TRBV6-1	TRBJ1-1
olga_random	olga_random_586	olga_ep06	CVVSGIGSSNTGKLIF	TRAV10	TRAJ37	CASSHTVRGETQYF	TRBV4-3	TRBJ2-5
olga_random	olga_random_587	olga_ep07	CAETVDSWGKLQF	TRAV13-2	TRAJ24	CASSTTRDTGELFF	TRBV9	TRBJ2-2
olga_random	olga_random_588	olga_ep08	CVVNGRSTGANNLFF	TRAV12-1	TRAJ36	CASRGWGTGGFYQRYEQYF	TRBV28	TRBJ2-7
olga_random	olga_random_589	olga_ep09	CLVDRSGYSTLTF	TRAV4	TRAJ11	CASSFRPGETQYF	TRBV10-1	TRBJ2-5
olga_random	olga_random_590	olga_ep10	CAVTPGANSKLTF	TRAV21	TRAJ56	CSVGGKLYEQYF	TRBV29-1	TRBJ2-7
olga_random	olga_random_591	olga_ep11	CAAFTPWHAGNMLTF	TRAV13-1	TRAJ39	CASSQATLGHGYTF	TRBV3-1	TRBJ1-2
olga_random	olga_random_592	olga_ep12	CAADTGGFKTIF	TRAV13-2	TRAJ9	CASSQPLAGLTRSSYEQYF	TRBV4-3	TRBJ2-7
olga_random	olga_random_593	olga_ep13	CAGYPSGNQFYF	TRAV27	TRAJ49	CASSPWGGTGPFGYTF	TRBV10-1	TRBJ1-2
olga_random	olga_random_594	olga_ep14	CAENTLPSGGYNKLIF	TRAV13-2	TRAJ4	CASSPYSRDPTGELFF	TRBV9	TRBJ2-2
olga_random	olga_random_595	olga_ep15	CAENIQAVTGTASKLTF	TRAV13-2	TRAJ44	CATSDFPKGQQETQYF	TRBV24-1	TRBJ2-5
olga_random	olga_random_596	olga_ep16	CPVGNAGKSTF	TRAV13-2	TRAJ27	CASSASWGGANVLTF	TRBV7-4	TRBJ2-6
olga_random	olga_random_597	olga_ep17	CIVRGGKLLF	TRAV26-1	TRAJ16	CASSALTSGGTGDNEQFF	TRBV9	TRBJ2-1
olga_random	olga_random_598	olga_ep18	CVVNKNNAGNMLTF	TRAV12-1	TRAJ39	CASSLGILNTPVKTTEAFF	TRBV7-9	TRBJ1-1
olga_random	olga_random_599	olga_ep19	CAASGFYGNNRLAF	TRAV29/DV5	TRAJ7	CASSLVTGGSNQPQHF	TRBV14	TRBJ1-5
olga_random	olga_random_600	olga_ep00	CARTGANNLFF	TRAV13-2	TRAJ36	CASSVQIPRTGRYEQYF	TRBV6-1	TRBJ2-7
olga_random	olga_random_601	olga_ep01	CLVGGSNKFYF	TRAV4	TRAJ21	CASSDHRNPYNEQFF	TRBV7-4	TRBJ2-1
olga_random	olga_random_602	olga_ep02	CAASPGSSNTGKLIF	TRAV13-1	TRAJ37	CASSDLPGIGDTGELFF	TRBV6-4	TRBJ2-2
olga_random	olga_random_603	olga_ep03	CAERDQGGKLIF	TRAV13-2	TRAJ23	CASSLALAQVGYTF	TRBV5-1	TRBJ1-2
olga_random	olga_random_604	olga_ep04	CARGNTGKLIF	TRAV25	TRAJ37	CASSWGSSGSGYNEQFF	TRBV5-6	TRBJ2-1
olga_random	olga_random_605	olga_ep05	CALSAQRRNSGYALNF	TRAV9-2	TRAJ41	CSANSYFRGGYTF	TRBV20-1	TRBJ1-2
olga_random	olga_random_606	olga_ep06	CAASRYGGSQGNLIF	TRAV13-1	TRAJ42	CASSFFRGQPEKLFF	TRBV11-2	TRBJ1-4
olga_random	olga_random_607	olga_ep07	CAEPHRRALTF	TRAV12-2	TRAJ5	CASSPKRGWVETQYF	TRBV13	TRBJ2-5
olga_random	olga_random_608	olga_ep08	CATADNTDKLIF	TRAV23/DV6	TRAJ34	CASRQGGGRMNTEAFF	TRBV6-5	TRBJ1-1
olga_random	olga_random_609	olga_ep09	CPGGGADGLTF	TRAV25	TRAJ45	CASSDSHRVVEQYF	TRBV7-9	TRBJ2-7
olga_random	olga_random_610	olga_ep10	CAASPPSTGGGNKLTF	TRAV23/DV6	TRAJ10	CASLRETSGNTIYF	TRBV19	TRBJ1-3
olga_random	olga_random_611	olga_ep11	CVVNIPGQGNLIF	TRAV12-1	TRAJ42	CALPSGSYEQYF	TRBV24-1	TRBJ2-7
olga_random	olga_random_612	olga_ep12	CDGDQIIF	TRAV27	TRAJ30	CASSFTSGGARAGELFF	TRBV13	TRBJ2-2
olga_random	olga_random_613	olga_ep13	CAGSMEYGNKLVF	TRAV14/DV4	TRAJ47	CASSMFPGFGSYNEQFF	TRBV19	TRBJ2-1
olga_random	olga_random_614	olga_ep14	CAVESGGYQKVTF	TRAV21	TRAJ13	CASARAGTSGGRIDTQYF	TRBV5-1	TRBJ2-3
olga_random	olga_random_615	olga_ep15	CAAYDTGRRALTF	TRAV13-1	TRAJ5	CASSTSLFNEKLFF	TRBV5-1	TRBJ1-4
olga_random	olga_random_616	olga_ep16	CASTKTGGGADGLTF	TRAV13-1	TRAJ45	CASSLDRGVNQPQHF	TRBV7-9	TRBJ1-5
olga_random	olga_random_617	olga_ep17	CAGKTSYDKVIF	TRAV20	TRAJ50	CASSVSGTNEQFF	TRBV5-1	TRBJ2-1
olga_random	olga_random_618	olga_ep18	CAARDRGSNYKLTF	TRAV13-1	TRAJ53	CSASSAGGPTYEQYF	TRBV20-1	TRBJ2-7
olga_random	olga_random_619	olga_ep19	CAVRDDTDNDYKLSF	TRAV1-1	TRAJ20	CSVERTAMGNQPQHF	TRBV29-1	TRBJ1-5
olga_random	olga_random_620	olga_ep00	CAVRDYDLNAGNNRKLIW	TRAV1-2	TRAJ38	CASSYVHRGSDEQYF	TRBV7-7	TRBJ2-7
olga_random	olga_random_621	olga_ep01	CAETTLEYSGGGADGLTF	TRAV13-2	TRAJ45	CSVGGEQFF	TRBV29-1	TRBJ2-1
olga_random	olga_random_622	olga_ep02	CAYCPLRSNDYKLSF	TRAV16	TRAJ20	CASSQDDQPQGQVEQYF	TRBV4-3	TRBJ2-7
olga_random	olga_random_623	olga_ep03	CAGRPTGANNLFF	TRAV35	TRAJ36	CASRDGLADTGELFF	TRBV6-4	TRBJ2-2
olga_random	olga_random_624	olga_ep04	CAASALTGANSKLTF	TRAV29/DV5	TRAJ56	CASSEHPDDSYEQYF	TRBV6-1	TRBJ2-7
olga_random	olga_random_625	olga_ep05	CAPGAGGYQKVTF	TRAV29/DV5	TRAJ13	CASSFPYGGHTEAFF	TRBV5-4	TRBJ1-1
olga_random	olga_random_626	olga_ep06	CLVAHNSSASKIIF	TRAV4	TRAJ3	CASSLIRVRVNTEAFF	TRBV28	TRBJ1-1
olga_random	olga_random_627	olga_ep07	CAGALYNTDKLIF	TRAV27	TRAJ34	CATSSSGLGWLIQETQYF	TRBV15	TRBJ2-5
olga_random	olga_random_628	olga_ep08	CAARRFRGGGADGLTF	TRAV29/DV5	TRAJ45	CASSLEVTGGSDSNQPQHF	TRBV12-4	TRBJ1-5
olga_random	olga_random_629	olga_ep09	CAASNPSLVKAAGNKLTF	TRAV13-1	TRAJ17	CAISEGSGTGDEKLFF	TRBV10-3	TRBJ1-4
olga_random	olga_random_630	olga_ep10	CAEPPDRSGGFKTIF	TRAV13-2	TRAJ9	CASSGGSNQPQHF	TRBV13	TRBJ1-5
olga_random	olga_random_631	olga_ep11	CLALSVNTGGFKTIF	TRAV4	TRAJ9	CASSDDQTLNNSPLHF	TRBV6-4	TRBJ1-6
olga_random	olga_random_632	olga_ep12	CAELNAGNNRKLIW	TRAV13-2	TRAJ38	CASSFLSSVLNYEQYF	TRBV28	TRBJ2-7
olga_random	olga_random_633	olga_ep13	CALSSNSGNTPLVF	TRAV19	TRAJ29	CASSQDFLGCYEQYF	TRBV14	TRBJ2-7
olga_random	olga_random_634	olga_ep14	CALLHFGNEKLTF	TRAV16	TRAJ48	CASSNEDREPSGNTIYF	TRBV2	TRBJ1-3
olga_random	olga_random_635	olga_ep15	CLVGRLSGGYNKLIF	TRAV4	TRAJ4	CASSYTVESTEAFF	TRBV11-2	TRBJ1-1
olga_random	olga_random_636	olga_ep16	CAAGSSNTGKLIF	TRAV13-1	TRAJ37	CASSLGITYEQYF	TRBV7-9	TRBJ2-7
olga_random	olga_random_637	olga_ep17	CAGAGDRGGRALTF	TRAV27	TRAJ5	CASTDRGLDGYGYTF	TRBV6-5	TRBJ1-2
olga_random	olga_random_638	olga_ep18	CASDNAGNMLTF	TRAV5	TRAJ39	CASFTSGRYEQYF	TRBV7-4	TRBJ2-7
olga_random	olga_random_639	olga_ep19	CAVRANNAGNMLTF	TRAV1-2	TRAJ39	CASSVHPRGKNIQYF	TRBV9	TRBJ2-4
olga_random	olga_random_640	olga_ep00	CALRETWTGANSKLTF	TRAV16	TRAJ56	CASRSWSGTVTEAFF	TRBV28	TRBJ1-1
olga_random	olga_random_641	olga_ep01	CALGDSNYQLIW	TRAV19	TRAJ33	CASSKYTNEQFF	TRBV27	TRBJ2-1
olga_random	olga_random_642	olga_ep02	CAVSVNRDDKIIF	TRAV22	TRAJ30	CASSGREETQYF	TRBV9	TRBJ2-5
olga_random	olga_random_643	olga_ep03	CAMSTFGTGGTSYGKLTF	TRAV14/DV4	TRAJ52	CATSRDPTEDRAVTYEQYF	TRBV15	TRBJ2-7
olga_random	olga_random_644	olga_ep04	CASVRDSGAGSYQLTF	TRAV21	TRAJ28	CASSKPAVFAEAFF	TRBV7-3	TRBJ1-1
olga_random	olga_random_645	olga_ep05	CLVGGANNLFF	TRAV4	TRAJ36	CAIIRTEYMNTEAFF	TRBV10-3	TRBJ1-1
olga_random	olga_random_646	olga_ep06	CAEVVIHNTGGFKTIF	TRAV13-2	TRAJ9	CASRRSTSGRTYEQYF	TRBV27	TRBJ2-7
olga_random	olga_random_647	olga_ep07	CAGGGATNKLIF	TRAV24	TRAJ32	CSAVSADTNEQFF	TRBV20-1	TRBJ2-1
olga_random	olga_random_648	olga_ep08	CAVGYYGGSQGNLIF	TRAV12-2	TRAJ42	CASSLLGQGDNQPQHF	TRBV28	TRBJ1-5
olga_random	olga_random_649	olga_ep09	CAVTGGAQKLVF	TRAV41	TRAJ54	CASHRSETQYF	TRBV6-4	TRBJ2-5
olga_random	olga_random_650	olga_ep10	CAVNAPTNSGYALNF	TRAV12-2	TRAJ41	CASSQDRGRSNQPQHF	TRBV3-1	TRBJ1-5
olga_random	olga_random_651	olga_ep11	CAPTSGGSNYKLTF	TRAV38-2/DV8	TRAJ53	CASHEGAGNTIYF	TRBV28	TRBJ1-3
olga_random	olga_random_652	olga_ep12	CAATGNSGGYQKVTF	TRAV29/DV5	TRAJ13	CASSGVQRKGNTEAFF	TRBV5-4	TRBJ1-1
olga_random	olga_random_653	olga_ep13	CATDEDAGNMLTF	TRAV17	TRAJ39	CASSDAGGDIQYF	TRBV6-4	TRBJ2-4
olga_random	olga_random_654	olga_ep14	CAVRPYNAGNMLTF	TRAV21	TRAJ39	CSARDTHNGLGETQYF	TRBV20-1	TRBJ2-5
olga_random	olga_random_655	olga_ep15	CALSEPQGGSEKLVF	TRAV19	TRAJ57	CASSESGGHNQPQHF	TRBV11-3	TRBJ1-5
olga_random	olga_random_656	olga_ep16	CAAPGSARQLTF	TRAV21	TRAJ22	CASSTGHRYV	TRBV7-9	TRBJ2-7
olga_random	olga_random_657	olga_ep17	CAASKTHKLVF	TRAV13-1	TRAJ47	CASSRGGVSSYEQYF	TRBV5-6	TRBJ2-7
olga_random	olga_random_658	olga_ep18	CVVSGHSGGGADGLTF	TRAV10	TRAJ45	CASSYIPPRAQYF	TRBV6-5	TRBJ2-5
olga_random	olga_random_659	olga_ep19	CALSEGGYSSNTGKLIF	TRAV19	TRAJ37	CASSGLDGVTPSYNEQFF	TRBV13	TRBJ2-1
olga_random	olga_random_660	olga_ep00	CAFSNAGNNRKLIW	TRAV23/DV6	TRAJ38	CASSRPHRGRNTEAFF	TRBV12-3	TRBJ1-1
olga_random	olga_random_661	olga_ep01	CAVRDPGGYQKVTF	TRAV1-1	TRAJ13	CASSLAEGPYEQYF	TRBV7-8	TRBJ2-7
olga_random	olga_random_662	olga_ep02	CAATGTPVWDSNYQLIW	TRAV29/DV5	TRAJ33	CASSQGTGTDTQYF	TRBV7-9	TRBJ2-3
olga_random	olga_random_663	olga_ep03	CATDGVSGGYNKLIF	TRAV17	TRAJ4	CSARAWPYLNEQYF	TRBV20-1	TRBJ2-7
olga_random	olga_random_664	olga_ep04	CAESVGATNKLIF	TRAV13-2	TRAJ32	CASNIGHSNQPQHF	TRBV6-2	TRBJ1-5
olga_random	olga_random_665	olga_ep05	CALSCNTDKLIF	TRAV19	TRAJ34	CAGLRLAKNIQYF	TRBV3-1	TRBJ2-4
olga_random	olga_random_666	olga_ep06	CAVTGPAGTALIF	TRAV1-2	TRAJ15	CASRPGGGNQPQHF	TRBV12-3	TRBJ1-5
olga_random	olga_random_667	olga_ep07	CLCSGTYKYIF	TRAV12-1	TRAJ40	CASSKGGKGNSPLHF	TRBV18	TRBJ1-6
olga_random	olga_random_668	olga_ep08	CAASMASGGGADGLTF	TRAV13-1	TRAJ45	CSVPLAGKVLTYNEQFF	TRBV29-1	TRBJ2-1
olga_random	olga_random_669	olga_ep09	CAEDGQKLLF	TRAV13-2	TRAJ16	CSATGGLAYSPLHF	TRBV20-1	TRBJ1-6
olga_random	olga_random_670	olga_ep10	CAASAGAGNMLTF	TRAV29/DV5	TRAJ39	CASSYSTITEAFF	TRBV6-5	TRBJ1-1
olga_random	olga_random_671	olga_ep11	CAGDKAAGNKLTF	TRAV21	TRAJ17	CAMGGTLDTQYF	TRBV6-1	TRBJ2-3
olga_random	olga_random_672	olga_ep12	CAVDSKYTTSGTYKYIF	TRAV36/DV7	TRAJ40	CASATHALEKLFF	TRBV7-9	TRBJ1-4
olga_random	olga_random_673	olga_ep13	CAASRQNFVF	TRAV29/DV5	TRAJ26	CVGQGYGYTF	TRBV7-9	TRBJ1-2
olga_random	olga_random_674	olga_ep14	CVVNSTWAYSGAGSYQLTF	TRAV12-1	TRAJ28	CASSKPSPRNEKLFF	TRBV28	TRBJ1-4
olga_random	olga_random_675	olga_ep15	CASSSLHYGGSQGNLIF	TRAV38-2/DV8	TRAJ42	CAYVEWTQNTEAFF	TRBV6-1	TRBJ1-1
olga_random	olga_random_676	olga_ep16	CAGSTGGFKTIF	TRAV25	TRAJ9	CAIWHRQENEKLFF	TRBV10-3	TRBJ1-4
olga_random	olga_random_677	olga_ep17	CATDRGSNYKLTF	TRAV17	TRAJ53	CASSLIKLDRASNEQFF	TRBV5-1	TRBJ2-1
olga_random	olga_random_678	olga_ep18	CAGHTNQNFVF	TRAV35	TRAJ26	CARGLDEQFF	TRBV19	TRBJ2-1
olga_random	olga_random_679	olga_ep19	CILRDSGAGSYQLTF	TRAV26-2	TRAJ28	CATSDTQQPRGNYGYTF	TRBV24-1	TRBJ1-2
olga_random	olga_random_680	olga_ep00	CAEIEGYQKVTF	TRAV13-2	TRAJ13	CASSRAITEMRGQAPCEETQYF	TRBV6-4	TRBJ2-5
olga_random	olga_random_681	olga_ep01	CGGNNAGNMLTF	TRAV38-2/DV8	TRAJ39	CASSLRGGAYEQYF	TRBV5-1	TRBJ2-7
olga_random	olga_random_682	olga_ep02	CAVEREGSQGNLIF	TRAV22	TRAJ42	CASSAKTGGGTF	TRBV9	TRBJ1-2
olga_random	olga_random_683	olga_ep03	CAVHNSGGSNYKLTF	TRAV21	TRAJ53	CATSREAYNSPLHF	TRBV24-1	TRBJ1-6
olga_random	olga_random_684	olga_ep04	CAAKSYSSASKIIF	TRAV25	TRAJ3	CASSQELIEAFF	TRBV4-1	TRBJ1-1
olga_random	olga_random_685	olga_ep05	CALSEARDPNFGNEKLTF	TRAV19	TRAJ48	CSASHWTRKETQYF	TRBV20-1	TRBJ2-5
olga_random	olga_random_686	olga_ep06	CAGGENQKLTF	TRAV27	TRAJ48	CASSAGTSGGASTDTQYF	TRBV12-4	TRBJ2-3
olga_random	olga_random_687	olga_ep07	CAVVDQAIQGAQKLVF	TRAV36/DV7	TRAJ54	CATSPTGIKANYGYTF	TRBV24-1	TRBJ1-2
olga_random	olga_random_688	olga_ep08	CAASSQWSGGGADGLTF	TRAV13-1	TRAJ45	CAWRRGQTYGYTF	TRBV30	TRBJ1-2
olga_random	olga_random_689	olga_ep09	CAVDGGGADGLTF	TRAV39	TRAJ45	CEQGETDTQYF	TRBV7-9	TRBJ2-3
olga_random	olga_random_690	olga_ep10	CATDAVGSARQLTF	TRAV17	TRAJ22	CASSQKAGMRANYGYTF	TRBV18	TRBJ1-2
olga_random	olga_random_691	olga_ep11	CAMSPNQGGKLIF	TRAV14/DV4	TRAJ23	CASSLWGGEAFF	TRBV6-5	TRBJ1-1
olga_random	olga_random_692	olga_ep12	CAENNNDMRF	TRAV35	TRAJ43	CLAQGSRDYEQYF	TRBV27	TRBJ2-7
olga_random	olga_random_693	olga_ep13	CALSEGRTDSWGKLQF	TRAV19	TRAJ24	CSANGYRGFRDTQPQHF	TRBV20-1	TRBJ1-5
olga_random	olga_random_694	olga_ep14	CAVSSSGSARQLTF	TRAV8-1	TRAJ22	CASSRQGSGTDTQYF	TRBV14	TRBJ2-3
olga_random	olga_random_695	olga_ep15	CAARSYSGNTPLVF	TRAV13-1	TRAJ29	CSASSGGYGTYTGELFF	TRBV20-1	TRBJ2-2
olga_random	olga_random_696	olga_ep16	CAMMKVQSGGSNYKLTF	TRAV12-3	TRAJ53	CASSQSGREKLFF	TRBV3-1	TRBJ1-4
olga_random	olga_random_697	olga_ep17	CAVNSGTYKYIF	TRAV12-2	TRAJ40	CASSYWSRDGSYEQYF	TRBV6-5	TRBJ2-7
olga_random	olga_random_698	olga_ep18	CAYRPGNQFYF	TRAV38-2/DV8	TRAJ49	CAISELQGVQKKPQHF	TRBV10-3	TRBJ1-5
olga_random	olga_random_699	olga_ep19	CAASSGTYKYIF	TRAV13-1	TRAJ40	CATSDGAVESTEAFF	TRBV24-1	TRBJ1-1
olga_random	olga_random_700	olga_ep00	CAEIRTNKLIF	TRAV13-2	TRAJ32	CADVGASGKAFF	TRBV6-4	TRBJ1-1
olga_random	olga_random_701	olga_ep01	CAASHKGQFYF	TRAV23/DV6	TRAJ49	CASSRTYCRGWDTQYF	TRBV5-6	TRBJ2-3
olga_random	olga_random_702	olga_ep02	CGGTDSWGKLQF	TRAV26-1	TRAJ24	CASSRWARRTYEQYF	TRBV11-3	TRBJ2-7
olga_random	olga_random_703	olga_ep03	CAETHLGDTGRRALTF	TRAV13-2	TRAJ5	CASSHHDREYF	TRBV4-2	TRBJ2-7
olga_random	olga_random_704	olga_ep04	CAAVVSQAGGTSYGKLTF	TRAV13-1	TRAJ52	CASSQEGTSGGYTGELFF	TRBV14	TRBJ2-2
olga_random	olga_random_705	olga_ep05	CAMREGGSNLYDYKLSF	TRAV14/DV4	TRAJ20	CAWRVLAGASKNIQYF	TRBV30	TRBJ2-4
olga_random	olga_random_706	olga_ep06	CAEGSSKLTF	TRAV13-2	TRAJ56	CASRKFQTDTQYF	TRBV6-4	TRBJ2-3
olga_random	olga_random_707	olga_ep07	CLVGDEGLTGGFKTIF	TRAV4	TRAJ9	CASSVTNPRRGCREETQYF	TRBV7-9	TRBJ2-5
olga_random	olga_random_708	olga_ep08	CALRALTGANNLFF	TRAV19	TRAJ36	CASDRGGSSPLHF	TRBV6-1	TRBJ1-6
olga_random	olga_random_709	olga_ep09	CAYRSALRTGTASKLTF	TRAV38-2/DV8	TRAJ44	CASSVAGPYNEQFF	TRBV6-2	TRBJ2-1
olga_random	olga_random_710	olga_ep10	CAAEVTALIF	TRAV13-1	TRAJ15	CATRDVYLFF	TRBV7-9	TRBJ1-4
olga_random	olga_random_711	olga_ep11	CAMRETVYNNNDMRF	TRAV14/DV4	TRAJ43	CATSDFGTGQNPAGELFF	TRBV24-1	TRBJ2-2
olga_random	olga_random_712	olga_ep12	CAVIGGSQGNLIF	TRAV41	TRAJ42	CASSGGRGDTQYF	TRBV7-2	TRBJ2-3
olga_random	olga_random_713	olga_ep13	CAGPVHAGNMLTF	TRAV8-3	TRAJ39	CATSDLDRAYGYTF	TRBV24-1	TRBJ1-2
olga_random	olga_random_714	olga_ep14	CATDAITGNTPLVF	TRAV17	TRAJ29	CASSFQRGASYEQYF	TRBV5-5	TRBJ2-7
olga_random	olga_random_715	olga_ep15	CIVRDRNTGTASKLTF	TRAV26-1	TRAJ44	CSAPYGNTEAFF	TRBV20-1	TRBJ1-1
olga_random	olga_random_716	olga_ep16	CARGGRFFGNEKLTF	TRAV13-1	TRAJ48	CANGTGGGYEQYF	TRBV27	TRBJ2-7
olga_random	olga_random_717	olga_ep17	CAVSPNAGNNRKLIW	TRAV21	TRAJ38	CASTPCGNGEYEQYF	TRBV28	TRBJ2-7
olga_random	olga_random_718	olga_ep18	CIVRFQWLFGNEKLTF	TRAV26-1	TRAJ48	CSQLDRVVCSPLHF	TRBV29-1	TRBJ1-6
olga_random	olga_random_719	olga_ep19	CALSENQGGKLIF	TRAV9-2	TRAJ23	CASSPRQDGYTF	TRBV13	TRBJ1-2
olga_random	olga_random_720	olga_ep00	CALNSWPPDSGYSTLTF	TRAV16	TRAJ11	CAICNWGERRNVRPSPLHF	TRBV12-5	TRBJ1-6
olga_random	olga_random_721	olga_ep01	CAMREGNAGNNRKLIW	TRAV14/DV4	TRAJ38	CASSAGWNQPQHF	TRBV5-1	TRBJ1-5
olga_random	olga_random_722	olga_ep02	CIVRVGLQGGSEKLVF	TRAV26-1	TRAJ57	CAVYMVTYEQYF	TRBV10-3	TRBJ2-7
olga_random	olga_random_723	olga_ep03	CALPTDSWGKLQF	TRAV16	TRAJ24	CASSLEKRYANGVSYEQYF	TRBV5-4	TRBJ2-7
olga_random	olga_random_724	olga_ep04	CAVPAGAGSYQLTF	TRAV1-2	TRAJ28	CSARDLLVPNTEAFF	TRBV20-1	TRBJ1-1
olga_random	olga_random_725	olga_ep05	CVPITGNQFYF	TRAV12-1	TRAJ49	CASSFIPATGTSGDPPGELFF	TRBV27	TRBJ2-2
olga_random	olga_random_726	olga_ep06	CAAGTYSGAGSYQLTF	TRAV29/DV5	TRAJ28	CASSVLRDTQYF	TRBV27	TRBJ2-3
olga_random	olga_random_727	olga_ep07	CAETPQAAGNKLTF	TRAV13-2	TRAJ17	CASYHPAGLSYEQYF	TRBV11-3	TRBJ2-7
olga_random	olga_random_728	olga_ep08	CAARRGSQGNLIF	TRAV13-1	TRAJ42	CSVLPQPGLGTRAYEQYF	TRBV29-1	TRBJ2-7
olga_random	olga_random_729	olga_ep09	CAGGGSNYKLTF	TRAV27	TRAJ53	CASSLVDRLWGYEQYF	TRBV5-1	TRBJ2-7
olga_random	olga_random_730	olga_ep10	CLVGDGDTGRRALTF	TRAV4	TRAJ5	CASSQDVRELAGGPGRTDTQYF	TRBV4-1	TRBJ2-3
olga_random	olga_random_731	olga_ep11	CAGAAGKLIF	TRAV27	TRAJ37	CAGGSYNEQFF	TRBV5-4	TRBJ2-1
olga_random	olga_random_732	olga_ep12	CLVGHDKIIF	TRAV4	TRAJ30	CASRRLAGGRPQGHSNTGELFF	TRBV2	TRBJ2-2
olga_random	olga_random_733	olga_ep13	CAASVSSGSARQLTF	TRAV29/DV5	TRAJ22	CASSSDRTMPQHF	TRBV5-6	TRBJ1-5
olga_random	olga_random_734	olga_ep14	CIGPGANSKLTF	TRAV26-1	TRAJ56	CASSEGCLSSGKGETQYF	TRBV25-1	TRBJ2-5
olga_random	olga_random_735	olga_ep15	CLVGELNNAGNMLTF	TRAV4	TRAJ39	CASSLAAQYF	TRBV12-4	TRBJ2-3
olga_random	olga_random_736	olga_ep16	CAMFPAGGYQKVTF	TRAV12-3	TRAJ13	CASSLQPPTGPLLAKNIQYF	TRBV7-2	TRBJ2-4
olga_random	olga_random_737	olga_ep17	CALGVNQGGKLIF	TRAV19	TRAJ23	CASSPGGKQEQYF	TRBV11-2	TRBJ2-7
olga_random	olga_random_738	olga_ep18	CAVRDPPASKLTF	TRAV1-2	TRAJ44	CASSLKAGTGWNTEAFF	TRBV27	TRBJ1-1
olga_random	olga_random_739	olga_ep19	CAEIHGSSNTGKLIF	TRAV13-2	TRAJ37	CASSLAGVLGGLEAFF	TRBV5-4	TRBJ1-1
olga_random	olga_random_740	olga_ep00	CASNQGGKLIF	TRAV9-2	TRAJ23	CPRTWALSNQPQHF	TRBV20-1	TRBJ1-5
olga_random	olga_random_741	olga_ep01	CAAGGLDAGGTSYGKLTF	TRAV23/DV6	TRAJ52	CASPTGTGAENEKLFF	TRBV12-4	TRBJ1-4
olga_random	olga_random_742	olga_ep02	CALKHAGNMLTF	TRAV9-2	TRAJ39	CAWSLGGAGANVLTF	TRBV30	TRBJ2-6
olga_random	olga_random_743	olga_ep03	CAASKIFSGGYNKLIF	TRAV13-1	TRAJ4	CASSQWGGGYNEQFF	TRBV3-1	TRBJ2-1
olga_random	olga_random_744	olga_ep04	CALQAGTALIF	TRAV17	TRAJ15	CSARETGECIAKNIQYF	TRBV20-1	TRBJ2-4
olga_random	olga_random_745	olga_ep05	CAGPFGNEKLTF	TRAV25	TRAJ48	CASSPGGAAEQYF	TRBV13	TRBJ2-7
olga_random	olga_random_746	olga_ep06	CAVLRETGTASKLTF	TRAV22	TRAJ44	CASSLAERRGSVYEQYF	TRBV5-6	TRBJ2-7
olga_random	olga_random_747	olga_ep07	CAARDSNYQLIW	TRAV13-1	TRAJ33	CARSGLNEQFF	TRBV10-3	TRBJ2-1
olga_random	olga_random_748	olga_ep08	CAYRGKTSYDKVIF	TRAV38-2/DV8	TRAJ50	CASRPGRSYEQYF	TRBV7-6	TRBJ2-7
olga_random	olga_random_749	olga_ep09	CVVRTVSNAGNNRKLIW	TRAV10	TRAJ38	CASRIRQWTCAFF	TRBV7-9	TRBJ1-1
olga_random	olga_random_750	olga_ep10	CAVYMNTGFQKLVF	TRAV21	TRAJ8	CASSVLTGTDEQYF	TRBV5-1	TRBJ2-7
olga_random	olga_random_751	olga_ep11	CAATRMIKAAGNKLTF	TRAV23/DV6	TRAJ17	CASSYHGTSGRYEETQYF	TRBV6-6	TRBJ2-5
olga_random	olga_random_752	olga_ep12	CAENACTGTASKLTF	TRAV13-2	TRAJ44	CASSFRGMYGNTIYF	TRBV18	TRBJ1-3
olga_random	olga_random_753	olga_ep13	CAGIEVRGVFSGGYNKLIF	TRAV27	TRAJ4	CASSPKLFYYEQYF	TRBV14	TRBJ2-7
olga_random	olga_random_754	olga_ep14	CAVAISSGSARQLTF	TRAV1-1	TRAJ22	CASVVPGRETQYF	TRBV27	TRBJ2-5
olga_random	olga_random_755	olga_ep15	CLVGAPPYILTGGGNKLTF	TRAV4	TRAJ10	CASIFGANQPQHF	TRBV5-6	TRBJ1-5
olga_random	olga_random_756	olga_ep16	CAAIAGKSTF	TRAV13-1	TRAJ27	CASSWLADTQYF	TRBV13	TRBJ2-3
olga_random	olga_random_757	olga_ep17	CAETLHGNKLVF	TRAV13-2	TRAJ47	CASSRTGVRPSTEAFF	TRBV27	TRBJ1-1
olga_random	olga_random_758	olga_ep18	CAALAGNQFYF	TRAV13-1	TRAJ49	CASSTSLDRGKKAFF	TRBV19	TRBJ1-1
olga_random	olga_random_759	olga_ep19	CAVTPHASGGSYIPTF	TRAV21	TRAJ6	CASSLRSGDTQYF	TRBV5-1	TRBJ2-3
olga_random	olga_random_760	olga_ep00	CALIVTGGGNKLTF	TRAV9-2	TRAJ10	CASSEPPVDTDTQYF	TRBV10-1	TRBJ2-3
olga_random	olga_random_761	olga_ep01	CIVRVASGSQGNLIF	TRAV26-1	TRAJ42	CASRGQPHSYEQYF	TRBV13	TRBJ2-7
olga_random	olga_random_762	olga_ep02	CAGASNDYKLSF	TRAV27	TRAJ20	CATLSCRGRVHTGELFF	TRBV10-1	TRBJ2-2
olga_random	olga_random_763	olga_ep03	CAMREGPPNTGNQFYF	TRAV14/DV4	TRAJ49	CASSQDPPLQGLANEKLFF	TRBV4-1	TRBJ1-4
olga_random	olga_random_764	olga_ep04	CAVQAVASAENRDDKIIF	TRAV20	TRAJ30	CSARDVTTEYNIQYF	TRBV20-1	TRBJ2-4
olga_random	olga_random_765	olga_ep05	CAPAGANSKLTF	TRAV9-2	TRAJ56	CASSFTRVGGGYTF	TRBV28	TRBJ1-2
olga_random	olga_random_766	olga_ep06	CAASDDTGRRALTF	TRAV29/DV5	TRAJ5	CASSDNPGQGLSETQYF	TRBV10-1	TRBJ2-5
olga_random	olga_random_767	olga_ep07	CAASRSGGYNKLIF	TRAV13-1	TRAJ4	CATSLARHTEAFF	TRBV15	TRBJ1-1
olga_random	olga_random_768	olga_ep08	CVVNRARLMF	TRAV12-1	TRAJ31	CASSEFRDRYGTDTQYF	TRBV25-1	TRBJ2-3
olga_random	olga_random_769	olga_ep09	CASLIAAGNKLTF	TRAV25	TRAJ17	CASSEWTMDSLPNYGYTF	TRBV10-1	TRBJ1-2
olga_random	olga_random_770	olga_ep10	CAAGGGQLTF	TRAV13-1	TRAJ22	CASSQDPTDSIAGEQFF	TRBV3-1	TRBJ2-1
olga_random	olga_random_771	olga_ep11	CAEHVLSGSVLGAQKLVF	TRAV13-2	TRAJ54	CASSRREGVADTQYF	TRBV6-5	TRBJ2-3
olga_random	olga_random_772	olga_ep12	CAAPVGGNTPLVF	TRAV13-1	TRAJ29	CSAGTKPGMKFSNQPQHF	TRBV20-1	TRBJ1-5
olga_random	olga_random_773	olga_ep13	CADICGGSNYKLTF	TRAV8-3	TRAJ53	CASSLGKDSEQYF	TRBV5-4	TRBJ2-7
olga_random	olga_random_774	olga_ep14	CQKDRGSTLGRLYF	TRAV27	TRAJ18	CSAHDPDIDQTQYF	TRBV20-1	TRBJ2-5
olga_random	olga_random_775	olga_ep15	CAASGPTGTASKLTF	TRAV29/DV5	TRAJ44	CSDLRWGQLYSNQPQHF	TRBV20-1	TRBJ1-5
olga_random	olga_random_776	olga_ep16	CAMRGPAGGGADGLTF	TRAV14/DV4	TRAJ45	CASKLTYEQYF	TRBV12-4	TRBJ2-7
olga_random	olga_random_777	olga_ep17	CIVRVQLTDKLIF	TRAV26-1	TRAJ34	CASNAGTGYGYTF	TRBV6-1	TRBJ1-2
olga_random	olga_random_778	olga_ep18	CAVQEERYGGSQGNLIF	TRAV20	TRAJ42	CASSPVTSGSYEQYF	TRBV18	TRBJ2-7
olga_random	olga_random_779	olga_ep19	CAAGNHFNKFYF	TRAV13-1	TRAJ21	CASSIGEGNQPQHF	TRBV27	TRBJ1-5
olga_random	olga_random_780	olga_ep00	CAASEYGNKLVF	TRAV13-1	TRAJ47	CASSQDFSGYSDTQYF	TRBV4-1	TRBJ2-3
olga_random	olga_random_781	olga_ep01	CALSEARTGSGNTPLVF	TRAV19	TRAJ29	CATSRVTGLGGLNTGELFF	TRBV15	TRBJ2-2
olga_random	olga_random_782	olga_ep02	CAAMGSSNTGKLIF	TRAV29/DV5	TRAJ37	CASSSPLGRGRGREARFRRTYEQYF	TRBV6-9	TRBJ2-7
olga_random	olga_random_783	olga_ep03	CVVTKDFNNDMRF	TRAV12-1	TRAJ43	CSASSPGADEQYF	TRBV20-1	TRBJ2-7
olga_random	olga_random_784	olga_ep04	CAYHPTGTASKLTF	TRAV24	TRAJ44	CASSFSRYQPQHF	TRBV11-2	TRBJ1-5
olga_random	olga_random_785	olga_ep05	CALPIQGAQKLVF	TRAV19	TRAJ54	CASSLGRDNTEAFF	TRBV11-2	TRBJ1-1
olga_random	olga_random_786	olga_ep06	CADCRGYNKLIF	TRAV13-2	TRAJ4	CASSSYSLGTSGYF	TRBV11-2	TRBJ2-3
olga_random	olga_random_787	olga_ep07	CVVSAMGGGNKLTF	TRAV10	TRAJ10	CASSLRHHPNYGYTF	TRBV5-1	TRBJ1-2
olga_random	olga_random_788	olga_ep08	CAESSGGSNYKLTF	TRAV13-2	TRAJ53	CASSVTVPNRAYEQYF	TRBV9	TRBJ2-7
olga_random	olga_random_789	olga_ep09	CVVERGNSGGSNYKLTF	TRAV12-1	TRAJ53	CASSSGGWNGYTF	TRBV6-2	TRBJ1-2
olga_random	olga_random_790	olga_ep10	CAERSFQKLVF	TRAV13-2	TRAJ8	CASSIDQSPLVGEGGEAFF	TRBV19	TRBJ1-1
olga_random	olga_random_791	olga_ep11	CLVGDYGGATNKLIF	TRAV4	TRAJ32	CAPASIAGLYEQYF	TRBV5-6	TRBJ2-7
olga_random	olga_random_792	olga_ep12	CAAIRVNSGNTPLVF	TRAV13-1	TRAJ29	CASSLARGVGNQPQHF	TRBV5-6	TRBJ1-5
olga_random	olga_random_793	olga_ep13	CAASIRNYGQNFVF	TRAV23/DV6	TRAJ26	CASSITQRDRVHNEQFF	TRBV19	TRBJ2-1
olga_random	olga_random_794	olga_ep14	CLVGANNAGNMLTF	TRAV4	TRAJ39	CASMVALMLYNEQFF	TRBV7-3	TRBJ2-1
olga_random	olga_random_795	olga_ep15	CAASGISNFGNEKLTF	TRAV29/DV5	TRAJ48	CASSPWVPRDRELWAYNEQFF	TRBV28	TRBJ2-1
olga_random	olga_random_796	olga_ep16	CLVGSTNAGKSTF	TRAV4	TRAJ27	CASSFPNTEAFF	TRBV7-2	TRBJ1-1
olga_random	olga_random_797	olga_ep17	CAHFTGGGNKLTF	TRAV20	TRAJ10	CAISSYSNQPQHF	TRBV10-1	TRBJ1-5
olga_random	olga_random_798	olga_ep18	CAASAGSARQLTF	TRAV29/DV5	TRAJ22	CASSSANQQGLQETQYF	TRBV5-1	TRBJ2-5
olga_random	olga_random_799	olga_ep19	CALNTDKLIF	TRAV29/DV5	TRAJ34	CASSGWGSIMNTEAFF	TRBV3-1	TRBJ1-1
olga_random	olga_random_800	olga_ep00	CAVRSNYKLTF	TRAV21	TRAJ53	CASSFQAYTGELFF	TRBV7-8	TRBJ2-2
olga_random	olga_random_801	olga_ep01	CAVNPGGSQGNLIF	TRAV21	TRAJ42	CTCPQYFGTDTQYF	TRBV10-2	TRBJ2-3
olga_random	olga_random_802	olga_ep02	CAENGTSGTYKYIF	TRAV13-2	TRAJ40	CASSDRERAYEQYF	TRBV7-8	TRBJ2-7
olga_random	olga_random_803	olga_ep03	CAENPPNNARLMF	TRAV13-2	TRAJ31	CASRRGHSNQPQHF	TRBV28	TRBJ1-5
olga_random	olga_random_804	olga_ep04	CAQGAGSYQLTF	TRAV19	TRAJ28	CASSQGDPGRDQVGTDTQYF	TRBV4-1	TRBJ2-3
olga_random	olga_random_805	olga_ep05	CALFIMDSNYQLIW	TRAV19	TRAJ33	CASSSAGNQPQHF	TRBV6-1	TRBJ1-5
olga_random	olga_random_806	olga_ep06	CVVEATGTASKLTF	TRAV10	TRAJ44	CASPGEEQFF	TRBV11-3	TRBJ2-1
olga_random	olga_random_807	olga_ep07	CETWSGAGSYQLTF	TRAV9-2	TRAJ28	CASSVKEGEANEKLFF	TRBV9	TRBJ1-4
olga_random	olga_random_808	olga_ep08	CALSDPMNFNKFYF	TRAV19	TRAJ21	CADPQGTEAFF	TRBV7-7	TRBJ1-1
olga_random	olga_random_809	olga_ep09	CVVTKSGGSYIPTF	TRAV12-1	TRAJ6	CASPSLAGEGGTGELFF	TRBV6-5	TRBJ2-2
olga_random	olga_random_810	olga_ep10	CAAVRDRDNQGGKLIF	TRAV23/DV6	TRAJ23	CASSQATSGGQGESKNQAFF	TRBV5-1	TRBJ1-1
olga_random	olga_random_811	olga_ep11	CAVQGFRYLNLNNTNAGKSTF	TRAV20	TRAJ27	CASRPNKLLAGDNEQFF	TRBV6-5	TRBJ2-1
olga_random	olga_random_812	olga_ep12	CALRAGNEKLTF	TRAV19	TRAJ48	CASSQEFHPGAETQYF	TRBV4-1	TRBJ2-5
olga_random	olga_random_813	olga_ep13	CAVTSNNNDMRF	TRAV21	TRAJ43	CASRRSVDEKLFF	TRBV27	TRBJ1-4
olga_random	olga_random_814	olga_ep14	CALSARGGSEKLVF	TRAV19	TRAJ57	CSARGSSGNTIYF	TRBV20-1	TRBJ1-3
olga_random	olga_random_815	olga_ep15	CAVDCADRDDKIIF	TRAV2	TRAJ30	CIPRSESGGTEAFF	TRBV20-1	TRBJ1-1
olga_random	olga_random_816	olga_ep16	CAMPTGNQFYF	TRAV12-3	TRAJ49	CASSLVSLDRSYNSPLHF	TRBV7-6	TRBJ1-6
olga_random	olga_random_817	olga_ep17	CAPVRPSMEYGNKLVF	TRAV9-2	TRAJ47	CASSILPRFETQYF	TRBV19	TRBJ2-5
olga_random	olga_random_818	olga_ep18	CAGGSSGGSNYKLTF	TRAV21	TRAJ53	CASSPSGATDTQYF	TRBV11-2	TRBJ2-3
olga_random	olga_random_819	olga_ep19	CAVRRLPNTGNQFYF	TRAV21	TRAJ49	CASGRYEQYF	TRBV6-5	TRBJ2-7
olga_random	olga_random_820	olga_ep00	CAVSAGGSYIPTF	TRAV8-6	TRAJ6	CAISDCSDYPEDEQYF	TRBV10-3	TRBJ2-7
olga_random	olga_random_821	olga_ep01	CAGQGAGGGSNYKLTF	TRAV35	TRAJ53	CSAWAVCEETQYF	TRBV20-1	TRBJ2-5
olga_random	olga_random_822	olga_ep02	CASSEVGANSKLTF	TRAV13-2	TRAJ56	CAGVTGRGLSPEAFF	TRBV10-3	TRBJ1-1
olga_random	olga_random_823	olga_ep03	CAVWHSGGGADGLTF	TRAV36/DV7	TRAJ45	CASSTYNEQFF	TRBV5-1	TRBJ2-1
olga_random	olga_random_824	olga_ep04	CQVMDSSYKLIF	TRAV27	TRAJ12	CASKQPRNQPQHF	TRBV5-1	TRBJ1-5
olga_random	olga_random_825	olga_ep05	CAVRDPQAAGNKLTF	TRAV1-2	TRAJ17	CASTLGQAFNYGYTF	TRBV27	TRBJ1-2
olga_random	olga_random_826	olga_ep06	CAVTGLRGFSGGYNKLIF	TRAV1-1	TRAJ4	CASSIQSSRGGPKSSYNEQFF	TRBV19	TRBJ2-1
olga_random	olga_random_827	olga_ep07	CAENIEDNNAGNMLTF	TRAV13-2	TRAJ39	CASSYGPGQGGFF	TRBV6-2	TRBJ1-2
olga_random	olga_random_828	olga_ep08	CAYRNGTTSGTYKYIF	TRAV38-2/DV8	TRAJ40	CASSSQDSKETQYF	TRBV27	TRBJ2-5
olga_random	olga_random_829	olga_ep09	CAESLLAGGTSYGKLTF	TRAV13-2	TRAJ52	CASTTSGRAVYEQYF	TRBV27	TRBJ2-7
olga_random	olga_random_830	olga_ep10	CAMNGGSQGNLIF	TRAV24	TRAJ42	CASSLYLTSGGSGKAFF	TRBV6-5	TRBJ1-1
olga_random	olga_random_831	olga_ep11	CAEDSNNQFYF	TRAV13-2	TRAJ49	CASSFRGWGEQYF	TRBV7-3	TRBJ2-7
olga_random	olga_random_832	olga_ep12	CVVNMLISGGYNKLIF	TRAV12-1	TRAJ4	CASSGMSGSEAFF	TRBV9	TRBJ1-1
olga_random	olga_random_833	olga_ep13	CAVEGRGSQGNLIF	TRAV36/DV7	TRAJ42	CATAALNGHGYTF	TRBV5-5	TRBJ1-2
olga_random	olga_random_834	olga_ep14	CAYRSGASKLTF	TRAV38-2/DV8	TRAJ44	CASSLEQGTRGNTIYF	TRBV27	TRBJ1-3
olga_random	olga_random_835	olga_ep15	CALSEAGGGNKLTF	TRAV19	TRAJ10	CSVARIGRSYGYTF	TRBV29-1	TRBJ1-2
olga_random	olga_random_836	olga_ep16	CAASTGPNFGNEKLTF	TRAV13-1	TRAJ48	CASRFYLYNEQFF	TRBV6-5	TRBJ2-1
olga_random	olga_random_837	olga_ep17	CAGSGSARQLTF	TRAV41	TRAJ22	CASSLKTSGRATGELFF	TRBV3-1	TRBJ2-2
olga_random	olga_random_838	olga_ep18	CAVNMSGGGADGLTF	TRAV12-2	TRAJ45	CASPWSSKAFF	TRBV6-5	TRBJ1-1
olga_random	olga_random_839	olga_ep19	CAANTDKLIF	TRAV23/DV6	TRAJ34	CASKVGHRPITHNEQFF	TRBV9	TRBJ2-1
olga_random	olga_random_840	olga_ep00	CATGLSGGSYIPTF	TRAV17	TRAJ6	CASSLWSGGRWQTEAFF	TRBV5-1	TRBJ1-1
olga_random	olga_random_841	olga_ep01	CALSMNYGGSQGNLIF	TRAV19	TRAJ42	CASSPPRKIDRGNQPQHF	TRBV9	TRBJ1-5
olga_random	olga_random_842	olga_ep02	CAVSTLNYGQNFVF	TRAV21	TRAJ26	CASRGKKGEQFF	TRBV6-3	TRBJ2-1
olga_random	olga_random_843	olga_ep03	CAVGGKLIF	TRAV21	TRAJ23	CASSPPQGGQHSNQPQHF	TRBV7-9	TRBJ1-5
olga_random	olga_random_844	olga_ep04	CAVSHRGSTLGRLYF	TRAV1-1	TRAJ18	CASSLWGSVAYNEQFF	TRBV11-3	TRBJ2-1
olga_random	olga_random_845	olga_ep05	CAARAGTASKLTF	TRAV13-1	TRAJ44	CASSYSTLGFSNQPQHF	TRBV6-8	TRBJ1-5
olga_random	olga_random_846	olga_ep06	CAVRRLYGGATNKLIF	TRAV21	TRAJ32	CASSVPDREQETQYF	TRBV9	TRBJ2-5
olga_random	olga_random_847	olga_ep07	CAGHPADKLIF	TRAV25	TRAJ34	CASSLDPATGTGGNIGTIYF	TRBV5-6	TRBJ1-3
olga_random	olga_random_848	olga_ep08	CAENTDNNNDMRF	TRAV13-2	TRAJ43	CASSEGKLDTQYF	TRBV6-4	TRBJ2-3
olga_random	olga_random_849	olga_ep09	CVPAQAGTALIF	TRAV10	TRAJ15	CASSESCSILELTF	TRBV10-1	TRBJ2-6
olga_random	olga_random_850	olga_ep10	CAASNTNAGKSTF	TRAV21	TRAJ27	CAISTTYEQYF	TRBV10-3	TRBJ2-7
olga_random	olga_random_851	olga_ep11	CAMRGNTGNQFYF	TRAV14/DV4	TRAJ49	CASSVDDEQYF	TRBV6-4	TRBJ2-7
olga_random	olga_random_852	olga_ep12	CAATGNQFYF	TRAV13-1	TRAJ49	CASSFRAGTGSSEQPQHF	TRBV7-9	TRBJ1-5
olga_random	olga_random_853	olga_ep13	CAESSGTYKYIF	TRAV38-2/DV8	TRAJ40	CASFSGNQPQHF	TRBV28	TRBJ1-5
olga_random	olga_random_854	olga_ep14	CAASIKMDGGSQGNLIF	TRAV13-1	TRAJ42	CASTRQGNKDPYEQYF	TRBV19	TRBJ2-7
olga_random	olga_random_855	olga_ep15	CAASPTNAGKSTF	TRAV13-1	TRAJ27	CASSRTNTEAFF	TRBV3-1	TRBJ1-1
olga_random	olga_random_856	olga_ep16	CALSEVQEGANSKLTF	TRAV19	TRAJ56	CASSLNRVNEKLFF	TRBV7-4	TRBJ1-4
olga_random	olga_random_857	olga_ep17	CAHNSGLGQNFVF	TRAV19	TRAJ26	CASIPHRGPQETQYF	TRBV19	TRBJ2-5
olga_random	olga_random_858	olga_ep18	CAAAHDYKLSF	TRAV13-1	TRAJ20	CASSEAHSGTNCTGELFF	TRBV2	TRBJ2-2
olga_random	olga_random_859	olga_ep19	CAAGGNKLTF	TRAV13-1	TRAJ17	CAWSFPRGGNKNIQYF	TRBV30	TRBJ2-4
olga_random	olga_random_860	olga_ep00	CAASLGAGSYQLTF	TRAV13-1	TRAJ28	CASSGSGWEEYTQYF	TRBV11-2	TRBJ2-3
olga_random	olga_random_861	olga_ep01	CDDYKLSF	TRAV1-2	TRAJ20	CASSLVRTNTEAFF	TRBV7-4	TRBJ1-1
olga_random	olga_random_862	olga_ep02	CLVGLRPSRDDKIIF	TRAV4	TRAJ30	CASSPDRYTDTQYF	TRBV9	TRBJ2-3
olga_random	olga_random_863	olga_ep03	CAGTGNNNAGNMLTF	TRAV19	TRAJ39	CASSRGGDEQFF	TRBV2	TRBJ2-1
olga_random	olga_random_864	olga_ep04	CADGGSARQLTF	TRAV13-1	TRAJ22	CAWRSRQGDTEAFF	TRBV30	TRBJ1-1
olga_random	olga_random_865	olga_ep05	CAASLGPNDYKLSF	TRAV13-1	TRAJ20	CASSLTARNTEAFF	TRBV14	TRBJ1-1
olga_random	olga_random_866	olga_ep06	CALSDPKQGANNLFF	TRAV19	TRAJ36	CDPGQGSNQPQHF	TRBV12-3	TRBJ1-5
olga_random	olga_random_867	olga_ep07	CAASIRMEYGNKLVF	TRAV13-1	TRAJ47	CATSRVGESLGTGEYNEQFF	TRBV15	TRBJ2-1
olga_random	olga_random_868	olga_ep08	CALRDYKLSF	TRAV16	TRAJ20	CASSRWVGDTGELFF	TRBV27	TRBJ2-2
olga_random	olga_random_869	olga_ep09	CAASRRKLIF	TRAV13-1	TRAJ23	CSARHGTSGGWNTGELFF	TRBV20-1	TRBJ2-2
olga_random	olga_random_870	olga_ep10	CAISGGYQKVTF	TRAV1-1	TRAJ13	CASSVALGRGTAKNIQYF	TRBV9	TRBJ2-4
olga_random	olga_random_871	olga_ep11	CAAKKNTGTASKLTF	TRAV13-1	TRAJ44	CASSLCGRGSATNEKLFF	TRBV27	TRBJ1-4
olga_random	olga_random_872	olga_ep12	CALNSPRYTKAAGNKLTF	TRAV19	TRAJ17	CASSSLACTYEQYF	TRBV7-2	TRBJ2-7
olga_random	olga_random_873	olga_ep13	CAVGRFFSDGQKLLF	TRAV2	TRAJ16	CASSYPWGGAVSSYEQYF	TRBV6-5	TRBJ2-7
olga_random	olga_random_874	olga_ep14	CIVQGSSNTGKLIF	TRAV26-1	TRAJ37	CASSDRPSNYGYTF	TRBV9	TRBJ1-2
olga_random	olga_random_875	olga_ep15	CALSLPQGGSEKLVF	TRAV19	TRAJ57	CATKPDVKQFF	TRBV7-9	TRBJ2-1
olga_random	olga_random_876	olga_ep16	CAYRSENSGGGADGLTF	TRAV38-2/DV8	TRAJ45	CSAREIPGQGNTEAFF	TRBV20-1	TRBJ1-1
olga_random	olga_random_877	olga_ep17	CATYNAGNNRKLIW	TRAV13-2	TRAJ38	CASTPGEVVYYGYTF	TRBV10-1	TRBJ1-2
olga_random	olga_random_878	olga_ep18	CAVTNRLAF	TRAV21	TRAJ7	CASSQARIGQGNSPLHF	TRBV3-1	TRBJ1-6
olga_random	olga_random_879	olga_ep19	CATDASNQGGSEKLVF	TRAV17	TRAJ57	CASSMVDRDKNIQYF	TRBV19	TRBJ2-4
olga_random	olga_random_880	olga_ep00	CLVGERKSGGGADGLTF	TRAV4	TRAJ45	CASSLGGYTEAFF	TRBV6-1	TRBJ1-1
olga_random	olga_random_881	olga_ep01	CAVRDLLQIKAAGNKLTF	TRAV1-1	TRAJ17	CASSERLWGNSGANVLTF	TRBV6-1	TRBJ2-6
olga_random	olga_random_882	olga_ep02	CAAIRTGTASKLTF	TRAV1-2	TRAJ44	CASSSPGSYEQYF	TRBV13	TRBJ2-7
olga_random	olga_random_883	olga_ep03	CLVGGPRDNYGQNFVF	TRAV4	TRAJ26	CASSFNRGAYNEQFF	TRBV11-2	TRBJ2-1
olga_random	olga_random_884	olga_ep04	CAVSDRRAGGSQGNLIF	TRAV1-2	TRAJ42	CSARKGLAGGPAYLNEQFF	TRBV20-1	TRBJ2-1
olga_random	olga_random_885	olga_ep05	CALSYSNFNKFYF	TRAV19	TRAJ21	CSARGTGGRSNQPQHF	TRBV20-1	TRBJ1-5
olga_random	olga_random_886	olga_ep06	CAALGMNYGGSQGNLIF	TRAV13-1	TRAJ42	CASSLAGIRYSNQPQHF	TRBV11-1	TRBJ1-5
olga_random	olga_random_887	olga_ep07	CAGPSSASKIIF	TRAV35	TRAJ3	CASSPGGPDSNTGELFF	TRBV6-5	TRBJ2-2
olga_random	olga_random_888	olga_ep08	CAEKNYGGSQGNLIF	TRAV13-1	TRAJ42	CAWRLRGSWNNQPQHF	TRBV30	TRBJ1-5
olga_random	olga_random_889	olga_ep09	CLANSGGYQKVTF	TRAV4	TRAJ13	CASSQEWGASQPQHF	TRBV3-1	TRBJ1-5
olga_random	olga_random_890	olga_ep10	CAGLNSGGSNYKLTF	TRAV25	TRAJ53	CAWNPGQGANEKLFF	TRBV30	TRBJ1-4
olga_random	olga_random_891	olga_ep11	CAGEANSGYALNF	TRAV27	TRAJ41	CASSSWRNQGFSPNYGYTF	TRBV5-1	TRBJ1-2
olga_random	olga_random_892	olga_ep12	CAGGKAYGGSQGNLIF	TRAV27	TRAJ42	CASRPVDRASGYTF	TRBV6-5	TRBJ1-2
olga_random	olga_random_893	olga_ep13	CAECLNSGGYQKVTF	TRAV13-2	TRAJ13	CATSRVLCSYEQYF	TRBV15	TRBJ2-7
olga_random	olga_random_894	olga_ep14	CLVGGNYGQNFVF	TRAV4	TRAJ26	CASSYRGDWGNQPQHF	TRBV6-3	TRBJ1-5
olga_random	olga_random_895	olga_ep15	CVVTGGNQFYF	TRAV8-2	TRAJ49	CASTVSGTGNEQFF	TRBV7-3	TRBJ2-1
olga_random	olga_random_896	olga_ep16	CLVGGGRPPGYSSASKIIF	TRAV4	TRAJ3	CASSWADRAATNEKLFF	TRBV12-4	TRBJ1-4
olga_random	olga_random_897	olga_ep17	CARPLENSGGYQKVTF	TRAV13-1	TRAJ13	CATSDRIFGNYEQYF	TRBV24-1	TRBJ2-7
olga_random	olga_random_898	olga_ep18	CALFYNTDKLIF	TRAV9-2	TRAJ34	CASSSVGYHTNTGELFF	TRBV7-9	TRBJ2-2
olga_random	olga_random_899	olga_ep19	CAELSGGGADGLTF	TRAV13-2	TRAJ45	CASTPSGLPNTGELFF	TRBV12-4	TRBJ2-2
olga_random	olga_random_900	olga_ep00	CAVVGSNQGGKLIF	TRAV20	TRAJ23	CASRDRDRVWLSEAFF	TRBV27	TRBJ1-1
olga_random	olga_random_901	olga_ep01	CVVPHYGGSQGNLIF	TRAV10	TRAJ42	CSVEDRTRNEAFF	TRBV29-1	TRBJ1-1
olga_random	olga_random_902	olga_ep02	CGADHSGGSNYKLTF	TRAV34	TRAJ53	CASSDRTGYGYTF	TRBV6-5	TRBJ1-2
olga_random	olga_random_903	olga_ep03	CAVYIPLRGSGGGADGLTF	TRAV22	TRAJ45	CASSYRSIAGAETQYF	TRBV6-5	TRBJ2-5
olga_random	olga_random_904	olga_ep04	CALSGPNFNKFYF	TRAV19	TRAJ21	CASSSEPGGRNTEAFF	TRBV7-2	TRBJ1-1
olga_random	olga_random_905	olga_ep05	CAVQNSGGSNYKLTF	TRAV20	TRAJ53	CASSYSYLNEQFF	TRBV13	TRBJ2-1
olga_random	olga_random_906	olga_ep06	CARSSGTYKYIF	TRAV13-2	TRAJ40	CASSLVDDNEQFF	TRBV7-2	TRBJ2-1
olga_random	olga_random_907	olga_ep07	CAVNSYTGNQFYF	TRAV12-2	TRAJ49	CASSSRTGGSYEQYF	TRBV7-8	TRBJ2-7
olga_random	olga_random_908	olga_ep08	CASIGANSKLTF	TRAV38-1	TRAJ56	CASSQAGRFNEQFF	TRBV4-3	TRBJ2-1
olga_random	olga_random_909	olga_ep09	CAGVNNARLMF	TRAV27	TRAJ31	CASSPKEGWAYSNQPQHF	TRBV18	TRBJ1-5
olga_random	olga_random_910	olga_ep10	CVVAREMNRDDKIIF	TRAV10	TRAJ30	CASSAGQGASGELFF	TRBV13	TRBJ2-2
olga_random	olga_random_911	olga_ep11	CAASILGAGSYQLTF	TRAV23/DV6	TRAJ28	CATRPGQMYGNEQFF	TRBV13	TRBJ2-1
olga_random	olga_random_912	olga_ep12	CARGQGAQKLVF	TRAV21	TRAJ54	CASSQGESGKREAFF	TRBV4-1	TRBJ1-1
olga_random	olga_random_913	olga_ep13	CASGWLGATNKLIF	TRAV9-2	TRAJ32	CATSTSGRGKNIQYF	TRBV15	TRBJ2-4
olga_random	olga_random_914	olga_ep14	CAASSYTGKLIF	TRAV29/DV5	TRAJ37	CARLGHLETQYF	TRBV28	TRBJ2-5
olga_random	olga_random_915	olga_ep15	CAGGNKLVF	TRAV27	TRAJ47	CASSKGAVNSPLHF	TRBV7-4	TRBJ1-6
olga_random	olga_random_916	olga_ep16	CAEINQGGKLIF	TRAV5	TRAJ23	CASSDAGQGRSSGNTIYF	TRBV6-4	TRBJ1-3
olga_random	olga_random_917	olga_ep17	CALSEQGGSEKLVF	TRAV19	TRAJ57	CAWSDWTDGNTIYF	TRBV30	TRBJ1-3
olga_random	olga_random_918	olga_ep18	CAVRGPNNNARLMF	TRAV21	TRAJ31	CASSHRPKGGTQHF	TRBV14	TRBJ1-5
olga_random	olga_random_919	olga_ep19	CAATDGANSKLTF	TRAV29/DV5	TRAJ56	CASSSAEQYF	TRBV5-4	TRBJ2-7
olga_random	olga_random_920	olga_ep00	CAVKPGSGYSTLTF	TRAV1-1	TRAJ11	CANDRGFSPDAAYEQYF	TRBV10-3	TRBJ2-7
olga_random	olga_random_921	olga_ep01	CAGTNDYKLSF	TRAV27	TRAJ20	CASSSQGASNTGELFF	TRBV25-1	TRBJ2-2
olga_random	olga_random_922	olga_ep02	CAASAKGPAGTSGSARQLTF	TRAV13-1	TRAJ22	CASTRGEEQFF	TRBV19	TRBJ2-1
olga_random	olga_random_923	olga_ep03	CGTEMSVNTGTASKLTF	TRAV30	TRAJ44	CASIGGLYEQYF	TRBV6-5	TRBJ2-7
olga_random	olga_random_924	olga_ep04	CAASIGNSGGYQKVTF	TRAV13-1	TRAJ13	CSAGGPYGYTF	TRBV20-1	TRBJ1-2
olga_random	olga_random_925	olga_ep05	CAAENMDSNYQLIW	TRAV25	TRAJ33	CASSHALRDKDMEFMNTEAFF	TRBV5-1	TRBJ1-1
olga_random	olga_random_926	olga_ep06	CAANTGNQFYF	TRAV13-1	TRAJ49	CASTSWGYGYTF	TRBV10-2	TRBJ1-2
olga_random	olga_random_927	olga_ep07	CAVRQGVEKLLF	TRAV1-2	TRAJ16	CASSRRCDF	TRBV4-1	TRBJ2-7
olga_random	olga_random_928	olga_ep08	CAASDSSASKIIF	TRAV29/DV5	TRAJ3	CSARRGLLFKTQYF	TRBV20-1	TRBJ2-5
olga_random	olga_random_929	olga_ep09	CIVRVALVNYGQNFVF	TRAV26-1	TRAJ26	CARGYKTQYF	TRBV7-7	TRBJ2-5
olga_random	olga_random_930	olga_ep10	CALSVDTGNQFYF	TRAV9-2	TRAJ49	CSADPRGGPFHLDTGELFF	TRBV20-1	TRBJ2-2
olga_random	olga_random_931	olga_ep11	CIVRVGAENRTQGGSEKLVF	TRAV26-1	TRAJ57	CASSSSGSTVGPKLFF	TRBV7-3	TRBJ1-4
olga_random	olga_random_932	olga_ep12	CAGSPGGYNKLIF	TRAV13-1	TRAJ4	CASSWDRGQLYNEQFF	TRBV12-4	TRBJ2-1
olga_random	olga_random_933	olga_ep13	CATDGNNARLMF	TRAV17	TRAJ31	CASDPGSTDTQYF	TRBV10-3	TRBJ2-3
olga_random	olga_random_934	olga_ep14	CAGEHSSASKIIF	TRAV27	TRAJ3	CASSRWGGKETQYF	TRBV19	TRBJ2-5
olga_random	olga_random_935	olga_ep15	CIVRVPGSNDYKLSF	TRAV26-1	TRAJ20	CASDRAETQYF	TRBV6-5	TRBJ2-5
olga_random	olga_random_936	olga_ep16	CAAKGGSQGNLIF	TRAV29/DV5	TRAJ42	CASILGPRCNQPQHF	TRBV6-4	TRBJ1-5
olga_random	olga_random_937	olga_ep17	CAVGAYGQNFVF	TRAV1-1	TRAJ26	CASSVGQGRSRNQPQHF	TRBV9	TRBJ1-5
olga_random	olga_random_938	olga_ep18	CAFMVRKSSGDKLTF	TRAV38-1	TRAJ46	CASSSQKRGSASETSGNTIYF	TRBV6-2	TRBJ1-3
olga_random	olga_random_939	olga_ep19	CAAYSSASKIIF	TRAV13-1	TRAJ3	CASSRDRGREQYF	TRBV9	TRBJ2-7
olga_random	olga_random_940	olga_ep00	CAGGAGGGADGLTF	TRAV27	TRAJ45	CSARVSHRVGYGANVLTF	TRBV20-1	TRBJ2-6
olga_random	olga_random_941	olga_ep01	CAERGRSKLTF	TRAV13-2	TRAJ56	CASSYYPPGTSEAFF	TRBV6-3	TRBJ1-1
olga_random	olga_random_942	olga_ep02	CAASLVVIGTYKYIF	TRAV13-1	TRAJ40	CASSEPGGEKLAKNIQYF	TRBV7-9	TRBJ2-4
olga_random	olga_random_943	olga_ep03	CAGQRDYGGSQGNLIF	TRAV35	TRAJ42	CSVEYSGDNEQFF	TRBV29-1	TRBJ2-1
olga_random	olga_random_944	olga_ep04	CAVGGVGKTSYDKVIF	TRAV39	TRAJ50	CASGLAETEMRYSNQPQHF	TRBV12-5	TRBJ1-5
olga_random	olga_random_945	olga_ep05	CAVRQAGTALIF	TRAV13-2	TRAJ15	CASSRYGTGSYEQYF	TRBV28	TRBJ2-7
olga_random	olga_random_946	olga_ep06	CVVNILIGSGGYNKLIF	TRAV12-1	TRAJ4	CASIGGGTSLSYNEQFF	TRBV7-9	TRBJ2-1
olga_random	olga_random_947	olga_ep07	CALRKGAQKLVF	TRAV9-2	TRAJ54	CASSYAPTPCPYQETQYF	TRBV6-3	TRBJ2-5
olga_random	olga_random_948	olga_ep08	CAASAYSGGGADGLTF	TRAV23/DV6	TRAJ45	CASGLRTDRKVQPQHF	TRBV12-5	TRBJ1-5
olga_random	olga_random_949	olga_ep09	CATDVQRNSGGSNYKLTF	TRAV17	TRAJ53	CASSGWTGQPITEAFF	TRBV7-3	TRBJ1-1
olga_random	olga_random_950	olga_ep10	CAGEGDQGGKLIF	TRAV27	TRAJ23	CASSQDDQGYNEQFF	TRBV14	TRBJ2-1
olga_random	olga_random_951	olga_ep11	CALRGAGGTSYGKLTF	TRAV16	TRAJ52	CATSDLLGTGTDTQYF	TRBV24-1	TRBJ2-3
olga_random	olga_random_952	olga_ep12	CAAAYNFNKFYF	TRAV13-1	TRAJ21	CDTDQPQHF	TRBV12-3	TRBJ1-5
olga_random	olga_random_953	olga_ep13	CAGQLAGGSEKLVF	TRAV35	TRAJ57	CASSLGTSGVFEETQYF	TRBV27	TRBJ2-5
olga_random	olga_random_954	olga_ep14	CAGDYNFNKFYF	TRAV27	TRAJ21	CATSDLGTGGDIYQETQYF	TRBV24-1	TRBJ2-5
olga_random	olga_random_955	olga_ep15	CAGPWVSTGTASKLTF	TRAV25	TRAJ44	CASSDSWTGNPFETQYF	TRBV6-4	TRBJ2-5
olga_random	olga_random_956	olga_ep16	CVVSFSGGYNKLIF	TRAV12-1	TRAJ4	CASSSKTNTEAFF	TRBV6-1	TRBJ1-1
olga_random	olga_random_957	olga_ep17	CAARCLGKTSYDKVIF	TRAV13-1	TRAJ50	CASRPKAGEQFF	TRBV10-1	TRBJ2-1
olga_random	olga_random_958	olga_ep18	CAMREKAAGNKLTF	TRAV14/DV4	TRAJ17	CASSSAGGWGPQHF	TRBV7-2	TRBJ1-5
olga_random	olga_random_959	olga_ep19	CAASISGSGYNKLIF	TRAV13-1	TRAJ4	CASSQGIGKFMYQETQYF	TRBV3-1	TRBJ2-5
olga_random	olga_random_960	olga_ep00	CIVRVEGSGGSNYKLTF	TRAV26-1	TRAJ53	CSARDIWGADTQYF	TRBV20-1	TRBJ2-3
olga_random	olga_random_961	olga_ep01	CATDPLAPPQGGSEKLVF	TRAV17	TRAJ57	CASSPRRDSVEQYF	TRBV7-3	TRBJ2-7
olga_random	olga_random_962	olga_ep02	CAALISGGGADGLTF	TRAV23/DV6	TRAJ45	CASVLGYEQYF	TRBV11-2	TRBJ2-7
olga_random	olga_random_963	olga_ep03	CATANTGFQKLVF	TRAV17	TRAJ8	CSAKKGGRSNEKLFF	TRBV20-1	TRBJ1-4
olga_random	olga_random_964	olga_ep04	CAALNNNARLMF	TRAV13-1	TRAJ31	CASITPLMNNSPLHF	TRBV12-4	TRBJ1-6
olga_random	olga_random_965	olga_ep05	CAASRWANFGNEKLTF	TRAV13-1	TRAJ48	CASSFLTEAFF	TRBV5-4	TRBJ1-1
olga_random	olga_random_966	olga_ep06	CAVGFRRGSNYKLTF	TRAV21	TRAJ53	CATRLAERLAKNIQYF	TRBV24-1	TRBJ2-4
olga_random	olga_random_967	olga_ep07	CALSEVQNATGANSKLTF	TRAV19	TRAJ56	CASSIDRDREVTEAFF	TRBV6-1	TRBJ1-1
olga_random	olga_random_968	olga_ep08	CAYRSARGGSQGNLIF	TRAV38-2/DV8	TRAJ42	CASSYIPANRDLAKNIQYF	TRBV6-5	TRBJ2-4
olga_random	olga_random_969	olga_ep09	CIVRVAGGSSNTGKLIF	TRAV26-1	TRAJ37	CSARDIRGVDKGAEQFF	TRBV20-1	TRBJ2-1
olga_random	olga_random_970	olga_ep10	CIVRGISGGYNKLIF	TRAV26-1	TRAJ4	CASSLGTSGAYEQYF	TRBV7-4	TRBJ2-7
olga_random	olga_random_971	olga_ep11	CALSAVVSSASKIIF	TRAV19	TRAJ3	CASSSRQGQDLGNTIYF	TRBV6-5	TRBJ1-3
olga_random	olga_random_972	olga_ep12	CAGAGGMEYGNKLVF	TRAV27	TRAJ47	CASSLRGEYEQYF	TRBV12-4	TRBJ2-7
olga_random	olga_random_973	olga_ep13	CAGAGNMLTF	TRAV25	TRAJ39	CASSLADPTGSSYNEQFF	TRBV12-4	TRBJ2-1
olga_random	olga_random_974	olga_ep14	CAENTGNQFYF	TRAV13-2	TRAJ49	CASSLTGAYEQYF	TRBV5-1	TRBJ2-7
olga_random	olga_random_975	olga_ep15	CALSKDNYGQNFVF	TRAV16	TRAJ26	CASSHPSGGVGELFF	TRBV11-2	TRBJ2-2
olga_random	olga_random_976	olga_ep16	CAALNTGFQKLVF	TRAV23/DV6	TRAJ8	CSVARHSQPQHF	TRBV29-1	TRBJ1-5
olga_random	olga_random_977	olga_ep17	CALSSGGSNYKLTF	TRAV9-2	TRAJ53	CASTFWTGIANTEAFF	TRBV6-1	TRBJ1-1
olga_random	olga_random_978	olga_ep18	CVVSVSDGQKLLF	TRAV10	TRAJ16	CASSRWGTRPPEEHEQYF	TRBV19	TRBJ2-7
olga_random	olga_random_979	olga_ep19	CAVRTPRMEYGNKLVF	TRAV21	TRAJ47	CAISESSLVRGSYEQYF	TRBV10-3	TRBJ2-7
olga_random	olga_random_980	olga_ep00	CAVEALNSGGSNYKLTF	TRAV36/DV7	TRAJ53	CASSASSTDTQYF	TRBV10-2	TRBJ2-3
olga_random	olga_random_981	olga_ep01	CGSGGYNKLIF	TRAV5	TRAJ4	CASSYGPLIGNQPQHF	TRBV6-6	TRBJ1-5
olga_random	olga_random_982	olga_ep02	CAGRGNTPLVF	TRAV25	TRAJ29	CSARRTGTGGAPGHHGELFF	TRBV20-1	TRBJ2-2
olga_random	olga_random_983	olga_ep03	CIVRAAPQTGANNLFF	TRAV26-1	TRAJ36	CSARQTSGFYNEQFF	TRBV20-1	TRBJ2-1
olga_random	olga_random_984	olga_ep04	CALGGGAGTALIF	TRAV6	TRAJ15	CSASGAYEQYF	TRBV20-1	TRBJ2-7
olga_random	olga_random_985	olga_ep05	CARQGGKLIF	TRAV13-1	TRAJ23	CARVLGNTEAFF	TRBV6-4	TRBJ1-1
olga_random	olga_random_986	olga_ep06	CARNDQMNRDDKIIF	TRAV13-1	TRAJ30	CASSTRRLLNTEAFF	TRBV7-8	TRBJ1-1
olga_random	olga_random_987	olga_ep07	CAGQAGTALIF	TRAV14/DV4	TRAJ15	CASGLASGNTGELFF	TRBV12-5	TRBJ2-2
olga_random	olga_random_988	olga_ep08	CAGLSDGQKLLF	TRAV27	TRAJ16	CSVASGVGNEQFF	TRBV29-1	TRBJ2-1
olga_random	olga_random_989	olga_ep09	CTSPAGGTSYGKLTF	TRAV25	TRAJ52	CASSQVVFLLPDRDDSNQPQHF	TRBV14	TRBJ1-5
olga_random	olga_random_990	olga_ep10	CAFDPNAGNNRKLIW	TRAV38-1	TRAJ38	CASSLEKGHSSSYNSPLHF	TRBV6-5	TRBJ1-6
olga_random	olga_random_991	olga_ep11	CALSELPTSGTYKYIF	TRAV19	TRAJ40	CASSEWGVGSYNEQFF	TRBV6-1	TRBJ2-1
olga_random	olga_random_992	olga_ep12	CAENSYGQNFVF	TRAV13-2	TRAJ26	CASSQGARTEAFF	TRBV3-1	TRBJ1-1
olga_random	olga_random_993	olga_ep13	CAASLSSNTGKLIF	TRAV23/DV6	TRAJ37	CSAGCEQYF	TRBV20-1	TRBJ2-7
olga_random	olga_random_994	olga_ep14	CADPPYGGATNKLIF	TRAV39	TRAJ32	CAIRGRTEAFF	TRBV6-4	TRBJ1-1
olga_random	olga_random_995	olga_ep15	CAASGVSNFGNEKLTF	TRAV23/DV6	TRAJ48	CASRTKGGIAFF	TRBV28	TRBJ1-1
olga_random	olga_random_996	olga_ep16	CAARQVLDGQKLLF	TRAV13-1	TRAJ16	CASSEQDNQPQHF	TRBV10-2	TRBJ1-5
olga_random	olga_random_997	olga_ep17	CAANFPDSGSARQLTF	TRAV29/DV5	TRAJ22	CASSFKGATYEQYF	TRBV27	TRBJ2-7
olga_random	olga_random_998	olga_ep18	CALTGTASKLTF	TRAV6	TRAJ44	CAWRQGDALPDTQYF	TRBV30	TRBJ2-3
olga_random	olga_random_999	olga_ep19	CAVDLTGANNLFF	TRAV2	TRAJ36	CSASRQGQPQHF	TRBV20-1	TRBJ1-5
