cohort,label,n_ep,gene_mean,gene_lo,gene_hi,mi_mean,mi_lo,mi_hi
tcrvdb_true,TCRvdb true,2,0.4072911037250686,0.23511068706087096,0.5794715203892662,1.0383322986902408,0.23055737324164893,1.8461072241388328
vdjdb_hq,VDJdb HQ,5,1.621110828398966,0.8269909755286105,2.415230681269321,1.290123908481791,0.4914492207087563,2.0887985962548257
vdjdb_lq,VDJdb LQ,76,0.9563494470684288,0.8501120567855066,1.0625868373513512,0.435094132740963,0.31377250103732446,0.5564157644446015
tcrvdb_false,TCRvdb false,2,0.1523131809271797,-0.07657502985827641,0.3812013917126358,0.33485135130650834,-0.12221779941144167,0.7919205020244584
immrep25_pos,immrep25 pos,20,0.20343268770892645,0.16099708084693864,0.24586829457091425,0.04682417328287105,0.019295878322340324,0.07435246824340178
airr_control,AIRR control,20,0.0037575528268912724,-0.008938566231422806,0.01645367188520535,-0.0002721347520444173,-0.0005168681679440744,-2.740133614476017e-05
olga_matched,OLGA pgen-matched,20,0.005573953564114585,-0.005202833661242675,0.016350740789471845,-0.00013606737602223085,-0.00031961743794700365,4.748268590254196e-05
olga_random,OLGA random,20,0.005674872049266354,-0.004325269859816662,0.01567501395834937,-0.00040820212806673694,-0.00074885662592676,-6.75476302067139e-05
