cohort	epitope	hla	well	cdr3a	va	ja	cdr3b	vb	jb	tcr_id
pairseq_mock	X_w01	X	01	CAASKIF	TCRAV13-01	TCRAJ12-01	CSVPGRGYGYTF	TCRBV29-01	TCRBJ01-02	ps_0
pairseq_mock	X_w01	X	01	CAMRAAGYSTLTF	TCRAV12-03	TCRAJ11-01	CSAARSGNEQFF	TCRBV29-01	TCRBJ02-01	ps_1
pairseq_mock	X_w01	X	01	CAASLANDMRF	TCRAV29-01	TCRAJ43-01	CSVQGFSNTEAFF	TCRBV29-01	TCRBJ01-01	ps_2
pairseq_mock	X_w01	X	01	CAASESTF	TCRAV23-01	TCRAJ13-01	CSVAGASNQPQHF	TCRBV29-01	TCRBJ01-05	ps_3
pairseq_mock	X_w01	X	01	CIVSQGGGNKLTF	TCRAV26-01	TCRAJ10-01	CSVETSGRSEQYF	TCRBV29-01	TCRBJ02-07	ps_4
pairseq_mock	X_w01	X	01	CATTAGTNAGKSTF	TCRAV12-03	TCRAJ27-01	CSVEASDEQYF	TCRBV29-01	TCRBJ02-07	ps_5
pairseq_mock	X_w01	X	01	CTILGFGNVLHC	TCRAV41-01	TCRAJ35-01	CSVDSGNYGYTF	TCRBV29-01	TCRBJ01-02	ps_6
pairseq_mock	X_w01	X	01	CAVEKGSSYKLIF	TCRAV02-01	TCRAJ12-01	CSVGRGLDQPQHF	TCRBV29-01	TCRBJ01-05	ps_7
pairseq_mock	X_w01	X	01	CALPPGF	TCRAV24-01	TCRAJ20-01	CSGRRSGETQYF	TCRBV29-01	TCRBJ02-05	ps_8
pairseq_mock	X_w01	X	01	CIANDKIIF	TCRAV26-01	TCRAJ30-01	CSADGQYF	TCRBV29-01	TCRBJ02-05	ps_9
pairseq_mock	X_w01	X	01	CAVEEPKLIF	TCRAV02-01	TCRAJ04-01	CSGTSLNEQFF	TCRBV29-01	TCRBJ02-01	ps_10
pairseq_mock	X_w01	X	01	CAVNGRPLVF	TCRAV01-01	TCRAJ29-01	CSVEGQGTEAFF	TCRBV29-01	TCRBJ01-01	ps_11
pairseq_mock	X_w01	X	01	CAAQTPFAGGGNKLTF	TCRAV02-01	TCRAJ10-01	CSVSPAGLDTQYF	TCRBV29-01	TCRBJ02-03	ps_12
pairseq_mock	X_w01	X	01	CALSGPVAAGNKLTF	TCRAV09-02	TCRAJ17-01	CSVEADRYEQYF	TCRBV29-01	TCRBJ02-07	ps_13
pairseq_mock	X_w01	X	01	CAVEESPAGRRALTF	TCRAV02-01	TCRAJ05-01	CSVSGTGPRSPYF	TCRBV29-01	TCRBJ02-04	ps_14
pairseq_mock	X_w01	X	01	CIVIPTDSWGKLQF	TCRAV26-01	TCRAJ24-01	CSVVGDPHNEQFF	TCRBV29-01	TCRBJ02-01	ps_15
pairseq_mock	X_w01	X	01	CARARQLTF	TCRAV06-01	TCRAJ22-01	CSVTQGEKLFF	TCRBV29-01	TCRBJ01-04	ps_16
pairseq_mock	X_w01	X	01	CAAPYAGKSTF	TCRAV21-01	TCRAJ27-01	CSVLKQGAEAFF	TCRBV29-01	TCRBJ01-01	ps_17
pairseq_mock	X_w01	X	01	CAVQGLMF	TCRAV20-01	TCRAJ31-01	CSVGVLTEAFF	TCRBV29-01	TCRBJ01-01	ps_18
pairseq_mock	X_w01	X	01	CALSEVNYGNNRLAF	TCRAV19-01	TCRAJ07-01	CSVHDTTYEQYF	TCRBV29-01	TCRBJ02-07	ps_19
pairseq_mock	X_w01	X	01	CALSETFQKLVF	TCRAV19-01	TCRAJ08-01	CSAAGTTPDTQYF	TCRBV29-01	TCRBJ02-03	ps_20
pairseq_mock	X_w01	X	01	CALGESPGYSSASKIIF	TCRDV01-01	TCRAJ03-01	CSVATSGSVGEQFF	TCRBV29-01	TCRBJ02-01	ps_21
pairseq_mock	X_w01	X	01	CAVRVAPGGGADGLTF	TCRAV01-02	TCRAJ45-01	CSSSGNEQFF	TCRBV29-01	TCRBJ02-01	ps_22
pairseq_mock	X_w01	X	01	CVVNGRALTF	TCRAV12-01	TCRAJ05-01	CSYLRVAGNYGYTF	TCRBV29-01	TCRBJ01-02	ps_23
pairseq_mock	X_w01	X	01	CAGGWNKLSF	TCRAV27-01	TCRAJ20-01	CSVDSGTQYF	TCRBV29-01	TCRBJ02-05	ps_24
pairseq_mock	X_w01	X	01	CAAAANNDMRF	TCRAV29-01	TCRAJ43-01	CSGLTSAQETQYF	TCRBV29-01	TCRBJ02-05	ps_25
pairseq_mock	X_w01	X	01	CAASLDALNF	TCRAV13-01	TCRAJ41-01	CSALEAGNTQYF	TCRBV29-01	TCRBJ02-03	ps_26
pairseq_mock	X_w01	X	01	SPTALIF	TCRAV21-01	TCRAJ15-01	CSVGGQPNSPLHF	TCRBV29-01	TCRBJ01-06	ps_27
pairseq_mock	X_w01	X	01	CAAGVGRRALTF	TCRAV02-01	TCRAJ05-01	CSAVRGTDTQYF	TCRBV29-01	TCRBJ02-03	ps_28
pairseq_mock	X_w01	X	01	CAAHKGGFQKLVF	TCRAV13-01	TCRAJ08-01	CSVTYQGATEAFF	TCRBV29-01	TCRBJ01-01	ps_29
pairseq_mock	X_w01	X	01	CAATLAHKLSF	TCRAV13-01	TCRAJ20-01	CAWSLAGGVNEQFF	TCRBV30-01	TCRBJ02-01	ps_30
pairseq_mock	X_w01	X	01	CAALRRDTGRRALTF	TCRAV13-01	TCRAJ05-01	CSVWTGDQPQHF	TCRBV29-01	TCRBJ01-05	ps_31
pairseq_mock	X_w01	X	01	CAVVVVDSSYKLIF	TCRAV02-01	TCRAJ12-01	CSVETRLPEAFF	TCRBV29-01	TCRBJ01-01	ps_32
pairseq_mock	X_w01	X	01	CAVRDALGASKIIF	TCRAV01-02	TCRAJ03-01	CSVRGPSSGANVLTF	TCRBV29-01	TCRBJ02-06	ps_33
pairseq_mock	X_w01	X	01	CDKFGTASKLTF	TCRAV12-03	TCRAJ44-01	CSVVQRVYGYTF	TCRBV29-01	TCRBJ01-02	ps_34
pairseq_mock	X_w01	X	01	CAASMIRLMF	TCRAV23-01	TCRAJ31-01	CSVEARDGDYGYTF	TCRBV29-01	TCRBJ01-02	ps_35
pairseq_mock	X_w01	X	01	CAVEDFPQGGKLIF	TCRAV02-01	TCRAJ23-01	CSVSQSGAYEQYF	TCRBV29-01	TCRBJ02-07	ps_36
pairseq_mock	X_w01	X	01	CAVRMLEAGKSTF	TCRAV21-01	TCRAJ27-01	CSVEDLGRASEETQYF	TCRBV29-01	TCRBJ02-05	ps_37
pairseq_mock	X_w01	X	01	CAFMSGKLTF	TCRAV38-01	TCRAJ52-01	CSVARDGYTF	TCRBV29-01	TCRBJ01-02	ps_38
pairseq_mock	X_w01	X	01	EGNNDMRF	TCRAV02-01	TCRAJ43-01	CAWRGNTDTQYF	TCRBV30-01	TCRBJ02-03	ps_39
pairseq_mock	X_w01	X	01	CPVEGGGSYIPTF	TCRAV02-01	TCRAJ06-01	CAWSLMTGTQPQHF	TCRBV30-01	TCRBJ01-05	ps_40
pairseq_mock	X_w01	X	01	CAVDGGQNFVF	TCRAV01-01	TCRAJ26-01	CSVVRVEETQYF	TCRBV29-01	TCRBJ02-05	ps_41
pairseq_mock	X_w01	X	01	CAFMKHVYADKLIF	TCRAV38-01	TCRAJ34-01	CSMKPTVSTEAFF	TCRBV29-01	TCRBJ01-01	ps_42
pairseq_mock	X_w01	X	01	CAVEPTNSGYSTLTF	TCRAV02-01	TCRAJ11-01	CSVRTSTSTDTQYF	TCRBV29-01	TCRBJ02-03	ps_43
pairseq_mock	X_w01	X	01	CARGGKNTDKLIF	TCRAV23-01	TCRAJ34-01	CSGWAGASDTQYF	TCRBV29-01	TCRBJ02-03	ps_44
pairseq_mock	X_w01	X	01	CALKRYDKIIF	TCRAV09-02	TCRAJ30-01	CSPQLAASTDTQYF	TCRBV29-01	TCRBJ02-03	ps_45
pairseq_mock	X_w01	X	01	CAVQAYTGGGNKLTF	TCRAV20-01	TCRAJ10-01	CSVVSGVGTQYF	TCRBV29-01	TCRBJ02-05	ps_46
pairseq_mock	X_w01	X	01	CPCPWQLTF	TCRAV13-01	TCRAJ22-01	CTGGRTDTQYF	TCRBV29-01	TCRBJ02-03	ps_47
pairseq_mock	X_w01	X	01	CVVNGGYTGFQKLVF	TCRAV12-01	TCRAJ08-01	CSVTASNYGYTF	TCRBV29-01	TCRBJ01-02	ps_48
pairseq_mock	X_w01	X	01	CAVEKDYKLSF	TCRAV02-01	TCRAJ20-01	CSVGFEQYF	TCRBV29-01	TCRBJ02-07	ps_49
pairseq_mock	X_w02	X	02	CAVEAVNSGNTPLVF	TCRAV02-01	TCRAJ29-01	CSVDATENYGYTF	TCRBV29-01	TCRBJ01-02	ps_50
pairseq_mock	X_w02	X	02	CASNSAYKLIF	TCRAV14-01	TCRAJ12-01	CSALELGDYGYTF	TCRBV29-01	TCRBJ01-02	ps_51
pairseq_mock	X_w02	X	02	CACAGTGRRALTF	TCRAV20-01	TCRAJ05-01	CSVVGLAGVAKNIQYF	TCRBV29-01	TCRBJ02-04	ps_52
pairseq_mock	X_w02	X	02	CADPEPGTGNQFYF	TCRAV23-01	TCRAJ49-01	CSVTAGGGEQYF	TCRBV29-01	TCRBJ02-07	ps_53
pairseq_mock	X_w02	X	02	CAVNLWNQGGKLIF	TCRAV21-01	TCRAJ23-01	CSVEDATTPQDTQYF	TCRBV29-01	TCRBJ02-03	ps_54
pairseq_mock	X_w02	X	02	PRLQGAQKLVF	TCRAV27-01	TCRAJ54-01	CSVGAAPEQFF	TCRBV29-01	TCRBJ02-01	ps_55
pairseq_mock	X_w02	X	02	KGLSF	TCRAV01-02	TCRAJ20-01	CSVEDLLGAFF	TCRBV29-01	TCRBJ01-01	ps_56
pairseq_mock	X_w02	X	02	CIVRYLYNFNKFYF	TCRAV26-01	TCRAJ21-01	CSVDSPVSDEQYF	TCRBV29-01	TCRBJ02-07	ps_57
pairseq_mock	X_w02	X	02	CAGDKNRDDKIIF	TCRAV21-01	TCRAJ30-01	CSSGSDTQYF	TCRBV29-01	TCRBJ02-03	ps_58
pairseq_mock	X_w02	X	02	CGSDAGGSTLGRLYF	TCRAV09-02	TCRAJ18-01	CSVGVDGELFF	TCRBV29-01	TCRBJ02-02	ps_59
pairseq_mock	X_w02	X	02	AFNNNDMRF	TCRAV02-01	TCRAJ43-01	CSVGWLAGVGEQFF	TCRBV29-01	TCRBJ02-01	ps_60
pairseq_mock	X_w02	X	02	CAVDPRGYKLSF	TCRAV02-01	TCRAJ20-01	CSAVDRDTEAFF	TCRBV29-01	TCRBJ01-01	ps_61
pairseq_mock	X_w02	X	02	CALRARGSRLTF	TCRAV19-01	TCRAJ58-01	CSPDSHYF	TCRBV29-01	TCRBJ02-04	ps_62
pairseq_mock	X_w02	X	02	CALTGHSARLMF	TCRAV19-01	TCRAJ31-01	CASSPMGPQHF	TCRBV23-01	TCRBJ01-05	ps_63
pairseq_mock	X_w02	X	02	CAIKSYGKLTF	TCRAV14-01	TCRAJ52-01	CSVDGGGATDTQYF	TCRBV29-01	TCRBJ02-03	ps_64
pairseq_mock	X_w02	X	02	CVAKGTLTF	TCRAV02-01	TCRAJ11-01	CSVRTGTTQETQYF	TCRBV29-01	TCRBJ02-05	ps_65
pairseq_mock	X_w02	X	02	CALGWGSQGNLIF	TCRAV06-01	TCRAJ42-01	CSVSKGAANSPLHF	TCRBV29-01	TCRBJ01-06	ps_66
pairseq_mock	X_w02	X	02	CPSLDSGYSTLTF	TCRAV02-01	TCRAJ11-01	CSVALADEQFF	TCRBV29-01	TCRBJ02-01	ps_67
pairseq_mock	X_w02	X	02	CAMREIDMRF	TCRAV14-01	TCRAJ43-01	CSAGTDIQYF	TCRBV29-01	TCRBJ02-04	ps_68
pairseq_mock	X_w02	X	02	CAARGEAGGSYIPTF	TCRAV01-02	TCRAJ06-01	CSVGGGIKTQYF	TCRBV29-01	TCRBJ02-05	ps_69
pairseq_mock	X_w02	X	02	CAAWLGSGNTPLVF	TCRAV01-01	TCRAJ29-01	CSVIQALGQPQHF	TCRBV29-01	TCRBJ01-05	ps_70
pairseq_mock	X_w02	X	02	CAATQVTGGGNKLTF	TCRAV23-01	TCRAJ10-01	CASSPETGNTIYF	TCRBV04-03	TCRBJ01-03	ps_71
pairseq_mock	X_w02	X	02	CACMGYQKVTF	TCRAV02-01	TCRAJ13-01	CSGLTPEETQYF	TCRBV29-01	TCRBJ02-05	ps_72
pairseq_mock	X_w02	X	02	WRANAGKSTF	TCRAV02-01	TCRAJ27-01	CSVGDSRGPQHF	TCRBV29-01	TCRBJ01-05	ps_73
pairseq_mock	X_w02	X	02	CALPAPRTALIF	TCRDV01-01	TCRAJ15-01	CSVGREWRNEQFF	TCRBV29-01	TCRBJ02-01	ps_74
pairseq_mock	X_w02	X	02	CIPLGEQGGKLIF	TCRAV26-02	TCRAJ23-01	CSVVVDGPYGYTF	TCRBV29-01	TCRBJ01-02	ps_75
pairseq_mock	X_w02	X	02	CAVADYKYIF	TCRAV41-01	TCRAJ40-01	CSVLLDTGELFF	TCRBV29-01	TCRBJ02-02	ps_76
pairseq_mock	X_w02	X	02	CAAKEASKIIF	TCRAV13-01	TCRAJ03-01	CSVRTGADQPQHF	TCRBV29-01	TCRBJ01-05	ps_77
pairseq_mock	X_w02	X	02	CVVNDNDKIIF	TCRAV12-01	TCRAJ30-01	CSVARQVDTEAFF	TCRBV29-01	TCRBJ01-01	ps_78
pairseq_mock	X_w02	X	02	CVSGRDDKIIF	TCRAV02-01	TCRAJ30-01	CSVLGGTGETQYF	TCRBV29-01	TCRBJ02-05	ps_79
pairseq_mock	X_w02	X	02	CYIPTF	TCRAV10-01	TCRAJ06-01	CSVGSPGQGSYNEQFF	TCRBV29-01	TCRBJ02-01	ps_80
pairseq_mock	X_w02	X	02	CAVEDVGGNQGGKLIF	TCRAV02-01	TCRAJ23-01	CSHHAGDTEAFF	TCRBV29-01	TCRBJ01-01	ps_81
pairseq_mock	X_w02	X	02	CPEIGQKLLF	TCRAV02-01	TCRAJ16-01	CSVAREAETQYF	TCRBV29-01	TCRBJ02-05	ps_82
pairseq_mock	X_w02	X	02	CAMEMASKIIF	TCRAV12-03	TCRAJ03-01	CSVRQGGSYGYTF	TCRBV29-01	TCRBJ01-02	ps_83
pairseq_mock	X_w02	X	02	WIIDRGSTLGRLYF	TCRAV21-01	TCRAJ18-01	CSVEDFGGTEAFF	TCRBV29-01	TCRBJ01-01	ps_84
pairseq_mock	X_w02	X	02	CAVRAGGSRLTF	TCRAV41-01	TCRAJ58-01	CSADSGYTF	TCRBV29-01	TCRBJ01-02	ps_85
pairseq_mock	X_w02	X	02	PLGGNKLVF	TCRAV12-01	TCRAJ47-01	CSAAGPDTYGYTF	TCRBV29-01	TCRBJ01-02	ps_86
pairseq_mock	X_w02	X	02	CAVPYRTDKLIF	TCRAV02-01	TCRAJ34-01	CSVGEDTEAFF	TCRBV29-01	TCRBJ01-01	ps_87
pairseq_mock	X_w02	X	02	CAGGTYDMRF	TCRAV27-01	TCRAJ43-01	CSVIQDTVSNTEAFF	TCRBV29-01	TCRBJ01-01	ps_88
pairseq_mock	X_w02	X	02	CAVQGSRLTF	TCRAV41-01	TCRAJ58-01	CSAHPPGTETQYF	TCRBV29-01	TCRBJ02-05	ps_89
pairseq_mock	X_w02	X	02	CVERINKFYF	TCRAV02-01	TCRAJ21-01	CSALQVMETQYF	TCRBV29-01	TCRBJ02-05	ps_90
pairseq_mock	X_w02	X	02	CALRQNTNAGKSTF	TCRAV09-02	TCRAJ27-01	CAWSVYRGDSPLHF	TCRBV30-01	TCRBJ01-06	ps_91
pairseq_mock	X_w02	X	02	CPLIF	TCRAV02-01	TCRAJ32-01	CSVRGLALQGEQFF	TCRBV29-01	TCRBJ02-01	ps_92
pairseq_mock	X_w02	X	02	CAASVWDNNARLMF	TCRAV29-01	TCRAJ31-01	CSAKRRASDTQYF	TCRBV29-01	TCRBJ02-03	ps_93
pairseq_mock	X_w02	X	02	CAAYFWNQGGKLIF	TCRAV23-01	TCRAJ23-01	CSVVGYFAGELFF	TCRBV29-01	TCRBJ02-02	ps_94
pairseq_mock	X_w02	X	02	CAVEFGGTASKLTF	TCRAV02-01	TCRAJ44-01	CSVLFDDRLNEKLFF	TCRBV29-01	TCRBJ01-04	ps_95
pairseq_mock	X_w02	X	02	CDGDARLMF	TCRAV25-01	TCRAJ31-01	CSGKDGTSYNEQFF	TCRBV29-01	TCRBJ02-01	ps_96
pairseq_mock	X_w02	X	02	CAASPNNTDKLIF	TCRAV23-01	TCRAJ34-01	CAWSLGAYGYTF	TCRBV30-01	TCRBJ01-02	ps_97
pairseq_mock	X_w02	X	02	CAASRHLMF	TCRAV23-01	TCRAJ31-01	CSVEAGLGGYEQYF	TCRBV29-01	TCRBJ02-07	ps_98
pairseq_mock	X_w02	X	02	CAQHTIF	TCRAV13-01	TCRAJ14-01	CSVDVGRGNQPQHF	TCRBV29-01	TCRBJ01-05	ps_99
pairseq_mock	X_w03	X	03	KRDYKLSF	TCRAV29-01	TCRAJ20-01	CAWTTGFNEQFF	TCRBV30-01	TCRBJ02-01	ps_100
pairseq_mock	X_w03	X	03	GHTLTF	TCRAV01-01	TCRAJ11-01	CAWREDSYTGELFF	TCRBV30-01	TCRBJ02-02	ps_101
pairseq_mock	X_w03	X	03	CAVEEGRGYSSASKIIF	TCRAV02-01	TCRAJ03-01	CASRGQLYGYTF	TCRBV04-01	TCRBJ01-02	ps_102
pairseq_mock	X_w03	X	03	RPGKLIF	TCRAV02-01	TCRAJ23-01	CSVEFGTGANVLTF	TCRBV29-01	TCRBJ02-06	ps_103
pairseq_mock	X_w03	X	03	CAALEPGGSYIPTF	TCRAV01-01	TCRAJ06-01	CSVEDGGTNTGELFF	TCRBV29-01	TCRBJ02-02	ps_104
pairseq_mock	X_w03	X	03	CAVAKGHNNARLMF	TCRAV02-01	TCRAJ31-01	CSAEAGGETQYF	TCRBV29-01	TCRBJ02-05	ps_105
pairseq_mock	X_w03	X	03	CAASWLRARLMF	TCRAV13-01	TCRAJ31-01	CSVRTATYEQYF	TCRBV29-01	TCRBJ02-07	ps_106
pairseq_mock	X_w03	X	03	CAVEGFARLMF	TCRAV02-01	TCRAJ31-01	CSVKSGSRGTGELFF	TCRBV29-01	TCRBJ02-02	ps_107
pairseq_mock	X_w03	X	03	CAGGERTKGSGGSYIPTF	TCRAV02-01	TCRAJ06-01	CSVEEVRRSTQYF	TCRBV29-01	TCRBJ02-05	ps_108
pairseq_mock	X_w03	X	03	CATGSAGYSSASKIIF	TCRAV12-03	TCRAJ03-01	CSVDRTRETQYF	TCRBV29-01	TCRBJ02-05	ps_109
pairseq_mock	X_w03	X	03	WEGSNYKLTF	TCRAV41-01	TCRAJ53-01	CAWSVLREGQFF	TCRBV30-01	TCRBJ02-01	ps_110
pairseq_mock	X_w03	X	03	CAVGEVDTGRRALTF	TCRAV02-01	TCRAJ05-01	CSVAADSGGYTF	TCRBV29-01	TCRBJ01-02	ps_111
pairseq_mock	X_w03	X	03	EGGSARQLTF	TCRAV12-03	TCRAJ22-01	CATSLRVGGYTF	TCRBV15-01	TCRBJ01-02	ps_112
pairseq_mock	X_w03	X	03	CAMREGWHGQGGKLIF	TCRAV14-01	TCRAJ23-01	CSVAKSDRSGGYTF	TCRBV29-01	TCRBJ01-02	ps_113
pairseq_mock	X_w03	X	03	CIVNGGADGLTF	TCRAV26-01	TCRAJ45-01	CSVARAGYGYTF	TCRBV29-01	TCRBJ01-02	ps_114
pairseq_mock	X_w03	X	03	CAVDSSDYKLSF	TCRAV02-01	TCRAJ20-01	CSVTGYNEQFF	TCRBV29-01	TCRBJ02-01	ps_115
pairseq_mock	X_w03	X	03	CADDRLMF	TCRAV25-01	TCRAJ31-01	CSVEDRRGTEAFF	TCRBV29-01	TCRBJ01-01	ps_116
pairseq_mock	X_w03	X	03	CAMKYQGGKLIF	TCRAV12-03	TCRAJ23-01	CSVEDRKSPGYTF	TCRBV29-01	TCRBJ01-02	ps_117
pairseq_mock	X_w03	X	03	CALRDENTDKLIF	TCRAV19-01	TCRAJ34-01	CSVVEGGYTF	TCRBV29-01	TCRBJ01-02	ps_118
pairseq_mock	X_w03	X	03	CACVTTDSWGKLQF	TCRAV12-03	TCRAJ24-01	CSVFRDTQYF	TCRBV29-01	TCRBJ02-03	ps_119
pairseq_mock	X_w03	X	03	CVEGGYNKLIF	TCRAV02-01	TCRAJ04-01	CSADRDDTGELFF	TCRBV29-01	TCRBJ02-02	ps_120
pairseq_mock	X_w03	X	03	CAVEDAAAGNKLTF	TCRAV02-01	TCRAJ17-01	CSGSGLDEKLFF	TCRBV29-01	TCRBJ01-04	ps_121
pairseq_mock	X_w03	X	03	CAGGASWGKLQF	TCRAV27-01	TCRAJ24-01	CSVEELEAFF	TCRBV29-01	TCRBJ01-01	ps_122
pairseq_mock	X_w03	X	03	CAMSAPDYKLSF	TCRAV12-03	TCRAJ20-01	CSGGQPSYGYTF	TCRBV29-01	TCRBJ01-02	ps_123
pairseq_mock	X_w03	X	03	CVVSQVSASKLTF	TCRAV10-01	TCRAJ44-01	CGGGSSPDTQYF	TCRBV29-01	TCRBJ02-03	ps_124
pairseq_mock	X_w03	X	03	CAAGGLTF	TCRAV23-01	TCRAJ39-01	CSVETSGSETQYF	TCRBV29-01	TCRBJ02-05	ps_125
pairseq_mock	X_w03	X	03	CALEQF	TCRAV01-01	TCRAJ24-01	CSATSGYSGANVLTF	TCRBV29-01	TCRBJ02-06	ps_126
pairseq_mock	X_w03	X	03	CAFMKPDYAGNMLTF	TCRAV38-01	TCRAJ39-01	CSTSTLNEQFF	TCRBV29-01	TCRBJ02-01	ps_127
pairseq_mock	X_w03	X	03	QGSTLTF	TCRAV21-01	TCRAJ11-01	CSVRDNTEAFF	TCRBV29-01	TCRBJ01-01	ps_128
pairseq_mock	X_w03	X	03	RGVNNARLMF	TCRAV12-03	TCRAJ31-01	CSGPRGSGANVLTF	TCRBV29-01	TCRBJ02-06	ps_129
pairseq_mock	X_w03	X	03	IVNRDDKIIF	TCRAV02-01	TCRAJ30-01	CSADRRGTEAFF	TCRBV29-01	TCRBJ01-01	ps_130
pairseq_mock	X_w03	X	03	CAVHHSARLMF	TCRAV02-01	TCRAJ31-01	CSAGREGGNEQFF	TCRBV29-01	TCRBJ02-01	ps_131
pairseq_mock	X_w03	X	03	PRSTPLVF	TCRAV02-01	TCRAJ29-01	CSVVRLAGDGDTQYF	TCRBV29-01	TCRBJ02-03	ps_132
pairseq_mock	X_w03	X	03	CAPPTDILMF	TCRAV06-01	TCRAJ31-01	CSVGTGGGNTEAFF	TCRBV29-01	TCRBJ01-01	ps_133
pairseq_mock	X_w03	X	03	CAVAVQAGGSYIPTF	TCRAV02-01	TCRAJ06-01	CSVREADTQYF	TCRBV29-01	TCRBJ02-03	ps_134
pairseq_mock	X_w03	X	03	CALSDPNYGNNRLAF	TCRAV09-02	TCRAJ07-01	CSVGTKYTDTQYF	TCRBV29-01	TCRBJ02-03	ps_135
pairseq_mock	X_w03	X	03	CAMSGPKGLIF	TCRAV12-03	TCRAJ15-01	CSVVPTSGRAGTGELFF	TCRBV29-01	TCRBJ02-02	ps_136
pairseq_mock	X_w03	X	03	CAVEDLRGDDKIIF	TCRAV02-01	TCRAJ30-01	CSVALDRAGQPQHF	TCRBV29-01	TCRBJ01-05	ps_137
pairseq_mock	X_w03	X	03	CAALEETAGNKLTF	TCRAV23-01	TCRAJ17-01	CSVANRVPGNGQFF	TCRBV29-01	TCRBJ02-01	ps_138
pairseq_mock	X_w03	X	03	CAVEGKNTGFQKLVF	TCRAV02-01	TCRAJ08-01	CSVEVANVLTF	TCRBV29-01	TCRBJ02-06	ps_139
pairseq_mock	X_w03	X	03	CAVRVRRALTF	TCRAV01-01	TCRAJ05-01	CSVGGRLEQYF	TCRBV29-01	TCRBJ02-07	ps_140
pairseq_mock	X_w03	X	03	CAACARLMF	TCRAV41-01	TCRAJ31-01	CSGFEAGANVLTF	TCRBV29-01	TCRBJ02-06	ps_141
pairseq_mock	X_w03	X	03	CAMEPYQAGTALIF	TCRAV14-01	TCRAJ15-01	CSVDPSDQQDTQYF	TCRBV29-01	TCRBJ02-03	ps_142
pairseq_mock	X_w03	X	03	CAVEEKSGYSTLTF	TCRAV02-01	TCRAJ11-01	CSVWGGNEQFF	TCRBV29-01	TCRBJ02-01	ps_143
pairseq_mock	X_w03	X	03	CALSSKGKSTF	TCRAV09-02	TCRAJ27-01	CSALHQETQYF	TCRBV29-01	TCRBJ02-05	ps_144
pairseq_mock	X_w03	X	03	CAARCMRF	TCRAV23-01	TCRAJ43-01	CSAIASGANVLTF	TCRBV20-01	TCRBJ02-06	ps_145
pairseq_mock	X_w03	X	03	CAGQRRPARLMF	TCRAV35-01	TCRAJ31-01	CSLLRQETQYF	TCRBV29-01	TCRBJ02-05	ps_146
pairseq_mock	X_w03	X	03	CAAKKGGGFKTIF	TCRAV13-01	TCRAJ09-01	CSVGGGPGAMETQYF	TCRBV29-01	TCRBJ02-05	ps_147
pairseq_mock	X_w03	X	03	CVVRGTGLSF	TCRAV10-01	TCRAJ20-01	CSVEPSPEAFF	TCRBV29-01	TCRBJ01-01	ps_148
pairseq_mock	X_w03	X	03	CAASVIGAAGNKLTF	TCRAV29-01	TCRAJ17-01	CSDGRNGETQYF	TCRBV29-01	TCRBJ02-05	ps_149
pairseq_mock	X_w04	X	04	CAMRCYGGSQGNLIF	TCRAV14-01	TCRAJ42-01	CSVELRDRSHSGYTF	TCRBV29-01	TCRBJ01-02	ps_150
pairseq_mock	X_w04	X	04	CIVRYGGYNKLIF	TCRAV26-01	TCRAJ04-01	CSVRGGDNEQFF	TCRBV29-01	TCRBJ02-01	ps_151
pairseq_mock	X_w04	X	04	CAIGKLTF	TCRAV14-01	TCRAJ52-01	CSVRVTNEKLFF	TCRBV29-01	TCRBJ01-04	ps_152
pairseq_mock	X_w04	X	04	CALRPPRGAQKLVF	TCRAV09-02	TCRAJ54-01	CSVQGGSETQYF	TCRBV29-01	TCRBJ02-05	ps_153
pairseq_mock	X_w04	X	04	SRTTGNQFYF	TCRAV19-01	TCRAJ49-01	CSAETATYEQYF	TCRBV29-01	TCRBJ02-07	ps_154
pairseq_mock	X_w04	X	04	CAPINFNKFYF	TCRAV02-01	TCRAJ21-01	CSVAGLADTQYF	TCRBV29-01	TCRBJ02-03	ps_155
pairseq_mock	X_w04	X	04	CAFKHGFGNVLHC	TCRAV02-01	TCRAJ35-01	CSVGQGARETQYF	TCRBV29-01	TCRBJ02-05	ps_156
pairseq_mock	X_w04	X	04	CAAPVGTSGSRLTF	TCRAV41-01	TCRAJ58-01	CSVASGEKMPQHF	TCRBV29-01	TCRBJ01-05	ps_157
pairseq_mock	X_w04	X	04	CAVPRTTYNTDKLIF	TCRAV02-01	TCRAJ34-01	CSVEQGRDQPQHF	TCRBV29-01	TCRBJ01-05	ps_158
pairseq_mock	X_w04	X	04	CAVRRGQKVTF	TCRAV01-01	TCRAJ13-01	CATSPHEAFF	TCRBV15-01	TCRBJ01-01	ps_159
pairseq_mock	X_w04	X	04	CALEDDTGGFKTIF	TCRAV06-01	TCRAJ09-01	CSVSDSSNQPQHF	TCRBV29-01	TCRBJ01-05	ps_160
pairseq_mock	X_w04	X	04	CAAAERRALTF	TCRAV02-01	TCRAJ05-01	CSVEDYGSVGGLFF	TCRBV29-01	TCRBJ02-02	ps_161
pairseq_mock	X_w04	X	04	CIVSGLGRSYQLTF	TCRAV26-01	TCRAJ28-01	CSVVITNTGELFF	TCRBV29-01	TCRBJ02-02	ps_162
pairseq_mock	X_w04	X	04	CGTERNGQNFVF	TCRAV30-01	TCRAJ26-01	CSVTRQGWMNTEAFF	TCRBV29-01	TCRBJ01-01	ps_163
pairseq_mock	X_w04	X	04	CAVEESRNNNDMRF	TCRAV02-01	TCRAJ43-01	CSVALGGTGELFF	TCRBV29-01	TCRBJ02-02	ps_164
pairseq_mock	X_w04	X	04	CAVVEHNFNKFYF	TCRAV02-01	TCRAJ21-01	CSVEEGRADGYTF	TCRBV29-01	TCRBJ01-02	ps_165
pairseq_mock	X_w04	X	04	CAVEDPGQKLLF	TCRAV02-01	TCRAJ16-01	CSVEKGHLNTEAFF	TCRBV29-01	TCRBJ01-01	ps_166
pairseq_mock	X_w04	X	04	CAVEDKGNTGFQKLVF	TCRAV02-01	TCRAJ08-01	CSLGLDYNEQFF	TCRBV29-01	TCRBJ02-01	ps_167
pairseq_mock	X_w04	X	04	CAVHASLADNKLSF	TCRAV13-01	TCRAJ20-01	GDGGWGAFF	TCRBV29-01	TCRBJ01-01	ps_168
pairseq_mock	X_w04	X	04	CAVEDRVDDKIIF	TCRAV02-01	TCRAJ30-01	CAWGPRPGQVPQPQHF	TCRBV30-01	TCRBJ01-05	ps_169
pairseq_mock	X_w04	X	04	CAVEDPGGSNYQLIW	TCRAV02-01	TCRAJ33-01	CSVRTDFYEQYF	TCRBV29-01	TCRBJ02-07	ps_170
pairseq_mock	X_w04	X	04	CALSEANRGGADGLTF	TCRAV19-01	TCRAJ45-01	CSVVLAGGYEQYF	TCRBV29-01	TCRBJ02-07	ps_171
pairseq_mock	X_w04	X	04	CALPSGSWGKLQF	TCRAV02-01	TCRAJ24-01	CSGSRTLNTEAFF	TCRBV29-01	TCRBJ01-01	ps_172
pairseq_mock	X_w04	X	04	CAFRSYWGNNRLAF	TCRAV13-01	TCRAJ07-01	CSYRGRVNEQFF	TCRBV29-01	TCRBJ02-01	ps_173
pairseq_mock	X_w04	X	04	CAVEGPSYSSASKIIF	TCRAV02-01	TCRAJ03-01	CSVEVLREGTQYF	TCRBV29-01	TCRBJ02-05	ps_174
pairseq_mock	X_w04	X	04	CAMRSWGTGRRALTF	TCRAV14-01	TCRAJ05-01	CSVDRVTEAFF	TCRBV29-01	TCRBJ01-01	ps_175
pairseq_mock	X_w04	X	04	CAVEDLGQGGKLIF	TCRAV02-01	TCRAJ23-01	CSVATRSEQFF	TCRBV29-01	TCRBJ02-01	ps_176
pairseq_mock	X_w04	X	04	IYPGKSTF	TCRAV01-01	TCRAJ27-01	CSVAAGTKETQYF	TCRBV29-01	TCRBJ02-05	ps_177
pairseq_mock	X_w04	X	04	CAVEDADSSASKIIF	TCRAV02-01	TCRAJ03-01	CSVVWTGGETQYF	TCRBV29-01	TCRBJ02-05	ps_178
pairseq_mock	X_w04	X	04	CAMRENTASKLTF	TCRAV14-01	TCRAJ44-01	CSVSHRGEQYF	TCRBV29-01	TCRBJ02-07	ps_179
pairseq_mock	X_w04	X	04	CAVGWSASKIIF	TCRAV02-01	TCRAJ03-01	CSVVIPGTGDGYTF	TCRBV29-01	TCRBJ01-02	ps_180
pairseq_mock	X_w04	X	04	CAMREYLRGTSYGKLTF	TCRAV14-01	TCRAJ52-01	CSVEGQGQPQHF	TCRBV29-01	TCRBJ01-05	ps_181
pairseq_mock	X_w04	X	04	CAMRGTDYKLSF	TCRAV14-01	TCRAJ20-01	CSGRNTEAFF	TCRBV29-01	TCRBJ01-01	ps_182
pairseq_mock	X_w04	X	04	CALSEANGKLTF	TCRAV19-01	TCRAJ52-01	CSVALGGGYTF	TCRBV29-01	TCRBJ01-02	ps_183
pairseq_mock	X_w04	X	04	FRGKLQF	TCRAV23-01	TCRAJ24-01	CAWSYQPQHF	TCRBV30-01	TCRBJ01-05	ps_184
pairseq_mock	X_w04	X	04	CAVTTWGGNEKLTF	TCRAV02-01	TCRAJ48-01	CSAEGAGAVDTQYF	TCRBV29-01	TCRBJ02-03	ps_185
pairseq_mock	X_w04	X	04	CAVRHRSYIPTF	TCRAV01-01	TCRAJ06-01	CSVILHGGYNQPQHF	TCRBV29-01	TCRBJ01-05	ps_186
pairseq_mock	X_w04	X	04	CAPRNGNVLHC	TCRAV38-01	TCRAJ35-01	CSVEGGKSYEQYF	TCRBV29-01	TCRBJ02-07	ps_187
pairseq_mock	X_w04	X	04	CAVEEFTGGFKTIF	TCRAV02-01	TCRAJ09-01	CSVIQGRELFF	TCRBV29-01	TCRBJ02-02	ps_188
pairseq_mock	X_w04	X	04	CAVVRTVYNQGGKLIF	TCRAV02-01	TCRAJ23-01	CSVLVSTEAFF	TCRBV29-01	TCRBJ01-01	ps_189
pairseq_mock	X_w04	X	04	CAVPATGFQKLVF	TCRAV02-01	TCRAJ08-01	CSVEGDVEETQYF	TCRBV29-01	TCRBJ02-05	ps_190
pairseq_mock	X_w04	X	04	CAVEGPRDSSYKLIF	TCRAV02-01	TCRAJ12-01	CSVGGSAGANVLTF	TCRBV29-01	TCRBJ02-06	ps_191
pairseq_mock	X_w04	X	04	CGPGQLTF	TCRAV02-01	TCRAJ22-01	CSVGGAEQFF	TCRBV29-01	TCRBJ02-01	ps_192
pairseq_mock	X_w04	X	04	CAGDWDSGYALNF	TCRAV27-01	TCRAJ41-01	CSASTRSEQYF	TCRBV29-01	TCRBJ02-07	ps_193
pairseq_mock	X_w04	X	04	CAVEDPGNAGKSTF	TCRAV02-01	TCRAJ27-01	CSVEIVGREQFF	TCRBV29-01	TCRBJ02-01	ps_194
pairseq_mock	X_w04	X	04	CALSEVPGQKLLF	TCRAV19-01	TCRAJ16-01	CSVEDPGLAGLDNEQFF	TCRBV29-01	TCRBJ02-01	ps_195
pairseq_mock	X_w04	X	04	CPVNVLHC	TCRAV02-01	TCRAJ35-01	CSVAPDEQFF	TCRBV29-01	TCRBJ02-01	ps_196
pairseq_mock	X_w04	X	04	CVVTTLYNQGGKLIF	TCRAV12-01	TCRAJ23-01	CSGYARLGDTQYF	TCRBV29-01	TCRBJ02-03	ps_197
pairseq_mock	X_w04	X	04	CAVDRRDTGRRALTF	TCRAV02-01	TCRAJ05-01	CSEMARGTQYF	TCRBV29-01	TCRBJ02-05	ps_198
pairseq_mock	X_w04	X	04	CAMREDAYRDDKIIF	TCRAV14-01	TCRAJ30-01	CSTRQGLQNTEAFF	TCRBV29-01	TCRBJ01-01	ps_199
pairseq_mock	X_w05	X	05	CAAAWGTGRRALTF	TCRAV23-01	TCRAJ05-01	CSVEDRAYIQYF	TCRBV29-01	TCRBJ02-04	ps_200
pairseq_mock	X_w05	X	05	CAVDQNDYKLSF	TCRAV02-01	TCRAJ20-01	CSVDEGGAEAFF	TCRBV29-01	TCRBJ01-01	ps_201
pairseq_mock	X_w05	X	05	CIVPRSGYSTLTF	TCRAV26-01	TCRAJ11-01	CSVRSPDRANYGYTF	TCRBV29-01	TCRBJ01-02	ps_202
pairseq_mock	X_w05	X	05	CYGPPGGRALTF	TCRAV21-01	TCRAJ05-01	CACQNGGVNQPQHF	TCRBV30-01	TCRBJ01-05	ps_203
pairseq_mock	X_w05	X	05	CAAPRENFNKFYF	TCRAV13-01	TCRAJ21-01	CSVGDRETQYF	TCRBV29-01	TCRBJ02-05	ps_204
pairseq_mock	X_w05	X	05	CAMREWRDYKLSF	TCRAV14-01	TCRAJ20-01	CSAQWYQETQYF	TCRBV29-01	TCRBJ02-05	ps_205
pairseq_mock	X_w05	X	05	CAVETPGQKLLF	TCRAV02-01	TCRAJ16-01	CSVQNEQFF	TCRBV29-01	TCRBJ02-01	ps_206
pairseq_mock	X_w05	X	05	CSCQFCRGGSEKLVF	TCRAV38-02	TCRAJ57-01	CSASGSKGDEQYF	TCRBV29-01	TCRBJ02-07	ps_207
pairseq_mock	X_w05	X	05	CFLGFGNVLHC	TCRAV38-02	TCRAJ35-01	CSVTLTKNIQYF	TCRBV29-01	TCRBJ02-04	ps_208
pairseq_mock	X_w05	X	05	CAATIDNAGNMLTF	TCRAV23-01	TCRAJ39-01	CSVGNRDPYEQYF	TCRBV29-01	TCRBJ02-07	ps_209
pairseq_mock	X_w05	X	05	HGGNKLVF	TCRAV12-01	TCRAJ47-01	CSVDPGGGYTF	TCRBV29-01	TCRBJ01-02	ps_210
pairseq_mock	X_w05	X	05	CTCTLTF	TCRAV26-01	TCRAJ11-01	CSARLDHTQYF	TCRBV29-01	TCRBJ02-03	ps_211
pairseq_mock	X_w05	X	05	CAGASSRSNDYKLSF	TCRAV02-01	TCRAJ20-01	CSYSRGYTEAFF	TCRBV29-01	TCRBJ01-01	ps_212
pairseq_mock	X_w05	X	05	CAATPGKIIF	TCRAV13-01	TCRAJ30-01	CASSTDRAYYGYTF	TCRBV04-03	TCRBJ01-02	ps_213
pairseq_mock	X_w05	X	05	CGPMRRAGTALIF	TCRAV21-01	TCRAJ15-01	CSGGQAAGELFF	TCRBV29-01	TCRBJ02-02	ps_214
pairseq_mock	X_w05	X	05	VDMRF	TCRAV02-01	TCRAJ43-01	CSGEVTPHHTEAFF	TCRBV29-01	TCRBJ01-01	ps_215
pairseq_mock	X_w05	X	05	CAMKGFDGSASKIIF	TCRAV12-03	TCRAJ03-01	CSVASFF	TCRBV29-01	TCRBJ01-01	ps_216
pairseq_mock	X_w05	X	05	CAVEDAAGGYNKLIF	TCRAV02-01	TCRAJ04-01	CSVKQNTEAFF	TCRBV29-01	TCRBJ01-01	ps_217
pairseq_mock	X_w05	X	05	DPWGKLQF	TCRAV02-01	TCRAJ24-01	CSAIRAPWQFF	TCRBV29-01	TCRBJ02-01	ps_218
pairseq_mock	X_w05	X	05	CAASGSWGAAGNKLTF	TCRAV23-01	TCRAJ17-01	CSAGDAFGSTEAFF	TCRBV29-01	TCRBJ01-01	ps_219
pairseq_mock	X_w05	X	05	CAVEDQSASGGSYIPTF	TCRAV02-01	TCRAJ06-01	CSAGTFF	TCRBV29-01	TCRBJ02-01	ps_220
pairseq_mock	X_w05	X	05	CATYKLSF	TCRAV01-02	TCRAJ20-01	CSVGQGRDEAFF	TCRBV29-01	TCRBJ01-01	ps_221
pairseq_mock	X_w05	X	05	CAVEASAQIPTF	TCRAV02-01	TCRAJ06-01	CSVRQREAAETQYF	TCRBV29-01	TCRBJ02-05	ps_222
pairseq_mock	X_w05	X	05	CAMTTDYKLSF	TCRAV12-03	TCRAJ20-01	CSVGGTSNTEAFF	TCRBV29-01	TCRBJ01-01	ps_223
pairseq_mock	X_w05	X	05	CAVEDIQGYKLSF	TCRAV02-01	TCRAJ20-01	CSVEAGANVLTF	TCRBV29-01	TCRBJ02-06	ps_224
pairseq_mock	X_w05	X	05	CALSDLRRDMRF	TCRAV09-02	TCRAJ43-01	CSVEGELETQYF	TCRBV29-01	TCRBJ02-05	ps_225
pairseq_mock	X_w05	X	05	CASAGGGATNKLIF	TCRAV02-01	TCRAJ32-01	CSVVGEDTQYF	TCRBV29-01	TCRBJ02-03	ps_226
pairseq_mock	X_w05	X	05	CAVEDVTDKLIF	TCRAV02-01	TCRAJ34-01	CSVLTNYGYTF	TCRBV29-01	TCRBJ01-02	ps_227
pairseq_mock	X_w05	X	05	CAIENSGYALNF	TCRAV12-03	TCRAJ41-01	CSVETPVIQYF	TCRBV29-01	TCRBJ02-04	ps_228
pairseq_mock	X_w05	X	05	CAVEVAGARLMF	TCRAV02-01	TCRAJ31-01	CSVGETEAFF	TCRBV29-01	TCRBJ01-01	ps_229
pairseq_mock	X_w05	X	05	CAAGPHNARLMF	TCRAV02-01	TCRAJ31-01	CAWNQANTGELFF	TCRBV30-01	TCRBJ02-02	ps_230
pairseq_mock	X_w05	X	05	CAVLTSSYKLIF	TCRAV02-01	TCRAJ12-01	CSVNQGSYEQYF	TCRBV29-01	TCRBJ02-07	ps_231
pairseq_mock	X_w05	X	05	CAVEDVGFQKLVF	TCRAV02-01	TCRAJ08-01	CASPRRHEQYF	TCRBV27-01	TCRBJ02-07	ps_232
pairseq_mock	X_w05	X	05	CAVEAGLSKIIF	TCRAV02-01	TCRAJ03-01	CSVQVSYNEQFF	TCRBV29-01	TCRBJ02-01	ps_233
pairseq_mock	X_w05	X	05	CAVDAGNQGGKLIF	TCRAV02-01	TCRAJ23-01	CSVALAGTNEQFF	TCRBV29-01	TCRBJ02-01	ps_234
pairseq_mock	X_w05	X	05	CAFCRRALTF	TCRAV24-01	TCRAJ05-01	CSVDGTEGYGYTF	TCRBV29-01	TCRBJ01-02	ps_235
pairseq_mock	X_w05	X	05	SNSNAGKSTF	TCRAV02-01	TCRAJ27-01	CSITETGLEETQYF	TCRBV29-01	TCRBJ02-05	ps_236
pairseq_mock	X_w05	X	05	CAAASSWGKLQF	TCRAV23-01	TCRAJ24-01	CSVGREEGAKFF	TCRBV29-01	TCRBJ01-04	ps_237
pairseq_mock	X_w05	X	05	CAVVSSMDTGRRALTF	TCRAV02-01	TCRAJ05-01	CSVPKGGGYTF	TCRBV29-01	TCRBJ01-02	ps_238
pairseq_mock	X_w05	X	05	CAREGGRRALTF	TCRAV19-01	TCRAJ05-01	CSVVRVNEQFF	TCRBV29-01	TCRBJ02-01	ps_239
pairseq_mock	X_w05	X	05	CAVEDQDRLMF	TCRAV02-01	TCRAJ31-01	CSVVFDGYTF	TCRBV29-01	TCRBJ01-02	ps_240
pairseq_mock	X_w05	X	05	CAVEDRVYKLSF	TCRAV02-01	TCRAJ20-01	CSAAGDYNEQFF	TCRBV29-01	TCRBJ02-01	ps_241
pairseq_mock	X_w05	X	05	CAQARGYNKLIF	TCRAV02-01	TCRAJ04-01	CSVEDPDYGYTF	TCRBV29-01	TCRBJ01-02	ps_242
pairseq_mock	X_w05	X	05	CAARITPLVF	TCRAV29-01	TCRAJ29-01	CSGSALSYNEQFF	TCRBV29-01	TCRBJ02-01	ps_243
pairseq_mock	X_w05	X	05	CASGGAGRRALTF	TCRAV02-01	TCRAJ05-01	CSVDDDRSSFF	TCRBV29-01	TCRBJ02-01	ps_244
pairseq_mock	X_w05	X	05	CAVEDFGYKLSF	TCRAV02-01	TCRAJ20-01	CSAGVGEDGYTF	TCRBV29-01	TCRBJ01-02	ps_245
pairseq_mock	X_w05	X	05	PGGKLTF	TCRAV14-01	TCRAJ52-01	CSVGDRISNQPQHF	TCRBV29-01	TCRBJ01-05	ps_246
pairseq_mock	X_w05	X	05	CAEWGADGLTF	TCRAV41-01	TCRAJ45-01	CSVTRGETQYF	TCRBV29-01	TCRBJ02-05	ps_247
pairseq_mock	X_w05	X	05	CIVRRWNSSYKLIF	TCRAV26-01	TCRAJ12-01	CSVAGLASGANVLTF	TCRBV29-01	TCRBJ02-06	ps_248
pairseq_mock	X_w05	X	05	CAGEEQAGTALIF	TCRAV27-01	TCRAJ15-01	CSVEVGTFAYNEQFF	TCRBV29-01	TCRBJ02-01	ps_249
pairseq_mock	X_w06	X	06	CAVTTLVGADGLTF	TCRAV41-01	TCRAJ45-01	CSVGTGSGGYTF	TCRBV29-01	TCRBJ01-02	ps_250
pairseq_mock	X_w06	X	06	CAFMKRYNMLTF	TCRAV38-01	TCRAJ39-01	CSVDLASGRKEQYF	TCRBV29-01	TCRBJ02-07	ps_251
pairseq_mock	X_w06	X	06	CAVDPLDRGSTLGRLYF	TCRAV02-01	TCRAJ18-01	CSAHNSYTEAFF	TCRBV29-01	TCRBJ01-01	ps_252
pairseq_mock	X_w06	X	06	CAYRREGKLTF	TCRAV38-02	TCRAJ44-01	CSVEEMAGVAQYF	TCRBV29-01	TCRBJ02-05	ps_253
pairseq_mock	X_w06	X	06	CAVEDQAGGGNKLTF	TCRAV02-01	TCRAJ10-01	CSTSEEGHTDTQYF	TCRBV29-01	TCRBJ02-03	ps_254
pairseq_mock	X_w06	X	06	CAVMPGDYKLSF	TCRAV08-01	TCRAJ20-01	CSVGPAVGGETQYF	TCRBV29-01	TCRBJ02-05	ps_255
pairseq_mock	X_w06	X	06	CASVGGGGNKLTF	TCRAV24-01	TCRAJ10-01	CSVKQGSGANVLTF	TCRBV29-01	TCRBJ02-06	ps_256
pairseq_mock	X_w06	X	06	CAVSSQEADSWGKLQF	TCRAV02-01	TCRAJ24-01	CSVDAGWETQYF	TCRBV29-01	TCRBJ02-05	ps_257
pairseq_mock	X_w06	X	06	CAATMGYIPTF	TCRAV29-01	TCRAJ06-01	CSVEVTSMNTEAFF	TCRBV29-01	TCRBJ01-01	ps_258
pairseq_mock	X_w06	X	06	CAVERKNQGGKLIF	TCRAV02-01	TCRAJ23-01	CSVWTANYGYTF	TCRBV29-01	TCRBJ01-02	ps_259
pairseq_mock	X_w06	X	06	CAAISGNEKLTF	TCRAV13-01	TCRAJ48-01	CSGRLTGELFF	TCRBV29-01	TCRBJ02-02	ps_260
pairseq_mock	X_w06	X	06	CAASHYGDMRF	TCRAV23-01	TCRAJ43-01	CSVTLMNTEAFF	TCRBV29-01	TCRBJ01-01	ps_261
pairseq_mock	X_w06	X	06	CAVDPRRDYKLSF	TCRAV02-01	TCRAJ20-01	CSVNGQGHTEAFF	TCRBV29-01	TCRBJ01-01	ps_262
pairseq_mock	X_w06	X	06	CDSGNKLIF	TCRAV01-01	TCRAJ04-01	CSTVGETQYF	TCRBV29-01	TCRBJ02-05	ps_263
pairseq_mock	X_w06	X	06	CAVGKRDARLMF	TCRAV02-01	TCRAJ31-01	CSVDLGGNIQYF	TCRBV29-01	TCRBJ02-04	ps_264
pairseq_mock	X_w06	X	06	CAVSKFNKFYF	TCRAV02-01	TCRAJ21-01	CSVLQDYGYTF	TCRBV29-01	TCRBJ01-02	ps_265
pairseq_mock	X_w06	X	06	CAVEDRRGGNKLTF	TCRAV02-01	TCRAJ10-01	CSVRGIQETQYF	TCRBV29-01	TCRBJ02-05	ps_266
pairseq_mock	X_w06	X	06	CAASRGLTGTASKLTF	TCRAV13-01	TCRAJ44-01	CSAETGYGYTF	TCRBV29-01	TCRBJ01-02	ps_267
pairseq_mock	X_w06	X	06	CAVTFGYKLSF	TCRAV02-01	TCRAJ20-01	CSVKQGAETQYF	TCRBV29-01	TCRBJ02-05	ps_268
pairseq_mock	X_w06	X	06	CAVLQGFQKLVF	TCRAV02-01	TCRAJ08-01	CSVARGQGETEAFF	TCRBV29-01	TCRBJ01-01	ps_269
pairseq_mock	X_w06	X	06	CAVRASKGGYSTLTF	TCRAV01-02	TCRAJ11-01	CSGQDGTVGAQYF	TCRBV29-01	TCRBJ02-05	ps_270
pairseq_mock	X_w06	X	06	CVVPRWRALTF	TCRAV10-01	TCRAJ05-01	CSGWDRGNTEAFF	TCRBV29-01	TCRBJ01-01	ps_271
pairseq_mock	X_w06	X	06	CALNMRAGNMLTF	TCRAV19-01	TCRAJ39-01	CAAGGNTGELFF	TCRBV29-01	TCRBJ02-02	ps_272
pairseq_mock	X_w06	X	06	CAVEDQSSGYSTLTF	TCRAV02-01	TCRAJ11-01	CSVERRDISTDTQYF	TCRBV29-01	TCRBJ02-03	ps_273
pairseq_mock	X_w06	X	06	CAVEDPPKLLF	TCRAV02-01	TCRAJ16-01	CSVAEGEGEQFF	TCRBV29-01	TCRBJ02-01	ps_274
pairseq_mock	X_w06	X	06	CAVTDDDYKLSF	TCRAV02-01	TCRAJ20-01	CSVVSSPNQPQHF	TCRBV29-01	TCRBJ01-05	ps_275
pairseq_mock	X_w06	X	06	CAVHGYIPTF	TCRAV02-01	TCRAJ06-01	CSVTANTEAFF	TCRBV29-01	TCRBJ01-01	ps_276
pairseq_mock	X_w06	X	06	CAASRTGSARQPTF	TCRAV23-01	TCRAJ22-01	CSVKNRGGQPQHF	TCRBV29-01	TCRBJ01-05	ps_277
pairseq_mock	X_w06	X	06	CVVNPFDNDMRF	TCRAV12-01	TCRAJ43-01	CSGGGTSYEQYF	TCRBV29-01	TCRBJ02-07	ps_278
pairseq_mock	X_w06	X	06	CAATGGAGKSTF	TCRAV29-01	TCRAJ27-01	CSVPEQNTEAFF	TCRBV29-01	TCRBJ01-01	ps_279
pairseq_mock	X_w06	X	06	CAASIKYNNDMRF	TCRAV13-01	TCRAJ43-01	CSVAQTYGYTF	TCRBV29-01	TCRBJ01-02	ps_280
pairseq_mock	X_w06	X	06	CAIKRDSSASKIIF	TCRAV12-03	TCRAJ03-01	CSLGGSYNEQFF	TCRBV29-01	TCRBJ02-01	ps_281
pairseq_mock	X_w06	X	06	CAPRTARLMF	TCRAV02-01	TCRAJ31-01	CSVEGEDTQYF	TCRBV29-01	TCRBJ02-03	ps_282
pairseq_mock	X_w06	X	06	CRRSSNDMRF	TCRAV41-01	TCRAJ43-01	CSVAAFTDTQYF	TCRBV29-01	TCRBJ02-03	ps_283
pairseq_mock	X_w06	X	06	CAANPAGGNKLTF	TCRAV13-01	TCRAJ10-01	CSVEGGANVLTF	TCRBV29-01	TCRBJ02-06	ps_284
pairseq_mock	X_w06	X	06	CAVRDWQNFVF	TCRAV01-02	TCRAJ26-01	CSVAQASSYNEQFF	TCRBV29-01	TCRBJ02-01	ps_285
pairseq_mock	X_w06	X	06	LSVRF	TCRAV06-01	TCRAJ43-01	CSVIKGSQETQYF	TCRBV29-01	TCRBJ02-05	ps_286
pairseq_mock	X_w06	X	06	CAALQGGFKTIF	TCRAV05-01	TCRAJ09-01	CSVETQGGNTEAFF	TCRBV29-01	TCRBJ01-01	ps_287
pairseq_mock	X_w06	X	06	CAVWDNSSGSARQLTF	TCRAV02-01	TCRAJ22-01	CSVVPNSYEQYF	TCRBV29-01	TCRBJ02-07	ps_288
pairseq_mock	X_w06	X	06	CIVRIANARLMF	TCRAV26-01	TCRAJ31-01	CSVATNSNQPQHF	TCRBV29-01	TCRBJ01-05	ps_289
pairseq_mock	X_w06	X	06	CAWGDKLIF	TCRAV02-01	TCRAJ34-01	CSVRATGETQYF	TCRBV29-01	TCRBJ02-05	ps_290
pairseq_mock	X_w06	X	06	CAVVTKGNNARLMF	TCRAV02-01	TCRAJ31-01	CSARTEYTEAFF	TCRBV29-01	TCRBJ01-01	ps_291
pairseq_mock	X_w06	X	06	CALSARYGNNRLAF	TCRAV19-01	TCRAJ07-01	CSVDLGRSGANVLTF	TCRBV29-01	TCRBJ02-06	ps_292
pairseq_mock	X_w06	X	06	CALWEDYKLSF	TCRAV02-01	TCRAJ20-01	CSVEEGSGPQYF	TCRBV29-01	TCRBJ02-03	ps_293
pairseq_mock	X_w06	X	06	CVVKVGGKLIF	TCRAV12-01	TCRAJ23-01	CSVRSGDSTF	TCRBV29-01	TCRBJ01-02	ps_294
pairseq_mock	X_w06	X	06	CAASEWGTYKYIF	TCRAV23-01	TCRAJ40-01	CSVDRTTETQYF	TCRBV29-01	TCRBJ02-05	ps_295
pairseq_mock	X_w06	X	06	CVPRDLTF	TCRAV02-01	TCRAJ11-01	CSVEYGANVLTF	TCRBV29-01	TCRBJ02-06	ps_296
pairseq_mock	X_w06	X	06	CAMREGTKAGTALIF	TCRAV14-01	TCRAJ15-01	CSVDDRGAGNTIYF	TCRBV29-01	TCRBJ01-03	ps_297
pairseq_mock	X_w06	X	06	CILIANSKLTF	TCRAV26-02	TCRAJ56-01	CSVAPVSGANVLTF	TCRBV29-01	TCRBJ02-06	ps_298
pairseq_mock	X_w06	X	06	CALSVWSGGSYIPTF	TCRAV09-02	TCRAJ06-01	CSVDGPPGYTF	TCRBV29-01	TCRBJ01-02	ps_299
pairseq_mock	X_w07	X	07	CANHKLSF	TCRAV02-01	TCRAJ20-01	CSVPGEKGSYEQYF	TCRBV29-01	TCRBJ02-07	ps_300
pairseq_mock	X_w07	X	07	CAVASISDGQKLLF	TCRAV02-01	TCRAJ16-01	CSVPRTGYQETQYF	TCRBV29-01	TCRBJ02-05	ps_301
pairseq_mock	X_w07	X	07	CAVFQGFGNVLHC	TCRAV21-01	TCRAJ35-01	CSCTVSGNTIYF	TCRBV29-01	TCRBJ01-03	ps_302
pairseq_mock	X_w07	X	07	CAMWGWDTGRRALTF	TCRAV12-03	TCRAJ05-01	CSVKGWFF	TCRBV29-01	TCRBJ02-01	ps_303
pairseq_mock	X_w07	X	07	CAMKWRGGADGLTF	TCRAV12-03	TCRAJ45-01	CSVGGPTYGYTF	TCRBV29-01	TCRBJ01-02	ps_304
pairseq_mock	X_w07	X	07	CAMRFNDMRF	TCRAV14-01	TCRAJ43-01	CAWASAYNEQFF	TCRBV30-01	TCRBJ02-01	ps_305
pairseq_mock	X_w07	X	07	CAASIISASKIIF	TCRAV13-01	TCRAJ03-01	CSVVRDRGRLGTEAFF	TCRBV29-01	TCRBJ01-01	ps_306
pairseq_mock	X_w07	X	07	CASPEAF	TCRAV12-03	TCRAJ02-01	CSVETSMNTEAFF	TCRBV29-01	TCRBJ01-01	ps_307
pairseq_mock	X_w07	X	07	CAMRVLDDKIIF	TCRAV14-01	TCRAJ30-01	CSRQRYQETQYF	TCRBV29-01	TCRBJ02-05	ps_308
pairseq_mock	X_w07	X	07	CAYSPHSDMRF	TCRAV38-02	TCRAJ43-01	CTAGVASTDTQYF	TCRBV29-01	TCRBJ02-03	ps_309
pairseq_mock	X_w07	X	07	CAVRNPDTGRRALTF	TCRAV02-01	TCRAJ05-01	CSAPSLGEQFF	TCRBV29-01	TCRBJ02-01	ps_310
pairseq_mock	X_w07	X	07	CAPIKWIIF	TCRAV25-01	TCRAJ30-01	CSGRTGQGYTF	TCRBV29-01	TCRBJ01-02	ps_311
pairseq_mock	X_w07	X	07	CAVEDREARLMF	TCRAV02-01	TCRAJ31-01	CSVEVWQGRYEQYF	TCRBV29-01	TCRBJ02-07	ps_312
pairseq_mock	X_w07	X	07	CAVSRNGF	TCRAV41-01	TCRAJ01-01	CSVDPAGRETQYF	TCRBV29-01	TCRBJ02-05	ps_313
pairseq_mock	X_w07	X	07	CIGPRRGFKTIF	TCRAV26-01	TCRAJ09-01	CSVDGSGGPSETQYF	TCRBV29-01	TCRBJ02-05	ps_314
pairseq_mock	X_w07	X	07	CLVGDPGLYSTLTF	TCRAV04-01	TCRAJ11-01	CSVQNYF	TCRBV29-01	TCRBJ01-03	ps_315
pairseq_mock	X_w07	X	07	CADGTGKLVF	TCRAV02-01	TCRAJ08-01	CSVAQGTTNEKLFF	TCRBV29-01	TCRBJ01-04	ps_316
pairseq_mock	X_w07	X	07	CAVRDQVRQAGTALIF	TCRAV01-01	TCRAJ15-01	CSVEDVAFF	TCRBV29-01	TCRBJ01-01	ps_317
pairseq_mock	X_w07	X	07	CAYERNF	TCRAV02-01	TCRAJ60-01	CSASPTGEKAFF	TCRBV29-01	TCRBJ01-01	ps_318
pairseq_mock	X_w07	X	07	SGAGKSTF	TCRAV23-01	TCRAJ27-01	CSGNSGQETQYF	TCRBV29-01	TCRBJ02-05	ps_319
pairseq_mock	X_w07	X	07	CIVRGLDMRF	TCRAV26-01	TCRAJ43-01	CAWSTSGDGNQPQHF	TCRBV30-01	TCRBJ01-05	ps_320
pairseq_mock	X_w07	X	07	CAVPRDRDDKIIF	TCRAV02-01	TCRAJ30-01	CSVPLTGETQYF	TCRBV29-01	TCRBJ02-05	ps_321
pairseq_mock	X_w07	X	07	CAVDSRRRALTF	TCRAV02-01	TCRAJ05-01	CSVDRGHGEQYF	TCRBV29-01	TCRBJ02-07	ps_322
pairseq_mock	X_w07	X	07	CAMREGLLDTGRRALTF	TCRAV14-01	TCRAJ05-01	CSVGDSTEAFF	TCRBV29-01	TCRBJ01-01	ps_323
pairseq_mock	X_w07	X	07	CAVEVPQGNRDDKIIF	TCRAV02-01	TCRAJ30-01	CSEGPRTDTQYF	TCRBV29-01	TCRBJ02-03	ps_324
pairseq_mock	X_w07	X	07	CAVDRASGGSYIPTF	TCRAV02-01	TCRAJ06-01	CASSQDLAYGGYTF	TCRBV04-03	TCRBJ01-02	ps_325
pairseq_mock	X_w07	X	07	CVIASDSNYQLIW	TCRAV02-01	TCRAJ33-01	CSVVETVEQFF	TCRBV29-01	TCRBJ02-01	ps_326
pairseq_mock	X_w07	X	07	CAVEEGDAGKSTF	TCRAV02-01	TCRAJ27-01	CSVNDREEQYF	TCRBV29-01	TCRBJ02-07	ps_327
pairseq_mock	X_w07	X	07	CAILTYNQGGKLIF	TCRAV14-01	TCRAJ23-01	CSVGTGENQPQHF	TCRBV29-01	TCRBJ01-05	ps_328
pairseq_mock	X_w07	X	07	CAALDHGGSQGNLIF	TCRAV02-01	TCRAJ42-01	CSVRGRNTEAFF	TCRBV29-01	TCRBJ01-01	ps_329
pairseq_mock	X_w07	X	07	CAVEPGYNKLIF	TCRAV02-01	TCRAJ04-01	CSVVGHNGQPQHF	TCRBV29-01	TCRBJ01-05	ps_330
pairseq_mock	X_w07	X	07	CAYRHDMRF	TCRAV38-02	TCRAJ43-01	CSVGSVGEQFF	TCRBV29-01	TCRBJ02-01	ps_331
pairseq_mock	X_w07	X	07	CAVGGADTGNQFYF	TCRAV02-01	TCRAJ49-01	CSFSRGTPSETQYF	TCRBV29-01	TCRBJ02-05	ps_332
pairseq_mock	X_w07	X	07	CAMREGRADYKLSF	TCRAV14-01	TCRAJ20-01	CSVLPGPVLGEQYF	TCRBV29-01	TCRBJ02-07	ps_333
pairseq_mock	X_w07	X	07	CALGWSKIIF	TCRAV06-01	TCRAJ03-01	CALHDYNEQFF	TCRBV30-01	TCRBJ02-01	ps_334
pairseq_mock	X_w07	X	07	CAASFWGAQKLVF	TCRAV23-01	TCRAJ54-01	CSVDTSGSNEQFF	TCRBV29-01	TCRBJ02-01	ps_335
pairseq_mock	X_w07	X	07	CAVEETNTGFQKLVF	TCRAV02-01	TCRAJ08-01	CSVVIGGKLFF	TCRBV29-01	TCRBJ01-04	ps_336
pairseq_mock	X_w07	X	07	CAVVAGNRDDKIIF	TCRAV02-01	TCRAJ30-01	CSVLGSVETQYF	TCRBV29-01	TCRBJ02-05	ps_337
pairseq_mock	X_w07	X	07	CALGPPENAGNMLTF	TCRDV01-01	TCRAJ39-01	CSVEEKGLNTEAFF	TCRBV29-01	TCRBJ01-01	ps_338
pairseq_mock	X_w07	X	07	CAPPWIF	TCRAV09-02	TCRAJ12-01	CSGRKTETQYF	TCRBV29-01	TCRBJ02-05	ps_339
pairseq_mock	X_w07	X	07	CIEESGGGADGLTF	TCRAV26-01	TCRAJ45-01	CSVDLLAQFF	TCRBV29-01	TCRBJ02-01	ps_340
pairseq_mock	X_w07	X	07	CAAFENTGRRALTF	TCRAV02-01	TCRAJ05-01	CSVKSGWEQYF	TCRBV29-01	TCRBJ02-07	ps_341
pairseq_mock	X_w07	X	07	CAVDRRARLMF	TCRAV02-01	TCRAJ31-01	CSVKRTGQAFF	TCRBV29-01	TCRBJ01-01	ps_342
pairseq_mock	X_w07	X	07	CAASQEGNTPLVF	TCRAV13-01	TCRAJ29-01	CASSADRAFTDTQYF	TCRBV12-03	TCRBJ02-03	ps_343
pairseq_mock	X_w07	X	07	CAFQRSNDYKLSF	TCRAV36-01	TCRAJ20-01	CSVGSGRAKTQYF	TCRBV29-01	TCRBJ02-05	ps_344
pairseq_mock	X_w07	X	07	CAVDPEYNFNKFYF	TCRAV02-01	TCRAJ21-01	CSVGRENEQFF	TCRBV29-01	TCRBJ02-01	ps_345
pairseq_mock	X_w07	X	07	CAAQSQAAGNKLTF	TCRAV13-01	TCRAJ17-01	CSATGKQETQYF	TCRBV29-01	TCRBJ02-05	ps_346
pairseq_mock	X_w07	X	07	CAVESKGGGNKLTF	TCRAV02-01	TCRAJ10-01	CSATQVSNQPQHF	TCRBV20-01	TCRBJ01-05	ps_347
pairseq_mock	X_w07	X	07	CAVEDHKYGQKLLF	TCRAV02-01	TCRAJ16-01	CSVEKGMEWSGTF	TCRBV29-01	TCRBJ01-02	ps_348
pairseq_mock	X_w07	X	07	CAGAYQGGKLIF	TCRAV27-01	TCRAJ23-01	CSVLQGHSNQPQHF	TCRBV29-01	TCRBJ01-05	ps_349
pairseq_mock	X_w08	X	08	CAGGRDKLIF	TCRAV27-01	TCRAJ34-01	CSVVYELGAGYTF	TCRBV29-01	TCRBJ01-02	ps_350
pairseq_mock	X_w08	X	08	CALVPDMRF	TCRAV06-01	TCRAJ43-01	CSAWGQEETQYF	TCRBV29-01	TCRBJ02-05	ps_351
pairseq_mock	X_w08	X	08	CAVYKEGGKLIF	TCRAV02-01	TCRAJ23-01	CSVGKTSTDTQYF	TCRBV29-01	TCRBJ02-03	ps_352
pairseq_mock	X_w08	X	08	CAVDLSAGNMLTF	TCRAV02-01	TCRAJ39-01	CSAETDEAFF	TCRBV29-01	TCRBJ01-01	ps_353
pairseq_mock	X_w08	X	08	CAVEEGYNNARLMF	TCRAV02-01	TCRAJ31-01	CSSDLGRDTEAFF	TCRBV29-01	TCRBJ01-01	ps_354
pairseq_mock	X_w08	X	08	CVTCLDSNYQLIW	TCRAV02-01	TCRAJ33-01	CSVVFGDQPQHF	TCRBV29-01	TCRBJ01-05	ps_355
pairseq_mock	X_w08	X	08	CAAPRRGKIIF	TCRAV13-01	TCRAJ03-01	CSVDASGRADTQYF	TCRBV29-01	TCRBJ02-03	ps_356
pairseq_mock	X_w08	X	08	CAGALTGNRDDKIIF	TCRAV27-01	TCRAJ30-01	CSPTRLYNEQFF	TCRBV29-01	TCRBJ02-01	ps_357
pairseq_mock	X_w08	X	08	CAVGVDAGNTPLVF	TCRAV02-01	TCRAJ29-01	CSVAGLAGPYEQYF	TCRBV29-01	TCRBJ02-07	ps_358
pairseq_mock	X_w08	X	08	CALSEERSGTYKYIF	TCRAV19-01	TCRAJ40-01	CSVGSGSHTGELFF	TCRBV29-01	TCRBJ02-02	ps_359
pairseq_mock	X_w08	X	08	CAGGRSTLTF	TCRAV02-01	TCRAJ11-01	CSDRSYNEQFF	TCRBV29-01	TCRBJ02-01	ps_360
pairseq_mock	X_w08	X	08	CAKGPREGYQKVTF	TCRAV05-01	TCRAJ13-01	CSAVDHYNEQFF	TCRBV29-01	TCRBJ02-01	ps_361
pairseq_mock	X_w08	X	08	CAGVTF	TCRAV01-01	TCRAJ13-01	CSVEDRPLGYEQYF	TCRBV29-01	TCRBJ02-07	ps_362
pairseq_mock	X_w08	X	08	CAVRPPGADGLTF	TCRAV41-01	TCRAJ45-01	CSVAPGWTDYGYTF	TCRBV29-01	TCRBJ01-02	ps_363
pairseq_mock	X_w08	X	08	RGFNAGKSTF	TCRAV19-01	TCRAJ27-01	CSVQHLNTEAFF	TCRBV29-01	TCRBJ01-01	ps_364
pairseq_mock	X_w08	X	08	CAGQPHQGGKLIF	TCRAV35-01	TCRAJ23-01	CSVKSGLAKNIQYF	TCRBV29-01	TCRBJ02-04	ps_365
pairseq_mock	X_w08	X	08	CALGEGKYKLSF	TCRDV01-01	TCRAJ20-01	CSVVRGYEQYF	TCRBV29-01	TCRBJ02-07	ps_366
pairseq_mock	X_w08	X	08	CAYMGNMLTF	TCRAV38-02	TCRAJ39-01	CSSDRQDPVHNGYTF	TCRBV29-01	TCRBJ01-02	ps_367
pairseq_mock	X_w08	X	08	CAVGDGSTLTF	TCRAV02-01	TCRAJ11-01	CSVNSPNYGYTF	TCRBV29-01	TCRBJ01-02	ps_368
pairseq_mock	X_w08	X	08	SLTKLTF	TCRAV01-02	TCRAJ10-01	CSASNSNGYTF	TCRBV29-01	TCRBJ01-02	ps_369
pairseq_mock	X_w08	X	08	WGGEIIF	TCRAV13-01	TCRAJ30-01	CSVEGTGTEQFF	TCRBV29-01	TCRBJ02-01	ps_370
pairseq_mock	X_w08	X	08	CAVEDHNNDMRF	TCRAV02-01	TCRAJ43-01	CSVVRSAQETQYF	TCRBV29-01	TCRBJ02-05	ps_371
pairseq_mock	X_w08	X	08	CAIYGGPDKIIF	TCRAV14-01	TCRAJ30-01	CSVTRANYGYTF	TCRBV29-01	TCRBJ01-02	ps_372
pairseq_mock	X_w08	X	08	CADPSGNNNARLMF	TCRAV02-01	TCRAJ31-01	CSVGGGFTEAFF	TCRBV29-01	TCRBJ01-01	ps_373
pairseq_mock	X_w08	X	08	CAMSSGSRLTF	TCRAV12-03	TCRAJ58-01	CSTEGREGYTF	TCRBV29-01	TCRBJ01-02	ps_374
pairseq_mock	X_w08	X	08	CAVHGEAGTALIF	TCRAV21-01	TCRAJ15-01	CSVQWRAGRYGYTF	TCRBV29-01	TCRBJ01-02	ps_375
pairseq_mock	X_w08	X	08	CAVEDKSFQKLVF	TCRAV02-01	TCRAJ08-01	CSVETGVGYTF	TCRBV29-01	TCRBJ01-02	ps_376
pairseq_mock	X_w08	X	08	CAESTSNMLTF	TCRAV05-01	TCRAJ39-01	CSARRFQETQYF	TCRBV29-01	TCRBJ02-05	ps_377
pairseq_mock	X_w08	X	08	CAASKEGSF	TCRAV23-01	TCRAJ20-01	CSVSAANQPQHF	TCRBV29-01	TCRBJ01-05	ps_378
pairseq_mock	X_w08	X	08	QAGFGNVLHC	TCRAV02-01	TCRAJ35-01	CSVHEGVGGYTF	TCRBV29-01	TCRBJ01-02	ps_379
pairseq_mock	X_w08	X	08	CVVNMRNMLTF	TCRAV12-01	TCRAJ39-01	CSVAHEEAFF	TCRBV29-01	TCRBJ01-01	ps_380
pairseq_mock	X_w08	X	08	CAVEDPKWGGFGNVLHC	TCRAV02-01	TCRAJ35-01	CSVNRVIDEQFF	TCRBV29-01	TCRBJ02-01	ps_381
pairseq_mock	X_w08	X	08	CAPWANNDMRF	TCRAV41-01	TCRAJ43-01	CSAGIHNQPQHF	TCRBV29-01	TCRBJ01-05	ps_382
pairseq_mock	X_w08	X	08	CAVEEQTGGFKTIF	TCRAV02-01	TCRAJ09-01	CSVDGTSGSGGSYEQYF	TCRBV29-01	TCRBJ02-07	ps_383
pairseq_mock	X_w08	X	08	CAEDGDTGRRALTF	TCRAV05-01	TCRAJ05-01	CSVVPRQETQYF	TCRBV29-01	TCRBJ02-05	ps_384
pairseq_mock	X_w08	X	08	CAVHGPRSGGSYIPTF	TCRAV02-01	TCRAJ06-01	CSVARTGDQPQHF	TCRBV29-01	TCRBJ01-05	ps_385
pairseq_mock	X_w08	X	08	CAARRVDMRF	TCRAV23-01	TCRAJ43-01	CSVVMGDNQPQHF	TCRBV29-01	TCRBJ01-05	ps_386
pairseq_mock	X_w08	X	08	CASDYGKLTF	TCRAV38-02	TCRAJ52-01	CSVGGAFF	TCRBV29-01	TCRBJ01-01	ps_387
pairseq_mock	X_w08	X	08	CAFMKWGYSTLTF	TCRAV38-01	TCRAJ11-01	CSVGTRGGDTQYF	TCRBV29-01	TCRBJ02-03	ps_388
pairseq_mock	X_w08	X	08	CAMRELDSTLTF	TCRAV14-01	TCRAJ11-01	CSVARGQPYEQYF	TCRBV29-01	TCRBJ02-07	ps_389
pairseq_mock	X_w08	X	08	CAVRPVWDYKLSF	TCRAV21-01	TCRAJ20-01	CSVVPDYKQFF	TCRBV29-01	TCRBJ02-01	ps_390
pairseq_mock	X_w08	X	08	FGSYIPTF	TCRAV06-01	TCRAJ06-01	CSPLGDNEQFF	TCRBV29-01	TCRBJ02-01	ps_391
pairseq_mock	X_w08	X	08	CALSDRGGARLMF	TCRAV09-02	TCRAJ31-01	CSVRRGSQETQYF	TCRBV29-01	TCRBJ02-05	ps_392
pairseq_mock	X_w08	X	08	CAVEGLRDDKIIF	TCRAV02-01	TCRAJ30-01	CSVPTGSEGYTF	TCRBV29-01	TCRBJ01-02	ps_393
pairseq_mock	X_w08	X	08	CIAIRLMF	TCRAV26-01	TCRAJ31-01	CSHRDYGKNIQYF	TCRBV29-01	TCRBJ02-04	ps_394
pairseq_mock	X_w08	X	08	CAMRARRIAGGTSYGKLTF	TCRAV14-01	TCRAJ52-01	CSVRSGYTEAFF	TCRBV29-01	TCRBJ01-01	ps_395
pairseq_mock	X_w08	X	08	CAGAQTNAGKSTF	TCRAV27-01	TCRAJ27-01	CSWGRDPYNEQFF	TCRBV29-01	TCRBJ02-01	ps_396
pairseq_mock	X_w08	X	08	CAMRESASIPTF	TCRAV14-01	TCRAJ06-01	CSVSPSGAYNEQFF	TCRBV29-01	TCRBJ02-01	ps_397
pairseq_mock	X_w08	X	08	CASSF	TCRAV01-02	TCRAJ20-01	CSVAGYSNQPQHF	TCRBV29-01	TCRBJ01-05	ps_398
pairseq_mock	X_w08	X	08	CAACGAGKSTF	TCRAV13-01	TCRAJ27-01	CSVSEHNEQFF	TCRBV29-01	TCRBJ02-01	ps_399
pairseq_mock	X_w09	X	09	CAMLTRGSRLTF	TCRAV14-01	TCRAJ58-01	CAQWTAYGYTF	TCRBV30-01	TCRBJ01-02	ps_400
pairseq_mock	X_w09	X	09	CAFMRITSYGKLTF	TCRAV38-01	TCRAJ52-01	CSVESSERNGYTF	TCRBV29-01	TCRBJ01-02	ps_401
pairseq_mock	X_w09	X	09	CIVRVATGYKLSF	TCRAV26-01	TCRAJ20-01	CASSHSRGYEQFF	TCRBV04-01	TCRBJ02-01	ps_402
pairseq_mock	X_w09	X	09	CAVVRLNNNARLMF	TCRAV02-01	TCRAJ31-01	CAYWTLLNYGYTF	TCRBV30-01	TCRBJ01-02	ps_403
pairseq_mock	X_w09	X	09	CAASHHNAGNNRKLIW	TCRAV23-01	TCRAJ38-01	CASSQAYGGLAKNIQYF	TCRBV04-03	TCRBJ02-04	ps_404
pairseq_mock	X_w09	X	09	CALPPGILTGGGNKLTF	TCRAV06-01	TCRAJ10-01	CSVEPDRGRINEQFF	TCRBV29-01	TCRBJ02-01	ps_405
pairseq_mock	X_w09	X	09	CAVEDRVPGGSYIPTF	TCRAV02-01	TCRAJ06-01	CASSALDDEQYF	TCRBV07-09	TCRBJ02-07	ps_406
pairseq_mock	X_w09	X	09	CAGGVYAGTASKLTF	TCRAV27-01	TCRAJ44-01	CSVEDQGSYEQYF	TCRBV29-01	TCRBJ02-07	ps_407
pairseq_mock	X_w09	X	09	CAFGTTDSWGKLQF	TCRAV24-01	TCRAJ24-01	CSAGGGDRNYGYTF	TCRBV29-01	TCRBJ01-02	ps_408
pairseq_mock	X_w09	X	09	CIVRLKHNAGNNRKLIW	TCRAV26-01	TCRAJ38-01	CATSRSSGGSSYEQYF	TCRBV15-01	TCRBJ02-07	ps_409
pairseq_mock	X_w09	X	09	CARTGLIF	TCRAV38-02	TCRAJ32-01	CAWSVFGQGTFF	TCRBV30-01	TCRBJ01-01	ps_410
pairseq_mock	X_w09	X	09	CAVLITGFQKLVF	TCRAV02-01	TCRAJ08-01	PGRVETQYF	TCRBV30-01	TCRBJ02-05	ps_411
pairseq_mock	X_w09	X	09	CAEVPRLMF	TCRAV13-02	TCRAJ31-01	CAWSWGADYGYTF	TCRBV30-01	TCRBJ01-02	ps_412
pairseq_mock	X_w09	X	09	CAEIVRQAGTALIF	TCRAV13-02	TCRAJ15-01	CAWSGGELTGELFF	TCRBV30-01	TCRBJ02-02	ps_413
pairseq_mock	X_w09	X	09	CAVPQGDTDKLIF	TCRAV21-01	TCRAJ34-01	CSVEEGEETQYF	TCRBV29-01	TCRBJ02-05	ps_414
pairseq_mock	X_w09	X	09	CAGLDAGKSTF	TCRAV25-01	TCRAJ27-01	CSVTGREVRETQYF	TCRBV29-01	TCRBJ02-05	ps_415
pairseq_mock	X_w09	X	09	CAAMGGAAGNKLTF	TCRAV29-01	TCRAJ17-01	CSVARVEETQYF	TCRBV29-01	TCRBJ02-05	ps_416
pairseq_mock	X_w09	X	09	CAGVSMGKFYF	TCRAV27-01	TCRAJ21-01	CAWRGNMNTEAFF	TCRBV30-01	TCRBJ01-01	ps_417
pairseq_mock	X_w09	X	09	CAVENEARLMF	TCRAV02-01	TCRAJ31-01	CAWRTVSEAFF	TCRBV30-01	TCRBJ01-01	ps_418
pairseq_mock	X_w09	X	09	CAFHPPLWNQGGKLIF	TCRAV24-01	TCRAJ23-01	CSVGVLETQYF	TCRBV29-01	TCRBJ02-05	ps_419
pairseq_mock	X_w09	X	09	CAGTQNQGGKLIF	TCRAV25-01	TCRAJ23-01	CATSQGETQYF	TCRBV15-01	TCRBJ02-05	ps_420
pairseq_mock	X_w09	X	09	CVVNIAQAAGNKLTF	TCRAV12-01	TCRAJ17-01	CSVADRGFSGTEAFF	TCRBV29-01	TCRBJ01-01	ps_421
pairseq_mock	X_w09	X	09	CVVNNLTF	TCRAV12-01	TCRAJ11-01	CASTGSSGRLDEQFF	TCRBV23-01	TCRBJ02-01	ps_422
pairseq_mock	X_w09	X	09	CAGSLRGQNFVF	TCRAV35-01	TCRAJ26-01	CSANGAEAFF	TCRBV20-01	TCRBJ01-01	ps_423
pairseq_mock	X_w09	X	09	CAYRSFGKYARLMF	TCRAV38-02	TCRAJ31-01	CAWSAGHEQFF	TCRBV30-01	TCRBJ02-01	ps_424
pairseq_mock	X_w09	X	09	CAVDVGYGQNFVF	TCRAV02-01	TCRAJ26-01	CATQGEDSPLHF	TCRBV15-01	TCRBJ01-06	ps_425
pairseq_mock	X_w09	X	09	CAAVISGFQKLVF	TCRAV13-01	TCRAJ08-01	CSDSQGTETQYF	TCRBV29-01	TCRBJ02-05	ps_426
pairseq_mock	X_w09	X	09	CALSLGLSF	TCRAV09-02	TCRAJ20-01	CSVDGQPYDEQYF	TCRBV29-01	TCRBJ02-07	ps_427
pairseq_mock	X_w09	X	09	YVLHC	TCRAV02-01	TCRAJ35-01	CSAAYGIQYF	TCRBV29-01	TCRBJ02-04	ps_428
pairseq_mock	X_w09	X	09	CAGALMGAGSYQLTF	TCRAV27-01	TCRAJ28-01	CASRSHRSSWGYTF	TCRBV06-05	TCRBJ01-02	ps_429
pairseq_mock	X_w09	X	09	CAVLVVGTASKLTF	TCRAV41-01	TCRAJ44-01	CAWSKQIGDTQYF	TCRBV30-01	TCRBJ02-03	ps_430
pairseq_mock	X_w09	X	09	CAGEESQAGTALIF	TCRAV27-01	TCRAJ15-01	CAWSVRSWGGDSTF	TCRBV30-01	TCRBJ01-02	ps_431
pairseq_mock	X_w09	X	09	CAVEDPLNDMRF	TCRAV02-01	TCRAJ43-01	CATSRDMTGGPQHF	TCRBV15-01	TCRBJ01-05	ps_432
pairseq_mock	X_w09	X	09	CAVEDRSGGNMLTF	TCRAV02-01	TCRAJ39-01	CSVEGTSRETQYF	TCRBV29-01	TCRBJ02-05	ps_433
pairseq_mock	X_w09	X	09	CAVEKRDSSYKLIF	TCRAV02-01	TCRAJ12-01	CATSVLADYNEQFF	TCRBV15-01	TCRBJ02-01	ps_434
pairseq_mock	X_w09	X	09	CAVGGLDDMRF	TCRAV41-01	TCRAJ43-01	CSVTGQDDEQYF	TCRBV29-01	TCRBJ02-07	ps_435
pairseq_mock	X_w09	X	09	CAASIGMGDMRF	TCRAV13-01	TCRAJ43-01	CASSEEAGDTQYF	TCRBV02-01	TCRBJ02-03	ps_436
pairseq_mock	X_w09	X	09	CIGPSETF	TCRAV26-01	TCRAJ52-01	CAWSTSQWSGYTF	TCRBV30-01	TCRBJ01-02	ps_437
pairseq_mock	X_w09	X	09	CAASGKSGSRLTF	TCRAV23-01	TCRAJ58-01	CSGGDEQFF	TCRBV29-01	TCRBJ02-01	ps_438
pairseq_mock	X_w09	X	09	CVPTASKLTF	TCRAV21-01	TCRAJ44-01	CASSQAGTDQETQYF	TCRBV23-01	TCRBJ02-05	ps_439
pairseq_mock	X_w09	X	09	CAASSPHKGSARQLTF	TCRAV13-01	TCRAJ22-01	CASSNPGQPKHEPNQPQHF	TCRBV23-01	TCRBJ01-05	ps_440
pairseq_mock	X_w09	X	09	CAKPGSQGNLIF	TCRAV13-01	TCRAJ42-01	CSAKVLGNEQYF	TCRBV20-01	TCRBJ02-07	ps_441
pairseq_mock	X_w09	X	09	CAASRARNTNAGKSTF	TCRAV13-01	TCRAJ27-01	CSVNPGQQETQYF	TCRBV29-01	TCRBJ02-05	ps_442
pairseq_mock	X_w09	X	09	CAMVVEANSKLTF	TCRAV14-01	TCRAJ56-01	CSAQTNPGLAGGFPFF	TCRBV29-01	TCRBJ02-01	ps_443
pairseq_mock	X_w09	X	09	CAASYLSGYALNF	TCRAV13-01	TCRAJ41-01	CSLGRTTDTQYF	TCRBV29-01	TCRBJ02-03	ps_444
pairseq_mock	X_w09	X	09	AHSGGGADGLTF	TCRAV29-01	TCRAJ45-01	CSVEADNRSDEQFF	TCRBV29-01	TCRBJ02-01	ps_445
pairseq_mock	X_w09	X	09	CAVGLQVGQKLLF	TCRAV02-01	TCRAJ16-01	CAWSVEAGEEKLFF	TCRBV30-01	TCRBJ01-04	ps_446
pairseq_mock	X_w09	X	09	CAAVYKLSF	TCRAV02-01	TCRAJ20-01	CSTQGAGETQYF	TCRBV29-01	TCRBJ02-05	ps_447
pairseq_mock	X_w09	X	09	CIVNRQGAQKLVF	TCRAV26-01	TCRAJ54-01	CSVAGADEKLFF	TCRBV29-01	TCRBJ01-04	ps_448
pairseq_mock	X_w09	X	09	CAVEGEYSTLTF	TCRAV02-01	TCRAJ11-01	CSETGGGGYTF	TCRBV29-01	TCRBJ01-02	ps_449
pairseq_mock	X_w10	X	10	CGLMF	TCRAV08-03	TCRAJ31-01	CSGGLGNEQFF	TCRBV29-01	TCRBJ02-01	ps_450
pairseq_mock	X_w10	X	10	CAMRCYGNNRLAF	TCRAV14-01	TCRAJ07-01	CSVEDRGSTQYF	TCRBV29-01	TCRBJ02-03	ps_451
pairseq_mock	X_w10	X	10	CIVPIDMRF	TCRAV26-01	TCRAJ43-01	CSVKPGAFF	TCRBV29-01	TCRBJ01-01	ps_452
pairseq_mock	X_w10	X	10	CAVEEPDKLIF	TCRAV02-01	TCRAJ34-01	CSVNRDRGNNEQFF	TCRBV29-01	TCRBJ02-01	ps_453
pairseq_mock	X_w10	X	10	CAVEASLGGSYIPTF	TCRAV02-01	TCRAJ06-01	CSVRGEQFF	TCRBV29-01	TCRBJ02-01	ps_454
pairseq_mock	X_w10	X	10	LRKLSF	TCRAV27-01	TCRAJ20-01	CSAGPADEQYF	TCRBV29-01	TCRBJ02-07	ps_455
pairseq_mock	X_w10	X	10	CIHPSNAGNNRKLIW	TCRAV26-02	TCRAJ38-01	CSVLRVLSYNEQFF	TCRBV29-01	TCRBJ02-01	ps_456
pairseq_mock	X_w10	X	10	CAVEDTGYTGFQKLVF	TCRAV02-01	TCRAJ08-01	CSGTLAGVHEQYF	TCRBV29-01	TCRBJ02-07	ps_457
pairseq_mock	X_w10	X	10	CITSIQGAQKLVF	TCRAV26-01	TCRAJ54-01	CASQGKEQPQHF	TCRBV23-01	TCRBJ01-05	ps_458
pairseq_mock	X_w10	X	10	CIVTGMRF	TCRAV26-01	TCRAJ43-01	CSVTFQGNEQFF	TCRBV29-01	TCRBJ02-01	ps_459
pairseq_mock	X_w10	X	10	CVPGGAGGSYIPTF	TCRAV02-01	TCRAJ06-01	CSAGQASNQPQHF	TCRBV29-01	TCRBJ01-05	ps_460
pairseq_mock	X_w10	X	10	CAMREGLGNARLMF	TCRAV14-01	TCRAJ31-01	CSVDWGGHEQYF	TCRBV29-01	TCRBJ02-07	ps_461
pairseq_mock	X_w10	X	10	CAVEWRTALIF	TCRAV02-01	TCRAJ15-01	CSVADGGNQPQHF	TCRBV29-01	TCRBJ01-05	ps_462
pairseq_mock	X_w10	X	10	CAVEEPSGGSYIPTF	TCRAV02-01	TCRAJ06-01	CSVPPLGNEQFF	TCRBV29-01	TCRBJ02-01	ps_463
pairseq_mock	X_w10	X	10	CAVRSGESTF	TCRAV02-01	TCRAJ27-01	CSVSHAGYTF	TCRBV29-01	TCRBJ01-02	ps_464
pairseq_mock	X_w10	X	10	CAASDVRLMF	TCRAV29-01	TCRAJ31-01	CSVEVSREGIQYF	TCRBV29-01	TCRBJ02-04	ps_465
pairseq_mock	X_w10	X	10	CAVEDRVGGGADGLTF	TCRAV02-01	TCRAJ45-01	CSVRGVKGYTF	TCRBV29-01	TCRBJ01-02	ps_466
pairseq_mock	X_w10	X	10	CILAGNKLTF	TCRAV26-02	TCRAJ17-01	CSVEGQGEGYTF	TCRBV29-01	TCRBJ01-02	ps_467
pairseq_mock	X_w10	X	10	RQDDKIIF	TCRAV27-01	TCRAJ30-01	CSVAQEGSNQPQHF	TCRBV29-01	TCRBJ01-05	ps_468
pairseq_mock	X_w10	X	10	CAVIPEDRLMF	TCRAV08-01	TCRAJ31-01	CSGTSGDEQYF	TCRBV29-01	TCRBJ02-07	ps_469
pairseq_mock	X_w10	X	10	CALFSF	TCRDV01-01	TCRAJ20-01	CSVEELAGVAFF	TCRBV29-01	TCRBJ02-01	ps_470
pairseq_mock	X_w10	X	10	CAASRGSRYGNKLVF	TCRAV13-01	TCRAJ47-01	CSVRGPGDEQYF	TCRBV29-01	TCRBJ02-07	ps_471
pairseq_mock	X_w10	X	10	SRYGQNFVF	TCRAV02-01	TCRAJ26-01	CSVEVSPLHF	TCRBV29-01	TCRBJ01-06	ps_472
pairseq_mock	X_w10	X	10	CARVNYGQNFVF	TCRAV06-01	TCRAJ26-01	CSVRVGQGGYTF	TCRBV29-01	TCRBJ01-02	ps_473
pairseq_mock	X_w10	X	10	CAADPGGSARQLTF	TCRAV02-01	TCRAJ22-01	CSVARATGELFF	TCRBV29-01	TCRBJ02-02	ps_474
pairseq_mock	X_w10	X	10	CAYRTMRF	TCRAV38-02	TCRAJ43-01	CSVIGGGQETQYF	TCRBV29-01	TCRBJ02-05	ps_475
pairseq_mock	X_w10	X	10	CAVEDGADARLMF	TCRAV02-01	TCRAJ31-01	CSVEEEETQYF	TCRBV29-01	TCRBJ02-05	ps_476
pairseq_mock	X_w10	X	10	CAVLAGYKLSF	TCRAV02-01	TCRAJ20-01	CSALEGAYGYTF	TCRBV29-01	TCRBJ01-02	ps_477
pairseq_mock	X_w10	X	10	EGTLTF	TCRAV06-01	TCRAJ11-01	CSVVDSGNQPQHF	TCRBV29-01	TCRBJ01-05	ps_478
pairseq_mock	X_w10	X	10	CAVKRLMF	TCRAV41-01	TCRAJ31-01	CSVGGRDQPQHF	TCRBV29-01	TCRBJ01-05	ps_479
pairseq_mock	X_w10	X	10	CRADYARLMF	TCRAV02-01	TCRAJ31-01	CSVEVPGRRSEAFF	TCRBV29-01	TCRBJ01-01	ps_480
pairseq_mock	X_w10	X	10	CRWTGRRALTF	TCRAV06-01	TCRAJ05-01	CSVLPRGPNTDTQYF	TCRBV29-01	TCRBJ02-03	ps_481
pairseq_mock	X_w10	X	10	CAVDPKDNARLMF	TCRAV02-01	TCRAJ31-01	CSGSGRGGETQYF	TCRBV29-01	TCRBJ02-05	ps_482
pairseq_mock	X_w10	X	10	CAVEDPLGLGNMLTF	TCRAV02-01	TCRAJ39-01	CSVGQGAAYEQYF	TCRBV29-01	TCRBJ02-07	ps_483
pairseq_mock	X_w10	X	10	CALHHDKIIF	TCRAV19-01	TCRAJ30-01	CSASEGQQFF	TCRBV29-01	TCRBJ02-01	ps_484
pairseq_mock	X_w10	X	10	CAVELPNQAGTALIF	TCRAV02-01	TCRAJ15-01	CSVEQARGETQYF	TCRBV29-01	TCRBJ02-05	ps_485
pairseq_mock	X_w10	X	10	CAPVHF	TCRAV13-01	TCRAJ49-01	CSVGDIDQPQHF	TCRBV29-01	TCRBJ01-05	ps_486
pairseq_mock	X_w10	X	10	CAPIASTGYNKLIF	TCRAV09-02	TCRAJ04-01	CSVDGAGETQYF	TCRBV29-01	TCRBJ02-05	ps_487
pairseq_mock	X_w10	X	10	CAVEHRGGGGNKLTF	TCRAV02-01	TCRAJ10-01	CSVEDTIEQYF	TCRBV29-01	TCRBJ02-07	ps_488
pairseq_mock	X_w10	X	10	CAVELGGKLQF	TCRAV02-01	TCRAJ24-01	CSVELQGAGYEQYF	TCRBV29-01	TCRBJ02-07	ps_489
pairseq_mock	X_w10	X	10	CADSKGLTF	TCRAV13-02	TCRAJ11-01	CSVVPYETQYF	TCRBV29-01	TCRBJ02-05	ps_490
pairseq_mock	X_w10	X	10	CAVEEGVGGGKLIF	TCRAV02-01	TCRAJ23-01	CSVWHRGIADTQYF	TCRBV29-01	TCRBJ02-03	ps_491
pairseq_mock	X_w10	X	10	CALSEISTLTF	TCRAV09-02	TCRAJ11-01	CSVEEATQYF	TCRBV29-01	TCRBJ02-05	ps_492
pairseq_mock	X_w10	X	10	CTGGLSF	TCRAV02-01	TCRAJ20-01	CSVETNYGYTF	TCRBV29-01	TCRBJ01-02	ps_493
pairseq_mock	X_w10	X	10	CILRDWAGTYKYIF	TCRAV26-02	TCRAJ40-01	CSVTVNGYTF	TCRBV29-01	TCRBJ01-02	ps_494
pairseq_mock	X_w10	X	10	CAASGAF	TCRAV13-01	TCRAJ10-01	CSGGARVEQFF	TCRBV29-01	TCRBJ02-01	ps_495
pairseq_mock	X_w10	X	10	CAVSLSPHC	TCRAV02-01	TCRAJ35-01	CSVGLGQETQYF	TCRBV29-01	TCRBJ02-05	ps_496
pairseq_mock	X_w10	X	10	CAVNGISASKIIF	TCRAV08-01	TCRAJ03-01	CSVRDGEQFF	TCRBV29-01	TCRBJ02-01	ps_497
pairseq_mock	X_w10	X	10	CAVEDVLHC	TCRAV02-01	TCRAJ35-01	CSVQTGSNQPQHF	TCRBV29-01	TCRBJ01-05	ps_498
pairseq_mock	X_w10	X	10	CATRRGAQKLVF	TCRAV38-01	TCRAJ54-01	CSVSQGIGETQYF	TCRBV29-01	TCRBJ02-05	ps_499
pairseq_mock	Y_w01	Y	01	CALGSMDTGRRALTF	TCRAV09-02	TCRAJ05-01	CSVDRPGTGGYTF	TCRBV29-01	TCRBJ01-02	ps_500
pairseq_mock	Y_w01	Y	01	CAVISGANSKLTF	TCRAV41-01	TCRAJ46-01	CASSQDSKDYGYTF	TCRBV03-01	TCRBJ01-02	ps_501
pairseq_mock	Y_w01	Y	01	CAVDISARLMF	TCRAV39-01	TCRAJ31-01	CASSQDFLGTDTQYF	TCRBV04-03	TCRBJ02-03	ps_502
pairseq_mock	Y_w01	Y	01	CAVRDESDNARLMF	TCRAV03-01	TCRAJ31-01	CASSFIREGFGTDTQYF	TCRBV28-01	TCRBJ02-03	ps_503
pairseq_mock	Y_w01	Y	01	CILQIQGAQKLVF	TCRAV26-02	TCRAJ54-01	CASSQDLQMNTEAFF	TCRBV04-02	TCRBJ01-01	ps_504
pairseq_mock	Y_w01	Y	01	CAGQLRYGGATNKLIF	TCRAV35-01	TCRAJ32-01	CASSGDGTNYNEQFF	TCRBV09-01	TCRBJ02-01	ps_505
pairseq_mock	Y_w01	Y	01	CAMTFVGGSYIPTF	TCRAV12-03	TCRAJ06-01	CSAEGLVAGAYNEQFF	TCRBV20-01	TCRBJ02-01	ps_506
pairseq_mock	Y_w01	Y	01	CAVRSGLIF	TCRAV41-01	TCRAJ32-01	CSVIGGLAEAFF	TCRBV29-01	TCRBJ01-01	ps_507
pairseq_mock	Y_w01	Y	01	CIVRLRAGGTSYGKLTF	TCRAV26-01	TCRAJ52-01	CASSLAASGSGFF	TCRBV05-01	TCRBJ02-01	ps_508
pairseq_mock	Y_w01	Y	01	CAVDRILTGGGNKLTF	TCRAV02-01	TCRAJ10-01	CSAGDRRSYNEQFF	TCRBV20-01	TCRBJ02-01	ps_509
pairseq_mock	Y_w01	Y	01	CALDRGYIPTF	TCRAV06-01	TCRAJ06-01	CASSVGDGNQPQYF	TCRBV09-01	TCRBJ02-03	ps_510
pairseq_mock	Y_w01	Y	01	CAATPGMRF	TCRAV29-01	TCRAJ43-01	CASTHHRLSNAIWQFF	TCRBV28-01	TCRBJ02-01	ps_511
pairseq_mock	Y_w01	Y	01	CAPPIYGNNRLAF	TCRAV19-01	TCRAJ07-01	CATSSTGHGDEQYF	TCRBV15-01	TCRBJ02-07	ps_512
pairseq_mock	Y_w01	Y	01	CAVRGATGGGNKLTF	TCRAV01-02	TCRAJ10-01	CRMGATEAFF	TCRBV20-01	TCRBJ01-01	ps_513
pairseq_mock	Y_w01	Y	01	CAVDETGGGNKLTF	TCRAV02-01	TCRAJ10-01	CSAEGQTNYGYTF	TCRBV29-01	TCRBJ01-02	ps_514
pairseq_mock	Y_w01	Y	01	CARPWNRDDKIIF	TCRAV02-01	TCRAJ30-01	CATSRTSGANEQFF	TCRBV15-01	TCRBJ02-01	ps_515
pairseq_mock	Y_w01	Y	01	CAPRSDKIIF	TCRAV01-02	TCRAJ30-01	CSAIGGTVYNEQFF	TCRBV20-01	TCRBJ02-01	ps_516
pairseq_mock	Y_w01	Y	01	CPCSIF	TCRAV20-01	TCRAJ23-01	CASSFESTIYF	TCRBV12-03	TCRBJ01-03	ps_517
pairseq_mock	Y_w01	Y	01	CAVQARRSQGNLIF	TCRAV20-01	TCRAJ42-01	CATDRDSHDQETQYF	TCRBV28-01	TCRBJ02-05	ps_518
pairseq_mock	Y_w01	Y	01	CLVARASSASKIIF	TCRAV04-01	TCRAJ03-01	CASSRSPGPDHSGNTIYF	TCRBV06-01	TCRBJ01-03	ps_519
pairseq_mock	Y_w01	Y	01	CAVRSLDSNYQLIW	TCRAV01-02	TCRAJ33-01	CATSRDVASGRYEQFF	TCRBV15-01	TCRBJ02-01	ps_520
pairseq_mock	Y_w01	Y	01	CAGRRGYALNF	TCRAV35-01	TCRAJ41-01	CASSPLAGALQETQYF	TCRBV28-01	TCRBJ02-05	ps_521
pairseq_mock	Y_w01	Y	01	CAVDKASNYQLIW	TCRAV39-01	TCRAJ33-01	CSVDQNGYTF	TCRBV29-01	TCRBJ01-02	ps_522
pairseq_mock	Y_w01	Y	01	CAGRGGYKLSF	TCRAV01-02	TCRAJ20-01	CSGLDNSYGYTF	TCRBV20-01	TCRBJ01-02	ps_523
pairseq_mock	Y_w01	Y	01	CAASMSTGGFKTIF	TCRAV13-01	TCRAJ09-01	CASSQVDRKNIQYF	TCRBV04-02	TCRBJ02-04	ps_524
pairseq_mock	Y_w01	Y	01	CVVTRAGNMLTF	TCRAV12-01	TCRAJ39-01	CAWSEQERNEKLFF	TCRBV30-01	TCRBJ01-04	ps_525
pairseq_mock	Y_w01	Y	01	CAVNEANRDDKIIF	TCRAV08-01	TCRAJ30-01	CATSRGIGGSVPDTQYF	TCRBV15-01	TCRBJ02-03	ps_526
pairseq_mock	Y_w01	Y	01	WAGIGFGNVLHC	TCRAV19-01	TCRAJ35-01	CASSQAGKEAFF	TCRBV04-01	TCRBJ01-01	ps_527
pairseq_mock	Y_w01	Y	01	CIVRVDRGFGNVLHC	TCRAV26-01	TCRAJ35-01	CASSLSLGGKLEAFF	TCRBV07-09	TCRBJ01-01	ps_528
pairseq_mock	Y_w01	Y	01	CALGEARLMF	TCRAV06-01	TCRAJ31-01	DRARPGGYTF	TCRBV29-01	TCRBJ01-02	ps_529
pairseq_mock	Y_w01	Y	01	CVVIPQGGSEKLVF	TCRAV12-01	TCRAJ57-01	CAWSVGSEQFF	TCRBV30-01	TCRBJ02-01	ps_530
pairseq_mock	Y_w01	Y	01	CALNMLTF	TCRAV01-01	TCRAJ39-01	CASSAAERLYEQYF	TCRBV09-01	TCRBJ02-07	ps_531
pairseq_mock	Y_w01	Y	01	CAASIWTNAGKSTF	TCRAV13-01	TCRAJ27-01	CASSQVPSESPQYF	TCRBV04-03	TCRBJ02-05	ps_532
pairseq_mock	Y_w01	Y	01	CARLSNFGNEKLTF	TCRAV02-01	TCRAJ48-01	CASSVGVEGAFF	TCRBV09-01	TCRBJ01-01	ps_533
pairseq_mock	Y_w01	Y	01	CAPQAGKSTF	TCRAV24-01	TCRAJ27-01	CSVDPLETQYF	TCRBV29-01	TCRBJ02-05	ps_534
pairseq_mock	Y_w01	Y	01	CAVEGRSNSGYALNF	TCRAV02-01	TCRAJ41-01	CASSVGPSGRVDEQFF	TCRBV09-01	TCRBJ02-01	ps_535
pairseq_mock	Y_w01	Y	01	CAESPFGQNFVF	TCRAV13-02	TCRAJ26-01	CASSPRDQPTDTQYF	TCRBV18-01	TCRBJ02-03	ps_536
pairseq_mock	Y_w01	Y	01	CAASEDFNKFYF	TCRAV29-01	TCRAJ21-01	CAWSVGVGSQYF	TCRBV30-01	TCRBJ02-05	ps_537
pairseq_mock	Y_w01	Y	01	CAVHSEDKIIF	TCRAV02-01	TCRAJ30-01	CASSQPTGKERQETQYF	TCRBV23-01	TCRBJ02-05	ps_538
pairseq_mock	Y_w01	Y	01	CARKLIF	TCRAV19-01	TCRAJ32-01	CASKLRVVSTDTQYF	TCRBV02-01	TCRBJ02-03	ps_539
pairseq_mock	Y_w01	Y	01	SQAGTALIF	TCRAV02-01	TCRAJ15-01	CSGEDTGIRYF	TCRBV29-01	TCRBJ02-04	ps_540
pairseq_mock	Y_w01	Y	01	CANRLAF	TCRAV01-01	TCRAJ07-01	CSVEESHRGYGYTF	TCRBV29-01	TCRBJ01-02	ps_541
pairseq_mock	Y_w01	Y	01	CALSPGDYKLSF	TCRAV09-02	TCRAJ20-01	CAWSVRDRGSNEQFF	TCRBV30-01	TCRBJ02-01	ps_542
pairseq_mock	Y_w01	Y	01	CAVEIIF	TCRAV08-03	TCRAJ30-01	CATSRDGDPNQPQHF	TCRBV15-01	TCRBJ01-05	ps_543
pairseq_mock	Y_w01	Y	01	CAMTTGYSSASKIIF	TCRAV12-03	TCRAJ03-01	CASSFIEDYGYTF	TCRBV12-03	TCRBJ01-02	ps_544
pairseq_mock	Y_w01	Y	01	CAVIKGGTSYGKLTF	TCRAV12-02	TCRAJ52-01	CAWSHRINEQFF	TCRBV30-01	TCRBJ02-01	ps_545
pairseq_mock	Y_w01	Y	01	CALMNNFNKFYF	TCRAV09-02	TCRAJ21-01	CAWNRWVGYTF	TCRBV30-01	TCRBJ01-02	ps_546
pairseq_mock	Y_w01	Y	01	CIVESGSARQLTF	TCRAV26-01	TCRAJ22-01	CSVEDREGEQYF	TCRBV29-01	TCRBJ02-07	ps_547
pairseq_mock	Y_w01	Y	01	CALRKPYGGATNKLIF	TCRAV09-02	TCRAJ32-01	CASSPGTSGEYNEQFF	TCRBV04-03	TCRBJ02-01	ps_548
pairseq_mock	Y_w01	Y	01	CVCNFNKFYF	TCRAV12-01	TCRAJ21-01	CAWRYGQGGNSPLHF	TCRBV30-01	TCRBJ01-06	ps_549
pairseq_mock	Y_w02	Y	02	CAMREGGQSKSTF	TCRAV14-01	TCRAJ27-01	CSVTTNTGELFF	TCRBV29-01	TCRBJ02-02	ps_550
pairseq_mock	Y_w02	Y	02	CAVEDWHSGGGADGLTF	TCRAV02-01	TCRAJ45-01	CAWAAIGVYEQYF	TCRBV30-01	TCRBJ02-07	ps_551
pairseq_mock	Y_w02	Y	02	CAVEESYVLTF	TCRAV02-01	TCRAJ39-01	CSVQRQGPEQFF	TCRBV29-01	TCRBJ02-01	ps_552
pairseq_mock	Y_w02	Y	02	CAVKYKIIF	TCRAV21-01	TCRAJ30-01	CSVEVKNEQFF	TCRBV29-01	TCRBJ02-01	ps_553
pairseq_mock	Y_w02	Y	02	CAKGALTF	TCRAV02-01	TCRAJ05-01	CSVEDTHGPQHF	TCRBV29-01	TCRBJ01-05	ps_554
pairseq_mock	Y_w02	Y	02	CAIVERALTF	TCRAV14-01	TCRAJ05-01	CSVGVNQPQHF	TCRBV29-01	TCRBJ01-05	ps_555
pairseq_mock	Y_w02	Y	02	CLYSMRF	TCRAV26-01	TCRAJ43-01	CAWSVPGVETQYF	TCRBV30-01	TCRBJ02-05	ps_556
pairseq_mock	Y_w02	Y	02	CAVKNELSF	TCRAV21-01	TCRAJ20-01	CSVEDGVGAQHF	TCRBV29-01	TCRBJ01-05	ps_557
pairseq_mock	Y_w02	Y	02	CAARKGPGGGNKLTF	TCRAV23-01	TCRAJ10-01	CSVVSGIEQFF	TCRBV29-01	TCRBJ02-01	ps_558
pairseq_mock	Y_w02	Y	02	CALGETWDDKIIF	TCRDV01-01	TCRAJ30-01	CSVAGTDNQPQHF	TCRBV29-01	TCRBJ01-05	ps_559
pairseq_mock	Y_w02	Y	02	CAVRGADKVIF	TCRAV41-01	TCRAJ50-01	CSVEERAVRTF	TCRBV29-01	TCRBJ02-06	ps_560
pairseq_mock	Y_w02	Y	02	CAVEPRLKGGKLIF	TCRAV02-01	TCRAJ23-01	CSVWEAGTQYF	TCRBV29-01	TCRBJ02-05	ps_561
pairseq_mock	Y_w02	Y	02	CSPGLMF	TCRAV01-01	TCRAJ31-01	CSDANTEAFF	TCRBV29-01	TCRBJ01-01	ps_562
pairseq_mock	Y_w02	Y	02	PHGFGNVLHC	TCRAV02-01	TCRAJ35-01	CSVDVSSGANVLTF	TCRBV29-01	TCRBJ02-06	ps_563
pairseq_mock	Y_w02	Y	02	CVVNMLGFQKLVF	TCRAV12-01	TCRAJ08-01	CSPRLAGAQYF	TCRBV29-01	TCRBJ02-05	ps_564
pairseq_mock	Y_w02	Y	02	CAAAKWGGKLIF	TCRAV29-01	TCRAJ23-01	CSVGTDRDGTQYF	TCRBV29-01	TCRBJ02-05	ps_565
pairseq_mock	Y_w02	Y	02	CAADLHFTNAGKSTF	TCRAV02-01	TCRAJ27-01	CSVNIAGTQYF	TCRBV29-01	TCRBJ02-03	ps_566
pairseq_mock	Y_w02	Y	02	CAMRAWTSNNDMRF	TCRAV14-01	TCRAJ43-01	CSVSGTGNNQPQHF	TCRBV29-01	TCRBJ01-05	ps_567
pairseq_mock	Y_w02	Y	02	CAVESSTGRRALTF	TCRAV02-01	TCRAJ05-01	CSGLETSGSYNEQFF	TCRBV29-01	TCRBJ02-01	ps_568
pairseq_mock	Y_w02	Y	02	CAAAILGSYGKLTF	TCRAV41-01	TCRAJ52-01	CSVETVKAFF	TCRBV29-01	TCRBJ01-01	ps_569
pairseq_mock	Y_w02	Y	02	CAATADSGYSTLTF	TCRAV13-01	TCRAJ11-01	CSVTGGGQPQHF	TCRBV29-01	TCRBJ01-05	ps_570
pairseq_mock	Y_w02	Y	02	QKFAGFQKLVF	TCRAV10-01	TCRAJ08-01	CSVRPGTDEQYF	TCRBV29-01	TCRBJ02-07	ps_571
pairseq_mock	Y_w02	Y	02	CAVAAPGTASKLTF	TCRAV02-01	TCRAJ44-01	CSGRLAGGPGEQFF	TCRBV29-01	TCRBJ02-01	ps_572
pairseq_mock	Y_w02	Y	02	CAVEPPGKLTF	TCRAV02-01	TCRAJ44-01	CSVESGARLENTF	TCRBV29-01	TCRBJ01-02	ps_573
pairseq_mock	Y_w02	Y	02	CAVTAVSDGQKLLF	TCRAV01-02	TCRAJ16-01	CSVGSFTF	TCRBV29-01	TCRBJ01-02	ps_574
pairseq_mock	Y_w02	Y	02	CAVEDVGGRRALTF	TCRAV02-01	TCRAJ05-01	CSASLGAEQYF	TCRBV20-01	TCRBJ02-07	ps_575
pairseq_mock	Y_w02	Y	02	CAARGYNMLTF	TCRAV13-01	TCRAJ39-01	CSVGSWPSYEQYF	TCRBV29-01	TCRBJ02-07	ps_576
pairseq_mock	Y_w02	Y	02	CAPWDGGYNKLIF	TCRAV02-01	TCRAJ04-01	CSVEGTWAYTF	TCRBV29-01	TCRBJ01-02	ps_577
pairseq_mock	Y_w02	Y	02	CILPGIF	TCRAV26-02	TCRAJ23-01	CSVERTSGEQFF	TCRBV29-01	TCRBJ02-01	ps_578
pairseq_mock	Y_w02	Y	02	CIVAWDNARLMF	TCRAV26-01	TCRAJ31-01	CSELGVGETQYF	TCRBV29-01	TCRBJ02-05	ps_579
pairseq_mock	Y_w02	Y	02	LREGNMLTF	TCRAV08-03	TCRAJ39-01	CSVVARGETQYF	TCRBV29-01	TCRBJ02-05	ps_580
pairseq_mock	Y_w02	Y	02	CAVEGHARLMF	TCRAV02-01	TCRAJ31-01	CSVEGTIKAFF	TCRBV29-01	TCRBJ01-01	ps_581
pairseq_mock	Y_w02	Y	02	CATQPGYSSASKIIF	TCRAV22-01	TCRAJ03-01	CSTDRGETQYF	TCRBV29-01	TCRBJ02-05	ps_582
pairseq_mock	Y_w02	Y	02	CAVEDSGALTF	TCRAV02-01	TCRAJ05-01	CSVRSSGPQYF	TCRBV29-01	TCRBJ02-05	ps_583
pairseq_mock	Y_w02	Y	02	VSFGNVLHC	TCRAV02-01	TCRAJ35-01	CSAGGWGFF	TCRBV29-01	TCRBJ02-01	ps_584
pairseq_mock	Y_w02	Y	02	CAVPLWGSSASKIIF	TCRAV02-01	TCRAJ03-01	CSVQGARETQYF	TCRBV29-01	TCRBJ02-05	ps_585
pairseq_mock	Y_w02	Y	02	CVVGQVGTGRRALTF	TCRAV12-01	TCRAJ05-01	CSVERRDEQFF	TCRBV29-01	TCRBJ02-01	ps_586
pairseq_mock	Y_w02	Y	02	CALPAGYALNF	TCRAV02-01	TCRAJ41-01	CSVARGAQETQYF	TCRBV29-01	TCRBJ02-05	ps_587
pairseq_mock	Y_w02	Y	02	ITEKLVF	TCRAV21-01	TCRAJ57-01	CSAASGGSYEQYF	TCRBV29-01	TCRBJ02-07	ps_588
pairseq_mock	Y_w02	Y	02	CASGKFQF	TCRAV02-01	TCRAJ24-01	CSAESGQGERYF	TCRBV29-01	TCRBJ02-04	ps_589
pairseq_mock	Y_w02	Y	02	CASPGGF	TCRAV38-02	TCRAJ20-01	CSVDRQETQYF	TCRBV29-01	TCRBJ02-05	ps_590
pairseq_mock	Y_w02	Y	02	CAPELLF	TCRAV21-01	TCRAJ16-01	CSVAIQVAQYF	TCRBV29-01	TCRBJ02-05	ps_591
pairseq_mock	Y_w02	Y	02	CAAHRRRALTF	TCRAV23-01	TCRAJ05-01	CSAHTEENTEAFF	TCRBV29-01	TCRBJ01-01	ps_592
pairseq_mock	Y_w02	Y	02	CAGPSKKIIF	TCRAV25-01	TCRAJ30-01	CSGTGPNEKLFF	TCRBV29-01	TCRBJ01-04	ps_593
pairseq_mock	Y_w02	Y	02	CAVASPGRRALTF	TCRAV02-01	TCRAJ05-01	CSAKGLAGLEQYF	TCRBV29-01	TCRBJ02-07	ps_594
pairseq_mock	Y_w02	Y	02	CILRGWNNAGNMLTF	TCRAV26-02	TCRAJ39-01	CSGRDSNYGYTF	TCRBV29-01	TCRBJ01-02	ps_595
pairseq_mock	Y_w02	Y	02	CAVAAGSGYALNF	TCRAV02-01	TCRAJ41-01	CSVLDVRAFF	TCRBV29-01	TCRBJ01-01	ps_596
pairseq_mock	Y_w02	Y	02	CIVRVSSTF	TCRAV26-01	TCRAJ27-01	CSVLRADTQYF	TCRBV29-01	TCRBJ02-03	ps_597
pairseq_mock	Y_w02	Y	02	CVVDRTNDYKLSF	TCRAV12-01	TCRAJ20-01	CSAGGVGSTDTQYF	TCRBV29-01	TCRBJ02-03	ps_598
pairseq_mock	Y_w02	Y	02	CAVGSHGFGNVLHC	TCRAV02-01	TCRAJ35-01	CSVVKSRDTEAFF	TCRBV29-01	TCRBJ01-01	ps_599
pairseq_mock	Y_w03	Y	03	CAATPDGRF	TCRAV13-01	TCRAJ43-01	CSGMYQPEAFF	TCRBV29-01	TCRBJ01-01	ps_600
pairseq_mock	Y_w03	Y	03	CAMSVHNDMRF	TCRAV12-03	TCRAJ43-01	CSEGGAGETQYF	TCRBV29-01	TCRBJ02-05	ps_601
pairseq_mock	Y_w03	Y	03	CAENILEGAQKLVF	TCRAV13-02	TCRAJ54-01	CSAGEGGQPQHF	TCRBV29-01	TCRBJ01-05	ps_602
pairseq_mock	Y_w03	Y	03	CAAVALNF	TCRAV13-01	TCRAJ41-01	CSVERPDGGGTEAFF	TCRBV29-01	TCRBJ01-01	ps_603
pairseq_mock	Y_w03	Y	03	SARGADGLTF	TCRAV02-01	TCRAJ45-01	CSVWDGKLFF	TCRBV29-01	TCRBJ01-04	ps_604
pairseq_mock	Y_w03	Y	03	CAVEDREAGGYQKVTF	TCRAV02-01	TCRAJ13-01	CSVQRGRNIYGYTF	TCRBV29-01	TCRBJ01-02	ps_605
pairseq_mock	Y_w03	Y	03	CAEVTF	TCRAV27-01	TCRAJ13-01	CSVVFLREAETQYF	TCRBV29-01	TCRBJ02-05	ps_606
pairseq_mock	Y_w03	Y	03	CAPSGSAGNKLTF	TCRAV06-01	TCRAJ17-01	CSVREGASNQPQHF	TCRBV29-01	TCRBJ01-05	ps_607
pairseq_mock	Y_w03	Y	03	CAPDQKLVF	TCRAV02-01	TCRAJ08-01	WPYNQPQHF	TCRBV29-01	TCRBJ01-05	ps_608
pairseq_mock	Y_w03	Y	03	CAVGPSGEYSTLTF	TCRAV02-01	TCRAJ11-01	CSDSGFF	TCRBV29-01	TCRBJ02-01	ps_609
pairseq_mock	Y_w03	Y	03	CAVEDLNDWGKLQF	TCRAV02-01	TCRAJ24-01	CSVVGREGYTF	TCRBV29-01	TCRBJ01-02	ps_610
pairseq_mock	Y_w03	Y	03	CAVVPSGGRRALTF	TCRAV02-01	TCRAJ05-01	CSGGAGYNEQFF	TCRBV29-01	TCRBJ02-01	ps_611
pairseq_mock	Y_w03	Y	03	CALSDPLGKLTF	TCRAV19-01	TCRAJ48-01	CSVETSSNIQYF	TCRBV29-01	TCRBJ02-04	ps_612
pairseq_mock	Y_w03	Y	03	CAVELLNDYKLSF	TCRAV02-01	TCRAJ20-01	CSVEPLAGGLSTYF	TCRBV29-01	TCRBJ02-04	ps_613
pairseq_mock	Y_w03	Y	03	CRYTF	TCRAV14-01	TCRAJ05-01	CSPNADNEQFF	TCRBV29-01	TCRBJ02-01	ps_614
pairseq_mock	Y_w03	Y	03	CIVSLSTKIIF	TCRAV26-01	TCRAJ03-01	CSANIPGANVLTF	TCRBV29-01	TCRBJ02-06	ps_615
pairseq_mock	Y_w03	Y	03	CAMKDSGGSYIPTF	TCRAV14-01	TCRAJ06-01	CSVVPRDSYEQYF	TCRBV29-01	TCRBJ02-07	ps_616
pairseq_mock	Y_w03	Y	03	VYQKVTF	TCRAV05-01	TCRAJ13-01	CSGGGSNEQFF	TCRBV29-01	TCRBJ02-01	ps_617
pairseq_mock	Y_w03	Y	03	CALRKGGYSTLTF	TCRAV01-02	TCRAJ11-01	CSTTRGAQYF	TCRBV29-01	TCRBJ02-05	ps_618
pairseq_mock	Y_w03	Y	03	CAVLTPDKLSF	TCRAV02-01	TCRAJ20-01	CSVGLVREQYF	TCRBV29-01	TCRBJ02-07	ps_619
pairseq_mock	Y_w03	Y	03	CAVGSGVGTALIF	TCRAV02-01	TCRAJ15-01	CASSQETAEAFF	TCRBV04-01	TCRBJ01-01	ps_620
pairseq_mock	Y_w03	Y	03	PPGRRALTF	TCRAV19-01	TCRAJ05-01	CSAFRDTQYF	TCRBV29-01	TCRBJ02-03	ps_621
pairseq_mock	Y_w03	Y	03	CGAEVNRDDKIIF	TCRAV02-01	TCRAJ30-01	CSVEVPLNTEAFF	TCRBV29-01	TCRBJ01-01	ps_622
pairseq_mock	Y_w03	Y	03	CAARAPGFGNVLHC	TCRAV02-01	TCRAJ35-01	CSVIIPYEQYF	TCRBV29-01	TCRBJ02-07	ps_623
pairseq_mock	Y_w03	Y	03	CAAPWGLSF	TCRAV13-01	TCRAJ20-01	CSGGAQFF	TCRBV29-01	TCRBJ02-01	ps_624
pairseq_mock	Y_w03	Y	03	CRKRF	TCRAV02-01	TCRAJ43-01	CSVETGMKTQYF	TCRBV29-01	TCRBJ02-05	ps_625
pairseq_mock	Y_w03	Y	03	FSRQLTF	TCRAV02-01	TCRAJ22-01	CSVEQGGRGYTF	TCRBV29-01	TCRBJ01-02	ps_626
pairseq_mock	Y_w03	Y	03	KRDDKIIF	TCRAV26-01	TCRAJ30-01	CSGRQGIEQYF	TCRBV29-01	TCRBJ02-07	ps_627
pairseq_mock	Y_w03	Y	03	CAVPNVLHC	TCRAV02-01	TCRAJ35-01	CSVETPYNYGYTF	TCRBV29-01	TCRBJ01-02	ps_628
pairseq_mock	Y_w03	Y	03	CAPYGNDMRF	TCRAV41-01	TCRAJ43-01	CSVNSGRALGQFF	TCRBV29-01	TCRBJ02-01	ps_629
pairseq_mock	Y_w03	Y	03	CALRITGGYNKLIF	TCRAV09-02	TCRAJ04-01	CSVDRGPETQYF	TCRBV29-01	TCRBJ02-05	ps_630
pairseq_mock	Y_w03	Y	03	CAVGSHFNKFYF	TCRAV02-01	TCRAJ21-01	CSVEAGGGTQYF	TCRBV29-01	TCRBJ02-03	ps_631
pairseq_mock	Y_w03	Y	03	CASLRGGGYNKLIF	TCRAV13-01	TCRAJ04-01	CSVPTGVARFF	TCRBV29-01	TCRBJ02-01	ps_632
pairseq_mock	Y_w03	Y	03	CAVEDRAAGRRALTF	TCRAV02-01	TCRAJ05-01	CSVEDPGVVETQYF	TCRBV29-01	TCRBJ02-05	ps_633
pairseq_mock	Y_w03	Y	03	CAVEPHNQGGKLIF	TCRAV02-01	TCRAJ23-01	CSHRDQPQHF	TCRBV29-01	TCRBJ01-05	ps_634
pairseq_mock	Y_w03	Y	03	YTRSASKIIF	TCRAV06-01	TCRAJ03-01	CSVGFAYEQYF	TCRBV29-01	TCRBJ02-07	ps_635
pairseq_mock	Y_w03	Y	03	CAFGHAGKSTF	TCRAV02-01	TCRAJ27-01	CSVLRGSYTF	TCRBV29-01	TCRBJ01-02	ps_636
pairseq_mock	Y_w03	Y	03	CAAATDWGKFQF	TCRAV02-01	TCRAJ24-01	CSVTGVTGNTIYF	TCRBV29-01	TCRBJ01-03	ps_637
pairseq_mock	Y_w03	Y	03	CVPCGKLIF	TCRAV02-01	TCRAJ32-01	CGGDYNEQFF	TCRBV29-01	TCRBJ02-01	ps_638
pairseq_mock	Y_w03	Y	03	CAVEDHGRLAF	TCRAV02-01	TCRAJ07-01	CSVGVARQYF	TCRBV29-01	TCRBJ02-03	ps_639
pairseq_mock	Y_w03	Y	03	CAVFTPAGKSTF	TCRAV21-01	TCRAJ27-01	CSVVLGDYNEQFF	TCRBV29-01	TCRBJ02-01	ps_640
pairseq_mock	Y_w03	Y	03	CAVASRRIIF	TCRAV02-01	TCRAJ30-01	CSVSGKGYEQYF	TCRBV29-01	TCRBJ02-07	ps_641
pairseq_mock	Y_w03	Y	03	CAVKRSRLMF	TCRAV02-01	TCRAJ31-01	CSVEETIETQYF	TCRBV29-01	TCRBJ02-05	ps_642
pairseq_mock	Y_w03	Y	03	CACHDARLMF	TCRAV24-01	TCRAJ31-01	CSVSGLDNQPQHF	TCRBV29-01	TCRBJ01-05	ps_643
pairseq_mock	Y_w03	Y	03	CIVSPVAGKSTF	TCRAV26-01	TCRAJ27-01	CSVGHSQQFF	TCRBV29-01	TCRBJ02-01	ps_644
pairseq_mock	Y_w03	Y	03	CVTDRNAGNMLTF	TCRAV02-01	TCRAJ39-01	CSVWGGGETQYF	TCRBV29-01	TCRBJ02-05	ps_645
pairseq_mock	Y_w03	Y	03	CAVDGGTGRRALTF	TCRAV02-01	TCRAJ05-01	CTGLAGQETQYF	TCRBV29-01	TCRBJ02-05	ps_646
pairseq_mock	Y_w03	Y	03	CAPYYIPTF	TCRAV02-01	TCRAJ06-01	CSGVAEYGYTF	TCRBV29-01	TCRBJ01-02	ps_647
pairseq_mock	Y_w03	Y	03	CIVRVAMRF	TCRAV26-01	TCRAJ43-01	CSFSSSGANVLTF	TCRBV29-01	TCRBJ02-06	ps_648
pairseq_mock	Y_w03	Y	03	CAVESGSYNKLIF	TCRAV02-01	TCRAJ04-01	CSVARLGFEQFF	TCRBV29-01	TCRBJ02-01	ps_649
pairseq_mock	Y_w04	Y	04	CAVPRHFVF	TCRAV02-01	TCRAJ26-01	CSVERSRLDYGYTF	TCRBV29-01	TCRBJ01-02	ps_650
pairseq_mock	Y_w04	Y	04	CAVEEVDARLMF	TCRAV02-01	TCRAJ31-01	CSVLRADGYTF	TCRBV29-01	TCRBJ01-02	ps_651
pairseq_mock	Y_w04	Y	04	CAVIPHSGYSTLTF	TCRAV02-01	TCRAJ11-01	CSVAPGQGAEQYF	TCRBV29-01	TCRBJ02-07	ps_652
pairseq_mock	Y_w04	Y	04	CALPPSDYKLSF	TCRAV02-01	TCRAJ20-01	CSAGRGTRGDIQYF	TCRBV29-01	TCRBJ02-04	ps_653
pairseq_mock	Y_w04	Y	04	CAVYAF	TCRAV02-01	TCRAJ07-01	CSAHDITHTQYF	TCRBV29-01	TCRBJ02-03	ps_654
pairseq_mock	Y_w04	Y	04	CASGRPARLMF	TCRAV02-01	TCRAJ31-01	CSVPTGSGNTIYF	TCRBV29-01	TCRBJ01-03	ps_655
pairseq_mock	Y_w04	Y	04	CAAISLVF	TCRAV13-01	TCRAJ08-01	CSAVVGRETQYF	TCRBV29-01	TCRBJ02-05	ps_656
pairseq_mock	Y_w04	Y	04	CAVDYRTGTASKLTF	TCRAV02-01	TCRAJ44-01	CSVAGGKTDTQYF	TCRBV29-01	TCRBJ02-03	ps_657
pairseq_mock	Y_w04	Y	04	EDYKLSF	TCRAV24-01	TCRAJ20-01	CSGWDSVNYGYTF	TCRBV29-01	TCRBJ01-02	ps_658
pairseq_mock	Y_w04	Y	04	CAVGMTNGQKLLF	TCRAV02-01	TCRAJ16-01	CSVTQEGETQYF	TCRBV29-01	TCRBJ02-05	ps_659
pairseq_mock	Y_w04	Y	04	CAVVRRNQFYF	TCRAV21-01	TCRAJ49-01	CSGDTSDTQYF	TCRBV29-01	TCRBJ02-03	ps_660
pairseq_mock	Y_w04	Y	04	CAVEEKGNNRLAF	TCRAV02-01	TCRAJ07-01	CSVAATGELFF	TCRBV29-01	TCRBJ02-02	ps_661
pairseq_mock	Y_w04	Y	04	CACLLNNARLMF	TCRAV02-01	TCRAJ31-01	CSVIRGTNTEAFF	TCRBV29-01	TCRBJ01-01	ps_662
pairseq_mock	Y_w04	Y	04	CAVEDRESASKIIF	TCRAV02-01	TCRAJ03-01	CSAGPDGDEQFF	TCRBV29-01	TCRBJ02-01	ps_663
pairseq_mock	Y_w04	Y	04	WDKLVF	TCRAV06-01	TCRAJ47-01	CSYGDYGYTF	TCRBV29-01	TCRBJ01-02	ps_664
pairseq_mock	Y_w04	Y	04	CAFMPYSARLMF	TCRAV38-01	TCRAJ31-01	WRGLRDEQFF	TCRBV29-01	TCRBJ02-01	ps_665
pairseq_mock	Y_w04	Y	04	CAPFRDAGKSTF	TCRAV02-01	TCRAJ27-01	CSVRIDQETQYF	TCRBV29-01	TCRBJ02-05	ps_666
pairseq_mock	Y_w04	Y	04	CIPSVF	TCRAV26-01	TCRAJ47-01	CSAKGFSAWEQFF	TCRBV29-01	TCRBJ02-01	ps_667
pairseq_mock	Y_w04	Y	04	CQSAGNMLTF	TCRAV26-01	TCRAJ39-01	CSVEGTLETQYF	TCRBV29-01	TCRBJ02-05	ps_668
pairseq_mock	Y_w04	Y	04	CAVDIRGDMRF	TCRAV39-01	TCRAJ43-01	CSVAGGNEQYF	TCRBV29-01	TCRBJ02-07	ps_669
pairseq_mock	Y_w04	Y	04	CAVDQGGGRRALTF	TCRAV02-01	TCRAJ05-01	CSVAVSGELFF	TCRBV29-01	TCRBJ01-04	ps_670
pairseq_mock	Y_w04	Y	04	CAVKLF	TCRAV01-02	TCRAJ08-01	CSVGDRGQPQHF	TCRBV29-01	TCRBJ01-05	ps_671
pairseq_mock	Y_w04	Y	04	CAVGYKIIF	TCRAV41-01	TCRAJ30-01	CSVEDQGGEAFF	TCRBV29-01	TCRBJ01-01	ps_672
pairseq_mock	Y_w04	Y	04	CAVEDHRSDYKLSF	TCRAV02-01	TCRAJ20-01	CSVLRDSAQHF	TCRBV29-01	TCRBJ01-05	ps_673
pairseq_mock	Y_w04	Y	04	CAASTGLIF	TCRAV13-01	TCRAJ23-01	CTAGTAAHEQYF	TCRBV29-01	TCRBJ02-07	ps_674
pairseq_mock	Y_w04	Y	04	CAVSTNKLIF	TCRAV02-01	TCRAJ32-01	CSVAVLREAFF	TCRBV29-01	TCRBJ01-01	ps_675
pairseq_mock	Y_w04	Y	04	CAVGTDDMRF	TCRAV02-01	TCRAJ43-01	CSVAVEPQHF	TCRBV29-01	TCRBJ01-05	ps_676
pairseq_mock	Y_w04	Y	04	CAVVPRDRRALTF	TCRAV02-01	TCRAJ05-01	CSVVEAYNEQFF	TCRBV29-01	TCRBJ02-01	ps_677
pairseq_mock	Y_w04	Y	04	CILGLTRLMF	TCRAV26-02	TCRAJ31-01	CSGTQANTEAFF	TCRBV29-01	TCRBJ01-01	ps_678
pairseq_mock	Y_w04	Y	04	SPDNKLIF	TCRAV02-01	TCRAJ04-01	CSVSLPGYTF	TCRBV29-01	TCRBJ01-02	ps_679
pairseq_mock	Y_w04	Y	04	CAVEDKGNMLTF	TCRAV02-01	TCRAJ39-01	CSSGGAYNEQFF	TCRBV29-01	TCRBJ02-01	ps_680
pairseq_mock	Y_w04	Y	04	CAGREGNKLTF	TCRAV25-01	TCRAJ17-01	CSAWDSKEFF	TCRBV29-01	TCRBJ02-01	ps_681
pairseq_mock	Y_w04	Y	04	CPPRGYSTLTF	TCRAV02-01	TCRAJ11-01	CSVGGAGQFF	TCRBV29-01	TCRBJ02-01	ps_682
pairseq_mock	Y_w04	Y	04	TGDARLMF	TCRAV13-01	TCRAJ31-01	CSVEEGRPEQYF	TCRBV29-01	TCRBJ02-07	ps_683
pairseq_mock	Y_w04	Y	04	CAARPEDKIIF	TCRAV02-01	TCRAJ30-01	CTTGKGVDEQFF	TCRBV29-01	TCRBJ02-01	ps_684
pairseq_mock	Y_w04	Y	04	CILTWGSARLMF	TCRAV26-02	TCRAJ31-01	CSVQQTNTEAFF	TCRBV29-01	TCRBJ01-01	ps_685
pairseq_mock	Y_w04	Y	04	CAARIVAGTASKLTF	TCRAV13-01	TCRAJ44-01	CSVALPRLREQFF	TCRBV29-01	TCRBJ02-01	ps_686
pairseq_mock	Y_w04	Y	04	CAVEDRDGVNF	TCRAV02-01	TCRAJ41-01	CSVAWLAETQYF	TCRBV29-01	TCRBJ02-05	ps_687
pairseq_mock	Y_w04	Y	04	CAVEPTAGTALIF	TCRAV02-01	TCRAJ15-01	CSVGSYTF	TCRBV29-01	TCRBJ01-02	ps_688
pairseq_mock	Y_w04	Y	04	CASHRPGNTPLVF	TCRAV02-01	TCRAJ29-01	CSVHGNTEAFF	TCRBV29-01	TCRBJ01-01	ps_689
pairseq_mock	Y_w04	Y	04	CVGKAGTALIF	TCRAV02-01	TCRAJ15-01	CSVERAGGQFF	TCRBV29-01	TCRBJ02-01	ps_690
pairseq_mock	Y_w04	Y	04	CALKKGGSRLTF	TCRAV09-02	TCRAJ58-01	CSFSNTEAFF	TCRBV29-01	TCRBJ01-01	ps_691
pairseq_mock	Y_w04	Y	04	CAPEAF	TCRAV01-02	TCRAJ10-01	CSVAGIDSGYTF	TCRBV29-01	TCRBJ01-02	ps_692
pairseq_mock	Y_w04	Y	04	GTPKAAGNKLTF	TCRAV02-01	TCRAJ17-01	CSAEEATETQYF	TCRBV29-01	TCRBJ02-05	ps_693
pairseq_mock	Y_w04	Y	04	CGRRGGADGLTF	TCRAV02-01	TCRAJ45-01	CSVVKEDQETQYF	TCRBV29-01	TCRBJ02-05	ps_694
pairseq_mock	Y_w04	Y	04	CARGALTF	TCRAV13-01	TCRAJ05-01	CSVRGKNQPQHF	TCRBV29-01	TCRBJ01-05	ps_695
pairseq_mock	Y_w04	Y	04	CAVEDWGYQKVTF	TCRAV02-01	TCRAJ13-01	CSVEGHGYTF	TCRBV29-01	TCRBJ01-02	ps_696
pairseq_mock	Y_w04	Y	04	CAVEAPF	TCRAV02-01	TCRAJ24-01	CSVGTSKATQYF	TCRBV29-01	TCRBJ02-05	ps_697
pairseq_mock	Y_w04	Y	04	CAVESYGQKLLF	TCRAV02-01	TCRAJ16-01	CSVVRDGLETQYF	TCRBV29-01	TCRBJ02-05	ps_698
pairseq_mock	Y_w04	Y	04	WGRSYNKLIF	TCRAV02-01	TCRAJ04-01	CSVGDETQYF	TCRBV29-01	TCRBJ02-05	ps_699
pairseq_mock	Y_w05	Y	05	CIDLTNAGKSTF	TCRAV26-01	TCRAJ27-01	CSCTGTSDIQYF	TCRBV29-01	TCRBJ02-04	ps_700
pairseq_mock	Y_w05	Y	05	CVPIF	TCRAV01-01	TCRAJ14-01	CSADGDPSGFF	TCRBV29-01	TCRBJ02-01	ps_701
pairseq_mock	Y_w05	Y	05	CAVIRQIIF	TCRAV02-01	TCRAJ30-01	CSVPSSGTSYNEQFF	TCRBV29-01	TCRBJ02-01	ps_702
pairseq_mock	Y_w05	Y	05	CAPLPPNRDDKIIF	TCRAV02-01	TCRAJ30-01	CSDGSMGYTF	TCRBV29-01	TCRBJ01-02	ps_703
pairseq_mock	Y_w05	Y	05	CAATMNARLMF	TCRAV23-01	TCRAJ31-01	CSVEDQLDEQFF	TCRBV29-01	TCRBJ02-01	ps_704
pairseq_mock	Y_w05	Y	05	CILRTTNNARLMF	TCRAV26-02	TCRAJ31-01	CSQRSAQGQYF	TCRBV29-01	TCRBJ02-05	ps_705
pairseq_mock	Y_w05	Y	05	CASRGDNNARLMF	TCRAV02-01	TCRAJ31-01	CSVKPGLAGVPYF	TCRBV29-01	TCRBJ02-04	ps_706
pairseq_mock	Y_w05	Y	05	CAAQWNMLTF	TCRAV13-01	TCRAJ39-01	CSAGQDHGYTF	TCRBV29-01	TCRBJ01-02	ps_707
pairseq_mock	Y_w05	Y	05	CAAPLSRLMF	TCRAV02-01	TCRAJ31-01	CSGDSDQETQYF	TCRBV29-01	TCRBJ02-05	ps_708
pairseq_mock	Y_w05	Y	05	CVREGGF	TCRAV02-01	TCRAJ20-01	CSYAGDTQYF	TCRBV29-01	TCRBJ02-03	ps_709
pairseq_mock	Y_w05	Y	05	CGEARLMF	TCRAV14-01	TCRAJ31-01	CSALGQDQETQYF	TCRBV29-01	TCRBJ02-05	ps_710
pairseq_mock	Y_w05	Y	05	CALGENVLHC	TCRAV06-01	TCRAJ35-01	CSVEVTSGHEQYF	TCRBV29-01	TCRBJ02-07	ps_711
pairseq_mock	Y_w05	Y	05	CIVRVSSNAGKSTF	TCRAV26-01	TCRAJ27-01	CSVVNPTQYF	TCRBV29-01	TCRBJ02-05	ps_712
pairseq_mock	Y_w05	Y	05	KSSRLTF	TCRAV21-01	TCRAJ58-01	CSVGTGRGYTF	TCRBV29-01	TCRBJ01-02	ps_713
pairseq_mock	Y_w05	Y	05	CAVVPGSKSTF	TCRAV02-01	TCRAJ27-01	CSVKGGDTQYF	TCRBV29-01	TCRBJ02-03	ps_714
pairseq_mock	Y_w05	Y	05	CAVAPSQKLLF	TCRAV02-01	TCRAJ16-01	CSVEWYGGYTF	TCRBV29-01	TCRBJ01-02	ps_715
pairseq_mock	Y_w05	Y	05	CAVEDDPDMRF	TCRAV02-01	TCRAJ43-01	CSVGPGPSGNTIYF	TCRBV29-01	TCRBJ01-03	ps_716
pairseq_mock	Y_w05	Y	05	CAVEDYDSGYSTLTF	TCRAV02-01	TCRAJ11-01	CSVGVRAGYTF	TCRBV29-01	TCRBJ01-02	ps_717
pairseq_mock	Y_w05	Y	05	CARPTF	TCRAV29-01	TCRAJ27-01	CSGRDRRETQYF	TCRBV29-01	TCRBJ02-05	ps_718
pairseq_mock	Y_w05	Y	05	PITLVF	TCRAV01-01	TCRAJ29-01	CSASRHGVNQPQHF	TCRBV20-01	TCRBJ01-05	ps_719
pairseq_mock	Y_w05	Y	05	CAVPLDKLIF	TCRAV02-01	TCRAJ34-01	CGGQTAKNIQYF	TCRBV29-01	TCRBJ02-04	ps_720
pairseq_mock	Y_w05	Y	05	QNDKIIF	TCRAV25-01	TCRAJ30-01	CSVAKGRDQPQHF	TCRBV29-01	TCRBJ01-05	ps_721
pairseq_mock	Y_w05	Y	05	CAKNDKIIF	TCRAV02-01	TCRAJ30-01	CSVVWLGAEQFF	TCRBV29-01	TCRBJ02-01	ps_722
pairseq_mock	Y_w05	Y	05	CAVEVREEF	TCRAV02-01	TCRAJ24-01	CTYLGLETQYF	TCRBV29-01	TCRBJ02-05	ps_723
pairseq_mock	Y_w05	Y	05	CAARAPYNTDKLIF	TCRAV02-01	TCRAJ34-01	CSVDLGRQETQYF	TCRBV29-01	TCRBJ02-05	ps_724
pairseq_mock	Y_w05	Y	05	CAVEDYIPTF	TCRAV02-01	TCRAJ06-01	CSVERDTQYF	TCRBV29-01	TCRBJ02-03	ps_725
pairseq_mock	Y_w05	Y	05	PFHTDKLIF	TCRAV02-01	TCRAJ34-01	CSVGQSHYEQYF	TCRBV29-01	TCRBJ02-07	ps_726
pairseq_mock	Y_w05	Y	05	CAVEGPSGYSTLTF	TCRAV02-01	TCRAJ11-01	CSVGIEEQFF	TCRBV29-01	TCRBJ02-01	ps_727
pairseq_mock	Y_w05	Y	05	CAMREGQVDDYKLSF	TCRAV14-01	TCRAJ20-01	CSVTGQSSTDTQYF	TCRBV29-01	TCRBJ02-03	ps_728
pairseq_mock	Y_w05	Y	05	CAVEDHSASKIIF	TCRAV02-01	TCRAJ03-01	CSVGGTGEAFF	TCRBV29-01	TCRBJ01-01	ps_729
pairseq_mock	Y_w05	Y	05	CAPYITGGGNKLTF	TCRAV02-01	TCRAJ10-01	CSVSDRIYGYTF	TCRBV29-01	TCRBJ01-02	ps_730
pairseq_mock	Y_w05	Y	05	CASKGDMRF	TCRAV12-03	TCRAJ43-01	CSVALGRSETQYF	TCRBV29-01	TCRBJ02-05	ps_731
pairseq_mock	Y_w05	Y	05	CAVESGFKTIF	TCRAV02-01	TCRAJ09-01	CSVRASGTTQYF	TCRBV29-01	TCRBJ02-05	ps_732
pairseq_mock	Y_w05	Y	05	CVPPKDTGRRALTF	TCRAV02-01	TCRAJ05-01	CSVEPDVTQYF	TCRBV29-01	TCRBJ02-05	ps_733
pairseq_mock	Y_w05	Y	05	CAVDDHRGSTLGRLYF	TCRAV02-01	TCRAJ18-01	CSVSHTDTQYF	TCRBV29-01	TCRBJ02-03	ps_734
pairseq_mock	Y_w05	Y	05	CAMRGGNMLTF	TCRAV14-01	TCRAJ39-01	GSEAFF	TCRBV29-01	TCRBJ01-01	ps_735
pairseq_mock	Y_w05	Y	05	TVWDDMRF	TCRAV38-01	TCRAJ43-01	CSALQAYNEQFF	TCRBV29-01	TCRBJ02-01	ps_736
pairseq_mock	Y_w05	Y	05	CAVEDQSDKIIF	TCRAV02-01	TCRAJ30-01	CSVSGQPNTEAFF	TCRBV29-01	TCRBJ01-01	ps_737
pairseq_mock	Y_w05	Y	05	CVVSANVARLMF	TCRAV10-01	TCRAJ31-01	CSVTAVNTEAFF	TCRBV29-01	TCRBJ01-01	ps_738
pairseq_mock	Y_w05	Y	05	CAVTQRPNDYKLSF	TCRAV02-01	TCRAJ20-01	CSVDSPGPETQYF	TCRBV29-01	TCRBJ02-05	ps_739
pairseq_mock	Y_w05	Y	05	TSMLTF	TCRAV27-01	TCRAJ39-01	CSVDGTVGNTEAFF	TCRBV29-01	TCRBJ01-01	ps_740
pairseq_mock	Y_w05	Y	05	CAVEAGFKTIF	TCRAV02-01	TCRAJ09-01	CSVTGGNSGGYEQYF	TCRBV29-01	TCRBJ02-07	ps_741
pairseq_mock	Y_w05	Y	05	WPYNARLMF	TCRAV06-01	TCRAJ31-01	CSVGDIETQYF	TCRBV29-01	TCRBJ02-05	ps_742
pairseq_mock	Y_w05	Y	05	CAVSMLIW	TCRAV01-01	TCRAJ38-01	CSVEGQGQPQHF	TCRBV29-01	TCRBJ01-05	ps_743
pairseq_mock	Y_w05	Y	05	CIVRGLDKSTF	TCRAV26-01	TCRAJ27-01	CSVEDVRGYTF	TCRBV29-01	TCRBJ01-02	ps_744
pairseq_mock	Y_w05	Y	05	CVVKDSKLTF	TCRAV12-01	TCRAJ44-01	CSVDASGTNIQYF	TCRBV29-01	TCRBJ02-04	ps_745
pairseq_mock	Y_w05	Y	05	CAVVSFTGRRALTF	TCRAV02-01	TCRAJ05-01	CSVGDINTGELFF	TCRBV29-01	TCRBJ02-02	ps_746
pairseq_mock	Y_w05	Y	05	VPFGNVLHC	TCRAV02-01	TCRAJ35-01	CSAVAGDTQYF	TCRBV29-01	TCRBJ02-03	ps_747
pairseq_mock	Y_w05	Y	05	CATQPAGNMLTF	TCRAV02-01	TCRAJ39-01	CSVVGALGETQYF	TCRBV29-01	TCRBJ02-05	ps_748
pairseq_mock	Y_w05	Y	05	CAASSLRF	TCRAV13-01	TCRAJ43-01	CSVQNPDEQFF	TCRBV29-01	TCRBJ02-01	ps_749
pairseq_mock	Y_w06	Y	06	CAVKDASFGNVLHC	TCRAV02-01	TCRAJ35-01	CSVARGWTGELFF	TCRBV29-01	TCRBJ02-02	ps_750
pairseq_mock	Y_w06	Y	06	CAVEVRLGGYNKLIF	TCRAV02-01	TCRAJ04-01	CSLRGGAGKTQYF	TCRBV29-01	TCRBJ02-05	ps_751
pairseq_mock	Y_w06	Y	06	CALAPLSARQLTF	TCRAV02-01	TCRAJ22-01	CSGYEQYF	TCRBV29-01	TCRBJ02-07	ps_752
pairseq_mock	Y_w06	Y	06	CAVEPFAGYSTLTF	TCRAV02-01	TCRAJ11-01	CSVVGGGTVQHF	TCRBV29-01	TCRBJ01-05	ps_753
pairseq_mock	Y_w06	Y	06	CMDNAGNMLTF	TCRAV02-01	TCRAJ39-01	CASIVEGELFF	TCRBV13-01	TCRBJ02-02	ps_754
pairseq_mock	Y_w06	Y	06	CATTERTDKLIF	TCRAV02-01	TCRAJ34-01	CSVGWPGNEQFF	TCRBV29-01	TCRBJ02-01	ps_755
pairseq_mock	Y_w06	Y	06	CAVEPVSRGSYIPTF	TCRAV02-01	TCRAJ06-01	CSVGEKVGANVLTF	TCRBV29-01	TCRBJ02-06	ps_756
pairseq_mock	Y_w06	Y	06	CIITYARLMF	TCRAV26-01	TCRAJ31-01	CSGRRSDTEAFF	TCRBV29-01	TCRBJ01-01	ps_757
pairseq_mock	Y_w06	Y	06	CAVEPSWSSASKIIF	TCRAV02-01	TCRAJ03-01	CSVPPGDTQYF	TCRBV29-01	TCRBJ02-03	ps_758
pairseq_mock	Y_w06	Y	06	CAVDRCGNNRLAF	TCRAV02-01	TCRAJ07-01	CSVLTRGEQYF	TCRBV29-01	TCRBJ02-07	ps_759
pairseq_mock	Y_w06	Y	06	CAVDRYNARLMF	TCRAV02-01	TCRAJ31-01	CSVVTHPYEQYF	TCRBV29-01	TCRBJ02-07	ps_760
pairseq_mock	Y_w06	Y	06	CAVEDLPRGATNKLIF	TCRAV02-01	TCRAJ32-01	CSGGQGEQFF	TCRBV29-01	TCRBJ02-01	ps_761
pairseq_mock	Y_w06	Y	06	CAVEEVGFKTIF	TCRAV02-01	TCRAJ09-01	CAWSVLAGANVLTF	TCRBV30-01	TCRBJ02-06	ps_762
pairseq_mock	Y_w06	Y	06	IRLIF	TCRAV13-01	TCRAJ32-01	CSVTRGKATQYF	TCRBV29-01	TCRBJ02-05	ps_763
pairseq_mock	Y_w06	Y	06	CAMSSGKLIF	TCRAV14-01	TCRAJ32-01	LGAGRGNIQYF	TCRBV29-01	TCRBJ02-04	ps_764
pairseq_mock	Y_w06	Y	06	GRITGRRALTF	TCRAV02-01	TCRAJ05-01	CSSDPNEQFF	TCRBV29-01	TCRBJ02-01	ps_765
pairseq_mock	Y_w06	Y	06	CAVEDRVNAGKSTF	TCRAV02-01	TCRAJ27-01	CSGETDTQYF	TCRBV29-01	TCRBJ02-03	ps_766
pairseq_mock	Y_w06	Y	06	CAVDTGTALIF	TCRAV02-01	TCRAJ15-01	CSGGRGFTDTQYF	TCRBV29-01	TCRBJ02-03	ps_767
pairseq_mock	Y_w06	Y	06	CILRVARRGKLIF	TCRAV26-02	TCRAJ23-01	CSVYRGYEETQYF	TCRBV29-01	TCRBJ02-05	ps_768
pairseq_mock	Y_w06	Y	06	CAVLITGYSTLTF	TCRAV02-01	TCRAJ11-01	CSVIGDQETQYF	TCRBV29-01	TCRBJ02-05	ps_769
pairseq_mock	Y_w06	Y	06	CALTSRYDKIIF	TCRAV09-02	TCRAJ30-01	CSVQGPKGYTF	TCRBV29-01	TCRBJ01-02	ps_770
pairseq_mock	Y_w06	Y	06	CIVPEVGKLIF	TCRAV26-01	TCRAJ23-01	CSVDLPGQGYTF	TCRBV29-01	TCRBJ01-02	ps_771
pairseq_mock	Y_w06	Y	06	CAVSRGRLYF	TCRAV02-01	TCRAJ18-01	CSVRGGLNTEAFF	TCRBV29-01	TCRBJ01-01	ps_772
pairseq_mock	Y_w06	Y	06	CAVQNKIIF	TCRAV02-01	TCRAJ30-01	CSDQAFF	TCRBV29-01	TCRBJ01-01	ps_773
pairseq_mock	Y_w06	Y	06	CAVEDLTDRDDKIIF	TCRAV02-01	TCRAJ30-01	CSVVMETQYF	TCRBV29-01	TCRBJ02-05	ps_774
pairseq_mock	Y_w06	Y	06	CAMSPTNNARLMF	TCRAV12-03	TCRAJ31-01	CSSRDTEAFF	TCRBV29-01	TCRBJ01-01	ps_775
pairseq_mock	Y_w06	Y	06	CAVLSGAGFQKLVF	TCRAV02-01	TCRAJ08-01	CSVPDTQYF	TCRBV29-01	TCRBJ02-03	ps_776
pairseq_mock	Y_w06	Y	06	CAVRHYWRALTF	TCRAV21-01	TCRAJ05-01	CSVAVQDTQYF	TCRBV29-01	TCRBJ02-03	ps_777
pairseq_mock	Y_w06	Y	06	CAVSFLGGYNKLIF	TCRAV02-01	TCRAJ04-01	CSVITGRTFF	TCRBV29-01	TCRBJ01-01	ps_778
pairseq_mock	Y_w06	Y	06	CAPCKSTF	TCRAV02-01	TCRAJ27-01	CSVAEGAEQFF	TCRBV29-01	TCRBJ02-01	ps_779
pairseq_mock	Y_w06	Y	06	CAVIFTF	TCRAV01-02	TCRAJ19-01	CSVAGSGEQYF	TCRBV29-01	TCRBJ02-07	ps_780
pairseq_mock	Y_w06	Y	06	TEGADGLTF	TCRAV12-03	TCRAJ45-01	CSVGQVETQYF	TCRBV29-01	TCRBJ02-05	ps_781
pairseq_mock	Y_w06	Y	06	CAPARKLTF	TCRAV02-01	TCRAJ44-01	CSVNGNEQFF	TCRBV29-01	TCRBJ02-01	ps_782
pairseq_mock	Y_w06	Y	06	CAAGPGKLIF	TCRAV02-01	TCRAJ23-01	CSVGGVHEQFF	TCRBV29-01	TCRBJ02-01	ps_783
pairseq_mock	Y_w06	Y	06	CPLSGF	TCRAV06-01	TCRAJ20-01	CSVEVEDYEQYF	TCRBV29-01	TCRBJ02-07	ps_784
pairseq_mock	Y_w06	Y	06	CAGQVLTF	TCRAV35-01	TCRAJ22-01	CSVEDLRSGETQYF	TCRBV29-01	TCRBJ02-05	ps_785
pairseq_mock	Y_w06	Y	06	CAVEDLTSNDYKLSF	TCRAV02-01	TCRAJ20-01	CAWSAHGTGNPPQHF	TCRBV30-01	TCRBJ01-05	ps_786
pairseq_mock	Y_w06	Y	06	CISQWGNKLVF	TCRAV26-01	TCRAJ57-01	CSGGQGVAEAFF	TCRBV29-01	TCRBJ01-01	ps_787
pairseq_mock	Y_w06	Y	06	CGQKLTF	TCRAV38-02	TCRAJ48-01	CSVKTGGSYNEQFF	TCRBV29-01	TCRBJ02-01	ps_788
pairseq_mock	Y_w06	Y	06	CAAPMGNARLMF	TCRAV13-01	TCRAJ31-01	CSAVSGGYTF	TCRBV29-01	TCRBJ01-02	ps_789
pairseq_mock	Y_w06	Y	06	CALTSPGSYIPTF	TCRAV19-01	TCRAJ06-01	CSVAPGRNQPQHF	TCRBV29-01	TCRBJ01-05	ps_790
pairseq_mock	Y_w06	Y	06	CPRLDKLSF	TCRAV02-01	TCRAJ20-01	CSVRTRSAEQYF	TCRBV29-01	TCRBJ02-07	ps_791
pairseq_mock	Y_w06	Y	06	CAANAF	TCRAV13-01	TCRAJ10-01	CSVGGPSNQPQHF	TCRBV29-01	TCRBJ01-05	ps_792
pairseq_mock	Y_w06	Y	06	CALPRVGNKLVF	TCRAV13-01	TCRAJ57-01	CSADPDTQYF	TCRBV29-01	TCRBJ02-03	ps_793
pairseq_mock	Y_w06	Y	06	GRKIIF	TCRAV23-01	TCRAJ30-01	CSGDTGTEAFF	TCRBV29-01	TCRBJ01-01	ps_794
pairseq_mock	Y_w06	Y	06	CAYLAGTYKYIF	TCRAV38-02	TCRAJ40-01	CSVGKGAADTQYF	TCRBV29-01	TCRBJ02-03	ps_795
pairseq_mock	Y_w06	Y	06	CAVEDRNSWGKFQF	TCRAV02-01	TCRAJ24-01	CSVATSGTQETQYF	TCRBV29-01	TCRBJ02-05	ps_796
pairseq_mock	Y_w06	Y	06	YAGNNRLAF	TCRAV13-01	TCRAJ07-01	CSVPGPQAFF	TCRBV29-01	TCRBJ01-01	ps_797
pairseq_mock	Y_w06	Y	06	CAVAQVNDYKLSF	TCRAV02-01	TCRAJ20-01	CSVTAQDSYEQYF	TCRBV29-01	TCRBJ02-07	ps_798
pairseq_mock	Y_w06	Y	06	CAVEEDALNF	TCRAV02-01	TCRAJ41-01	CSVDKGTQYF	TCRBV29-01	TCRBJ02-05	ps_799
pairseq_mock	Y_w07	Y	07	CVVNMARAGNMLTF	TCRAV12-01	TCRAJ39-01	CAWKGFDYEQYF	TCRBV30-01	TCRBJ02-07	ps_800
pairseq_mock	Y_w07	Y	07	CAVTLTLTF	TCRAV41-01	TCRAJ52-01	CSVIRSTEAFF	TCRBV29-01	TCRBJ01-01	ps_801
pairseq_mock	Y_w07	Y	07	CAVGVRGGRRALTF	TCRAV02-01	TCRAJ05-01	CSAPDQGEAFF	TCRBV29-01	TCRBJ01-01	ps_802
pairseq_mock	Y_w07	Y	07	CAARLSNAGKSTF	TCRAV23-01	TCRAJ27-01	CSVPSGQGYEQYF	TCRBV29-01	TCRBJ02-07	ps_803
pairseq_mock	Y_w07	Y	07	CAPLDPWSTLTF	TCRAV02-01	TCRAJ11-01	CSAAGERGYTF	TCRBV29-01	TCRBJ01-02	ps_804
pairseq_mock	Y_w07	Y	07	LGESTLTF	TCRAV02-01	TCRAJ11-01	CSVEATGEVTF	TCRBV29-01	TCRBJ01-02	ps_805
pairseq_mock	Y_w07	Y	07	CAVDLLRLMF	TCRAV02-01	TCRAJ31-01	CSVQTRTPTDTQYF	TCRBV29-01	TCRBJ02-03	ps_806
pairseq_mock	Y_w07	Y	07	CAVRGEIIF	TCRAV01-01	TCRAJ30-01	CSAGIANNEQFF	TCRBV29-01	TCRBJ02-01	ps_807
pairseq_mock	Y_w07	Y	07	HQRAAGNKLTF	TCRAV02-01	TCRAJ17-01	CSGERGSYNEQFF	TCRBV29-01	TCRBJ02-01	ps_808
pairseq_mock	Y_w07	Y	07	CALSRPAARLMF	TCRAV19-01	TCRAJ31-01	CSVVAGANYGYTF	TCRBV29-01	TCRBJ01-02	ps_809
pairseq_mock	Y_w07	Y	07	CVGPPGYALNF	TCRAV02-01	TCRAJ41-01	CSADGGTQYF	TCRBV29-01	TCRBJ02-03	ps_810
pairseq_mock	Y_w07	Y	07	CASREGRLMF	TCRAV02-01	TCRAJ31-01	CSVELPLYGYTF	TCRBV29-01	TCRBJ01-02	ps_811
pairseq_mock	Y_w07	Y	07	CAVELRGGYNKLIF	TCRAV02-01	TCRAJ04-01	CSVATGEQYF	TCRBV29-01	TCRBJ02-07	ps_812
pairseq_mock	Y_w07	Y	07	CAVRSQLSF	TCRAV01-01	TCRAJ20-01	CSVRGASYEQYF	TCRBV29-01	TCRBJ02-07	ps_813
pairseq_mock	Y_w07	Y	07	CAAVVGGYSTLTF	TCRAV13-01	TCRAJ11-01	CSVGDSSGTGREQYF	TCRBV29-01	TCRBJ02-07	ps_814
pairseq_mock	Y_w07	Y	07	CAGDSGAQKLVF	TCRAV27-01	TCRAJ54-01	CSVQLTYNEQFF	TCRBV29-01	TCRBJ02-01	ps_815
pairseq_mock	Y_w07	Y	07	CAVGGERALTF	TCRAV02-01	TCRAJ05-01	CSVPTSGETQYF	TCRBV29-01	TCRBJ02-05	ps_816
pairseq_mock	Y_w07	Y	07	FGKLTF	TCRAV29-01	TCRAJ52-01	CSGIAPETQYF	TCRBV29-01	TCRBJ02-05	ps_817
pairseq_mock	Y_w07	Y	07	CAVEDVARLMF	TCRAV02-01	TCRAJ31-01	CSVSSGTQYF	TCRBV29-01	TCRBJ02-05	ps_818
pairseq_mock	Y_w07	Y	07	CAVEGFGARLMF	TCRAV02-01	TCRAJ31-01	CSAGTMVPYEQYF	TCRBV29-01	TCRBJ02-07	ps_819
pairseq_mock	Y_w07	Y	07	CAVYRGYSTLTF	TCRAV02-01	TCRAJ11-01	CSVADQHGNQPQHF	TCRBV29-01	TCRBJ01-05	ps_820
pairseq_mock	Y_w07	Y	07	CAVVRVRNDMRF	TCRAV02-01	TCRAJ43-01	CSGRQGRETQYF	TCRBV29-01	TCRBJ02-05	ps_821
pairseq_mock	Y_w07	Y	07	CAPAAVNNDMRF	TCRAV02-01	TCRAJ43-01	CSVAPYTF	TCRBV29-01	TCRBJ01-02	ps_822
pairseq_mock	Y_w07	Y	07	CPTRAGSARQLTF	TCRAV02-01	TCRAJ22-01	CAWNRDSPLHF	TCRBV30-01	TCRBJ01-06	ps_823
pairseq_mock	Y_w07	Y	07	CAVAEDSWGKFQF	TCRAV02-01	TCRAJ24-01	CSPYYGGEQFF	TCRBV29-01	TCRBJ02-01	ps_824
pairseq_mock	Y_w07	Y	07	CVVSVLVTF	TCRAV10-01	TCRAJ10-01	CSVVTSTGWEQYF	TCRBV29-01	TCRBJ02-07	ps_825
pairseq_mock	Y_w07	Y	07	CAVGKGDDYKLSF	TCRAV02-01	TCRAJ20-01	CSVTGGRVAFF	TCRBV29-01	TCRBJ01-01	ps_826
pairseq_mock	Y_w07	Y	07	CAVGRQRQLTF	TCRAV41-01	TCRAJ22-01	CSVEASSHNEQFF	TCRBV29-01	TCRBJ02-01	ps_827
pairseq_mock	Y_w07	Y	07	CAPGFRDDKIIF	TCRAV02-01	TCRAJ30-01	CSAPTGTVYGYTF	TCRBV29-01	TCRBJ01-02	ps_828
pairseq_mock	Y_w07	Y	07	CAVGERGDYKLSF	TCRAV02-01	TCRAJ20-01	CSVGTGKQPQHF	TCRBV29-01	TCRBJ01-05	ps_829
pairseq_mock	Y_w07	Y	07	CTALIF	TCRAV21-01	TCRAJ04-01	CSVPTGPYEQYF	TCRBV29-01	TCRBJ02-07	ps_830
pairseq_mock	Y_w07	Y	07	CARRRNAGNMLTF	TCRAV41-01	TCRAJ39-01	CSAGYSYEQYF	TCRBV29-01	TCRBJ02-07	ps_831
pairseq_mock	Y_w07	Y	07	CAVRVSWSSASKIIF	TCRAV01-01	TCRAJ03-01	CSGWAYTQYF	TCRBV29-01	TCRBJ02-03	ps_832
pairseq_mock	Y_w07	Y	07	CAAVPSYGKLTF	TCRAV13-01	TCRAJ52-01	CSVVGSLDEQYF	TCRBV29-01	TCRBJ02-07	ps_833
pairseq_mock	Y_w07	Y	07	CAVVVAGNMLTF	TCRAV02-01	TCRAJ39-01	CSGRLTEQFF	TCRBV29-01	TCRBJ02-01	ps_834
pairseq_mock	Y_w07	Y	07	CAVEDARGSYIPTF	TCRAV02-01	TCRAJ06-01	CSPWTEAFF	TCRBV29-01	TCRBJ01-01	ps_835
pairseq_mock	Y_w07	Y	07	CAASSLPIIF	TCRAV13-01	TCRAJ03-01	CSVGGQGVRNEQYF	TCRBV29-01	TCRBJ02-07	ps_836
pairseq_mock	Y_w07	Y	07	LLYQKVTF	TCRAV13-01	TCRAJ13-01	CSVGKQVAEAFF	TCRBV29-01	TCRBJ01-01	ps_837
pairseq_mock	Y_w07	Y	07	CAVEDPDMRF	TCRAV02-01	TCRAJ43-01	CSVDLGRELFF	TCRBV29-01	TCRBJ02-02	ps_838
pairseq_mock	Y_w07	Y	07	CAAEGGDNARLMF	TCRAV13-01	TCRAJ31-01	CSVAFGTQYF	TCRBV29-01	TCRBJ02-05	ps_839
pairseq_mock	Y_w07	Y	07	CAQYHMLTF	TCRAV21-01	TCRAJ39-01	CSVGQQGNEQFF	TCRBV29-01	TCRBJ02-01	ps_840
pairseq_mock	Y_w07	Y	07	CAVWTGGFGNVLHC	TCRAV02-01	TCRAJ35-01	CSVVSGYTF	TCRBV29-01	TCRBJ01-02	ps_841
pairseq_mock	Y_w07	Y	07	CASIF	TCRAV02-01	TCRAJ23-01	CSVESVNEQFF	TCRBV29-01	TCRBJ02-01	ps_842
pairseq_mock	Y_w07	Y	07	CAPHRDSNYQLIW	TCRAV02-01	TCRAJ33-01	CSVEGGQYEQYF	TCRBV29-01	TCRBJ02-07	ps_843
pairseq_mock	Y_w07	Y	07	CAAFWGGKSTF	TCRAV29-01	TCRAJ27-01	CSVTGGWEQYF	TCRBV29-01	TCRBJ02-07	ps_844
pairseq_mock	Y_w07	Y	07	CAMEGRALTF	TCRAV14-01	TCRAJ05-01	CRIEGSTEAFF	TCRBV29-01	TCRBJ01-01	ps_845
pairseq_mock	Y_w07	Y	07	CAVEDQQKGWGKFQF	TCRAV02-01	TCRAJ24-01	CSVEAFNEQFF	TCRBV29-01	TCRBJ02-01	ps_846
pairseq_mock	Y_w07	Y	07	CAVEAQKLLF	TCRAV02-01	TCRAJ16-01	CSRGSGDEQFF	TCRBV29-01	TCRBJ02-01	ps_847
pairseq_mock	Y_w07	Y	07	CAQGPSRLMF	TCRAV02-01	TCRAJ31-01	CSVPVGEQFF	TCRBV29-01	TCRBJ02-01	ps_848
pairseq_mock	Y_w07	Y	07	CAVEGDF	TCRAV02-01	TCRAJ18-01	CSVGLAGVSYEQYF	TCRBV29-01	TCRBJ02-07	ps_849
pairseq_mock	Y_w08	Y	08	CAVEAEGRDDKIIF	TCRAV02-01	TCRAJ30-01	CSVEKASGQPQHF	TCRBV29-01	TCRBJ01-05	ps_850
pairseq_mock	Y_w08	Y	08	CALIPGNQGGKLIF	TCRAV09-02	TCRAJ23-01	CSAQRTGELFF	TCRBV29-01	TCRBJ02-02	ps_851
pairseq_mock	Y_w08	Y	08	CAVEKNSTLTF	TCRAV02-01	TCRAJ11-01	CSVVTGVDQPQHF	TCRBV29-01	TCRBJ01-05	ps_852
pairseq_mock	Y_w08	Y	08	CALSEDSASKIIF	TCRAV09-02	TCRAJ03-01	CSVGKGYEQYF	TCRBV29-01	TCRBJ02-07	ps_853
pairseq_mock	Y_w08	Y	08	CVPPRSGGSYIPTF	TCRAV12-01	TCRAJ06-01	CATRVTNTGELFF	TCRBV15-01	TCRBJ02-02	ps_854
pairseq_mock	Y_w08	Y	08	CAVRSRDKIIF	TCRAV01-02	TCRAJ30-01	CSVEDLGHGAEAFF	TCRBV29-01	TCRBJ01-01	ps_855
pairseq_mock	Y_w08	Y	08	CAVDAPFGNEKLTF	TCRAV02-01	TCRAJ48-01	CSGGQTLNTEAFF	TCRBV29-01	TCRBJ01-01	ps_856
pairseq_mock	Y_w08	Y	08	CAGRPSKIIF	TCRAV21-01	TCRAJ03-01	CSVTIAGEGIQYF	TCRBV29-01	TCRBJ02-04	ps_857
pairseq_mock	Y_w08	Y	08	CAVEDSGGKLIF	TCRAV02-01	TCRAJ23-01	CSVRSTARNEQFF	TCRBV29-01	TCRBJ02-01	ps_858
pairseq_mock	Y_w08	Y	08	CASIPKYIF	TCRAV02-01	TCRAJ40-01	CSVKTIQETQYF	TCRBV29-01	TCRBJ02-05	ps_859
pairseq_mock	Y_w08	Y	08	EKFQF	TCRAV09-02	TCRAJ24-01	CSVVTGFYEQYF	TCRBV29-01	TCRBJ02-07	ps_860
pairseq_mock	Y_w08	Y	08	CAASRWARLMF	TCRAV29-01	TCRAJ31-01	CSAPSPRTNTEAFF	TCRBV29-01	TCRBJ01-01	ps_861
pairseq_mock	Y_w08	Y	08	CAAKTSSNDYKLSF	TCRAV13-01	TCRAJ20-01	CSVGGRKNIQYF	TCRBV29-01	TCRBJ02-04	ps_862
pairseq_mock	Y_w08	Y	08	QNNARLMF	TCRAV02-01	TCRAJ31-01	CSVEQGSQGYTF	TCRBV29-01	TCRBJ01-02	ps_863
pairseq_mock	Y_w08	Y	08	CAMRESRKGQLTF	TCRAV14-01	TCRAJ22-01	CSVVEGNSAYGYTF	TCRBV29-01	TCRBJ01-02	ps_864
pairseq_mock	Y_w08	Y	08	CAVDHNTGGFKTIF	TCRAV02-01	TCRAJ09-01	CSVGILGEQFF	TCRBV29-01	TCRBJ02-01	ps_865
pairseq_mock	Y_w08	Y	08	CINQGGKLIF	TCRAV26-01	TCRAJ23-01	CSAERVGTEAFF	TCRBV29-01	TCRBJ01-01	ps_866
pairseq_mock	Y_w08	Y	08	CAFLEYNNNDMRF	TCRAV38-01	TCRAJ43-01	CSVVDGRGQFF	TCRBV29-01	TCRBJ02-01	ps_867
pairseq_mock	Y_w08	Y	08	SEDMRF	TCRAV27-01	TCRAJ43-01	CSSALGSERPFF	TCRBV29-01	TCRBJ02-01	ps_868
pairseq_mock	Y_w08	Y	08	CAPGLHARLMF	TCRAV19-01	TCRAJ31-01	CSVGQFPKLTF	TCRBV29-01	TCRBJ01-02	ps_869
pairseq_mock	Y_w08	Y	08	CAVEMINNARLMF	TCRAV02-01	TCRAJ31-01	CSVGGQSYTF	TCRBV29-01	TCRBJ01-02	ps_870
pairseq_mock	Y_w08	Y	08	KGTPLVF	TCRAV02-01	TCRAJ29-01	CSANRGPTDTQYF	TCRBV20-01	TCRBJ02-03	ps_871
pairseq_mock	Y_w08	Y	08	CAVDADARLMF	TCRAV02-01	TCRAJ31-01	CSVFRETGYTF	TCRBV29-01	TCRBJ01-02	ps_872
pairseq_mock	Y_w08	Y	08	LRRQLTF	TCRAV02-01	TCRAJ22-01	CSVGTENQPQHF	TCRBV29-01	TCRBJ01-05	ps_873
pairseq_mock	Y_w08	Y	08	CAATWDAGKSTF	TCRAV23-01	TCRAJ27-01	CSVEERVQYF	TCRBV29-01	TCRBJ02-07	ps_874
pairseq_mock	Y_w08	Y	08	CAVRAPGAGKSTF	TCRAV02-01	TCRAJ27-01	CSANNYGAFF	TCRBV29-01	TCRBJ01-01	ps_875
pairseq_mock	Y_w08	Y	08	CAAPDRYC	TCRAV29-01	TCRAJ35-01	CSVEDLGTQHF	TCRBV29-01	TCRBJ01-05	ps_876
pairseq_mock	Y_w08	Y	08	CAVETHDYKLSF	TCRAV02-01	TCRAJ20-01	CSGGTSGRQYF	TCRBV29-01	TCRBJ02-07	ps_877
pairseq_mock	Y_w08	Y	08	CALKLGRGAQKLVF	TCRAV09-02	TCRAJ54-01	CSVDRGEQYF	TCRBV29-01	TCRBJ02-07	ps_878
pairseq_mock	Y_w08	Y	08	CAVAKFYF	TCRAV02-01	TCRAJ21-01	CSVEPDREETQYF	TCRBV29-01	TCRBJ02-05	ps_879
pairseq_mock	Y_w08	Y	08	CAVASWTNAGKSTF	TCRAV02-01	TCRAJ27-01	CSVEGSQEYGYTF	TCRBV29-01	TCRBJ01-02	ps_880
pairseq_mock	Y_w08	Y	08	CVTNQFYF	TCRAV14-01	TCRAJ49-01	CSGRTGVGYTF	TCRBV29-01	TCRBJ01-02	ps_881
pairseq_mock	Y_w08	Y	08	CAVDVISGYSTLTF	TCRAV02-01	TCRAJ11-01	CSAMTEYEQYF	TCRBV29-01	TCRBJ02-07	ps_882
pairseq_mock	Y_w08	Y	08	CAVPQRGGKSTF	TCRAV02-01	TCRAJ27-01	CSVAYDEQFF	TCRBV29-01	TCRBJ02-01	ps_883
pairseq_mock	Y_w08	Y	08	CAGANDNFNKFYF	TCRAV27-01	TCRAJ21-01	CSVEFITAQYF	TCRBV29-01	TCRBJ02-03	ps_884
pairseq_mock	Y_w08	Y	08	CAGDLTRGYNKLIF	TCRAV02-01	TCRAJ04-01	CSVDEGEQFF	TCRBV29-01	TCRBJ02-01	ps_885
pairseq_mock	Y_w08	Y	08	CAESNGRQLTF	TCRAV05-01	TCRAJ22-01	CSVNPHQPQHF	TCRBV29-01	TCRBJ01-05	ps_886
pairseq_mock	Y_w08	Y	08	CAPLRMDTGRRALTF	TCRAV02-01	TCRAJ05-01	CSVGGRVQYF	TCRBV29-01	TCRBJ02-03	ps_887
pairseq_mock	Y_w08	Y	08	CGHMDSSYKLIF	TCRAV38-01	TCRAJ12-01	CSVADTLQYF	TCRBV29-01	TCRBJ02-04	ps_888
pairseq_mock	Y_w08	Y	08	STFGDDKIIF	TCRAV02-01	TCRAJ30-01	CSVATTDTQYF	TCRBV29-01	TCRBJ02-03	ps_889
pairseq_mock	Y_w08	Y	08	CAVDSPNTDKLIF	TCRAV02-01	TCRAJ34-01	SGNNQPQHF	TCRBV23-01	TCRBJ01-05	ps_890
pairseq_mock	Y_w08	Y	08	CAVEDWDKLVF	TCRAV02-01	TCRAJ47-01	CSVVTGSTYEQYF	TCRBV29-01	TCRBJ02-07	ps_891
pairseq_mock	Y_w08	Y	08	WAAAGNKLTF	TCRAV13-02	TCRAJ17-01	CSVGVGGTQYNEQFF	TCRBV29-01	TCRBJ02-01	ps_892
pairseq_mock	Y_w08	Y	08	CAVDERNAGNMLTF	TCRAV02-01	TCRAJ39-01	CSGDTTSTDTQYF	TCRBV29-01	TCRBJ02-03	ps_893
pairseq_mock	Y_w08	Y	08	CAVEADMDSSYKLIF	TCRAV02-01	TCRAJ12-01	CSSDVGTDTQYF	TCRBV29-01	TCRBJ02-03	ps_894
pairseq_mock	Y_w08	Y	08	CAVADSWALNF	TCRAV02-01	TCRAJ41-01	CSALQIAPEAFF	TCRBV29-01	TCRBJ01-01	ps_895
pairseq_mock	Y_w08	Y	08	CTLDNNARLMF	TCRAV26-02	TCRAJ31-01	CSVDGYQEAQYF	TCRBV29-01	TCRBJ02-05	ps_896
pairseq_mock	Y_w08	Y	08	CAVEDRQDTGRRALTF	TCRAV02-01	TCRAJ05-01	CSVSGTPFGNTEAFF	TCRBV29-01	TCRBJ01-01	ps_897
pairseq_mock	Y_w08	Y	08	CAMSPSNEKLTF	TCRAV12-03	TCRAJ48-01	CAWTQGRSPLHF	TCRBV30-01	TCRBJ01-06	ps_898
pairseq_mock	Y_w08	Y	08	CGALHSDYKLSF	TCRAV02-01	TCRAJ20-01	CSVGSPGPGNTIYF	TCRBV29-01	TCRBJ01-03	ps_899
pairseq_mock	Y_w09	Y	09	CVGLAF	TCRAV13-01	TCRAJ07-01	CSVDRPNEAFF	TCRBV29-01	TCRBJ01-01	ps_900
pairseq_mock	Y_w09	Y	09	CAVEDGPNAGKSTF	TCRAV02-01	TCRAJ27-01	CSVDPSYTF	TCRBV29-01	TCRBJ01-02	ps_901
pairseq_mock	Y_w09	Y	09	CALTSINARLMF	TCRAV19-01	TCRAJ31-01	CSVVGASNTEAFF	TCRBV29-01	TCRBJ01-01	ps_902
pairseq_mock	Y_w09	Y	09	CAGGWDRLMF	TCRAV27-01	TCRAJ31-01	CSVEAANKQFF	TCRBV29-01	TCRBJ02-01	ps_903
pairseq_mock	Y_w09	Y	09	CAMKSANAGKSTF	TCRAV12-03	TCRAJ27-01	CSVPDRGGVTF	TCRBV29-01	TCRBJ02-06	ps_904
pairseq_mock	Y_w09	Y	09	CAVEDKNDMRF	TCRAV02-01	TCRAJ43-01	CAFQQGSYGYTF	TCRBV30-01	TCRBJ01-02	ps_905
pairseq_mock	Y_w09	Y	09	CAESLGNKLTF	TCRAV13-02	TCRAJ17-01	CSVEVSGAHIQYF	TCRBV29-01	TCRBJ02-04	ps_906
pairseq_mock	Y_w09	Y	09	VGDARLMF	TCRAV27-01	TCRAJ31-01	CSVGGTGANVLTF	TCRBV29-01	TCRBJ02-06	ps_907
pairseq_mock	Y_w09	Y	09	CAAAWSGLTF	TCRAV41-01	TCRAJ45-01	CSVELGLQRYGYTF	TCRBV29-01	TCRBJ01-02	ps_908
pairseq_mock	Y_w09	Y	09	CAASMYSNARLMF	TCRAV23-01	TCRAJ31-01	CSVAGLAGVADTQYF	TCRBV29-01	TCRBJ02-03	ps_909
pairseq_mock	Y_w09	Y	09	CAVRSKVTF	TCRAV01-02	TCRAJ13-01	CSVRQEINSPLHF	TCRBV29-01	TCRBJ01-06	ps_910
pairseq_mock	Y_w09	Y	09	CAVEDTTRLMF	TCRAV02-01	TCRAJ31-01	CSVLGPGELFF	TCRBV29-01	TCRBJ02-02	ps_911
pairseq_mock	Y_w09	Y	09	CALGLPRLSF	TCRAV02-01	TCRAJ20-01	CSVLGQADQPQHF	TCRBV29-01	TCRBJ01-05	ps_912
pairseq_mock	Y_w09	Y	09	CAVEGQGTALIF	TCRAV02-01	TCRAJ15-01	CSVTGQGVFF	TCRBV29-01	TCRBJ02-01	ps_913
pairseq_mock	Y_w09	Y	09	CALLDARLMF	TCRAV06-01	TCRAJ31-01	CSAPGLAAETQYF	TCRBV29-01	TCRBJ02-05	ps_914
pairseq_mock	Y_w09	Y	09	CAARGIF	TCRAV02-01	TCRAJ15-01	CSGLDRNYGYTF	TCRBV29-01	TCRBJ01-02	ps_915
pairseq_mock	Y_w09	Y	09	CAPPRNNARLMF	TCRAV02-01	TCRAJ31-01	CSSSGVQETQYF	TCRBV29-01	TCRBJ02-05	ps_916
pairseq_mock	Y_w09	Y	09	CAFLF	TCRAV13-01	TCRAJ08-01	CSVEERAGEQFF	TCRBV29-01	TCRBJ02-01	ps_917
pairseq_mock	Y_w09	Y	09	CGAHF	TCRAV34-01	TCRAJ49-01	CSALQGAGYEQYF	TCRBV29-01	TCRBJ02-07	ps_918
pairseq_mock	Y_w09	Y	09	WEDMRF	TCRAV27-01	TCRAJ43-01	CSVEGKSYEQYF	TCRBV29-01	TCRBJ02-07	ps_919
pairseq_mock	Y_w09	Y	09	CALPMLIF	TCRAV19-01	TCRAJ23-01	CSTLRGFDEAFF	TCRBV29-01	TCRBJ01-01	ps_920
pairseq_mock	Y_w09	Y	09	CAMDASYGKLTF	TCRAV14-01	TCRAJ52-01	CSSLAGVVDTQYF	TCRBV29-01	TCRBJ02-03	ps_921
pairseq_mock	Y_w09	Y	09	CALRRYGDDKIIF	TCRAV19-01	TCRAJ30-01	CSVEMGQFF	TCRBV29-01	TCRBJ02-01	ps_922
pairseq_mock	Y_w09	Y	09	PGDQAGTALIF	TCRAV02-01	TCRAJ15-01	CSARNREAFF	TCRBV29-01	TCRBJ01-01	ps_923
pairseq_mock	Y_w09	Y	09	CAVEDHAARLMF	TCRAV02-01	TCRAJ31-01	CSSYEWDEAFF	TCRBV29-01	TCRBJ01-01	ps_924
pairseq_mock	Y_w09	Y	09	LAVRLMF	TCRAV02-01	TCRAJ31-01	CSVQRANSEAFF	TCRBV29-01	TCRBJ01-01	ps_925
pairseq_mock	Y_w09	Y	09	CAVEEQGGRRALTF	TCRAV02-01	TCRAJ05-01	CSVETGPNIQYF	TCRBV29-01	TCRBJ02-04	ps_926
pairseq_mock	Y_w09	Y	09	CAFYAGARLMF	TCRAV38-01	TCRAJ31-01	CSGQDNEQFF	TCRBV29-01	TCRBJ02-01	ps_927
pairseq_mock	Y_w09	Y	09	CAPPPEYALNF	TCRAV02-01	TCRAJ41-01	CKTEQFF	TCRBV29-01	TCRBJ02-01	ps_928
pairseq_mock	Y_w09	Y	09	CARLSDSWGKLQF	TCRAV02-01	TCRAJ24-01	CSVKVNYEQYF	TCRBV29-01	TCRBJ02-07	ps_929
pairseq_mock	Y_w09	Y	09	CALSEKTGYSTLTF	TCRAV19-01	TCRAJ11-01	GDLRHEQYF	TCRBV29-01	TCRBJ02-07	ps_930
pairseq_mock	Y_w09	Y	09	CAVGTSSYKLIF	TCRAV02-01	TCRAJ12-01	CSVGETNVLTF	TCRBV29-01	TCRBJ02-06	ps_931
pairseq_mock	Y_w09	Y	09	CAQVAGKSTF	TCRAV02-01	TCRAJ27-01	CSVDVRGPGNEQYF	TCRBV29-01	TCRBJ02-07	ps_932
pairseq_mock	Y_w09	Y	09	FARGQNFVF	TCRAV02-01	TCRAJ26-01	CSVPTEETQYF	TCRBV29-01	TCRBJ02-05	ps_933
pairseq_mock	Y_w09	Y	09	CALGVRF	TCRAV38-02	TCRAJ43-01	CSVLAGWNIQYF	TCRBV29-01	TCRBJ02-04	ps_934
pairseq_mock	Y_w09	Y	09	PQGNMLTF	TCRAV26-01	TCRAJ39-01	CSVRDGLNTEAFF	TCRBV29-01	TCRBJ01-01	ps_935
pairseq_mock	Y_w09	Y	09	CAVGVGRSYIPTF	TCRAV21-01	TCRAJ06-01	CSVVTFPGQPQHF	TCRBV29-01	TCRBJ01-05	ps_936
pairseq_mock	Y_w09	Y	09	CALSGHSGSRLTF	TCRAV19-01	TCRAJ58-01	CSVDSGIGYNEQFF	TCRBV29-01	TCRBJ02-01	ps_937
pairseq_mock	Y_w09	Y	09	CAVGVRRALTF	TCRAV02-01	TCRAJ05-01	CSVAWGPYEQYF	TCRBV29-01	TCRBJ02-07	ps_938
pairseq_mock	Y_w09	Y	09	PAHGNNRLAF	TCRAV12-03	TCRAJ07-01	CAWGVSAFF	TCRBV30-01	TCRBJ01-01	ps_939
pairseq_mock	Y_w09	Y	09	CDEELVF	TCRAV19-01	TCRAJ57-01	CSATQGRETQYF	TCRBV29-01	TCRBJ02-05	ps_940
pairseq_mock	Y_w09	Y	09	CAPDNRDDKIIF	TCRAV24-01	TCRAJ30-01	CSVVGPTDEQYF	TCRBV29-01	TCRBJ02-07	ps_941
pairseq_mock	Y_w09	Y	09	CAVEDQGADKLIF	TCRAV02-01	TCRAJ34-01	CSALRTPNTEAFF	TCRBV29-01	TCRBJ01-01	ps_942
pairseq_mock	Y_w09	Y	09	CQHEF	TCRAV09-02	TCRAJ01-01	CSVSTGIYTF	TCRBV29-01	TCRBJ01-02	ps_943
pairseq_mock	Y_w09	Y	09	CAVWRRALTF	TCRAV08-03	TCRAJ05-01	CSALFGGYTF	TCRBV29-01	TCRBJ01-02	ps_944
pairseq_mock	Y_w09	Y	09	CAVHAGDKFYF	TCRAV02-01	TCRAJ21-01	CSVVMRLSYNEQFF	TCRBV29-01	TCRBJ02-01	ps_945
pairseq_mock	Y_w09	Y	09	CAASLNRLAF	TCRAV13-01	TCRAJ07-01	CSVPTGSAYEQYF	TCRBV29-01	TCRBJ02-07	ps_946
pairseq_mock	Y_w09	Y	09	CALHRLMF	TCRAV19-01	TCRAJ31-01	CACTPRDSAFF	TCRBV30-01	TCRBJ01-01	ps_947
pairseq_mock	Y_w09	Y	09	CAPAGTLTF	TCRAV09-02	TCRAJ11-01	CSTRDGWDEQYF	TCRBV29-01	TCRBJ02-07	ps_948
pairseq_mock	Y_w09	Y	09	CAVVHHAGKSTF	TCRAV02-01	TCRAJ27-01	CSVVAGVSNEQFF	TCRBV29-01	TCRBJ02-01	ps_949
pairseq_mock	Y_w10	Y	10	WDHNTDKLIF	TCRAV06-01	TCRAJ34-01	CSVERDSEQYF	TCRBV29-01	TCRBJ02-07	ps_950
pairseq_mock	Y_w10	Y	10	CAVEKINAGKSTF	TCRAV02-01	TCRAJ27-01	CSVQQGSHGYTF	TCRBV29-01	TCRBJ01-02	ps_951
pairseq_mock	Y_w10	Y	10	AKLIF	TCRAV25-01	TCRAJ32-01	CSASSLYF	TCRBV20-01	TCRBJ02-04	ps_952
pairseq_mock	Y_w10	Y	10	ISGVIF	TCRAV21-01	TCRAJ14-01	CNVADTQYF	TCRBV29-01	TCRBJ02-03	ps_953
pairseq_mock	Y_w10	Y	10	CAVPLYNDMRF	TCRAV41-01	TCRAJ43-01	CSVIGSSNQPQHF	TCRBV29-01	TCRBJ01-05	ps_954
pairseq_mock	Y_w10	Y	10	SPSDKLIF	TCRAV27-01	TCRAJ34-01	CSVSRDRPGVEQYF	TCRBV29-01	TCRBJ02-07	ps_955
pairseq_mock	Y_w10	Y	10	CAVEHGTNAGKSTF	TCRAV02-01	TCRAJ27-01	CSVTGTSLDTQYF	TCRBV29-01	TCRBJ02-03	ps_956
pairseq_mock	Y_w10	Y	10	CALIQTGGGNKLTF	TCRAV09-02	TCRAJ10-01	CSVQGQLNTEAFF	TCRBV29-01	TCRBJ01-01	ps_957
pairseq_mock	Y_w10	Y	10	CAVEDLSENARLMF	TCRAV02-01	TCRAJ31-01	CSVMMVEQFF	TCRBV29-01	TCRBJ02-01	ps_958
pairseq_mock	Y_w10	Y	10	PQDTDKLIF	TCRAV12-01	TCRAJ34-01	CSVDIGYGYTF	TCRBV29-01	TCRBJ01-02	ps_959
pairseq_mock	Y_w10	Y	10	CAVEEPSGFQKLVF	TCRAV02-01	TCRAJ08-01	CSVEERWGGPYEQYF	TCRBV29-01	TCRBJ02-07	ps_960
pairseq_mock	Y_w10	Y	10	CAGQMNKLSF	TCRAV02-01	TCRAJ20-01	CSVGPGLAGRQNEQFF	TCRBV29-01	TCRBJ02-01	ps_961
pairseq_mock	Y_w10	Y	10	CAVEGRDGSARQLTF	TCRAV02-01	TCRAJ22-01	CSVLPSYTF	TCRBV29-01	TCRBJ01-02	ps_962
pairseq_mock	Y_w10	Y	10	CAVEGLTDYKLSF	TCRAV02-01	TCRAJ20-01	CSAARTGSEQYF	TCRBV20-01	TCRBJ02-07	ps_963
pairseq_mock	Y_w10	Y	10	CAVEDEGAAGNKLTF	TCRAV02-01	TCRAJ17-01	CSISSYNEQFF	TCRBV29-01	TCRBJ02-01	ps_964
pairseq_mock	Y_w10	Y	10	CAGVYELVF	TCRAV27-01	TCRAJ57-01	CSVQHTDTQYF	TCRBV29-01	TCRBJ02-03	ps_965
pairseq_mock	Y_w10	Y	10	CIVRLTNDMRF	TCRAV26-01	TCRAJ43-01	CSGARDDGYTF	TCRBV29-01	TCRBJ01-02	ps_966
pairseq_mock	Y_w10	Y	10	CPRGMRF	TCRAV41-01	TCRAJ43-01	CSSWGDEQFF	TCRBV29-01	TCRBJ02-01	ps_967
pairseq_mock	Y_w10	Y	10	CAVEISYQLIW	TCRAV02-01	TCRAJ33-01	CSVDWTSGSPFF	TCRBV29-01	TCRBJ02-01	ps_968
pairseq_mock	Y_w10	Y	10	CAVEFSGGASKIIF	TCRAV02-01	TCRAJ03-01	CSVVGHGYTF	TCRBV29-01	TCRBJ01-02	ps_969
pairseq_mock	Y_w10	Y	10	CAVEDRPKAAGNKLTF	TCRAV02-01	TCRAJ17-01	CSVRRGTQLNEQFF	TCRBV29-01	TCRBJ02-01	ps_970
pairseq_mock	Y_w10	Y	10	TFGNQFYF	TCRAV27-01	TCRAJ49-01	CSVGTTGSDAFF	TCRBV29-01	TCRBJ01-01	ps_971
pairseq_mock	Y_w10	Y	10	CAYLQPHIIF	TCRAV41-01	TCRAJ30-01	CSVGGEQYF	TCRBV29-01	TCRBJ02-07	ps_972
pairseq_mock	Y_w10	Y	10	CAVEPHDDYKLSF	TCRAV02-01	TCRAJ20-01	CSVTLETQYF	TCRBV29-01	TCRBJ02-05	ps_973
pairseq_mock	Y_w10	Y	10	CALGTPPGRLMF	TCRDV01-01	TCRAJ31-01	CSRRDPNEQFF	TCRBV29-01	TCRBJ02-01	ps_974
pairseq_mock	Y_w10	Y	10	PLTASKLTF	TCRAV12-01	TCRAJ44-01	CSSEGSHEQFF	TCRBV29-01	TCRBJ02-01	ps_975
pairseq_mock	Y_w10	Y	10	CAVEASARLMF	TCRAV02-01	TCRAJ31-01	CSAQGETEAFF	TCRBV29-01	TCRBJ01-01	ps_976
pairseq_mock	Y_w10	Y	10	CAARRGKIIF	TCRAV13-01	TCRAJ30-01	CSTDISGGYTF	TCRBV29-01	TCRBJ01-02	ps_977
pairseq_mock	Y_w10	Y	10	CAALPDMRF	TCRAV02-01	TCRAJ43-01	CSVDAEAFF	TCRBV29-01	TCRBJ01-01	ps_978
pairseq_mock	Y_w10	Y	10	CAAPSPSASKIIF	TCRAV13-01	TCRAJ03-01	CSVKRDSNYGYTF	TCRBV29-01	TCRBJ01-02	ps_979
pairseq_mock	Y_w10	Y	10	PSVSF	TCRAV13-01	TCRAJ10-01	CSVGEGDYGYTF	TCRBV29-01	TCRBJ01-02	ps_980
pairseq_mock	Y_w10	Y	10	CAVGGAADSWGKFQF	TCRAV21-01	TCRAJ24-01	CAAGANYEQYF	TCRBV29-01	TCRBJ02-07	ps_981
pairseq_mock	Y_w10	Y	10	CPTPKSTF	TCRAV01-01	TCRAJ27-01	CAWTLGANVLTF	TCRBV30-01	TCRBJ02-06	ps_982
pairseq_mock	Y_w10	Y	10	CAVEDNGARLMF	TCRAV02-01	TCRAJ31-01	CAWSVRSAKLFF	TCRBV30-01	TCRBJ01-04	ps_983
pairseq_mock	Y_w10	Y	10	CAPPFYGNNRLAF	TCRAV02-01	TCRAJ07-01	CSDTRATDTQYF	TCRBV29-01	TCRBJ02-03	ps_984
pairseq_mock	Y_w10	Y	10	CAVEEPSNMLTF	TCRAV02-01	TCRAJ39-01	CSTRTHNQPQHF	TCRBV29-01	TCRBJ01-05	ps_985
pairseq_mock	Y_w10	Y	10	CAMSDLGRLYF	TCRAV14-01	TCRAJ18-01	CSVRNHREAFF	TCRBV29-01	TCRBJ01-01	ps_986
pairseq_mock	Y_w10	Y	10	LWRLYF	TCRAV09-02	TCRAJ18-01	CSATGFDGYTF	TCRBV29-01	TCRBJ01-02	ps_987
pairseq_mock	Y_w10	Y	10	CIASVITF	TCRAV26-01	TCRAJ10-01	CSVGLAGGTQYF	TCRBV29-01	TCRBJ02-05	ps_988
pairseq_mock	Y_w10	Y	10	CVWGGRF	TCRAV10-01	TCRAJ43-01	CSVRTLGRQYF	TCRBV29-01	TCRBJ02-04	ps_989
pairseq_mock	Y_w10	Y	10	CAVESTPDGKSTF	TCRAV02-01	TCRAJ27-01	CSVMATTEAFF	TCRBV29-01	TCRBJ01-01	ps_990
pairseq_mock	Y_w10	Y	10	CPAVGGGADGLTF	TCRAV13-01	TCRAJ45-01	CSVEGLEYGYTF	TCRBV29-01	TCRBJ01-02	ps_991
pairseq_mock	Y_w10	Y	10	CAVEALGRQLTF	TCRAV02-01	TCRAJ22-01	CSVHDRPPYGYTF	TCRBV29-01	TCRBJ01-02	ps_992
pairseq_mock	Y_w10	Y	10	CKGNDMRF	TCRAV26-01	TCRAJ43-01	CSVLSAGDTQYF	TCRBV29-01	TCRBJ02-03	ps_993
pairseq_mock	Y_w10	Y	10	CAVEEAGDTGRRALTF	TCRAV02-01	TCRAJ05-01	CSGAGSRGEQFF	TCRBV29-01	TCRBJ02-01	ps_994
pairseq_mock	Y_w10	Y	10	CAVEAFVF	TCRAV02-01	TCRAJ26-01	CSVSAGTYEQYF	TCRBV29-01	TCRBJ02-07	ps_995
pairseq_mock	Y_w10	Y	10	CAVEDPGGRRALTF	TCRAV02-01	TCRAJ05-01	CSAALGTGNQPQHF	TCRBV29-01	TCRBJ01-05	ps_996
pairseq_mock	Y_w10	Y	10	CAVEEGQKLVF	TCRAV02-01	TCRAJ08-01	CSVDHGANVLTF	TCRBV29-01	TCRBJ02-06	ps_997
pairseq_mock	Y_w10	Y	10	CPRELIF	TCRAV26-01	TCRAJ23-01	CSVSGQGSYEQYF	TCRBV29-01	TCRBJ02-07	ps_998
pairseq_mock	Y_w10	Y	10	CAACANARLMF	TCRAV23-01	TCRAJ31-01	CSAPSTSYNEQFF	TCRBV29-01	TCRBJ02-01	ps_999
