subset,chain,n,sn_median,sn_lo,sn_hi
all,A,1000,3.426675094816688,0.6536224600253611,12.9390625
all,B,1000,2.5367378048780487,0.7241696243219716,12.062311291604148
non_public,A,255,1.2361111111111112,0.37187500000000007,3.706417112299466
non_public,B,255,1.0,0.4375,1.6
