subset,chain,n,sn,lo,hi
all,A,1000,3.8837369368033023,2.8035463949081096,5.380118774451271
all,B,1000,2.6949237348325124,1.6159477042291595,4.494337234773347
non_public,A,255,1.3687381066422017,1.0450828288423226,1.7926272950535058
non_public,B,255,1.0,1.0,1.0
